{
  "test_id": 7,
  "test_outcome": "NOT_EXECUTED",
  "predicted_test_outcome": null,
  "test_duration": null,
  "road_points": [
    [
      100.00000000000003,
      100.00000000000003
    ],
    [
      100.01447787687611,
      101.03330560476101
    ],
    [
      99.96132001923617,
      102.05276058348723
    ],
    [
      99.84298124754152,
      103.05733146260401
    ],
    [
      99.66191638225378,
      104.04598476853688
    ],
    [
      99.42058024383435,
      105.01768702771128
    ],
    [
      99.12142765274473,
      105.97140476655262
    ],
    [
      98.76691342944636,
      106.90610451148639
    ],
    [
      98.35949239440076,
      107.82075278893802
    ],
    [
      97.90161936806942,
      108.714316125333
    ],
    [
      97.39574917091377,
      109.58576104709674
    ],
    [
      96.84433662339539,
      110.4340540806547
    ],
    [
      96.24983654597558,
      111.25816175243231
    ],
    [
      95.61470375911597,
      112.05705058885506
    ],
    [
      94.94139308327797,
      112.82968711634837
    ],
    [
      94.23235933892308,
      113.57503786133773
    ],
    [
      93.49005734651278,
      114.29206935024855
    ],
    [
      92.71694192650854,
      114.97974810950632
    ],
    [
      91.91546789937183,
      115.63704066553643
    ],
    [
      91.08809008556413,
      116.2629135447644
    ],
    [
      90.23726330554693,
      116.8563332736156
    ],
    [
      89.3654423797817,
      117.41626637851556
    ],
    [
      88.47508212872992,
      117.94167938588971
    ],
    [
      87.56863737285305,
      118.43153882216347
    ],
    [
      86.64856190730669,
      118.88481972003856
    ],
    [
      85.71711137960298,
      119.3021410104901
    ],
    [
      84.77610842791195,
      119.68771401296367
    ],
    [
      83.82731848391826,
      120.0462246507967
    ],
    [
      82.87250697930645,
      120.38235884732639
    ],
    [
      81.91343934576112,
      120.70080252589007
    ],
    [
      80.95188101496686,
      121.00624160982503
    ],
    [
      79.9895974186083,
      121.30336202246858
    ],
    [
      79.02835398837001,
      121.59684968715798
    ],
    [
      78.06991615593658,
      121.89139052723061
    ],
    [
      77.11604935299262,
      122.19167046602368
    ],
    [
      76.1685190112227,
      122.5023754268745
    ],
    [
      75.22909056231144,
      122.8281913331204
    ],
    [
      74.29952943794345,
      123.17380410809866
    ],
    [
      73.38160106980325,
      123.54389967514653
    ],
    [
      72.47707088957551,
      123.9431639576014
    ],
    [
      71.58768747779844,
      124.37624921942488
    ],
    [
      70.71308522583705,
      124.8435847307213
    ],
    [
      69.84875137391586,
      125.33731602142022
    ],
    [
      68.98969089715193,
      125.84862531948552
    ],
    [
      68.13090877066232,
      126.36869485288094
    ],
    [
      67.26740996956407,
      126.88870684957033
    ],
    [
      66.39419946897424,
      127.39984353751751
    ],
    [
      65.50631630782439,
      127.89332901686684
    ],
    [
      64.60109961121059,
      128.36321471712918
    ],
    [
      63.67960935609051,
      128.80812584157192
    ],
    [
      62.743244510903864,
      129.22710429114406
    ],
    [
      61.79340404409037,
      129.6191919667945
    ],
    [
      60.83148692408976,
      129.98343076947228
    ],
    [
      59.85889211934174,
      130.31886260012635
    ],
    [
      58.877018598286,
      130.62452935970558
    ],
    [
      57.887265329362265,
      130.89947294915902
    ],
    [
      56.89103128101024,
      131.14273526943558
    ],
    [
      55.889715421669685,
      131.35335822148434
    ],
    [
      54.88471671978026,
      131.5303837062541
    ],
    [
      53.87743414378168,
      131.6728536246939
    ],
    [
      52.86926666211366,
      131.77980987775265
    ],
    [
      51.86161324321594,
      131.85029436637942
    ],
    [
      50.85587285552822,
      131.88334899152306
    ],
    [
      49.853444467490185,
      131.8780156541326
    ],
    [
      48.855727047541585,
      131.83333625515695
    ],
    [
      47.86411956412211,
      131.7483526955451
    ],
    [
      46.8797492488584,
      131.62270001034355
    ],
    [
      45.902239003416305,
      131.4592968139696
    ],
    [
      44.930694074085075,
      131.26219163419728
    ],
    [
      43.964219230723856,
      131.03543403872956
    ],
    [
      43.00191924319177,
      130.78307359526934
    ],
    [
      42.042898881348,
      130.50915987151956
    ],
    [
      41.08626291505165,
      130.21774243518306
    ],
    [
      40.13111611416188,
      129.91287085396286
    ],
    [
      39.1765632485378,
      129.59859469556176
    ],
    [
      38.22170908803861,
      129.2789635276828
    ],
    [
      37.2656584025234,
      128.9580269180288
    ],
    [
      36.307515961851344,
      128.63983443430274
    ],
    [
      35.34638653588154,
      128.32843564420745
    ],
    [
      34.38137489447319,
      128.02788011544592
    ],
    [
      33.41158580748539,
      127.74221741572107
    ],
    [
      32.436124044777294,
      127.47549711273578
    ],
    [
      31.454094376208054,
      127.23176877419294
    ],
    [
      30.464601571636805,
      127.01508196779554
    ],
    [
      29.4667504009227,
      126.82948626124644
    ],
    [
      28.460070044595508,
      126.67852818254102
    ],
    [
      27.446131148005108,
      126.56333458001714
    ],
    [
      26.427117405842964,
      126.48430567522702
    ],
    [
      25.405212631253093,
      126.44184154932475
    ],
    [
      24.38260063737956,
      126.43634228346454
    ],
    [
      23.36146523736639,
      126.46820795880059
    ],
    [
      22.343990244357617,
      126.5378386564871
    ],
    [
      21.332359471497284,
      126.6456344576782
    ],
    [
      20.328756731929452,
      126.79199544352815
    ],
    [
      19.335365838798136,
      126.97732169519112
    ],
    [
      18.354370605247386,
      127.20201329382128
    ],
    [
      17.387954844421255,
      127.4664703205728
    ],
    [
      16.43830236946376,
      127.77109285659992
    ],
    [
      15.507596993518947,
      128.1162809830568
    ],
    [
      14.59802252973086,
      128.50243478109763
    ],
    [
      13.711762791243538,
      128.9299543318766
    ],
    [
      12.851001591201022,
      129.3992397165479
    ],
    [
      12.017922742747356,
      129.91069101626573
    ],
    [
      11.214710059026569,
      130.46470831218423
    ],
    [
      10.443547353182714,
      131.0616916854577
    ],
    [
      9.706618438359824,
      131.70204121724018
    ],
    [
      9.006107127701936,
      132.38615698868597
    ],
    [
      8.344197234353096,
      133.11443908094918
    ],
    [
      7.723072571457344,
      133.88728757518408
    ],
    [
      7.144916952158724,
      134.7051025525448
    ],
    [
      6.611914189601262,
      135.56828409418554
    ],
    [
      6.126248096929008,
      136.4772322812605
    ],
    [
      5.690102487286,
      137.43234719492386
    ],
    [
      5.305661173816279,
      138.43402891632985
    ],
    [
      4.975107969663885,
      139.48267752663259
    ],
    [
      4.700626687972856,
      140.5786931069863
    ],
    [
      4.4844011418872345,
      141.72247573854517
    ],
    [
      4.32861514455106,
      142.91442550246336
    ],
    [
      4.235452509108374,
      144.15494247989514
    ],
    [
      4.207097048703213,
      145.44442675199463
    ],
    [
      4.24573257647962,
      146.78327839991601
    ],
    [
      4.353542905581633,
      148.1718975048135
    ],
    [
      4.532711849153292,
      149.61068414784125
    ]
  ],