{
  "test_id": 5,
  "test_outcome": "NOT_EXECUTED",
  "predicted_test_outcome": null,
  "test_duration": null,
  "road_points": [
    [
      100.00000000000003,
      100.00000000000001
    ],
    [
      99.82114522089861,
      99.02625565672182
    ],
    [
      99.634377417281,
      98.04847781073146
    ],
    [
      99.43870270251642,
      97.06769473956324
    ],
    [
      99.23312718997414,
      96.08493472075146
    ],
    [
      99.01665699302337,
      95.10122603183049
    ],
    [
      98.78829822503349,
      94.11759695033467
    ],
    [
      98.54705699937362,
      93.13507575379828
    ],
    [
      98.29193942941315,
      92.15469071975568
    ],
    [
      98.02195162852126,
      91.17747012574124
    ],
    [
      97.73609971006724,
      90.20444224928923
    ],
    [
      97.43338978742035,
      89.23663536793401
    ],
    [
      97.11282797394986,
      88.2750777592099
    ],
    [
      96.773420383025,
      87.32079770065127
    ],
    [
      96.41417312801505,
      86.37482346979239
    ],
    [
      96.03409232228927,
      85.4381833441676
    ],
    [
      95.63218407921694,
      84.51190560131127
    ],
    [
      95.20745451216732,
      83.59701851875772
    ],
    [
      94.75890973450964,
      82.69455037404128
    ],
    [
      94.2855558596132,
      81.80552944469625
    ],
    [
      93.78639900084725,
      80.93098400825701
    ],
    [
      93.260445271581,
      80.07194234225781
    ],
    [
      92.7067007851838,
      79.22943272423309
    ],
    [
      92.12417165502485,
      78.40448343171713
    ],
    [
      91.5118957860357,
      77.59811936197545
    ],
    [
      90.86988243426711,
      76.81126213242113
    ],
    [
      90.1992679567125,
      76.04471352036332
    ],
    [
      89.50125186801512,
      75.2992685878125
    ],
    [
      88.7770336828182,
      74.5757223967793
    ],
    [
      88.02781291576507,
      73.87487000927423
    ],
    [
      87.25478908149891,
      73.19750648730788
    ],
    [
      86.45916169466301,
      72.54442689289077
    ],
    [
      85.64213026990063,
      71.91642628803349
    ],
    [
      84.80489432185504,
      71.31429973474658
    ],
    [
      83.94865336516946,
      70.73884229504063
    ],
    [
      83.07460691448719,
      70.19084903092616
    ],
    [
      82.18395448445148,
      69.67111500441376
    ],
    [
      81.27789558970555,
      69.18043527751395
    ],
    [
      80.35762974489266,
      68.71960491223732
    ],
    [
      79.42435646465613,
      68.28941897059441
    ],
    [
      78.47927526363914,
      67.89067251459579
    ],
    [
      77.52358565648498,
      67.524160606252
    ],
    [
      76.55848715783695,
      67.19067830757366
    ],
    [
      75.58517928233823,
      66.89102068057123
    ],
    [
      74.60486154463214,
      66.62598278725535
    ],
    [
      73.61873345046969,
      66.39635965683216
    ],
    [
      72.62786311891408,
      66.2024616171877
    ],
    [
      71.63285588957321,
      66.04289174704529
    ],
    [
      70.6342152639683,
      65.91587743215783
    ],
    [
      69.63244474362061,
      65.81964605827818
    ],
    [
      68.62804783005136,
      65.75242501115925
    ],
    [
      67.62152802478172,
      65.71244167655382
    ],
    [
      66.61338882933298,
      65.69792344021484
    ],
    [
      65.60413374522633,
      65.70709768789511
    ],
    [
      64.59426627398302,
      65.73819180534757
    ],
    [
      63.584289917124266,
      65.78943317832503
    ],
    [
      62.57470817617131,
      65.85904919258037
    ],
    [
      61.566024552645345,
      65.94526723386646
    ],
    [
      60.55874254806763,
      66.04631468793616
    ],
    [
      59.553365663959354,
      66.16041894054234
    ],
    [
      58.55039740184182,
      66.2858073774379
    ],
    [
      57.5503410983055,
      66.42070803046354
    ],
    [
      56.55353349671477,
      66.56400153207096
    ],
    [
      55.55983133221375,
      66.71644886522182
    ],
    [
      54.56900540745254,
      66.87914763879797
    ],
    [
      53.58082652508132,
      67.05319546168124
    ],
    [
      52.595065487750205,
      67.23968994275342
    ],
    [
      51.61149309810932,
      67.43972869089629
    ],
    [
      50.6298782807553,
      67.65439288489091
    ],
    [
      49.64956051260711,
      67.88100669208471
    ],
    [
      48.66890526864082,
      68.10837325007743
    ],
    [
      47.6861437434136,
      68.32412094784334
    ],
    [
      46.69950713148267,
      68.51587817435676
    ],
    [
      45.707226627405205,
      68.67127331859199
    ],
    [
      44.70753342573842,
      68.77793476952338
    ],
    [
      43.6986779555357,
      68.8235434874311
    ],
    [
      42.68070598242632,
      68.80068740739888
    ],
    [
      41.656895283633055,
      68.71078812816307
    ],
    [
      40.630861722853524,
      68.55619129904511
    ],
    [
      39.6062211637853,
      68.33924256936633
    ],
    [
      38.58658947012595,
      68.06228758844814
    ],
    [
      37.57558250557312,
      67.72767200561196
    ],
    [
      36.57681613382437,
      67.3377414701792
    ],
    [
      35.593906218577295,
      66.8948416314712
    ],
    [
      34.63046862352948,
      66.40131813880939
    ],
    [
      33.69011921237855,
      65.85951664151514
    ],
    [
      32.776473848822064,
      65.2717827889099
    ],
    [
      31.89314839655764,
      64.64046223031504
    ],
    [
      31.043758719282852,
      63.96790061505194
    ],
    [
      30.231920680695286,
      63.256443592441975
    ],
    [
      29.46125014449255,
      62.50843681180659
    ],
    [
      28.73536297437224,
      61.72622592246718
    ],
    [
      28.05787503403193,
      60.91215657374509
    ],
    [
      27.432402187169238,
      60.06857441496178
    ],
    [
      26.862560297481735,
      59.19782509543858
    ],
    [
      26.351965228667027,
      58.302254264496945
    ],
    [
      25.904232844422687,
      57.384207571458234
    ],
    [
      25.52233535714751,
      56.44598482487884
    ],
    [
      25.205511750053528,
      55.48961995319916
    ],
    [
      24.951658355021042,
      54.51705126139966
    ],
    [
      24.758669738477643,
      53.530216928725444
    ],
    [
      24.624440466850945,
      52.53105513442167
    ],
    [
      24.54686510656853,
      51.52150405773345
    ],
    [
      24.52383822405802,
      50.503501877905876
    ],
    [
      24.553254385746985,
      49.47898677418411
    ],
    [
      24.63300815806305,
      48.44989692581326
    ],
    [
      24.760994107433795,
      47.41817051203846
    ],
    [
      24.935106800286835,
      46.385745712104814
    ],
    [
      25.153240803049755,
      45.35456070525746
    ],
    [
      25.413290682150166,
      44.32655367074152
    ],
    [
      25.713151004015657,
      43.30366278780213
    ],
    [
      26.050716335073822,
      42.2878262356844
    ],
    [
      26.42388124175229,
      41.28098219363344
    ],
    [
      26.83054029047862,
      40.28506884089441
    ],
    [
      27.268588047680446,
      39.30202435671239
    ],
    [
      27.735919079785337,
      38.33378692033255
    ],
    [
      28.230427953220918,
      37.38229471099997
    ],
    [
      28.75000923441476,
      36.44948590795982
    ],
    [
      29.2925574897945,
      35.53729869045718
    ],
    [
      29.85596729391335,
      34.64767122236592
    ],
    [
      30.438412254146318,
      33.782013820708855
    ],
    [
      31.03908084069028,
      32.939816984828326
    ],
    [
      31.657392181621365,
      32.12013487817441
    ],
    [
      32.292765405015786,
      31.32202166419713
    ],
    [
      32.94461963894969,
      30.54453150634659
    ],
    [
      33.61237401149927,
      29.78671856807279
    ],
    [
      34.2954476507407,
