{
  "test_id": 15,
  "test_outcome": "NOT_EXECUTED",
  "predicted_test_outcome": null,
  "test_duration": null,
  "road_points": [
    [
      100.00000000000001,
      100.00000000000001
    ],
    [
      100.29674708633671,
      99.0974521475754
    ],
    [
      100.55613346891579,
      98.17480602604358
    ],
    [
      100.77860391400812,
      97.2336294658444
    ],
    [
      100.96460318788469,
      96.27549029741765
    ],
    [
      101.11457605681652,
      95.30195635120324
    ],
    [
      101.22896728707447,
      94.31459545764092
    ],
    [
      101.3082216449296,
      93.31497544717062
    ],
    [
      101.35278389665281,
      92.30466415023211
    ],
    [
      101.36309880851503,
      91.28522939726525
    ],
    [
      101.33961114678725,
      90.25823901870983
    ],
    [
      101.2827656777404,
      89.2252608450057
    ],
    [
      101.19300716764553,
      88.18786270659278
    ],
    [
      101.07078038277348,
      87.14761243391081
    ],
    [
      100.91653008939525,
      86.10607785739964
    ],
    [
      100.73070105378179,
      85.0648268074991
    ],
    [
      100.5137380422041,
      84.02542711464908
    ],
    [
      100.26608582093306,
      82.98944660928935
    ],
    [
      99.98818915623966,
      81.95845312185975
    ],
    [
      99.68049281439491,
      80.93401448280017
    ],
    [
      99.3434415616697,
      79.9176985225504
    ],
    [
      98.97748016433502,
      78.91107307155028
    ],
    [
      98.58305338866178,
      77.91570596023963
    ],
    [
      98.16060600092099,
      76.93316501905832
    ],
    [
      97.71058276738357,
      75.96501807844616
    ],
    [
      97.23342845432052,
      75.01283296884297
    ],
    [
      96.72958782800274,
      74.07817752068863
    ],
    [
      96.19950565470124,
      73.16261956442295
    ],
    [
      95.64362670068697,
      72.26772693048578
    ],
    [
      95.06239573223084,
      71.3950674493169
    ],
    [
      94.45625751560382,
      70.54620895135619
    ],
    [
      93.82565681707689,
      69.72271926704349
    ],
    [
      93.17103840292103,
      68.92616622681861
    ],
    [
      92.49284703940715,
      68.15811766112141
    ],
    [
      91.7915274928062,
      67.42014140039171
    ],
    [
      91.06752452938919,
      66.71380527506933
    ],
    [
      90.32128291542702,
      66.04067711559414
    ],
    [
      89.55324741719068,
      65.40232475240593
    ],
    [
      88.7638628009511,
      64.80031601594456
    ],
    [
      87.95357383297929,
      64.23621873664989
    ],
    [
      87.12282527954615,
      63.711600744961714
    ],
    [
      86.27206190692266,
      63.22802987131988
    ],
    [
      85.40172848137975,
      62.78707394616422
    ],
    [
      84.5123501239739,
      62.38985680395372
    ],
    [
      83.60516403151658,
      62.033567743432904
    ],
    [
      82.6817794942652,
      61.71334008132252
    ],
    [
      81.74380904404856,
      61.42428922321707
    ],
    [
      80.79286521269557,
      61.16153057471113
    ],
    [
      79.83056053203511,
      60.92017954139921
    ],
    [
      78.85850753389595,
      60.69535152887581
    ],
    [
      77.87831875010701,
      60.4821619427355
    ],
    [
      76.89160671249711,
      60.275726188572776
    ],
    [
      75.89998395289513,
      60.07115967198218
    ],
    [
      74.90506300312992,
      59.86357779855826
    ],
    [
      73.90845639503033,
      59.6480959738955
    ],
    [
      72.91177666042522,
      59.419829603588454
    ],
    [
      71.91663633114344,
      59.17389409323165
    ],
    [
      70.92464793901387,
      58.90540484841963
    ],
    [
      69.93742401586533,
      58.6094772747469
    ],
    [
      68.95677017273776,
      58.28154909558898
    ],
    [
      67.98601164093735,
      57.919594820283265
    ],
    [
      67.02919277021743,
      57.52278942227134
    ],
    [
      66.09036220169791,
      57.0903150388098
    ],
    [
      65.17356857649871,
      56.621353807155295
    ],
    [
      64.2828605357398,
      56.11508786456448
    ],
    [
      63.42228672054108,
      55.570699348293985
    ],
    [
      62.5958957720225,
      54.987370395600436
    ],
    [
      61.807736331303985,
      54.36428314374049
    ],
    [
      61.06185703950544,
      53.70061972997075
    ],
    [
      60.362306537746804,
      52.995562291547856
    ],
    [
      59.713133467148054,
      52.2482929657285
    ],
    [
      59.116810073854076,
      51.45885063236005
    ],
    [
      58.563351943184124,
      50.63404414457575
    ],
    [
      58.03685973378782,
      49.783897012799486
    ],
    [
      57.52139830733513,
      48.91845220247596
    ],
    [
      57.00103252549602,
      48.04775267904988
    ],
    [
      56.46032787504788,
      47.18162697788294
    ],
    [
      55.892309075803105,
      46.32628033615498
    ],
    [
      55.29704657555455,
      45.48490013194714
    ],
    [
      54.67482578036607,
      44.660581671410455
    ],
    [
      54.02593209630154,
      43.856420260696005
    ],
    [
      53.35065092942478,
      43.07551120595482
    ],
    [
      52.64926768579972,
      42.320949813338
    ],
    [
      51.922067771490184,
      41.59583138899659
    ],
    [
      51.16933659256004,
      40.90325123908163
    ],
    [
      50.391359555073144,
      40.24630466974419
    ],
    [
      49.58842206509336,
      39.62808698713535
    ],
    [
      48.760809528684575,
      39.05169349740615
    ],
    [
      47.90880735191063,
      38.520219506707654
    ],
    [
      47.032700940835404,
      38.03676032119095
    ],
    [
      46.13277570152274,
      37.60441124700704
    ],
    [
      45.20932796942911,
      37.226251316925726
    ],
    [
      44.26352046199851,
      36.90406955932489
    ],
    [
      43.297996346469425,
      36.63745067843424
    ],
    [
      42.315543696021436,
      36.425763619957635
    ],
    [
      41.31895058383409,
      36.26837732959896
    ],
    [
      40.31100508308696,
      36.164660753062115
    ],
    [
      39.294495266959636,
      36.11398283605097
    ],
    [
      38.27220920863165,
      36.1157125242694
    ],
    [
      37.24693498128263,
      36.169218763421306
    ],
    [
      36.22146065809209,
      36.27387049921056
    ],
    [
      35.198574312239614,
      36.429036677341045
    ],
    [
      34.181064016904806,
      36.63408624351665
    ],
    [
      33.17171784526719,
      36.88838814344124
    ],
    [
      32.17332387050637,
      37.19131132281871
    ],
    [
      31.1886701658019,
      37.542224727352945
    ],
    [
      30.22054480433334,
      37.94049730274782
    ],
    [
      29.271735859280284,
      38.38549799470723
    ],
    [
      28.34503140382227,
      38.876595748935046
    ],
    [
      27.443219511138896,
      39.41315951113515
    ],
    [
      26.569088254409735,
      39.99455822701144
    ],
    [
      25.725425706814335,
      40.620160842267765
    ],
    [
      24.91501994153227,
      41.289336302608035
    ],
    [
      24.140659031743127,
      42.001453553736134
    ],
    [
      23.405131050626455,
      42.75588154135592
    ],
    [
      22.71122407136184,
      43.55198921117131
    ],
    [
      22.061726167128846,
      44.38914550888616
    ],
    [
      21.459425411107027,
      45.26671938020437
    ],
    [
      20.907109876475978,
      46.18407977082981
    ],
    [
      20.40756763641526,
      47.140595626466364
    ],
    [
      19.96358676410444,
      48.135635892817916
    ],
    [
      19.577955332723086,
      49.168569515588345
    ],
    [
      19.25346141545078,
      50.238765440481544
    ],
    [
      18.992893085467074,
      51.34559261320138
    ],
    [
      18.799038415951546,
      52.48841997945177
    ],
    [
      18.674685480083767,
      53.66661648493654
    ],
    [
