{
  "test_id": 10,
  "test_outcome": "NOT_EXECUTED",
  "predicted_test_outcome": null,
  "test_duration": null,
  "road_points": [
    [
      100.00000000000001,
      100.00000000000003
    ],
    [
      99.79812946677953,
      99.04220138021418
    ],
    [
      99.61986421717238,
      98.07356227122406
    ],
    [
      99.4652568759512,
      97.09506609083579
    ],
    [
      99.33436006788862,
      96.10769625685548
    ],
    [
      99.22722641775718,
      95.11243618708923
    ],
    [
      99.1439085503294,
      94.11026929934303
    ],
    [
      99.08445909037792,
      93.10217901142305
    ],
    [
      99.04893066267537,
      92.08914874113542
    ],
    [
      99.03737589199426,
      91.07216190628618
    ],
    [
      99.0498474031072,
      90.0522019246814
    ],
    [
      99.08639782078677,
      89.03025221412723
    ],
    [
      99.14707976980556,
      88.00729619242975
    ],
    [
      99.23194587493612,
      86.984317277395
    ],
    [
      99.34104876095111,
      85.96229888682916
    ],
    [
      99.47444105262306,
      84.94222443853829
    ],
    [
      99.63217537472453,
      83.92507735032842
    ],
    [
      99.81430435202819,
      82.91184104000574
    ],
    [
      100.02088060930652,
      81.90349892537625
    ],
    [
      100.25195677133217,
      80.90103442424615
    ],
    [
      100.50758546287773,
      79.90543095442145
    ],
    [
      100.78781930871573,
      78.91767193370826
    ],
    [
      101.09271093361878,
      77.93874077991268
    ],
    [
      101.42231296235946,
      76.9696209108408
    ],
    [
      101.7766780197104,
      76.01129574429874
    ],
    [
      102.15585873044408,
      75.06474869809252
    ],
    [
      102.55990771933318,
      74.13096319002831
    ],
    [
      102.98887761115029,
      73.21092263791219
    ],
    [
      103.44282103066789,
      72.30561045955022
    ],
    [
      103.92179060265866,
      71.41601007274852
    ],
    [
      104.42583895189516,
      70.54310489531318
    ],
    [
      104.95501870314993,
      69.68787834505025
    ],
    [
      105.50938248119563,
      68.8513138397659
    ],
    [
      106.08898291080479,
      68.03439479726616
    ],
    [
      106.69387261674999,
      67.23810463535715
    ],
    [
      107.32409808817067,
      66.4634183791966
    ],
    [
      107.97915058123543,
      65.71055157648182
    ],
    [
      108.6575313690045,
      64.97836562287574
    ],
    [
      109.35763941483876,
      64.26558196934303
    ],
    [
      110.07787368209898,
      63.5709220668481
    ],
    [
      110.81663313414613,
      62.893107366355615
    ],
    [
      111.57231673434093,
      62.23085931883006
    ],
    [
      112.34332344604432,
      61.582899375236
    ],
    [
      113.12805223261716,
      60.94794898653801
    ],
    [
      113.92490205742021,
      60.32472960370058
    ],
    [
      114.7322718838144,
      59.7119626776883
    ],
    [
      115.54856067516052,
      59.108369659465694
    ],
    [
      116.37216739481943,
      58.512671999997316
    ],
    [
      117.20149100615204,
      57.92359115024772
    ],
    [
      118.03493047251914,
      57.33984856118146
    ],
    [
      118.87088475728156,
      56.76016568376306
    ],
    [
      119.70775688836422,
      56.183262289221936
    ],
    [
      120.54414419837471,
      55.607777849791816
    ],
    [
      121.37891969771404,
      55.032237910190226
    ],
    [
      122.21097736281706,
      54.45515935064216
    ],
    [
      123.03921117011852,
      53.87505905137258
    ],
    [
      123.86251509605339,
      53.290453892606486
    ],
    [
      124.6797831170565,
      52.69986075456888
    ],
    [
      125.48990920956267,
      52.10179651748474
    ],
    [
      126.29178735000683,
      51.494778061579055
    ],
    [
      127.08431151482374,
      50.87732226707681
    ],
    [
      127.86637568044837,
      50.24794601420302
    ],
    [
      128.63687382331548,
      49.605166183182654
    ],
    [
      129.39469991986,
      48.94749965424069
    ],
    [
      130.13874794651673,
      48.27346330760215
    ],
    [
      130.86791187972057,
      47.58157402349202
    ],
    [
      131.58108569590638,
      46.87034868213525
    ],
    [
      132.27716337150898,
      46.13830416375688
    ],
    [
      132.9550388829633,
      45.38395734858187
    ],
    [
      133.6136062067041,
      44.605825116835234
    ],
    [
      134.25175626225038,
      43.802480364781935
    ],
    [
      134.868297793747,
      42.97400180015674
    ],
    [
      135.4619501812334,
      42.12210567109462
    ],
    [
      136.03142830691615,
      41.248590645655646
    ],
    [
      136.575447053002,
      40.35525539189984
    ],
    [
      137.09272130169745,
      39.44389857788728
    ],
    [
      137.58196593520924,
      38.516318871677996
    ],
    [
      138.04189583574401,
      37.57431494133204
    ],
    [
      138.4712258855084,
      36.619685454909494
    ],
    [
      138.86867096670903,
      35.65422908047035
    ],
    [
      139.2329459615525,
      34.6797444860747
    ],
    [
      139.5627657522455,
      33.698030339782584
    ],
    [
      139.85684522099473,
      32.71088530965405
    ],
    [
      140.11389925000668,
      31.720108063749155
    ],
    [
      140.33264272148818,
      30.727497270127948
    ],
    [
      140.51179051764575,
      29.734851596850472
    ],
    [
      140.65005752068603,
      28.743969711976778
    ],
    [
      140.74615861281572,
      27.756650283566934
    ],
    [
      140.79880867624144,
      26.77469197968096
    ],
    [
      140.8067225931698,
      25.799893468378926
    ],
    [
      140.76861524580747,
      24.83405341772087
    ],
    [
      140.6832015163611,
      23.878970495766865
    ],
    [
      140.54919628703732,
      22.93644337057694
    ],
    [
      140.36531444004277,
      22.008270710211153
    ],
    [
      140.13027085758412,
      21.09625118272955
    ],
    [
      139.84278042186796,
      20.202183456192188
    ],
    [
      139.50155801510095,
      19.327866198659105
    ],
    [
      139.1053185194898,
      18.475098078190374
    ],
    [
      138.65277681724103,
      17.645677762846024
    ],
    [
      138.1426477905614,
      16.84140392068611
    ],
    [
      137.57364632165746,
      16.064075219770686
    ],
    [
      136.94448729273591,
      15.315490328159795
    ],
    [
      136.25388558600338,
      14.5974479139135
    ],
    [
      135.50055608366648,
      13.911746645091835
    ],
    [
      134.6832136679319,
      13.260185189754868
    ],
    [
      133.80057322100623,
      12.644562215962631
    ],
    [
      132.85134962509616,
      12.066676391775191
    ],
    [
      131.83425776240833,
      11.528326385252592
    ],
    [
      130.74801251514936,
      11.031310864454877
    ],
    [
      129.59132876552593,
      10.577428497442108
    ],
    [
      128.36292139574456,
      10.16847795227432
    ],
    [
      127.06150528801203,
      9.806257897011578
    ],
    [
      125.68579532453495,
      9.492566999713926
    ],
    [
      124.23450638751993,
      9.229203928441414
    ],
    [
      122.70635335917363,
      9.017967351254095
    ],
    [
      121.1000511217027,
      8.860655936212016
    ]
  ],