{
  "test_id": 18,
  "test_outcome": "NOT_EXECUTED",
  "predicted_test_outcome": null,
  "test_duration": null,
  "road_points": [
    [
      100.00000000000003,
      100.00000000000001
    ],
    [
      99.61542495762467,
      100.95936403253916
    ],
    [
      99.25894824489674,
      101.92226475992022
    ],
    [
      98.9300513974899,
      102.88857650456642
    ],
    [
      98.62821595107789,
      103.85817358890107
    ],
    [
      98.35292344133445,
      104.83093033534746
    ],
    [
      98.10365540393332,
      105.8067210663289
    ],
    [
      97.87989337454813,
      106.78542010426862
    ],
    [
      97.68111888885268,
      107.76690177158996
    ],
    [
      97.50681348252071,
      108.7510403907162
    ],
    [
      97.35645869122587,
      109.73771028407062
    ],
    [
      97.22953605064191,
      110.72678577407646
    ],
    [
      97.12552709644258,
      111.7181411831571
    ],
    [
      97.04391336430153,
      112.71165083373575
    ],
    [
      96.9841763898926,
      113.70718904823576
    ],
    [
      96.94579770888936,
      114.70463014908036
    ],
    [
      96.92825885696567,
      115.7038484586929
    ],
    [
      96.93104136979517,
      116.70471829949662
    ],
    [
      96.9536267830516,
      117.70711399391483
    ],
    [
      96.99549663240867,
      118.71090986437078
    ],
    [
      97.05613245354019,
      119.71598023328787
    ],
    [
      97.13501578211971,
      120.7221994230892
    ],
    [
      97.23162815382108,
      121.72944175619821
    ],
    [
      97.34545110431799,
      122.73758155503816
    ],
    [
      97.47596616928416,
      123.74649314203232
    ],
    [
      97.62265488439331,
      124.75605083960394
    ],
    [
      97.78499878531917,
      125.76612897017638
    ],
    [
      97.96247940773544,
      126.77660185617287
    ],
    [
      98.15457828731587,
      127.78734382001674
    ],
    [
      98.36077695973414,
      128.7982291841313
    ],
    [
      98.58055696066403,
      129.80913227093976
    ],
    [
      98.81339982577919,
      130.8199274028654
    ],
    [
      99.0587870907534,
      131.83048890233164
    ],
    [
      99.31620029126033,
      132.8406910917616
    ],
    [
      99.5847117790302,
      133.85039924873948
    ],
    [
      99.86168227494734,
      134.85944081596847
    ],
    [
      100.14402501952738,
      135.86763334478604
    ],
    [
      100.42865325186654,
      136.87479438649854
    ],
    [
      100.71248021106096,
      137.88074149241206
    ],
    [
      100.99241913620689,
      138.88529221383294
    ],
    [
      101.26538326640046,
      139.88826410206724
    ],
    [
      101.52828584073784,
      140.8894747084212
    ],
    [
      101.77804009831527,
      141.88874158420114
    ],
    [
      102.01155927822889,
      142.88588228071316
    ],
    [
      102.22575661957494,
      143.8807143492635
    ],
    [
      102.41754536144957,
      144.8730553411584
    ],
    [
      102.58383874294893,
      145.86272280770402
    ],
    [
      102.72155000316928,
      146.8495343002066
    ],
    [
      102.82759238120676,
      147.83330736997232
    ],
    [
      102.89887911615756,
      148.81385956830744
    ],
    [
      102.93232344711784,
      149.79100844651808
    ],
    [
      102.92483861318385,
      150.76457155591058
    ],
    [
      102.8733378534517,
      151.73436644779102
    ],
    [
      102.77473872892756,
      152.70021100886413
    ],
    [
      102.6277655712954,
      153.66206333886717
    ],
    [
      102.43573697588214,
      154.62023807179276
    ],
    [
      102.2026910005146,
      155.575105674961
    ],
    [
      101.9326657030197,
      156.52703661569194
    ],
    [
      101.62969914122424,
      157.47640136130565
    ],
    [
      101.29782937295519,
      158.42357037912228
    ],
    [
      100.94109445603932,
      159.3689141364618
    ],
    [
      100.56353244830353,
      160.31280310064435
    ],
    [
      100.16918140757477,
      161.2556077389901
    ],
    [
      99.76207939167976,
      162.19769851881898
    ],
    [
      99.34626445844553,
      163.13944590745123
    ],
    [
      98.92577466569882,
      164.0812203722068
    ],
    [
      98.5046480712666,
      165.02339238040588
    ],
    [
      98.08692273297565,
      165.9663323993685
    ],
    [
      97.67663670865291,
      166.91041089641473
    ],
    [
      97.27782805612522,
      167.85599833886474
    ],
    [
      96.89453483321944,
      168.80346519403847
    ],
    [
      96.53079509776245,
      169.75318192925613
    ],
    [
      96.19064690758113,
      170.7055190118377
    ],
    [
      95.87812832050234,
      171.66084690910338
    ],
    [
      95.59727739435293,
      172.61953608837314
    ],
    [
      95.3521321869598,
      173.58195701696718
    ],
    [
      95.14673075614984,
      174.5484801622055
    ],
    [
      94.98511115974989,
      175.51947599140826
    ],
    [
      94.8713114555868,
      176.49531497189543
    ],
    [
      94.80936970148747,
      177.47636757098718
    ],
    [
      94.80332395527877,
      178.46300425600361
    ],
    [
      94.85721227478754,
      179.4555954942647
    ],
    [
      94.97507271784069,
      180.45451175309066
    ],
    [
      95.16094334226506,
      181.4601234998015
    ],
    [
      95.41886220588754,
      182.4728012017173
    ],
    [
      95.752867366535,
      183.4929153261582
    ],
    [
      96.16699688203428,
      184.52083634044425
    ],
    [
      96.66528881021227,
      185.55693471189548
    ],
    [
      97.25178120889585,
      186.60158090783207
    ],
    [
      97.93051213591187,
      187.65514539557407
    ],
    [
      98.70551964908721,
      188.7179986424415
    ]
  ],