{
  "test_id": 11,
  "test_outcome": "NOT_EXECUTED",
  "predicted_test_outcome": null,
  "test_duration": null,
  "road_points": [
    [
      100.00000000000001,
      100.00000000000001
    ],
    [
      99.63430401810423,
      100.94705616222373
    ],
    [
      99.29182851176155,
      101.899644260848
    ],
    [
      98.97240355991208,
      102.85749012285906
    ],
    [
      98.67585924149594,
      103.8203195752431
    ],
    [
      98.40202563545323,
      104.7878584449863
    ],
    [
      98.15073282072412,
      105.75983255907491
    ],
    [
      97.92181087624868,
      106.73596774449511
    ],
    [
      97.71508988096706,
      107.71598982823312
    ],
    [
      97.53039991381941,
      108.69962463727519
    ],
    [
      97.3675710537458,
      109.68659799860751
    ],
    [
      97.22643337968643,
      110.67663573921634
    ],
    [
      97.10681697058132,
      111.66946368608777
    ],
    [
      97.00855190537064,
      112.66480766620808
    ],
    [
      96.93146826299451,
      113.6623935065635
    ],
    [
      96.87539612239311,
      114.66194703414025
    ],
    [
      96.84016556250648,
      115.66319407592451
    ],
    [
      96.82560666227477,
      116.66586045890247
    ],
    [
      96.8315495006381,
      117.66967201006038
    ],
    [
      96.8578241565366,
      118.67435455638444
    ],
    [
      96.9042607089104,
      119.6796339248609
    ],
    [
      96.9706892366996,
      120.68523594247588
    ],
    [
      97.05693981884433,
      121.69088643621569
    ],
    [
      97.16284253428474,
      122.69631123306651
    ],
    [
      97.28822746196093,
      123.70123616001455
    ],
    [
      97.432924680813,
      124.70538704404598
    ],
    [
      97.5967642697811,
      125.70848971214704
    ],
    [
      97.77957630780533,
      126.71026999130396
    ],
    [
      97.98119087382587,
      127.71045370850295
    ],
    [
      98.20143804678278,
      128.70876669073024
    ],
    [
      98.44014790561624,
      129.70493476497197
    ],
    [
      98.6971505292663,
      130.6986837582144
    ],
    [
      98.97227599667312,
      131.68973949744375
    ],
    [
      99.26535438677682,
      132.6778278096462
    ],
    [
      99.5758530550377,
      133.66272117832213
    ],
    [
      99.90072101562339,
      134.64451601699716
    ],
    [
      100.23583911563757,
      135.62344613573848
    ],
    [
      100.57708433341747,
      136.5997458422466
    ],
    [
      100.92033364730005,
      137.5736494442214
    ],
    [
      101.26146403562262,
      138.54539124936343
    ],
    [
      101.59635247672223,
      139.51520556537275
    ],
    [
      101.92087594893606,
      140.48332669994963
    ],
    [
      102.23091143060118,
      141.44998896079431
    ],
    [
      102.52233590005476,
      142.415426655607
    ],
    [
      102.791026335634,
      143.37987409208804
    ],
    [
      103.03285971567593,
      144.34356557793754
    ],
    [
      103.24371301851775,
      145.3067354208558
    ],
    [
      103.41946322249663,
      146.26961792854308
    ],
    [
      103.5559873059496,
      147.23244740869953
    ],
    [
      103.64916224721387,
      148.19545816902547
    ],
    [
      103.69486502462661,
      149.15888451722114
    ],
    [
      103.69036818088625,
      150.12297180493334
    ],
    [
      103.63898946341759,
      151.08801322317817
    ],
    [
      103.54568309734836,
      152.05431491341147
    ],
    [
      103.41540333610892,
      153.02218301731324
    ],
    [
      103.25310443312962,
      153.9919236765634
    ],
    [
      103.0637406418408,
      154.96384303284182
    ],
    [
      102.85226621567281,
      155.93824722782847
    ],
    [
      102.62363540805599,
      156.91544240320323
    ],
    [
      102.38280247242068,
      157.895734700646
    ],
    [
      102.13472166219731,
      158.87943026183677
    ],
    [
      101.88434723081609,
      159.8668352284554
    ],
    [
      101.6366334317075,
      160.85825574218188
    ],
    [
      101.39653451830178,
      161.85399794469598
    ],
    [
      101.16900474402937,
      162.8543679776778
    ],
    [
      100.95899836232057,
      163.85967198280719
    ],
    [
      100.77146962660574,
      164.87021610176404
    ],
    [
      100.61137279031523,
      165.8863064762283
    ],
    [
      100.48366210687936,
      166.90824924787987
    ],
    [
      100.39329177706124,
      167.9363505313827
    ],
    [
      100.34424290622346,
      168.9704172865222
    ],
    [
      100.3370365258265,
      170.0084816082891
    ],
    [
      100.37142495747277,
      171.04818127753427
    ],
    [
      100.44716052276458,
      172.0871540751086
    ],
    [
      100.56399554330422,
      173.12303778186282
    ],
    [
      100.72168234069406,
      174.1534701786478
    ],
    [
      100.91997323653642,
      175.17608904631444
    ],
    [
      101.15862055243365,
      176.18853216571353
    ],
    [
      101.43737660998805,
      177.18843731769593
    ],
    [
      101.75599373080198,
      178.17344228311242
    ],
    [
      102.11422423647771,
      179.14118484281386
    ],
    [
      102.51182044861766,
      180.0893027776512
    ],
    [
      102.94853468882408,
      181.01543386847507
    ],
    [
      103.42411927869935,
      181.91721589613644
    ],
    [
      103.93832653984578,
      182.7922866414861
    ],
    [
      104.4909087938657,
      183.638283885375
    ],
    [
      105.08161836236144,
      184.45284540865384
    ],
    [
      105.71020756693535,
      185.23360899217352
    ],
    [
      106.37642872918975,
      185.97821241678488
    ],
    [
      107.08003417072699,
      186.68429346333878
    ],
    [
      107.82077621314933,
      187.34948991268593
    ],
    [
      108.5984071780592,
      187.97143954567736
    ],
    [
      109.41267938705889,
      188.54778014316378
    ],
    [
      110.26334516175068,
      189.07614948599604
    ],
    [
      111.15015682373695,
      189.55418535502503
    ],
    [
      112.07286669462002,
      189.9795255311015
    ],
    [
      113.03122709600223,
      190.34980779507637
    ],
    [
      114.02499034948592,
      190.6626699278005
    ],
    [
      115.0539087766734,
      190.9157497101246
    ],
    [
      116.117734699167,
      191.10668492289966
    ],
    [
      117.21622043856905,
      191.23311334697638
    ],
    [
      118.3491183164819,
      191.2926727632057
    ]
  ],