{
  "test_id": 20,
  "test_outcome": "NOT_EXECUTED",
  "predicted_test_outcome": null,
  "test_duration": null,
  "road_points": [
    [
      100.00000000000003,
      100.00000000000001
    ],
    [
      99.8247210757294,
      99.08332401404827
    ],
    [
      99.66841425241982,
      98.14871065030182
    ],
    [
      99.53141118701929,
      97.19757167965071
    ],
    [
      99.41404353647584,
      96.23131887298497
    ],
    [
      99.31664295773744,
      95.25136400119466
    ],
    [
      99.23954110775206,
      94.25911883516977
    ],
    [
      99.1830696434678,
      93.25599514580048
    ],
    [
      99.1475602218326,
      92.24340470397672
    ],
    [
      99.13334449979445,
      91.22275928058853
    ],
    [
      99.14075413430139,
      90.19547064652605
    ],
    [
      99.17012078230134,
      89.1629505726792
    ],
    [
      99.22177610074237,
      88.12661082993806
    ],
    [
      99.29605174657246,
      87.08786318919273
    ],
    [
      99.39327937673961,
      86.04811942133318
    ],
    [
      99.51379064819183,
      85.00879129724952
    ],
    [
      99.65791721787713,
      83.97129058783176
    ],
    [
      99.82599074274346,
      82.93702906396992
    ],
    [
      100.01834287973885,
      81.90741849655407
    ],
    [
      100.23530528581134,
      80.88387065647426
    ],
    [
      100.47720961790887,
      79.86779731462052
    ],
    [
      100.74438753297945,
      78.86061024188288
    ],
    [
      101.0371706879711,
      77.8637212091514
    ],
    [
      101.3558907398318,
      76.87854198731613
    ],
    [
      101.70087934550956,
      75.9064843472671
    ],
    [
      102.0724681619524,
      74.94896005989435
    ],
    [
      102.47098884610827,
      74.00738089608792
    ],
    [
      102.8967730549252,
      73.08315862673786
    ],
    [
      103.35015244535121,
      72.17770502273422
    ],
    [
      103.8314586743343,
      71.29243185496705
    ],
    [
      104.34102339882243,
      70.42875089432637
    ],
    [
      104.87917827576362,
      69.58807391170224
    ],
    [
      105.44625496210588,
      68.77181267798468
    ],
    [
      106.04258511479716,
      67.98137896406375
    ],
    [
      106.66850039078554,
      67.21818454082951
    ],
    [
      107.3243210289299,
      66.48362453925506
    ],
    [
      108.00922534716064,
      65.77742993536944
    ],
    [
      108.72029235334719,
      65.09627231892564
    ],
    [
      109.45437560887261,
      64.43649472988349
    ],
    [
      110.20832867512003,
      63.79444020820284
    ],
    [
      110.97900511347251,
      63.16645179384351
    ],
    [
      111.7632584853131,
      62.54887252676532
    ],
    [
      112.557942352025,
      61.93804544692815
    ],
    [
      113.35991027499117,
      61.33031359429178
    ],
    [
      114.16601581559479,
      60.7220200088161
    ],
    [
      114.97311253521889,
      60.109507730460905
    ],
    [
      115.77805399524658,
      59.48911979918606
    ],
    [
      116.577693757061,
      58.8571992549514
    ],
    [
      117.36888538204511,
      58.21008913771672
    ],
    [
      118.14848243158215,
      57.5441324874419
    ],
    [
      118.9133384670551,
      56.85567234408677
    ],
    [
      119.66030500978015,
      56.14108778210891
    ],
    [
      120.38612481282989,
      55.398679091852436
    ],
    [
      121.08737944393698,
      54.62959364315488
    ],
    [
      121.76063743623469,
      53.83520904106516
    ],
    [
      122.40246732285621,
      53.016902890632224
    ],
    [
      123.00943763693479,
      52.17605279690504
    ],
    [
      123.57811691160367,
      51.314036364932555
    ],
    [
      124.10507367999604,
      50.432231199763685
    ],
    [
      124.58687647524516,
      49.53201490644741
    ],
    [
      125.02009383048427,
      48.61476509003265
    ],
    [
      125.40129427884656,
      47.68185935556838
    ],
    [
      125.72704635346525,
      46.73467530810353
    ],
    [
      125.9939185874736,
      45.774590552687044
    ],
    [
      126.19847951400484,
      44.80298269436787
    ],
    [
      126.33800545141439,
      43.82123232027059
    ],
    [
      126.41618833846404,
      42.83074704812828
    ],
    [
      126.44013489529978,
      41.83294888299946
    ],
    [
      126.41698356344529,
      40.8292599635927
    ],
    [
      126.35387278442438,
      39.82110242861661
    ],
    [
      126.25794099976076,
      38.80989841677978
    ],
    [
      126.1363266509781,
      37.797070066790795
    ],
    [
      125.99616817960022,
      36.784039517358245
    ],
    [
      125.84460512314321,
      35.77222851087386
    ],
    [
      125.6895948452399,
      34.762763059349375
    ],
    [
      125.54136292540657,
      33.75594897557349
    ],
    [
      125.41052496070508,
      32.751951039865276
    ],
    [
      125.30769654819733,
      31.750934032543856
    ],
    [
      125.24349328494502,
      30.753062733928274
    ],
    [
      125.2285307680101,
      29.75850192433764
    ],
    [
      125.27340380920062,
      28.767419356536028
    ],
    [
      125.38493009246339,
      27.780522940505072
    ],
    [
      125.56178993418483,
      26.79968428996662
    ],
    [
      125.8016061841114,
      25.826926244192453
    ],
    [
      126.10200169198953,
      24.864271642454334
    ],
    [
      126.46059930756566,
      23.913743324024033
    ],
    [
      126.8750218805862,
      22.977364128173335
    ],
    [
      127.34289226079756,
      22.057156894173993
    ],
    [
      127.86183329794619,
      21.155144461297784
    ],
    [
      128.42946784177855,
      20.273349668816483
    ],
    [
      129.04341874204104,
      19.41379535600187
    ],
    [
      129.70130884848007,
      18.578504362125713
    ],
    [
      130.40076101084205,
      17.769499526459757
    ],
    [
      131.13939807887348,
      16.988803688275805
    ],
    [
      131.91484290232071,
      16.238439686845616
    ],
    [
      132.72471833093022,
      15.520430361440955
    ],
    [
      133.56664721444844,
      14.836798551333604
    ],
    [
      134.43825240262177,
      14.18956709579533
    ],
    [
      135.33715674519664,
      13.5807588340979
    ],
    [
      136.26098309191948,
      13.01239660551309
    ],
    [
      137.20735429253673,
      12.486503249312669
    ],
    [
      138.1738931967948,
      12.00510160476841
    ],
    [
      139.15822265444018,
      11.570214511152084
    ],
    [
      140.1579655152192,
      11.18386480773546
    ],
    [
      141.17074462887837,
      10.848075333790312
    ],
    [
      142.19418284516408,
      10.564868928588405
    ],
    [
      143.22590301382274,
      10.33626843140152
    ],
    [
      144.26352798460078,
      10.164296681501423
    ],
    [
      145.30468060724465,
      10.050976518159883
    ],
    [
      146.3469837315008,
      9.99833078064868
    ],
    [
      147.38806020711564,
      10.008382308239572
    ],
    [
      148.42553288383556,
      10.083153940204337
    ],
    [
      149.457024611407,
      10.224668515814749
    ],
    [
      150.4801582395765,
      10.434948874342577
    ],
    [
      151.4925566180903,
      10.716017855059587
    ],
    [
      152.49184259669497,
      11.069898297237557
    ],
    [
      153.47563902513684,
      11.498613040148255
    ],
    [
      154.44156875316244,
      12.004184923063455
    ],
    [
      155.38725463051813,
      12.588636785254922
    ],
    [
      156.31031950695035,
      13.253991465994433
    ],
    [
      157.20838623220553,
      14.002271804553768
    ],
    [
      158.07907765603014,
      14.835500640204682
    ],
    [
      158.92001662817052,
      15.755700812218944
    ],
    [
      159.7288259983731,
      16.76489515986834
    ],
    [
      160.5031286163844,
      17.865106522424625
    ]
