{
  "test_id": 27,
  "test_outcome": "NOT_EXECUTED",
  "predicted_test_outcome": null,
  "test_duration": null,
  "road_points": [
    [
      99.99999999999999,
      99.99999999999999
    ],
    [
      100.1600079510919,
      99.01084772643173
    ],
    [
      100.29265436941662,
      98.01879768151973
    ],
    [
      100.39952799019844,
      97.02401812306746
    ],
    [
      100.48221754866177,
      96.02667730887866
    ],
    [
      100.54231178003079,
      95.0269434967567
    ],
    [
      100.58139941952996,
      94.0249849445053
    ],
    [
      100.60106920238357,
      93.020969909928
    ],
    [
      100.60290986381595,
      92.01506665082835
    ],
    [
      100.58851013905151,
      91.00744342500998
    ],
    [
      100.55945876331442,
      89.9982684902764
    ],
    [
      100.51734447182919,
      88.9877101044313
    ],
    [
      100.46375599982007,
      87.97593652527817
    ],
    [
      100.40028208251135,
      86.96311601062058
    ],
    [
      100.32851145512744,
      85.94941681826214
    ],
    [
      100.25003285289264,
      84.93500720600645
    ],
    [
      100.16643501103128,
      83.92005543165705
    ],
    [
      100.07930666476773,
      82.90472975301755
    ],
    [
      99.99023654932628,
      81.88919842789147
    ],
    [
      99.90081339993128,
      80.87362971408244
    ],
    [
      99.81262595180706,
      79.85819186939405
    ],
    [
      99.72726294017794,
      78.84305315162983
    ],
    [
      99.64631310026832,
      77.82838181859341
    ],
    [
      99.57136516730242,
      76.8143461280883
    ],
    [
      99.50400787650467,
      75.80111433791815
    ],
    [
      99.44582996309936,
      74.78885470588651
    ],
    [
      99.39842016231083,
      73.77773548979692
    ],
    [
      99.36336720936343,
      72.76792494745304
    ],
    [
      99.34225983948146,
      71.75959133665837
    ],
    [
      99.3366867878893,
      70.75290291521654
    ],
    [
      99.34823678981124,
      69.74802794093111
    ],
    [
      99.37849858047163,
      68.74513467160564
    ],
    [
      99.42906089509482,
      67.74439136504374
    ],
    [
      99.50151246890508,
      66.74596627904896
    ],
    [
      99.59744203712684,
      65.75002767142492
    ],
    [
      99.71843833498437,
      64.75674379997514
    ],
    [
      99.866090097702,
      63.76628292250324
    ],
    [
      100.04198194740309,
      62.77881460606172
    ],
    [
      100.24704583265677,
      61.79471617145253
    ],
    [
      100.48085278903618,
      60.81479813425894
    ],
    [
      100.74280362849076,
      59.83992519426676
    ],
    [
      101.03229916296998,
      58.870962051261806
    ],
    [
      101.34874020442331,
      57.90877340502992
    ],
    [
      101.69152756480018,
      56.95422395535689
    ],
    [
      102.06006205605009,
      56.00817840202853
    ],
    [
      102.45374449012249,
      55.07150144483068
    ],
    [
      102.87197567896682,
      54.14505778354915
    ],
    [
      103.31415643453252,
      53.22971211796975
    ],
    [
      103.7796875687691,
      52.32632914787831
    ],
    [
      104.267969893626,
      51.43577357306064
    ],
    [
      104.77840422105268,
      50.55891009330255
    ],
    [
      105.3103913629986,
      49.696603408389876
    ],
    [
      105.86333213042471,
      48.84971821718342
    ],
    [
      106.43551574209732,
      48.01807903565304
    ],
    [
      107.02091268504977,
      47.197469085775
    ],
    [
      107.61244476182264,
      46.38269027311066
    ],
    [
      108.20303377495654,
      45.56854450322131
    ],
    [
      108.78560152699198,
      44.7498336816683
    ],
    [
      109.35306982046967,
      43.92135971401294
    ],
    [
      109.89836240735309,
      43.077925978427736
    ],
    [
      110.41661624272172,
      42.21600772610045
    ],
    [
      110.90943238016737,
      41.33696324484275
    ],
    [
      111.37958569666704,
      40.44303753893092
    ],
    [
      111.82985106919779,
      39.536475612641254
    ],
    [
      112.26300337473666,
      38.61952247025006
    ],
    [
      112.68181749026064,
      37.694423116033605
    ],
    [
      113.08906829274677,
      36.76342255426817
    ],
    [
      113.4875306591721,
      35.828765789230054
    ],
    [
      113.87997946651362,
      34.89269782519553
    ],
    [
      114.26918959174839,
      33.957463666440916
    ],
    [
      114.65793591185343,
      33.02530831724246
    ],
    [
      115.04899330380573,
      32.098476781876485
    ],
    [
      115.44513664458236,
      31.17921406461927
    ],
    [
      115.84914081116032,
      30.26976516974707
    ],
    [
      116.26378068051665,
      29.37237510153621
    ],
    [
      116.69183112962834,
      28.489288864262953
    ],
    [
      117.13606703547248,
      27.622751462203606
    ],
    [
      117.59926327502605,
      26.77500789963445
    ],
    [
      118.08419472526607,
      25.94830318083175
    ],
    [
      118.5936362631696,
      25.14488231007183
    ],
    [
      119.13036276571367,
      24.366990291630948
    ],
    [
      119.69714910987524,
      23.616872129785406
    ],
    [
      120.29677017263141,
      22.896772828811486
    ],
    [
      120.93200083095917,
      22.208937392985483
    ],
    [
      121.60561596183555,
      21.555610826583674
    ],
    [
      122.3203904422376,
      20.93903813388235
    ],
    [
      123.07909914914231,
      20.361464319157793
    ],
    [
      123.88451695952674,
      19.825134386686297
    ],
    [
      124.73941875036785,
      19.332293340744148
    ],
    [
      125.64657939864277,
      18.885186185607633
    ],
    [
      126.60877378132844,
      18.48605792555304
    ],
    [
      127.6287767754019,
      18.137153564856654
    ],
    [
      128.70936325784024,
      17.84071810779476
    ],
    [
      129.8533081056204,
      17.598996558643655
    ],
    [
      131.06338619571946,
      17.41423392167961
    ],
    [
      132.34237240511442,
      17.288675201178926
    ],
    [
      133.69304161078233,
      17.22456540141789
    ],
    [
      135.1181686897002,
      17.22414952667278
    ],
    [
      136.62052851884502,
      17.289672581219882
    ],
    [
      138.20289597519388,
      17.423379569335495
    ]
  ],