{
  "test_id": 22,
  "test_outcome": "NOT_EXECUTED",
  "predicted_test_outcome": null,
  "test_duration": null,
  "road_points": [
    [
      99.99999999999999,
      100.0
    ],
    [
      99.65772363595185,
      99.02771794068958
    ],
    [
      99.35726911718724,
      98.04616145400476
    ],
    [
      99.09800275993531,
      97.05631739660936
    ],
    [
      98.87929088042527,
      96.05917262516715
    ],
    [
      98.7004997948863,
      95.05571399634199
    ],
    [
      98.56099581954754,
      94.04692836679766
    ],
    [
      98.46014527063826,
      93.033802593198
    ],
    [
      98.39731446438765,
      92.01732353220685
    ],
    [
      98.37186971702491,
      90.99847804048802
    ],
    [
      98.38317734477916,
      89.97825297470533
    ],
    [
      98.43060366387968,
      88.95763519152261
    ],
    [
      98.5135149905556,
      87.93761154760368
    ],
    [
      98.63127764103618,
      86.91916889961234
    ],
    [
      98.78325793155054,
      85.90329410421245
    ],
    [
      98.96882217832793,
      84.89097401806778
    ],
    [
      99.18733669759752,
      83.88319549784222
    ],
    [
      99.43816780558853,
      82.88094540019955
    ],
    [
      99.72068181853017,
      81.88521058180363
    ],
    [
      100.03424505265156,
      80.8969778993182
    ],
    [
      100.37822382418194,
      79.91723420940716
    ],
    [
      100.75198444935052,
      78.94696636873428
    ],
    [
      101.15489324438646,
      77.98716123396343
    ],
    [
      101.58631652551895,
      77.03880566175839
    ],
    [
      102.04562060897722,
      76.10288650878299
    ],
    [
      102.53217181099046,
      75.18039063170109
    ],
    [
      103.04533644778785,
      74.27230488717646
    ],
    [
      103.58448083559858,
      73.37961613187296
    ],
    [
      104.14897129065183,
      72.50331122245439
    ],
    [
      104.73817412917685,
      71.64437701558457
    ],
    [
      105.35145566740277,
      70.80380036792735
    ],
    [
      105.98818222155884,
      69.98256813614653
    ],
    [
      106.64772010787424,
      69.18166717690592
    ],
    [
      107.32943564257815,
      68.40208434686937
    ],
    [
      108.03269514189972,
      67.64480650270066
    ],
    [
      108.75686492206822,
      66.91082050106367
    ],
    [
      109.50131129931282,
      66.2011131986222
    ],
    [
      110.26540058986274,
      65.51667145204004
    ],
    [
      111.0484991099471,
      64.85848211798105
    ],
    [
      111.84997317579518,
      64.22753205310903
    ],
    [
      112.66918910363609,
      63.6248081140878
    ],
    [
      113.5055132096991,
      63.05129715758121
    ],
    [
      114.35831181021338,
      62.507986040253066
    ],
    [
      115.22695122140811,
      61.99586161876718
    ],
    [
      116.11079775951248,
      61.51591074978738
    ],
    [
      117.00921870234652,
      61.06908936400128
    ],
    [
      117.92160021620228,
      60.65574591494633
    ],
    [
      118.8473457194981,
      60.27567400596398
    ],
    [
      119.78585926413115,
      59.92864686691098
    ],
    [
      120.73654490199877,
      59.61443772764415
    ],
    [
      121.69880668499815,
      59.332819818020255
    ],
    [
      122.67204866502655,
      59.083566367896076
    ],
    [
      123.65567489398124,
      58.8664506071284
    ],
    [
      124.64908942375946,
      58.68124576557402
    ],
    [
      125.65169630625843,
      58.527725073089684
    ],
    [
      126.66289959337543,
      58.40566175953219
    ],
    [
      127.68210333700772,
      58.314829054758334
    ],
    [
      128.70871158905254,
      58.2550001886249
    ],
    [
      129.74212840140711,
      58.22594839098864
    ],
    [
      130.78175782596873,
      58.22744689170635
    ],
    [
      131.82700391463456,
      58.25926892063481
    ],
    [
      132.87727071930195,
      58.32118770763082
    ],
    [
      133.9318960074864,
      58.41298451273996
    ],
    [
      134.9893290791379,
      58.53454823165501
    ],
    [
      136.04738456841838,
      58.68584464825845
    ],
    [
      137.10386339303793,
      58.866841208147044
    ],
    [
      138.15656647070662,
      59.07750535691755
    ],
    [
      139.20329471913442,
      59.317804540166684
    ],
    [
      140.24184905603133,
      59.58770620349121
    ],
    [
      141.27003039910744,
      59.887177792487876
    ],
    [
      142.28563966607277,
      60.216186752753394
    ],
    [
      143.28647777463726,
      60.57470052988454
    ],
    [
      144.27034564251102,
      60.96268656947803
    ],
    [
      145.235044187404,
      61.380112317130624
    ],
    [
      146.17837432702626,
      61.82694521843906
    ],
    [
      147.09813697908785,
      62.30315271900009
    ],
    [
      147.99213306129883,
      62.80870226441045
    ],
    [
      148.8581634913691,
      63.343561300266884
    ],
    [
      149.69402918700877,
      63.90769727216613
    ],
    [
      150.49753106592783,
      64.50107762570494
    ],
    [
      151.26647004583634,
      65.12366980648004
    ],
    [
      151.9986470444443,
      65.77544126008819
    ],
    [
      152.69186297946177,
      66.45635943212615
    ],
    [
      153.3439187685987,
      67.16639176819065
    ],
    [
      153.95261532956516,
      67.90550571387837
    ],
    [
      154.5157535800712,
      68.67366871478616
    ],
    [
      155.03113443782675,
      69.47084821651067
    ],
    [
      155.4965588205419,
      70.29701166464872
    ],
    [
      155.90982764592675,
      71.15212650479702
    ],
    [
      156.2687418316912,
      72.03616018255231
    ],
    [
      156.5711022955453,
      72.94908014351132
    ],
    [
      156.81470995519913,
      73.89085383327082
    ],
    [
      156.9973657283627,
      74.86144869742755
    ],
    [
      157.1168705327459,
      75.86083218157822
    ],
    [
      157.17102528605898,
      76.88897173131961
    ],
    [
      157.1576309060118,
      77.94583479224846
    ],
    [
      157.07448831031445,
      79.03138880996148
    ],
    [
      156.91939841667693,
      80.14560123005548
    ],
    [
      156.69016214280924,
      81.2884394981271
    ],
    [
      156.38458040642146,
      82.45987105977318
    ],
    [
      156.0004541252236,
      83.65986336059045
    ],
    [
      155.53558421692566,
      84.8883838461756
    ]
  ],