{
  "test_id": 21,
  "test_outcome": "NOT_EXECUTED",
  "predicted_test_outcome": null,
  "test_duration": null,
  "road_points": [
    [
      100.0,
      100.0
    ],
    [
      100.24033301851038,
      99.06032165416968
    ],
    [
      100.44718121971096,
      98.10515452679921
    ],
    [
      100.62081333310294,
      97.13592949305098
    ],
    [
      100.76149808818735,
      96.15407742808713
    ],
    [
      100.86950421446524,
      95.1610292070699
    ],
    [
      100.94510044143767,
      94.15821570516144
    ],
    [
      100.98855549860578,
      93.14706779752406
    ],
    [
      101.00013811547055,
      92.12901635931992
    ],
    [
      100.98011702153309,
      91.10549226571123
    ],
    [
      100.92876094629447,
      90.07792639186025
    ],
    [
      100.84633861925575,
      89.04774961292914
    ],
    [
      100.73311876991804,
      88.0163928040802
    ],
    [
      100.58937012778232,
      86.98528684047555
    ],
    [
      100.4153614223498,
      85.9558625972775
    ],
    [
      100.21136138312139,
      84.92955094964817
    ],
    [
      99.97763873959825,
      83.90778277274985
    ],
    [
      99.71446222128147,
      82.89198894174474
    ],
    [
      99.42210055767205,
      81.88360033179504
    ],
    [
      99.10082247827108,
      80.88404781806297
    ],
    [
      98.75089671257969,
      79.89476227571075
    ],
    [
      98.37259199009885,
      78.91717457990059
    ],
    [
      97.9661770403297,
      77.95271560579474
    ],
    [
      97.5319205927733,
      77.00281622855537
    ],
    [
      97.0700913769307,
      76.06890732334472
    ],
    [
      96.58095812230297,
      75.152419765325
    ],
    [
      96.0647895583912,
      74.25478442965844
    ],
    [
      95.52185441469643,
      73.37743219150725
    ],
    [
      94.9524214207198,
      72.52179392603367
    ],
    [
      94.35675930596227,
      71.68930050839984
    ],
    [
      93.73513679992497,
      70.88138281376804
    ],
    [
      93.08782263210898,
      70.09947171730049
    ],
    [
      92.41508553201537,
      69.34499809415938
    ],
    [
      91.71719422914519,
      68.61939281950696
    ],
    [
      90.9944174529995,
      67.92408676850539
    ],
    [
      90.24702393307938,
      67.26051081631692
    ],
    [
      89.4752823988859,
      66.63009583810378
    ],
    [
      88.67946157992014,
      66.03427270902819
    ],
    [
      87.85994767542105,
      65.47416726760096
    ],
    [
      87.01825840074851,
      64.94796711568931
    ],
    [
      86.15654380133292,
      64.45221786760915
    ],
    [
      85.27696082990319,
      63.983447201319024
    ],
    [
      84.38166643918832,
      63.538182794777434
    ],
    [
      83.47281758191721,
      63.11295232594289
    ],
    [
      82.55257121081888,
      62.704283472773916
    ],
    [
      81.62308427862222,
      62.308703913228996
    ],
    [
      80.68651373805622,
      61.92274132526666
    ],
    [
      79.74501654184978,
      61.5429233868454
    ],
    [
      78.8007496427319,
      61.16577777592372
    ],
    [
      77.85586999343151,
      60.78783217046015
    ],
    [
      76.91253454667755,
      60.405614248413166
    ],
    [
      75.97290025519901,
      60.01565168774132
    ],
    [
      75.03912407172479,
      59.61447216640309
    ],
    [
      74.11307245531665,
      59.199127716265316
    ],
    [
      73.19449793670432,
      58.770486103264204
    ],
    [
      72.28221833891625,
      58.33110228204834
    ],
    [
      71.37504734265511,
      57.883538684347236
    ],
    [
      70.47179862862366,
      57.43035774189049
    ],
    [
      69.57128587752462,
      56.97412188640763
    ],
    [
      68.67232277006073,
      56.51739354962821
    ],
    [
      67.77372298693474,
      56.0627351632818
    ],
    [
      66.87430020884935,
      55.61270915909794
    ],
    [
      65.97286811650727,
      55.16987796880617
    ],
    [
      65.06824039061128,
      54.73680402413608
    ],
    [
      64.15923071186404,
      54.316049756817186
    ],
    [
      63.24465276096835,
      53.91017759857907
    ],
    [
      62.32332021862688,
      53.52174998115126
    ],
    [
      61.39404676554241,
      53.153329336263326
    ],
    [
      60.45564608241762,
      52.807478095644825
    ],
    [
      59.507210230830765,
      52.48619737125193
    ],
    [
      58.5493587224304,
      52.1884083654532
    ],
    [
      57.58323223175991,
      51.91198142165475
    ],
    [
      56.60997187851716,
      51.65478598566503
    ],
    [
      55.63071878239998,
      51.414691503292474
    ],
    [
      54.64661406310626,
      51.18956742034552
    ],
    [
      53.65879884033383,
      50.977283182632625
    ],
    [
      52.668771917660926,
      50.77421322723318
    ],
    [
      51.67951237892753,
      50.57054487451787
    ],
    [
      50.6943821901462,
      50.35486511500834
    ],
    [
      49.71674331787026,
      50.11576093696619
    ],
    [
      48.74995772865302,
      49.84181932865299
    ],
    [
      47.79738738904782,
      49.521627278330364
    ],
    [
      46.86239415663026,
      49.143773166964905
    ],
    [
      45.94808997432491,
      48.70003921629155
    ],
    [
      45.05680389093983,
      48.19221282035359
    ],
    [
      44.19071206157787,
      47.6240353128573
    ],
    [
      43.35199064134189,
      46.99924802750897
    ],
    [
      42.54281578533471,
      46.32159229801485
    ],
    [
      41.765363648659175,
      45.5948094580812
    ],
    [
      41.02181038641809,
      44.82264084141428
    ],
    [
      40.314332153714304,
      44.00882778172036
    ],
    [
      39.645105105650664,
      43.15711161270573
    ],
    [
      39.01630539733,
      42.27123366807664
    ],
    [
      38.43010918385514,
      41.35493528153935
    ],
    [
      37.88869262032891,
      40.41195778680011
    ],
    [
      37.394231861854166,
      39.44604251756523
    ],
    [
      36.94890306353374,
      38.46093080754097
    ],
    [
      36.55488238047046,
      37.46036399043356
    ],
    [
      36.214345967767144,
      36.44808339994929
    ],
    [
      35.929469980526655,
      35.42783036979442
    ],
    [
      35.70243057385181,
      34.40334623367522
    ],
    [
      35.53540390284546,
      33.37837232529797
    ],
    [
      35.43056612261042,
      32.35664997836892
    ],
    [
      35.39009338824953,
      31.34192052659431
    ],
    [
      35.415892024924396,
      30.33773401097897
    ],
    [
      35.507192342794106,
      29.345743343777887
    ],
    [
      35.66169444982618,
      28.36651661874999
    ],
    [
      35.87708047682357,
      27.400609184958924
    ],
    [
      36.151032554589214,
      26.448576391468308
    ],
    [
      36.481232813926034,
      25.51097358734181
    ],
    [
      36.86536338563698,
      24.58835612164306
    ],
    [
      37.301106400525,
      23.681279343435698
    ],
    [
      37.78614398939302,
      22.790298601783363
    ],
    [
      38.318158283044006,
      21.915969245749682
    ],
    [
      38.89483141228086,
      21.058846624398324
    ],
    [
      39.51384550790653,
      20.219486086792916
    ],
    [
      40.17288270072397,
      19.398442981997093
    ],
    [
      40.86962512153613,
      18.596272659074494
    ],
    [
      41.60175490114592,
      17.813530467088775
    ],
    [
      42.36695417035629,
      17.050771755103572
    ],
    [
      43.16290505997018,
      16.30855187218252
    ],
    [
      43.98728970079053,
      15.587426167389257
    ],
    [
      44.8377902236203,
      14.887949989787419
    ],
    [
      45.71208875926239,
      14.210678688440666
    ],
    [
      46.60786743851977,
      13.556167612412628
    ],
    [
      47.52280839219537,
      12.924972110766943
    ],
    [
      48.45459375109215,
