{
  "test_id": 24,
  "test_outcome": "NOT_EXECUTED",
  "predicted_test_outcome": null,
  "test_duration": null,
  "road_points": [
    [
      100.0,
      100.00000000000003
    ],
    [
      100.0939058598168,
      99.11677428329662
    ],
    [
      100.1810739020215,
      98.20820950931521
    ],
    [
      100.26025639021005,
      97.27633961034266
    ],
    [
      100.33020558797843,
      96.32319851866588
    ],
    [
      100.3896737589225,
      95.35082016657157
    ],
    [
      100.43741316663825,
      94.36123848634674
    ],
    [
      100.47217607472169,
      93.35648741027818
    ],
    [
      100.49271474676868,
      92.33860087065275
    ],
    [
      100.49778144637523,
      91.30961279975735
    ],
    [
      100.48612843713722,
      90.27155712987874
    ],
    [
      100.4565079826507,
      89.2264677933039
    ],
    [
      100.40767234651155,
      88.1763787223196
    ],
    [
      100.33837379231569,
      87.12332384921268
    ],
    [
      100.2473645836591,
      86.06933710627004
    ],
    [
      100.13339698413779,
      85.01645242577855
    ],
    [
      99.9952232573476,
      83.96670374002503
    ],
    [
      99.83159566688457,
      82.92212498129634
    ],
    [
      99.64126647634458,
      81.88475008187935
    ],
    [
      99.42298794932363,
      80.8566129740609
    ],
    [
      99.17551234941762,
      79.83974759012786
    ],
    [
      98.89759194022255,
      78.83618786236707
    ],
    [
      98.58797898533433,
      77.84796772306541
    ],
    [
      98.24542574834892,
      76.87712110450971
    ],
    [
      97.86868449286224,
      75.9256819389868
    ],
    [
      97.4565074824703,
      74.99568415878362
    ],
    [
      97.00764698076901,
      74.08916169618696
    ],
    [
      96.52085525135433,
      73.2081484834837
    ],
    [
      95.99488455782222,
      72.35467845296068
    ],
    [
      95.42848716376857,
      71.53078553690476
    ],
    [
      94.82041533278937,
      70.73850366760277
    ],
    [
      94.16942132848058,
      69.97986677734164
    ],
    [
      93.47425741443814,
      69.25690879840816
    ],
    [
      92.73367947847282,
      68.57166349510433
    ],
    [
      91.94779596101415,
      67.92610193998118
    ],
    [
      91.12008830491435,
      67.32203886459045
    ],
    [
      90.25455502533762,
      66.76126503382405
    ],
    [
      89.3551946374482,
      66.24557121257381
    ],
    [
      88.4260056564102,
      65.77674816573159
    ],
    [
      87.4709865973879,
      65.3565866581893
    ],
    [
      86.49413597554545,
      64.98687745483875
    ],
    [
      85.49945230604705,
      64.66941132057187
    ],
    [
      84.49093410405689,
      64.40597902028048
    ],
    [
      83.47257988473918,
      64.19837131885646
    ],
    [
      82.4483881632581,
      64.04837898119168
    ],
    [
      81.42235745477782,
      63.95779277217798
    ],
    [
      80.39848627446263,
      63.92840345670729
    ],
    [
      79.3807731374766,
      63.96200179967139
    ],
    [
      78.373216558984,
      64.06037856596222
    ],
    [
      77.37945222596747,
      64.224798844922
    ],
    [
      76.40105300893751,
      64.4535390600786
    ],
    [
      75.43886375178059,
      64.74382084976067
    ],
    [
      74.4937284714663,
      65.09286465423678
    ],
    [
      73.56649118496424,
      65.49789091377545
    ],
    [
      72.65799590924397,
      65.95612006864528
    ],
    [
      71.7690866612751,
      66.46477255911479
    ],
    [
      70.90060745802724,
      67.0210688254526
    ],
    [
      70.05340231646994,
      67.6222293079272
    ],
    [
      69.22831525357284,
      68.26547444680718
    ],
    [
      68.42619028630548,
      68.94802468236108
    ],
    [
      67.64787143163751,
      69.66710045485746
    ],
    [
      66.8942027065385,
      70.4199222045649
    ],
    [
      66.16602812797801,
      71.20371037175194
    ],
    [
      65.46419171292565,
      72.01568539668713
    ],
    [
      64.78953747835105,
      72.85306771963903
    ],
    [
      64.14290944122376,
      73.7130777808762
    ],
    [
      63.52515161851336,
      74.5929360206672
    ],
    [
      62.937108027189495,
      75.4898628792806
    ],
    [
      62.37962268422173,
      76.40107879698493
    ],
    [
      61.85353960657963,
      77.32380421404876
    ],
    [
      61.35970281123282,
      78.25525957074066
    ],
    [
      60.8989563151509,
      79.19266530732916
    ],
    [
      60.47214413530344,
      80.13324186408285
    ],
    [
      60.08009787001193,
      81.07442017706835
    ],
    [
      59.72344906660591,
      82.01702204204608
    ],
    [
      59.402667653411356,
      82.96460869314997
    ],
    [
      59.11821893632712,
      83.92081971455028
    ],
    [
      58.870568221251965,
      84.88929469041709
    ],
    [
      58.66017554156883,
      85.87362269995616
    ],
    [
      58.48725585458702,
      86.87504526024601
    ],
    [
      58.3516803888646,
      87.89151134092829
    ],
    [
      58.25329465937946,
      88.92072360352451
    ],
    [
      58.191944181109406,
      89.96038470955608
    ],
    [
      58.16747446903237,
      91.00819732054454
    ],
    [
      58.17973103812623,
      92.06186409801128
    ],
    [
      58.22855940336879,
      93.11908770347779
    ],
    [
      58.31380507973798,
      94.17757079846551
    ],
    [
      58.43531358221166,
      95.2350160444959
    ],
    [
      58.59293042576769,
      96.28912610309047
    ],
    [
      58.78650112538394,
      97.3376036357706
    ],
    [
      59.01587119603828,
      98.37815130405778
    ],
    [
      59.280886152708604,
      99.40847176947354
    ],
    [
      59.581391510372754,
      100.42626769353919
    ],
    [
      59.917232784008604,
      101.42924173777631
    ],
    [
      60.28825548859403,
      102.41509656370631
    ],
    [
      60.69430513910693,
      103.38153483285068
    ],
    [
      61.13522725052513,
      104.32625920673085
    ],
    [
      61.61086733782651,
      105.24697234686826
    ],
    [
      62.121070915988994,
      106.14137691478446
    ],
    [
      62.66568349999037,
      107.0071755720008
    ],
    [
      63.244550604808566,
      107.84207098003878
    ],
    [
      63.85751774542143,
      108.6437658004199
    ],
    [
      64.50443043680684,
      109.40996269466557
    ],
    [
      65.18513419394267,
      110.13836432429724
    ],
    [
      65.89926615205779,
      110.82709638810023
    ],
    [
      66.64438948707364,
      111.47849498474278
    ],
    [
      67.41687813050906,
      112.09731052954584
    ],
    [
      68.21309192052995,
      112.68832204912071
    ],
    [
      69.02939069530214,
      113.25630857007873
    ],
    [
      69.86213429299147,
      113.80604911903119
    ],
    [
      70.70768255176384,
      114.34232272258944
    ],
    [
      71.5623953097851,
      114.86990840736482
    ],
    [
      72.42263240522112,
      115.39358519996865
    ],
    [
      73.28475367623773,
      115.9181321270122
    ],
    [
      74.14511896100078,
      116.4483282151068
    ],
    [
      75.0000880976762,
      116.98895249086385
    ],
    [
      75.84602092442975,
      117.54478398089458
    ],
    [
      76.67927727942735,
      118.12060171181035
    ],
    [
      77.49621700083485,
      118.72118471022246
    ],
    [
      78.2931999268181,
      119.35131200274229
    ],
    [
      79.06673111498155,
      120.01531085275636
    ],
    [
      79.81461257576501,
      120.71347383242197
    ],
    [
      80.53532836611697,
      121.44397173506843
    ],
    [
      81.22736861926802,
      122.204956451316
    ],
    [
      81.88922346844888,
      122.99457987178502
    ],
    [
      82.5193830468901,
      123.81099388709569
    ],
    [
      83.11633748782232,
      124.65235038786837
