{
  "test_id": 31,
  "test_outcome": "NOT_EXECUTED",
  "predicted_test_outcome": null,
  "test_duration": null,
  "road_points": [
    [
      100.0,
      100.00000000000001
    ],
    [
      99.80938249572532,
      100.83930802764495
    ],
    [
      99.57510765429659,
      101.68931395300798
    ],
    [
      99.30007535359343,
      102.54958758155229
    ],
    [
      98.98718547149538,
      103.41969871874085
    ],
    [
      98.63933788588209,
      104.29921717003684
    ],
    [
      98.2594324746331,
      105.18771274090341
    ],
    [
      97.85036911562806,
      106.08475523680362
    ],
    [
      97.4150476867466,
      106.98991446320065
    ],
    [
      96.95636806586832,
      107.90276022555757
    ],
    [
      96.47723013087267,
      108.82286232933744
    ],
    [
      95.98053375963941,
      109.74979058000345
    ],
    [
      95.46917883004808,
      110.68311478301868
    ],
    [
      94.94606521997827,
      111.62240474384626
    ],
    [
      94.41409280730964,
      112.5672302679493
    ],
    [
      93.87616146992171,
      113.51716116079092
    ],
    [
      93.33517108569411,
      114.47176722783416
    ],
    [
      92.79402153250646,
      115.43061827454224
    ],
    [
      92.25561268823834,
      116.3932841063782
    ],
    [
      91.72284443076937,
      117.35933452880519
    ],
    [
      91.19861663797911,
      118.3283393472863
    ],
    [
      90.68582918774719,
      119.29986836728466
    ],
    [
      90.18738195795318,
      120.27349139426335
    ],
    [
      89.70617482647671,
      121.24877823368553
    ],
    [
      89.24510767119739,
      122.22529869101429
    ],
    [
      88.80708036999476,
      123.20262257171271
    ],
    [
      88.39499280074847,
      124.18031968124397
    ],
    [
      88.01174484133811,
      125.15795982507113
    ],
    [
      87.66023636964329,
      126.13511280865734
    ],
    [
      87.34336726354357,
      127.11134843746567
    ],
    [
      87.06403740091858,
      128.08623651695925
    ],
    [
      86.82514665964793,
      129.05934685260124
    ],
    [
      86.62959491761119,
      130.03024924985468
    ],
    [
      86.48028205268794,
      130.99851351418266
    ],
    [
      86.38010794275787,
      131.96370945104843
    ],
    [
      86.33197246570049,
      132.92540686591497
    ],
    [
      86.33877549939544,
      133.88317556424548
    ],
    [
      86.4034169217223,
      134.836585351503
    ],
    [
      86.52879661056066,
      135.78520603315067
    ],
    [
      86.71781444379016,
      136.72860741465166
    ],
    [
      86.97336248487059,
      137.66635488433698
    ],
    [
      87.29660888767833,
      138.59703938376504
    ],
    [
      87.68484197243197,
      139.5170587630328
    ],
    [
      88.13481985096895,
      140.4225111698337
    ],
    [
      88.64330063512675,
      141.3094947518611
    ],
    [
      89.2070424367428,
      142.17410765680842
    ],
    [
      89.82280336765454,
      143.01244803236898
    ],
    [
      90.48734153969946,
      143.82061402623626
    ],
    [
      91.19741506471496,
      144.5947037861035
    ],
    [
      91.94978205453853,
      145.33081545966417
    ],
    [
      92.74120062100762,
      146.02504719461166
    ],
    [
      93.56842887595964,
      146.67349713863922
    ],
    [
      94.4282249312321,
      147.27226343944045
    ],
    [
      95.31734689866241,
      147.81744424470853
    ],
    [
      96.232552890088,
      148.30513770213688
    ],
    [
      97.17060101734636,
      148.73144195941896
    ],
    [
      98.12839071743915,
      149.0931838887921
    ],
    [
      99.10357029461828,
      149.3910517975647
    ],
    [
      100.09403515723515,
      149.62700815269775
    ],
    [
      101.09768086744408,
      149.80301621421722
    ],
    [
      102.11240298739939,
      149.92103924214896
    ],
    [
      103.13609707925544,
      149.98304049651884
    ],
    [
      104.16665870516654,
      149.9909832373527
    ],
    [
      105.20198342728703,
      149.9468307246765
    ],
    [
      106.23996680777128,
      149.8525462185161
    ],
    [
      107.27850440877357,
      149.71009297889728
    ],
    [
      108.31549179244828,
      149.52143426584604
    ],
    [
      109.34882452094973,
      149.2885333393882
    ],
    [
      110.37639815643226,
      149.01335345954965
    ],
    [
      111.39610826105017,
      148.69785788635622
    ],
    [
      112.4058503969578,
      148.34400987983386
    ],
    [
      113.40352012630957,
      147.95377270000844
    ],
    [
      114.38701301125971,
      147.52910960690576
    ],
    [
      115.35422461396263,
      147.0719838605518
    ],
    [
      116.3030504965726,
      146.58435872097232
    ],
    [
      117.23138622124398,
      146.0681974481933
    ],
    [
      118.13712735013115,
      145.5254633022406
    ],
    [
      119.01816944538842,
      144.95811954314013
    ],
    [
      119.87240806917006,
      144.36812943091763
    ],
    [
      120.69773878363048,
      143.75745622559907
    ],
    [
      121.49230355183818,
      143.127985865842
    ],
    [
      122.25818199704639,
      142.48036864036905
    ],
    [
      123.00061856653579,
      141.81426170634248
    ],
    [
      123.72494722454587,
      141.12929413022627
    ],
    [
      124.43650193531612,
      140.42509497848437
    ],
    [
      125.14054269254375,
      139.7013011209738
    ],
    [
      125.83883435513461,
      138.9579181406858
    ],
    [
      126.52820651875025,
      138.19547225757913
    ],
    [
      127.20511599077173,
      137.41452901826062
    ],
    [
      127.86601957858011,
      136.615653969337
    ],
    [
      128.50737408955632,
      135.79941265741493
    ],
    [
      129.12563633108147,
      134.96637062910125
    ],
    [
      129.7172631105366,
      134.11709343100264
    ],
    [
      130.27871123530267,
      133.2521466097258
    ],
    [
      130.80643751276082,
      132.37209571187753
    ],
    [
      131.29689875029206,
      131.4775062840646
    ],
    [
      131.74655175527738,
      130.5689438728937
    ],
    [
      132.1518533350978,
      129.64697402497154
    ],
    [
      132.5092602971344,
      128.7121622869049
    ],
    [
      132.81522944876824,
      127.76507420530052
    ],
    [
      133.06621759738027,
      126.80627532676515
    ],
    [
      133.25868155035158,
      125.83633119790545
    ],
    [
      133.38917390268878,
      124.85584749077371
    ],
    [
      133.45664111768014,
      123.86643266907271
    ],
    [
      133.46253455567995,
      122.87074449812425
    ],
    [
      133.40842358473392,
      121.87149017668325
    ],
    [
      133.29587757288772,
      120.87137690350455
    ],
    [
      133.12646588818708,
      119.87311187734318
    ],
    [
      132.9017578986777,
      118.87940229695403
    ],
    [
      132.62332297240525,
      117.89295536109198
    ],
    [
      132.29273047741557,
      116.91647826851205
    ],
    [
      131.9115497817542,
      115.95267821796902
    ],
    [
      131.4813502534669,
      115.00426240821791
    ],
    [
      131.00370126059937,
      114.07393803801362
    ],
    [
      130.48017217119732,
      113.16441230611109
    ],
    [
      129.9123323533065,
      112.2783924112652
    ],
    [
      129.30175117497254,
      111.4185855522309
    ],
    [
      128.6499980042412,
      110.5876989277631
    ],
    [
      127.95864220915819,
      109.78843973661674
    ],
    [
      127.22925315776916,
      109.02351517754668
    ],
    [
      126.46340021811989,
      108.29563244930794
    ],
    [
      125.66265275825599,
      107.6074987506554
    ],
    [
      124.82858014622325,
      106.96182128034395
    ],
    [
      123.96275175006733,
      106.36130723712856
    ],
    [
      123.06673693783392,
