{
  "test_id": 40,
  "test_outcome": "NOT_EXECUTED",
  "predicted_test_outcome": null,
  "test_duration": null,
  "road_points": [
    [
      100.00000000000001,
      100.00000000000001
    ],
    [
      100.22893328054163,
      98.99254580715898
    ],
    [
      100.42521518503352,
      97.98398698386951
    ],
    [
      100.58930030274645,
      96.9747681118847
    ],
    [
      100.72164322295103,
      95.96533377295748
    ],
    [
      100.82269853491802,
      94.95612854884097
    ],
    [
      100.89292082791803,
      93.94759702128809
    ],
    [
      100.93276469122179,
      92.94018377205191
    ],
    [
      100.94268471409995,
      91.93433338288546
    ],
    [
      100.92313548582325,
      90.93049043554174
    ],
    [
      100.87457159566236,
      89.92909951177383
    ],
    [
      100.79744763288791,
      88.93060519333463
    ],
    [
      100.69221818677065,
      87.93545206197726
    ],
    [
      100.55933784658122,
      86.94408469945468
    ],
    [
      100.3992612015903,
      85.95694768751994
    ],
    [
      100.21244284106862,
      84.97448560792608
    ],
    [
      99.99933735428684,
      83.9971430424261
    ],
    [
      99.76039933051567,
      83.02536457277301
    ],
    [
      99.49608335902569,
      82.05959478071983
    ],
    [
      99.20684402908775,
      81.1002782480196
    ],
    [
      98.89313592997239,
      80.14785955642533
    ],
    [
      98.55541365095038,
      79.20278328769004
    ],
    [
      98.19413178129238,
      78.26549402356673
    ],
    [
      97.80974491026906,
      77.33643634580847
    ],
    [
      97.40270762715112,
      76.41605483616821
    ],
    [
      96.97347452120925,
      75.50479407639905
    ],
    [
      96.52250018171415,
      74.60309864825395
    ],
    [
      96.05023919793639,
      73.71141313348592
    ],
    [
      95.55714615914685,
      72.83018211384805
    ],
    [
      95.04367565461604,
      71.95985017109331
    ],
    [
      94.51028227361475,
      71.10086188697473
    ],
    [
      93.95742060541363,
      70.25366184324531
    ],
    [
      93.38554523928336,
      69.41869462165813
    ],
    [
      92.79511069709072,
      68.5964048710132
    ],
    [
      92.18648515421869,
      67.78732312948819
    ],
    [
      91.5597811916298,
      66.99223417659984
    ],
    [
      90.9150643216547,
      66.211969611322
    ],
    [
      90.25240005662393,
      65.44736103262846
    ],
    [
      89.5718539088682,
      64.69924003949309
    ],
    [
      88.87349139071814,
      63.968438230889745
    ],
    [
      88.15737801450432,
      63.25578720579222
    ],
    [
      87.42357929255743,
      62.56211856317436
    ],
    [
      86.67216073720806,
      61.88826390201
    ],
    [
      85.90318786078686,
      61.235054821272996
    ],
    [
      85.11672617562449,
      60.60332291993717
    ],
    [
      84.31284119405153,
      59.99389979697636
    ],
    [
      83.49159842839862,
      59.40761705136437
    ],
    [
      82.65306339099642,
      58.845306282075086
    ],
    [
      81.79730159417554,
      58.30779908808231
    ],
    [
      80.9243785502666,
      57.79592706835989
    ],
    [
      80.03435977160021,
      57.31052182188163
    ],
    [
      79.12731077050707,
      56.85241494762141
    ],
    [
      78.20329731316022,
      56.42243793082048
    ],
    [
      77.26268170753752,
      56.02128939293082
    ],
    [
      76.30669516964116,
      55.64927864634016
    ],
    [
      75.33672723541225,
      55.30664406913057
    ],
    [
      74.35416744079204,
      54.99362403938415
    ],
    [
      73.36040532172173,
      54.710456935183004
    ],
    [
      72.35683041414241,
      54.457381134609165
    ],
    [
      71.34483225399536,
      54.23463501574475
    ],
    [
      70.32580037722177,
      54.042456956671856
    ],
    [
      69.30112431976276,
      53.88108533547253
    ],
    [
      68.27219361755957,
      53.75075853022887
    ],
    [
      67.24039780655337,
      53.65171491902298
    ],
    [
      66.20712642268538,
      53.58419287993694
    ],
    [
      65.17376900189674,
      53.54843079105281
    ],
    [
      64.14171508012869,
      53.5446670304527
    ],
    [
      63.11235419332236,
      53.57313997621868
    ],
    [
      62.08707587741899,
      53.63408800643283
    ],
    [
      61.06726966835974,
      53.72774949917725
    ],
    [
      60.0543251020858,
      53.854362832534015
    ],
    [
      59.04963171453838,
      54.014166384585224
    ],
    [
      58.054579041658634,
      54.20739853341292
    ],
    [
      57.07055661938777,
      54.434297657099236
    ],
    [
      56.09895398366699,
      54.69510213372623
    ],
    [
      55.14116067043744,
      54.990050341376
    ],
    [
      54.19856621564036,
      55.31938065813062
    ],
    [
      53.272403547534935,
      55.68318822717012
    ],
    [
      52.36258174351768,
      56.08035738485926
    ],
    [
      51.46834451164935,
      56.50916391432682
    ],
    [
      50.58893052862452,
      56.96787899696541
    ],
    [
      49.723578471137955,
      57.45477381416779
    ],
    [
      48.87152701588432,
      57.968119547326616
    ],
    [
      48.03201483955827,
      58.506187377834586
    ],
    [
      47.20428061885453,
      59.06724848708439
    ],
    [
      46.38756303046778,
      59.64957405646873
    ],
    [
      45.5811007510927,
      60.25143526738029
    ],
    [
      44.78413245742396,
      60.871103301211726
    ],
    [
      43.99589682615628,
      61.50684933935578
    ],
    [
      43.21563253398431,
      62.15694456320509
    ],
    [
      42.44257825760276,
      62.81966015415239
    ],
    [
      41.67597267370631,
      63.49326729359038
    ],
    [
      40.91505445898965,
      64.1760371629117
    ],
    [
      40.159062290147446,
      64.86624094350907
    ],
    [
      39.407234843874406,
      65.56214981677516
    ],
    [
      38.659237206813806,
      66.26236347083767
    ],
    [
      37.918299935851486,
      66.96822843636852
    ],
    [
      37.189429375421504,
      67.68245931289316
    ],
    [
      36.477644845197446,
      68.40778069607703
    ],
    [
      35.78796566485291,
      69.14691718158569
    ],
    [
      35.12541115406149,
      69.90259336508463
    ],
    [
      34.49500063249679,
      70.67753384223938
    ],
    [
      33.901753419832374,
      71.47446320871542
    ],
    [
      33.35068883574185,
      72.29610606017822
    ],
    [
      32.84682619989881,
      73.14518699229333
    ],
    [
      32.39512163536356,
      74.02436133305272
    ],
    [
      31.998229787454207,
      74.9337618384212
    ],
    [
      31.65590245907414,
      75.87033955682831
    ],
    [
      31.367705948177047,
      76.83084221099313
    ],
    [
      31.133206552716555,
      77.81201752363468
    ],
    [
      30.9519705706463,
      78.81061321747198
    ],
    [
      30.823564299919948,
      79.82337701522414
    ],
    [
      30.747554038491124,
      80.84705663961012
    ],
    [
      30.723506084313485,
      81.87839981334902
    ],
    [
      30.75098673534067,
      82.91415425915983
    ],
    [
      30.82956228952633,
      83.95106769976164
    ],
    [
      30.958799044824108,
      84.98588785787346
    ],
    [
      31.138263299187646,
      86.01536245621435
    ],
    [
      31.3675213505706,
      87.03623921750336
    ],
    [
      31.6461394969266,
      88.04526586445945
    ],
    [
      31.9736840362093,
      89.03919011980179
    ],
    [
      32.34972126637234,
      90.01475970624931
    ],
    [
      32.77381748536938,
      90.96872234652112
    ],
    [
      33.245538991154056,
      91.89782576333624
    ],
    [
      33.764452081680005,
      92.79881767941369
    ],
    [
      34.33012305490088,
      93.66844581747253
    ],
    [
      34.94211820877034,
