{
  "test_id": 46,
  "test_outcome": "NOT_EXECUTED",
  "predicted_test_outcome": null,
  "test_duration": null,
  "road_points": [
    [
      99.99999999999999,
      100.00000000000001
    ],
    [
      99.90348430018888,
      99.00840958156323
    ],
    [
      99.81661123675606,
      98.01395437863049
    ],
    [
      99.7397070889162,
      97.01694204383502
    ],
    [
      99.67309813588398,
      96.01768022980993
    ],
    [
      99.61711065687408,
      95.01647658918849
    ],
    [
      99.57207093110111,
      94.01363877460375
    ],
    [
      99.5383052377798,
      93.00947443868901
    ],
    [
      99.51613985612482,
      92.00429123407743
    ],
    [
      99.50590106535077,
      90.99839681340215
    ],
    [
      99.50791514467238,
      89.99209882929632
    ],
    [
      99.52250837330426,
      88.98570493439315
    ],
    [
      99.55000703046115,
      87.97952278132587
    ],
    [
      99.59073739535765,
      86.97386002272759
    ],
    [
      99.64502574720848,
      85.9690243112315
    ],
    [
      99.71319836522827,
      84.9653232994708
    ],
    [
      99.79558152863171,
      83.96306464007863
    ],
    [
      99.89250151663344,
      82.96255598568821
    ],
    [
      100.00428460844816,
      81.9641049889327
    ],
    [
      100.1312570832905,
      80.96801930244526
    ],
    [
      100.27374522037519,
      79.9746065788591
    ],
    [
      100.43207529891684,
      78.9841744708074
    ],
    [
      100.60657359813014,
      77.99703063092329
    ],
    [
      100.79756639722973,
      77.01348271184
    ],
    [
      101.00537997543032,
      76.03383836619068
    ],
    [
      101.23034038070936,
      75.05840515645215
    ],
    [
      101.47249762215917,
      74.08738302115931
    ],
    [
      101.73109091844069,
      73.12065578228862
    ],
    [
      102.00521138331379,
      72.15804951765763
    ],
    [
      102.2939501305383,
      71.19939030508378
    ],
    [
      102.59639827387417,
      70.24450422238465
    ],
    [
      102.91164692708115,
      69.2932173473777
    ],
    [
      103.23878720391913,
      68.34535575788041
    ],
    [
      103.57691021814797,
      67.40074553171029
    ],
    [
      103.9251070835275,
      66.4592127466848
    ],
    [
      104.28246891381761,
      65.52058348062153
    ],
    [
      104.64808682277814,
      64.5846838113379
    ],
    [
      105.02105192416894,
      63.65133981665142
    ],
    [
      105.40045533174985,
      62.72037757437961
    ],
    [
      105.78538815928077,
      61.79162316233997
    ],
    [
      106.1749415205215,
      60.86490265834996
    ],
    [
      106.56820652923196,
      59.94004214022713
    ],
    [
      106.96427429917192,
      59.016867685788924
    ],
    [
      107.3622359441013,
      58.09520537285289
    ],
    [
      107.76118243325257,
      57.17488104638938
    ],
    [
      108.16013005402266,
      56.255600231953316
    ],
    [
      108.55789861025696,
      55.336751901738175
    ],
    [
      108.95327597671705,
      54.417673587199666
    ],
    [
      109.34505002816425,
      53.497702819793425
    ],
    [
      109.7320086393601,
      52.576177130975104
    ],
    [
      110.11293968506597,
      51.65243405220037
    ],
    [
      110.48663104004332,
      50.72581111492487
    ],
    [
      110.85187057905362,
      49.795645850604274
    ],
    [
      111.20744617685835,
      48.86127579069425
    ],
    [
      111.55214570821883,
      47.92203846665042
    ],
    [
      111.88475704789661,
      46.97727140992847
    ],
    [
      112.20406807065314,
      46.02631215198406
    ],
    [
      112.50886665124979,
      45.06849822427283
    ],
    [
      112.79794066444806,
      44.10316715825045
    ],
    [
      113.07007798500935,
      43.12965648537256
    ],
    [
      113.32406648769516,
      42.14730373709483
    ],
    [
      113.55869254313416,
      41.155448847232314
    ],
    [
      113.77229937300896,
      40.15413953489336
    ],
    [
      113.9621720886679,
      39.14511350387408
    ],
    [
      114.12544122179835,
      38.13035534834845
    ],
    [
      114.25923730408752,
      37.11184966249036
    ],
    [
      114.36069086722273,
      36.09158104047376
    ],
    [
      114.42693244289133,
      35.07153407647258
    ],
    [
      114.45509256278058,
      34.053693364660745
    ],
    [
      114.44230175857784,
      33.04004349921219
    ],
    [
      114.38569056197036,
      32.03256907430084
    ],
    [
      114.28238950464547,
      31.033254684100626
    ],
    [
      114.12952911829048,
      30.04408492278549
    ],
    [
      113.92423993459269,
      29.067044384529336
    ],
    [
      113.66365248523938,
      28.104117663506123
    ],
    [
      113.34503251225665,
      27.157293537298184
    ],
    [
      112.96845038826245,
      26.22864755876947
    ],
    [
      112.53662135749907,
      25.320337113122427
    ],
    [
      112.05236388829685,
      24.43452277931319
    ],
    [
      111.51849644898611,
      23.573365136297923
    ],
    [
      110.93783750789717,
      22.73902476303275
    ],
    [
      110.31320553336033,
      21.933662238473815
    ],
    [
      109.64741899370594,
      21.159438141577272
    ],
    [
      108.94329635726432,
      20.418513051299264
    ],
    [
      108.20365609236575,
      19.713047546595924
    ],
    [
      107.43131543049536,
      19.045201596001235
    ],
    [
      106.62879434930821,
      18.416988463902758
    ],
    [
      105.79793151814137,
      17.830085167531077
    ],
    [
      104.94047054951366,
      17.286121810576926
    ],
    [
      104.05815505594387,
      16.786728496731065
    ],
    [
      103.15272864995073,
      16.333535329684217
    ],
    [
      102.22593494405307,
      15.928172413127133
    ],
    [
      101.27951755076961,
      15.572269850750544
    ],
    [
      100.31522008261915,
      15.267457746245201
    ],
    [
      99.33478615212043,
      15.015366203301838
    ],
    [
      98.33995937179226,
      14.817625325611198
    ],
    [
      97.33260090123991,
      14.675591606947316
    ],
    [
      96.31529459301109,
      14.588939355999711
    ],
    [
      95.290898756552,
      14.556704038493924
    ],
    [
      94.26227222953113,
      14.577919890632701
    ],
    [
      93.23227384961689,
      14.65162114861879
    ],
    [
      92.20376245447777,
      14.776842048654952
    ],
    [
      91.17959688178219,
      14.952616826943931
    ],
    [
      90.1626359691986,
      15.177979719688478
    ],
    [
      89.15573855439548,
      15.451964963091346
    ],
    [
      88.16176347504121,
      15.773606793355288
    ],
    [
      87.18356956880427,
      16.141939446683043
    ],
    [
      86.22401567335315,
      16.555997159277375
    ],
    [
      85.28596062635621,
      17.014814167341022
    ],
    [
      84.37226326548199,
      17.517424707076746
    ],
    [
      83.48578242839888,
      18.062863014687295
    ],
    [
      82.62937695277533,
      18.650163326375413
    ],
    [
      81.80590567627982,
      19.278359878343856
    ],
    [
      81.01822743658076,
      19.94648690679537
    ],
    [
      80.26921526107458,
      20.653555262821833
    ],
    [
      79.56221939343276,
      21.39778933032193
    ],
    [
      78.90117008925803,
      22.17645761557811
    ],
    [
      78.29003259858598,
      22.98677095296422
    ],
    [
      77.73277217145221,
      23.825940176854125
    ],
    [
      77.23335405789224,
      24.69117612162165
    ],
    [
      76.7957435079417,
      25.57968962164068
    ],
    [
      76.4237287591103,
      26.488719590465394
    ],
    [
      76.11689577068205,
      27.416171541528968
    ],
    [
      75.87055413689863,
      28.360629340402625
    ],
    [
      75.67982162069409,
      29.32070728251488
    ],
    [
