{
  "test_id": 41,
  "test_outcome": "NOT_EXECUTED",
  "predicted_test_outcome": null,
  "test_duration": null,
  "road_points": [
    [
      100.00000000000003,
      100.00000000000001
    ],
    [
      99.99336972365143,
      98.99390338273591
    ],
    [
      99.98801731941869,
      97.98794379147274
    ],
    [
      99.98385896953823,
      96.98211223844639
    ],
    [
      99.98081085624669,
      95.976399735893
    ],
    [
      99.97878916178058,
      94.97079729604864
    ],
    [
      99.97771006837651,
      93.9652959311494
    ],
    [
      99.97748975827096,
      92.95988665343123
    ],
    [
      99.97804441370052,
      91.95456047513028
    ],
    [
      99.97929021690176,
      90.94930840848261
    ],
    [
      99.98114335011121,
      89.94412146572421
    ],
    [
      99.98351999556539,
      88.93899065909119
    ],
    [
      99.98633633550088,
      87.93390700081956
    ],
    [
      99.98950855215422,
      86.92886150314543
    ],
    [
      99.99295282776204,
      85.92384517830487
    ],
    [
      99.99658534456078,
      84.91884903853388
    ],
    [
      100.00032228478702,
      83.91386409606852
    ],
    [
      100.00407983067734,
      82.90888136314489
    ],
    [
      100.00777416446827,
      81.90389185199902
    ],
    [
      100.01132146839643,
      80.898886574867
    ],
    [
      100.01463792469825,
      79.89385654398487
    ],
    [
      100.01763971561037,
      78.88879277158867
    ],
    [
      100.02024302336929,
      77.88368626991445
    ],
    [
      100.02236403021162,
      76.87852805119832
    ],
    [
      100.02391891837385,
      75.8733091276763
    ],
    [
      100.02482387009259,
      74.86802051158443
    ],
    [
      100.02499506760435,
      73.86265321515883
    ],
    [
      100.0243486931457,
      72.85719825063549
    ],
    [
      100.02280092895316,
      71.8516466302505
    ],
    [
      100.02026795726333,
      70.84598936623993
    ],
    [
      100.01666596031274,
      69.84021747083983
    ],
    [
      100.0119111203379,
      68.83432195628622
    ],
    [
      100.00591961957545,
      67.82829383481523
    ],
    [
      99.99860806540691,
      66.82212416425106
    ],
    [
      99.99001678203875,
      65.8158172685513
    ],
    [
      99.98048078822767,
      64.80940907171792
    ],
    [
      99.97037803999953,
      63.802940101908696
    ],
    [
      99.96008649338026,
      62.79645088728138
    ],
    [
      99.9499841043959,
      61.78998195599382
    ],
    [
      99.94044882907218,
      60.783573836203686
    ],
    [
      99.93185862343518,
      59.77726705606888
    ],
    [
      99.92459144351072,
      58.771102143747065
    ],
    [
      99.91902524532478,
      57.76511962739607
    ],
    [
      99.91553798490324,
      56.759360035173664
    ],
    [
      99.91450761827203,
      55.75386389523762
    ],
    [
      99.91631210145707,
      54.74867173574572
    ],
    [
      99.92132939048429,
      53.74382408485573
    ],
    [
      99.92993744137964,
      52.73936147072546
    ],
    [
      99.942514210169,
      51.73532442151265
    ],
    [
      99.95943765287828,
      50.73175346537507
    ],
    [
      99.9810857255334,
      49.72868913047053
    ],
    [
      100.00783060329788,
      48.72617132507592
    ],
    [
      100.03948245573021,
      47.72417969370661
    ],
    [
      100.07482703935783,
      46.7225840332499
    ],
    [
      100.11254126408366,
      45.72124246898884
    ],
    [
      100.15130203981074,
      44.720013126206425
    ],
    [
      100.18978627644209,
      43.71875413018571
    ],
    [
      100.22667088388077,
      42.71732360620974
    ],
    [
      100.26063277202975,
      41.71557967956154
    ],
    [
      100.29034885079206,
      40.71338047552415
    ],
    [
      100.3144960300707,
      39.71058411938059
    ],
    [
      100.3317512197687,
      38.70704873641393
    ],
    [
      100.34079132978907,
      37.70263245190716
    ],
    [
      100.34029327003483,
      36.697193391143344
    ],
    [
      100.32893395040901,
      35.6905896794055
    ],
    [
      100.3053902808146,
      34.682679441976674
    ],
    [
      100.26833917115465,
      33.673320804139905
    ],
    [
      100.21645753133215,
      32.66237189117821
    ],
    [
      100.14842227125015,
      31.649690828374652
    ],
    [
      100.06291030081162,
      30.63513574101223
    ],
    [
      99.95858134332082,
      29.61859199374891
    ],
    [
      99.83331651587747,
      28.601178979369188
    ],
    [
      99.68391649601422,
      27.585728500354872
    ],
    [
      99.50710236951554,
      26.57519850569834
    ],
    [
      99.2995952221659,
      25.572546944391974
    ],
    [
      99.05811613974984,
      24.580731765428148
    ],
    [
      98.77938620805185,
      23.60271091779926
    ],
    [
      98.46012651285642,
      22.64144235049766
    ],
    [
      98.09705813994805,
      21.699884012515753
    ],
    [
      97.68690217511123,
      20.78099385284591
    ],
    [
      97.22637970413047,
      19.8877298204805
    ],
    [
      96.71221181279026,
      19.02304986441191
    ],
    [
      96.14119801845261,
      18.18989190398808
    ],
    [
      95.51299476410726,
      17.390464264606297
    ],
    [
      94.83086227968886,
      16.626054946287184
    ],
    [
      94.0982911290139,
      15.897893127006686
    ],
    [
      93.31877187589897,
      15.20720798474075
    ],
    [
      92.49579508416059,
      14.55522869746533
    ],
    [
      91.63285131761532,
      13.943184443156378
    ],
    [
      90.73343114007966,
      13.37230439978984
    ],
    [
      89.80102511537017,
      12.843817745341669
    ],
    [
      88.8391238073034,
      12.35895365778782
    ],
    [
      87.85121777969584,
      11.918941315104234
    ],
    [
      86.84079759636417,
      11.525009895266882
    ],
    [
      85.81135382112477,
      11.178388576251686
    ],
    [
      84.76637701779421,
      10.880306536034611
    ],
    [
      83.70935775018908,
      10.631992952591611
    ],
    [
      82.64378658212591,
      10.434677003898628
    ],
    [
      81.57315407742124,
      10.28958786793162
    ],
    [
      80.50095079989158,
      10.197954722666534
    ],
    [
      79.43066731335348,
      10.16100674607932
    ],
    [
      78.36579418162353,
      10.179973116145932
    ],
    [
      77.30982196851821,
      10.256083010842318
    ],
    [
      76.26624123785405,
      10.390565608144428
    ],
    [
      75.23854255344764,
      10.584650086028212
    ],
    [
      74.23014413284456,
      10.839441709441456
    ],
    [
      73.24334222816017,
      11.15412406675977
    ],
    [
      72.27954876782424,
      11.526366097098478
    ],
    [
      71.34015170798247,
      11.95379568039648
    ],
    [
      70.42653900478057,
      12.434040696592657
    ],
    [
      69.54009861436427,
      12.96472902562589
    ],
    [
      68.68221849287929,
      13.543488547435064
    ],
    [
      67.85428659647135,
      14.167947141959068
    ],
    [
      67.05769088128619,
      14.835732689136787
    ],
    [
      66.2938193034695,
      15.544473068907108
    ],
    [
      65.564059819167,
      16.291796161208907
    ],
    [
      64.86980038452445,
      17.07532984598108
    ],
    [
      64.21242895568753,
      17.892702003162505
    ],
    [
      63.593333488801996,
      18.741540512692072
    ],
    [
      63.01390194001352,
      19.619473254508666
    ],
    [
      62.47552226546786,
      20.52412810855117
    ],
    [
      61.97958242131074,
      21.453132954758455
    ],
    [
      61.527470363687854,
      22.40411567306943
    ],
    [
      61.12057404874494,
      23.374704143422985
    ],
    [
      60.76028143262772,
      24.362526245757977
    ],
    [
      60.4479804714819,
      25.365209860013316
