{
  "test_id": 43,
  "test_outcome": "NOT_EXECUTED",
  "predicted_test_outcome": null,
  "test_duration": null,
  "road_points": [
    [
      100.0,
      99.99999999999999
    ],
    [
      100.10605360943462,
      99.00612596460971
    ],
    [
      100.19314011134601,
      98.01089107342753
    ],
    [
      100.26239932152987,
      97.01437710618326
    ],
    [
      100.31497105578165,
      96.01666584260653
    ],
    [
      100.35199512989715,
      95.01783906242717
    ],
    [
      100.3746113596718,
      94.01797854537485
    ],
    [
      100.3839595609013,
      93.01716607117937
    ],
    [
      100.38117954938123,
      92.01548341957042
    ],
    [
      100.36741114090712,
      91.01301237027772
    ],
    [
      100.3437941512747,
      90.00983470303106
    ],
    [
      100.31146839627947,
      89.00603219756013
    ],
    [
      100.27157369171707,
      88.00168663359472
    ],
    [
      100.2252498533831,
      86.99687979086448
    ],
    [
      100.17363669707315,
      85.9916934490992
    ],
    [
      100.11787403858284,
      84.98620938802864
    ],
    [
      100.05910169370777,
      83.98050938738248
    ],
    [
      99.99845947824353,
      82.9746752268905
    ],
    [
      99.9370872079857,
      81.9687886862824
    ],
    [
      99.87612469872995,
      80.96293154528793
    ],
    [
      99.81671176627181,
      79.95718558363684
    ],
    [
      99.75998822640693,
      78.95163258105883
    ],
    [
      99.70709389493086,
      77.94635431728368
    ],
    [
      99.65916858763927,
      76.9414325720411
    ],
    [
      99.61735212032771,
      75.93694912506083
    ],
    [
      99.58278430879182,
      74.93298575607263
    ],
    [
      99.55660496882717,
      73.92962424480619
    ],
    [
      99.53995391622934,
      72.92694637099125
    ],
    [
      99.533970966794,
      71.9250339143576
    ],
    [
      99.53979593631672,
      70.92396865463493
    ],
    [
      99.55856864059308,
      69.92383237155298
    ],
    [
      99.59142889541869,
      68.92470684484147
    ],
    [
      99.63951651658917,
      67.92667385423017
    ],
    [
      99.70397131990012,
      66.92981517944884
    ],
    [
      99.78593312114717,
      65.93421260022714
    ],
    [
      99.88654173612582,
      64.93994789629485
    ],
    [
      100.00693694579135,
      63.94710286148487
    ],
    [
      100.14799001758047,
      62.955867982208666
    ],
    [
      100.30965648448614,
      61.96680442840428
    ],
    [
      100.49169683616604,
      60.980552322321486
    ],
    [
      100.69387156227798,
      59.99775178621015
    ],
    [
      100.91594115247962,
      59.01904294232007
    ],
    [
      101.15766609642877,
      58.0450659129011
    ],
    [
      101.41880688378309,
      57.076460820202996
    ],
    [
      101.69912400420039,
      56.11386778647564
    ],
    [
      101.99837185115976,
      55.15791681908202
    ],
    [
      102.31607938015347,
      54.20886387471018
    ],
    [
      102.65148920726021,
      53.26648981065442
    ],
    [
      103.00382545333389,
      52.3305447966065
    ],
    [
      103.3723122392284,
      51.40077900225828
    ],
    [
      103.75617368579772,
      50.47694259730156
    ],
    [
      104.15463391389561,
      49.5587857514281
    ],
    [
      104.56691704437613,
      48.64605863432977
    ],
    [
      104.99224719809307,
      47.73851141569831
    ],
    [
      105.42984849590036,
      46.83589426522558
    ],
    [
      105.8789450586519,
      45.937957352603355
    ],
    [
      106.33876100720161,
      45.04445084752345
    ],
    [
      106.80852046240338,
      44.15512491967768
    ],
    [
      107.28744754511114,
      43.269729738757846
    ],
    [
      107.77476637617875,
      42.38801547445574
    ],
    [
      108.26970107646017,
      41.50973229646319
    ],
    [
      108.77147576680917,
      40.63463037447199
    ],
    [
      109.2794042924696,
      39.76253440299679
    ],
    [
      109.79568241667225,
      38.89566278943251
    ],
    [
      110.3259324513728,
      38.03908002279525
    ],
    [
      110.87597638319126,
      37.19801644130917
    ],
    [
      111.45163619874755,
      36.3777023831984
    ],
    [
      112.05873388466168,
      35.58336818668705
    ],
    [
      112.70309142755357,
      34.82024418999929
    ],
    [
      113.3903532955533,
      34.09352271776381
    ],
    [
      114.12204417345633,
      33.40751388917271
    ],
    [
      114.8955483813821,
      32.76564121071782
    ],
    [
      115.7080686046596,
      32.17128929383588
    ],
    [
      116.55680752861791,
      31.62784274996372
    ],
    [
      117.4389677388874,
      31.138669977257898
    ],
    [
      118.35174306470182,
      30.705715384662895
    ],
    [
      119.2923118685923,
      30.328408143583115
    ],
    [
      120.25785093360335,
      30.00592056495833
    ],
    [
      121.24553704277935,
      29.737424959728255
    ],
    [
      122.25254697916483,
      29.522093638832654
    ],
    [
      123.27605752580418,
      29.359098913211263
    ],
    [
      124.31324546574189,
      29.24761309380381
    ],
    [
      125.36128758202237,
      29.18680849155005
    ],
    [
      126.4173606576901,
      29.175857417389714
    ],
    [
      127.47864147578952,
      29.213932182262557
    ],
    [
      128.54230681936502,
      29.300205097108304
    ],
    [
      129.60553347146111,
      29.433848472866707
    ],
    [
      130.66549821512226,
      29.614034620477504
    ],
    [
      131.71937783339283,
      29.839935850880426
    ],
    [
      132.76434910931732,
      30.11072447501524
    ],
    [
      133.7975888259402,
      30.42557280382166
    ],
    [
      134.81627376630587,
      30.783653148239438
    ],
    [
      135.81758071345882,
      31.184137819208328
    ],
    [
      136.79868645044348,
      31.626199127668052
    ],
    [
      137.7567677603043,
      32.109009384558355
    ],
    [
      138.6890014260857,
      32.63174090081898
    ],
    [
      139.59256423083215,
      33.19356598738968
    ],
    [
      140.4646329575881,
      33.793656955210174
    ],
    [
      141.30238438939801,
      34.431186115220214
    ],
    [
      142.1029953093063,
      35.10532577835956
    ],
    [
      142.8636425003574,
      35.81524825556791
    ],
    [
      143.58150274559586,
      36.56012585778505
    ],
    [
      144.25375282806598,
      37.339130895950696
    ],
    [
      144.8775695308123,
      38.15143568100459
    ],
    [
      145.45012963687924,
      38.99621252388647
    ],
    [
      145.9686099293113,
      39.8726337355361
    ],
    [
      146.43018719115287,
      40.77987162689322
    ],
    [
      146.83203820544838,
      41.717098508897536
    ],
    [
      147.1713397552423,
      42.6834866924888
    ],
    [
      147.44526862357912,
      43.67820848860678
    ],
    [
      147.65100159350328,
      44.7004362081912
    ],
    [
      147.78571544805914,
      45.74934216218181
    ],
    [
      147.84658697029124,
      46.82409866151833
    ],
    [
      147.830792943244,
      47.923878017140524
    ],
    [
      147.7355101499619,
      49.04785253998812
    ],
    [
      147.55791537348927,
      50.19519454100085
    ],
    [
      147.29518539687064,
      51.36507633111849
    ],
    [
      146.94449700315053,
      52.55667022128076
    ],
    [
      146.50302697537325,
      53.76914852242737
    ]
  ],