{
  "test_id": 57,
  "test_outcome": "NOT_EXECUTED",
  "predicted_test_outcome": null,
  "test_duration": null,
  "road_points": [
    [
      99.99999999999999,
      100.0
    ],
    [
      99.99307885940482,
      98.99904088765827
    ],
    [
      99.98737978803314,
      97.99815384641548
    ],
    [
      99.98282636184639,
      96.99733436919101
    ],
    [
      99.97934215680614,
      95.99657794890443
    ],
    [
      99.97685074887383,
      94.99588007847507
    ],
    [
      99.97527571401093,
      93.99523625082234
    ],
    [
      99.97454062817903,
      92.99464195886578
    ],
    [
      99.97456906733959,
      91.99409269552481
    ],
    [
      99.97528460745411,
      90.99358395371884
    ],
    [
      99.97661082448403,
      89.9931112263673
    ],
    [
      99.97847129439087,
      88.99267000638963
    ],
    [
      99.98078959313624,
      87.99225578670534
    ],
    [
      99.98348929668148,
      86.9918640602338
    ],
    [
      99.98649398098816,
      85.99149031989445
    ],
    [
      99.98972722201785,
      84.99113005860679
    ],
    [
      99.99311259573193,
      83.99077876929023
    ],
    [
      99.99657367809193,
      82.99043194486418
    ],
    [
      100.00003404505941,
      81.99008507824816
    ],
    [
      100.00341727259578,
      80.98973366236149
    ],
    [
      100.00664693666259,
      79.98937319012371
    ],
    [
      100.00964661322134,
      78.98899915445425
    ],
    [
      100.01233987823352,
      77.98860704827251
    ],
    [
      100.01465030766063,
      76.98819236449795
    ],
    [
      100.01650147746413,
      75.98775059604999
    ],
    [
      100.01781696360555,
      74.98727723584811
    ],
    [
      100.01852034204643,
      73.98676777681175
    ],
    [
      100.0185351887482,
      72.98621771186032
    ],
    [
      100.01778507967241,
      71.98562253391329
    ],
    [
      100.0161935907805,
      70.98497773589007
    ],
    [
      100.01368429803404,
      69.98427881071014
    ],
    [
      100.01018077739445,
      68.98352125129288
    ],
    [
      100.0056066048233,
      67.9827005505578
    ],
    [
      99.999885356679,
      66.9818122014477
    ],
    [
      99.99301044384245,
      65.98085581537165
    ],
    [
      99.98523980092274,
      64.97984660393169
    ],
    [
      99.97689398430357,
      63.97880347182688
    ],
    [
      99.96829355036868,
      62.977745323756196
    ],
    [
      99.95975905550173,
      61.97669106441862
    ],
    [
      99.9516110560865,
      60.975659598513225
    ],
    [
      99.94417010850667,
      59.97466983073899
    ],
    [
      99.93775676914599,
      58.973740665794935
    ],
    [
      99.93269159438815,
      57.97289100838009
    ],
    [
      99.92929514061684,
      56.972139763193404
    ],
    [
      99.92788796421583,
      55.971505834933964
    ],
    [
      99.92879062156878,
      54.97100812830074
    ],
    [
      99.93232366905946,
      53.97066554799275
    ],
    [
      99.93880766307156,
      52.97049699870902
    ],
    [
      99.94856315998878,
      51.97052138514855
    ],
    [
      99.96191071619484,
      50.970757612010345
    ],
    [
      99.9791708880735,
      49.97122458399344
    ],
    [
      100.00066422563525,
      48.971941205420976
    ],
    [
      100.02639859979044,
      47.9729079404771
    ],
    [
      100.05523213115033,
      46.97405744722994
    ],
    [
      100.08575873681914,
      45.97530680243952
    ],
    [
      100.1165723339009,
      44.97657308286588
    ],
    [
      100.14626683949973,
      43.97777336526902
    ],
    [
      100.17343617071987,
      42.978824726408995
    ],
    [
      100.1966742446654,
      41.979644243045826
    ],
    [
      100.21457497844041,
      40.980148991939515
    ],
    [
      100.22573228914904,
      39.98025604985009
    ],
    [
      100.22874009389544,
      38.979882493537595
    ],
    [
      100.22219230978372,
      37.97894539976203
    ],
    [
      100.20468285391803,
      36.977361845283454
    ],
    [
      100.1748056434025,
      35.97504890686187
    ],
    [
      100.13115459534121,
      34.97192366125729
    ],
    [
      100.07232362683831,
      33.96790318522976
    ],
    [
      99.99690662959283,
      32.962904578512635
    ],
    [
      99.9029335677262,
      31.95735488937284
    ],
    [
      99.78641469559973,
      30.953507549590405
    ],
    [
      99.64290828240387,
      29.954024712178754
    ],
    [
      99.46797259732912,
      28.961568530151318
    ],
    [
      99.25716590956601,
      27.978801156521516
    ],
    [
      99.00604648830499,
      27.008384744302756
    ],
    [
      98.71017260273652,
      26.052981446508458
    ],
    [
      98.36510252205113,
      25.115253416152065
    ],
    [
      97.96646478927818,
      24.19785608737658
    ],
    [
      97.51289554747608,
      23.303157338171886
    ],
    [
      97.00710535037632,
      22.433135492781233
    ],
    [
      96.45209457100447,
      21.58974116587201
    ],
    [
      95.85086358238597,
      20.774924972111574
    ],
    [
      95.20641275754636,
      19.99063752616729
    ],
    [
      94.52174246951111,
      19.238829442706518
    ],
    [
      93.79985309130574,
      18.521451336396638
    ],
    [
      93.04374499595572,
      17.840453821905008
    ],
    [
      92.25641855648657,
      17.197787513898984
    ],
    [
      91.44087412985412,
      16.59540302525313
    ],
    [
      90.59975874468046,
      16.035211549384574
    ],
    [
      89.73445444113239,
      15.518983149906422
    ],
    [
      88.84606027452725,
      15.048456318921218
    ],
    [
      87.93567530018223,
      14.625369548531499
    ],
    [
      87.00439857341466,
      14.251461330839808
    ],
    [
      86.05332914954175,
      13.928470157948686
    ],
    [
      85.08356633772986,
      13.6581341854453
    ],
    [
      84.09659815241703,
      13.441676281171455
    ],
    [
      83.09508493834275,
      13.278765211489691
    ],
    [
      82.08190717518364,
      13.168777920542343
    ],
    [
      81.05994534261634,
      13.111091352471746
    ],
    [
      80.03207992031749,
      13.105082451420222
    ],
    [
      79.00119138796364,
      13.150128161530109
    ],
    [
      77.97016022523144,
      13.245605426943737
    ],
    [
      76.94186691179749,
      13.390891191803433
    ],
    [
      75.9191919273384,
      13.585362400251526
    ],
    [
      74.90501575153083,
      13.828395996430352
    ],
    [
      73.90221886405133,
      14.119368924482234
    ],
    [
      72.91368174457659,
      14.457658128549516
    ],
    [
      71.94228487278313,
      14.842640552774512
    ],
    [
      70.99090872834765,
      15.273693141299564
    ],
    [
      70.0624337909467,
      15.750192838267004
    ],
    [
      69.15974054025695,
      16.271516587819157
    ],
    [
      68.28570945595496,
      16.837041334098345
    ],
    [
      67.4432210177174,
      17.446144021246916
    ],
    [
      66.63516572900483,
      18.09811389293905
    ],
    [
      65.86456503565418,
      18.791094546881094
    ],
    [
      65.13453225314782,
      19.522425791419487
    ],
    [
      64.4481825972436,
      20.289430808938356
    ],
    [
      63.8086312836994,
      21.089432781821845
    ],
    [
      63.21899352827313,
      21.91975489245412
    ],
    [
      62.68238454672269,
      22.777720323219278
    ],
    [
      62.20191955480594,
      23.66065225650149
    ],
    [
      61.78071376828078,
      24.565873874684883
    ],
    [
      61.42188240290509,
      25.490708360153604
    ],
    [
      61.128499903911724,
      26.432483626703526
    ],
    [
      60.90015920822876,
      27.38893161651161
    ],
    [
      60.73035853739489,
      28.35849156232443
    ],
    [
      60.61198075968206,
      29.339674108518903
