{
  "test_id": 50,
  "test_outcome": "NOT_EXECUTED",
  "predicted_test_outcome": null,
  "test_duration": null,
  "road_points": [
    [
      100.00000000000001,
      100.00000000000001
    ],
    [
      99.99241858297974,
      98.99383778164345
    ],
    [
      99.98607334014231,
      97.98780811802573
    ],
    [
      99.98089520725179,
      96.98190360340111
    ],
    [
      99.97681512007213,
      95.97611683202375
    ],
    [
      99.97376401436735,
      94.97044039814786
    ],
    [
      99.97167282590138,
      93.96486689602762
    ],
    [
      99.97047249043824,
      92.95938891991717
    ],
    [
      99.97009394374193,
      91.95399906407083
    ],
    [
      99.97046812157642,
      90.94868992274272
    ],
    [
      99.97152595970566,
      89.943454090187
    ],
    [
      99.9731983938937,
      88.93828416065793
    ],
    [
      99.97541635990453,
      87.9331727284097
    ],
    [
      99.97811079350208,
      86.92811238769646
    ],
    [
      99.98121263045036,
      85.92309573277242
    ],
    [
      99.98465280651337,
      84.91811535789176
    ],
    [
      99.98836225745508,
      83.91316385730872
    ],
    [
      99.99227191903948,
      82.90823382527746
    ],
    [
      99.99631272703058,
      81.90331785605218
    ],
    [
      100.00041561719235,
      80.89840854388707
    ],
    [
      100.00451152528879,
      79.89349848303635
    ],
    [
      100.00853138708383,
      78.88858026775418
    ],
    [
      100.01240613834153,
      77.88364649229476
    ],
    [
      100.01606671482584,
      76.87868975091229
    ],
    [
      100.01944405230077,
      75.87370263786099
    ],
    [
      100.02246908653026,
      74.86867774739497
    ],
    [
      100.02507275327834,
      73.86360767376854
    ],
    [
      100.02718598830899,
      72.85848501123581
    ],
    [
      100.02873972738618,
      71.853302354051
    ],
    [
      100.0296649062739,
      70.84805229646831
    ],
    [
      100.02989246073619,
      69.84272743274194
    ],
    [
      100.02935332653693,
      68.83732035712605
    ],
    [
      100.0279784394402,
      67.83182366387486
    ],
    [
      100.02569873520993,
      66.82622994724257
    ],
    [
      100.02244514961015,
      65.82053180148336
    ],
    [
      100.01814861840484,
      64.81472182085142
    ],
    [
      100.01274007735796,
      63.80879259960096
    ],
    [
      100.00615046223353,
      62.80273673198617
    ],
    [
      99.99831141123008,
      61.796546887583176
    ],
    [
      99.98929940627481,
      60.79023126753548
    ],
    [
      99.9795121173975,
      59.78383251393004
    ],
    [
      99.96939036866698,
      58.7773978962537
    ],
    [
      99.9593749841523,
      57.77097468399342
    ],
    [
      99.94990678792229,
      56.764610146636066
    ],
    [
      99.94142660404594,
      55.75835155366856
    ],
    [
      99.93437525659215,
      54.7522461745778
    ],
    [
      99.92919356962983,
      53.74634127885067
    ],
    [
      99.92632236722798,
      52.74068413597412
    ],
    [
      99.92620247345546,
      51.73532201543501
    ],
    [
      99.92927471238121,
      50.730302186720245
    ],
    [
      99.9359799080742,
      49.72567191931676
    ],
    [
      99.94675888460328,
      48.72147848271142
    ],
    [
      99.96205246603745,
      47.71776914639115
    ],
    [
      99.98230147644557,
      46.71459117984283
    ],
    [
      100.0079387662032,
      45.71199099753566
    ],
    [
      100.03871193068898,
      44.70994153416674
    ],
    [
      100.07316651116419,
      43.7082868283829
    ],
    [
      100.10972636736729,
      42.70685787094282
    ],
    [
      100.14681535903671,
      41.70548565260516
    ],
    [
      100.18285734591085,
      40.70400116412857
    ],
    [
      100.21627618772811,
      39.70223539627173
    ],
    [
      100.24549574422701,
      38.70001933979331
    ],
    [
      100.26893987514588,
      37.69718398545196
    ],
    [
      100.2850324402232,
      36.69356032400636
    ],
    [
      100.29219729919733,
      35.68897934621515
    ],
    [
      100.28885831180676,
      34.68327204283703
    ],
    [
      100.27343933778991,
      33.67626940463066
    ],
    [
      100.24436423688513,
      32.66780242235466
    ],
    [
      100.20005686883096,
      31.65770208676776
    ],
    [
      100.13894109336573,
      30.645799388628586
    ],
    [
      100.05944077022788,
      29.631925318695803
    ],
    [
      99.959965636636,
      28.615939088951677
    ],
    [
      99.83829683782814,
      27.598956035286072
    ],
    [
      99.69134968108621,
      26.58382170935755
    ],
    [
      99.51597637154067,
      25.573507760712435
    ],
    [
      99.30902911432212,
      24.570985838897045
    ],
    [
      99.06736011456107,
      23.579227593457702
    ],
    [
      98.787821577388,
      22.601204673940742
    ],
    [
      98.46726570793344,
      21.639888729892448
    ],
    [
      98.10254471132791,
      20.69825141085918
    ],
    [
      97.69051079270194,
      19.779264366387213
    ],
    [
      97.22801615718603,
      18.885899246022888
    ],
    [
      96.71191300991073,
      18.02112769931254
    ],
    [
      96.13913163712903,
      17.187900817603683
    ],
    [
      95.5094082229974,
      16.38843091947791
    ],
    [
      94.82599643334092,
      15.624004195855917
    ],
    [
      94.09237261483817,
      14.895848207389095
    ],
    [
      93.31201311416774,
      14.205190514728798
    ],
    [
      92.48839427800806,
      13.553258678526358
    ],
    [
      91.62499245303778,
      12.941280259433142
    ],
    [
      90.72528398593535,
      12.370482818100509
    ],
    [
      89.79274522337933,
      11.842093915179797
    ],
    [
      88.8308525120483,
      11.357341111322368
    ],
    [
      87.84308219862076,
      10.91745196717958
    ],
    [
      86.83291062977521,
      10.523654043402779
    ],
    [
      85.80381415219028,
      10.177174900643319
    ],
    [
      84.75926911254439,
      9.87924209955255
    ],
    [
      83.70275185751615,
      9.63108320078183
    ],
    [
      82.6377387337841,
      9.433925764982517
    ],
    [
      81.56770608802672,
      9.288997352805954
    ],
    [
      80.49613026692263,
      9.197525524903504
    ],
    [
      79.42648761715031,
      9.160737841926515
    ],
    [
      78.36225448538832,
      9.17986186452634
    ],
    [
      77.30690721831516,
      9.25612515335433
    ],
    [
      76.26392216260939,
      9.390755269061845
    ],
    [
      75.23677566494953,
      9.584979772300233
    ],
    [
      74.22887176090443,
      9.839901415861114
    ],
    [
      73.24249997469367,
      10.154699323143957
    ],
    [
      72.27907493342505,
      10.527042558632084
    ],
    [
      71.3399877579293,
      10.954559615337612
    ],
    [
      70.42662956903726,
      11.434878986272693
    ],
    [
      69.54039148757981,
      11.965629164449448
    ],
    [
      68.6826646343877,
      12.544438642880024
    ],
    [
      67.85484013029176,
      13.168935914576547
    ],
    [
      67.05830909612283,
      13.836749472551135
    ],
    [
      66.29446265271172,
      14.545507809815954
    ],
    [
      65.5646919208892,
      15.2928394193831
    ],
    [
      64.87038802148618,
      16.07637279426475
    ],
    [
      64.21294207533339,
      16.893736427473012
    ],
    [
      63.5937452032617,
      17.742558812020008
    ],
    [
      63.014188526101904,
      18.6204684409179
    ],
    [
      62.47566316468482,
      19.525093807178806
    ],
    [
      61.97956023984128,
      20.45406340381485
    ],
    [
      61.527270872402106,
      21.405005723838197
    ],
    [
      61.12018618319809,
      22.375549260260957
    ],
    [
      60.75969729306007,
      23.36332250609525
    ],
    [
