{
  "test_id": 52,
  "test_outcome": "NOT_EXECUTED",
  "predicted_test_outcome": null,
  "test_duration": null,
  "road_points": [
    [
      100.00000000000001,
      100.0
    ],
    [
      99.99260137456137,
      98.99551947714792
    ],
    [
      99.98654086106625,
      97.99115538597093
    ],
    [
      99.98173620064388,
      96.98690056896774
    ],
    [
      99.97810513442336,
      95.98274786863692
    ],
    [
      99.97556540353378,
      94.97869012747694
    ],
    [
      99.97403474910435,
      93.97472018798648
    ],
    [
      99.97343091226418,
      92.97083089266411
    ],
    [
      99.97367163414242,
      91.96701508400842
    ],
    [
      99.97467465586814,
      90.96326560451796
    ],
    [
      99.97635771857053,
      89.95957529669131
    ],
    [
      99.97863856337875,
      88.9559370030271
    ],
    [
      99.98143493142187,
      87.9523435660239
    ],
    [
      99.98466456382907,
      86.94878782818024
    ],
    [
      99.98824520172953,
      85.94526263199481
    ],
    [
      99.99209458625229,
      84.94176081996608
    ],
    [
      99.99613045852658,
      83.93827523459271
    ],
    [
      100.00027055968141,
      82.93479871837319
    ],
    [
      100.00443263084605,
      81.93132411380623
    ],
    [
      100.00853441314955,
      80.92784426339031
    ],
    [
      100.01249364772109,
      79.92435200962409
    ],
    [
      100.01622807568982,
      78.9208401950061
    ],
    [
      100.01965543818481,
      77.91730166203494
    ],
    [
      100.02269347633526,
      76.9137292532092
    ],
    [
      100.0252599312703,
      75.91011581102747
    ],
    [
      100.027272544119,
      74.9064541779883
    ],
    [
      100.02864905601056,
      73.9027371965903
    ],
    [
      100.02930720807413,
      72.89895770933205
    ],
    [
      100.02916474143879,
      71.89510855871212
    ],
    [
      100.02813939723372,
      70.89118258722912
    ],
    [
      100.02614891658804,
      69.88717263738162
    ],
    [
      100.02311104063087,
      68.88307155166818
    ],
    [
      100.01894351049138,
      67.87887217258744
    ],
    [
      100.01356406729867,
      66.87456734263792
    ],
    [
      100.00689045218192,
      65.87014990431824
    ],
    [
      99.99884058791655,
      64.86561271593236
    ],
    [
      99.98944225621544,
      63.86095819482017
    ],
    [
      99.97901915124622,
      62.85621450622926
    ],
    [
      99.96794428622658,
      61.851414106751896
    ],
    [
      99.95659067437428,
      60.84658945298041
    ],
    [
      99.945331328907,
      59.84177300150706
    ],
    [
      99.93453926304257,
      58.83699720892417
    ],
    [
      99.92458748999866,
      57.83229453182401
    ],
    [
      99.91584902299303,
      56.82769742679891
    ],
    [
      99.90869687524345,
      55.82323835044116
    ],
    [
      99.90350405996762,
      54.81894975934303
    ],
    [
      99.90064359038325,
      53.81486411009683
    ],
    [
      99.90048847970814,
      52.81101385929486
    ],
    [
      99.90341174116004,
      51.80743146352944
    ],
    [
      99.90978638795661,
      50.804149379392825
    ],
    [
      99.91998543331565,
      49.80120006347732
    ],
    [
      99.93438189045489,
      48.798615972375245
    ],
    [
      99.95334877259207,
      47.79642956267888
    ],
    [
      99.9772590929449,
      46.79467329098052
    ],
    [
      100.00648270281624,
      45.79337933874821
    ],
    [
      100.04077066060393,
      44.792526045097844
    ],
    [
      100.07851790417116,
      43.791973750508205
    ],
    [
      100.11793961557906,
      42.791567154562564
    ],
    [
      100.15725097688889,
      41.7911509568442
    ],
    [
      100.1946671701618,
      40.79056985693635
    ],
    [
      100.22840337745903,
      39.789668554422306
    ],
    [
      100.25667478084175,
      38.78829174888531
    ],
    [
      100.27769656237116,
      37.78628413990864
    ],
    [
      100.28968390410844,
      36.783490427075535
    ],
    [
      100.29085198811482,
      35.77975530996928
    ],
    [
      100.27941599645155,
      34.774923488173144
    ],
    [
      100.25359111117969,
      33.76883966127036
    ],
    [
      100.21159251436052,
      32.76134852884421
    ],
    [
      100.15163538805527,
      31.75229479047796
    ],
    [
      100.07193491432507,
      30.741523145754872
    ],
    [
      99.97070415087825,
      29.728887810249127
    ],
    [
      99.8459387501791,
      28.71521686142519
    ],
    [
      99.69523193200666,
      27.703141064890794
    ],
    [
      99.51613332779371,
      26.695486439267547
    ],
    [
      99.30619256897317,
      25.695079003177074
    ],
    [
      99.0629592869779,
      24.704744775241007
    ],
    [
      98.78398311324085,
      23.727309774081007
    ],
    [
      98.46681367919476,
      22.76560001831866
    ],
    [
      98.10900061627264,
      21.82244152657563
    ],
    [
      97.70809355590731,
      20.900660317473527
    ],
    [
      97.2616421295316,
      20.003082409633976
    ],
    [
      96.76719596857845,
      19.13253382167862
    ],
    [
      96.22232643657588,
      18.29183496495445
    ],
    [
      95.62650522981167,
      17.48331593049811
    ],
    [
      94.98255599799303,
      16.7084419445837
    ],
    [
      94.29364409383128,
      15.968590067914178
    ],
    [
      93.56293487003782,
      15.265137361192524
    ],
    [
      92.79359367932408,
      14.599460885121708
    ],
    [
      91.98878587440136,
      13.972937700404692
    ],
    [
      91.15167680798112,
      13.386944867744452
    ],
    [
      90.28543183277476,
      12.84285944784397
    ],
    [
      89.39321630149361,
      12.342058501406207
    ],
    [
      88.47819556684908,
      11.885919089134134
    ],
    [
      87.54337983440273,
      11.475781464551327
    ],
    [
      86.59110450578802,
      11.112825790394856
    ],
    [
      85.623521564329,
      10.798188715159801
    ],
    [
      84.64278298967949,
      10.533006886470544
    ],
    [
      83.65104076149348,
      10.31841695195147
    ],
    [
      82.65044685942478,
      10.155555559226956
    ],
    [
      81.64315326312726,
      10.045559355921384
    ],
    [
      80.63131195225492,
      9.989564989659137
    ],
    [
      79.61707490646153,
      9.988709108064594
    ],
    [
      78.60259410540105,
      10.044128358762137
    ],
    [
      77.59003906550022,
      10.156824110508625
    ],
    [
      76.58178902156413,
      10.326179962077612
    ],
    [
      75.58036134287636,
      10.550513941287601
    ],
    [
      74.58827583162098,
      10.828125308534135
    ],
    [
      73.608052289982,
      11.157313324212765
    ],
    [
      72.64221052014354,
      11.536377248719027
    ],
    [
      71.69327032428968,
      11.963616342448475
    ],
    [
      70.76375150460449,
      12.437329865796645
    ],
    [
      69.85617386327203,
      12.955817079159099
    ],
    [
      68.9730572024764,
      13.51737724293135
    ],
    [
      68.11692132440167,
      14.120309617508969
    ],
    [
      67.2902860312319,
      14.762913463287486
    ],
    [
      66.49567112515118,
      15.443488040662452
    ],
    [
      65.73559640834361,
      16.160332610029418
    ],
    [
      65.01258168299323,
      16.91174643178391
    ],
    [
      64.3291467512841,
      17.696028766321497
    ],
    [
      63.68781141540035,
      18.511478874037703
    ],
    [
      63.091095477526025,
      19.356396015328077
    ],
    [
      62.54152056216276,
      20.229074332730658
    ],
    [
      62.04180926265744,
      21.127243561168058
    ],
    [
      61.59506439626198,
      22.04756560205182
    ],
    [
      61.204431089857515,
      22.98658353301818
    ],
    [
      60.87305447032512,
      23.940840431703382
    ],
    [
