{
  "test_id": 66,
  "test_outcome": "NOT_EXECUTED",
  "predicted_test_outcome": null,
  "test_duration": null,
  "road_points": [
    [
      99.99999999999999,
      100.0
    ],
    [
      99.99266458084175,
      98.9961510386792
    ],
    [
      99.986642859026,
      97.99248740800228
    ],
    [
      99.98185577755015,
      96.988997954955
    ],
    [
      99.97822427941152,
      95.98567152652299
    ],
    [
      99.9756693076076,
      94.98249696969211
    ],
    [
      99.97411180513568,
      93.979463131448
    ],
    [
      99.97347271499324,
      92.97655885877647
    ],
    [
      99.97367298017764,
      91.97377299866325
    ],
    [
      99.9746335436863,
      90.97109439809405
    ],
    [
      99.97627534851658,
      89.96851190405465
    ],
    [
      99.97851933766587,
      88.96601436353075
    ],
    [
      99.9812864541316,
      87.96359062350811
    ],
    [
      99.98449764091114,
      86.96122953097245
    ],
    [
      99.98807384100193,
      85.95891993290957
    ],
    [
      99.99193599740126,
      84.95665067630513
    ],
    [
      99.99600505310666,
      83.95441060814493
    ],
    [
      100.00020195111537,
      82.95218857541462
    ],
    [
      100.00444763442493,
      81.94997342510004
    ],
    [
      100.0086630460327,
      80.94775400418693
    ],
    [
      100.012769128936,
      79.94551915966093
    ],
    [
      100.01668682613227,
      78.94325773850788
    ],
    [
      100.02033708061894,
      77.94095858771348
    ],
    [
      100.02364083539335,
      76.93861055426345
    ],
    [
      100.02651903345294,
      75.93620248514358
    ],
    [
      100.02889261779507,
      74.93372322733957
    ],
    [
      100.03068253141711,
      73.93116162783716
    ],
    [
      100.03180971731653,
      72.92850653362211
    ],
    [
      100.0321951184907,
      71.92574679168014
    ],
    [
      100.03175967793693,
      70.92287124899697
    ],
    [
      100.03042433865278,
      69.91986875255841
    ],
    [
      100.02811004363548,
      68.91672814935013
    ],
    [
      100.02473773588251,
      67.91343828635793
    ],
    [
      100.02022835839124,
      66.90998801056749
    ],
    [
      100.01450285415909,
      65.90636616896458
    ],
    [
      100.00748216618344,
      64.90256160853494
    ],
    [
      99.99908732123582,
      63.89856318808278
    ],
    [
      99.98934746101318,
      62.89437501879058
    ],
    [
      99.97861201514324,
      61.89004639665351
    ],
    [
      99.96728944480623,
      60.88563494557863
    ],
    [
      99.95578821118217,
      59.881198289472884
    ],
    [
      99.94451677545126,
      58.87679405224335
    ],
    [
      99.93388359879363,
      57.872479857797
    ],
    [
      99.92429714238938,
      56.86831333004087
    ],
    [
      99.91616586741863,
      55.86435209288197
    ],
    [
      99.90989823506153,
      54.8606537702273
    ],
    [
      99.9059027064982,
      53.85727598598389
    ],
    [
      99.90458774290879,
      52.854276364058734
    ],
    [
      99.9063618054734,
      51.851712528358846
    ],
    [
      99.91163335537216,
      50.84964210279126
    ],
    [
      99.92081085378523,
      49.848122711262974
    ],
    [
      99.93430276189271,
      48.847211977681
    ],
    [
      99.95251754087472,
      47.84696752595234
    ],
    [
      99.97586365191142,
      46.84744697998403
    ],
    [
      100.00474834106852,
      45.84870779226007
    ],
    [
      100.03905049671415,
      44.85073287688406
    ],
    [
      100.0772966786046,
      43.85331436738611
    ],
    [
      100.11780015498185,
      42.85621430706751
    ],
    [
      100.15887419408786,
      41.859194739229544
    ],
    [
      100.19883206416465,
      40.86201770717348
    ],
    [
      100.23598703345415,
      39.864445254200575
    ],
    [
      100.26865237019845,
      38.866239423612164
    ],
    [
      100.29514134263945,
      37.867162258709484
    ],
    [
      100.31376721901916,
      36.866975802793824
    ],
    [
      100.32284326757961,
      35.86544209916647
    ],
    [
      100.32068275656273,
      34.86232319112869
    ],
    [
      100.3055989542105,
      33.85738112198177
    ],
    [
      100.27590512876499,
      32.85037793502698
    ],
    [
      100.22991454846809,
      31.841075673565612
    ],
    [
      100.16594048156182,
      30.829236380898926
    ],
    [
      100.08229619628823,
      29.814622100328236
    ],
    [
      99.97729393739964,
      28.796999357113066
    ],
    [
      99.8490268586078,
      27.777094097026403
    ],
    [
      99.6950982516726,
      26.757777417938676
    ],
    [
      99.51304496519964,
      25.742211378614346
    ],
    [
      99.30040384779466,
      24.73355803781794
    ],
    [
      99.05471174806327,
      23.73497945431394
    ],
    [
      98.77350551461119,
      22.749637686866848
    ],
    [
      98.45432199604404,
      21.78069479424116
    ],
    [
      98.09469804096753,
      20.831312835201373
    ],
    [
      97.69217049798735,
      19.904653868512
    ],
    [
      97.24427621570914,
      19.00387995293752
    ],
    [
      96.74855204273857,
      18.13215314724245
    ],
    [
      96.20253482768132,
      17.292635510191285
    ],
    [
      95.60376141914305,
      16.4884891005485
    ],
    [
      94.94994358274243,
      15.722804351302289
    ],
    [
      94.2419163118256,
      14.997392782618984
    ],
    [
      93.4832071391735,
      14.312963361951333
    ],
    [
      92.67743178196844,
      13.67018894662125
    ],
    [
      91.82820595739277,
      13.069742393950671
    ],
    [
      90.93914538262881,
      12.512296561261547
    ],
    [
      90.01386577485891,
      11.998524305875799
    ],
    [
      89.05598285126545,
      11.529098485115377
    ],
    [
      88.0691123290307,
      11.104691956302208
    ],
    [
      87.05686992533711,
      10.72597757675824
    ],
    [
      86.02287135736691,
      10.393628203805395
    ],
    [
      84.97073234230247,
      10.108316694765616
    ],
    [
      83.90406859732619,
      9.870715906960847
    ],
    [
      82.82649583962034,
      9.681498697713016
    ],
    [
      81.74162978636728,
      9.541337924344058
    ],
    [
      80.65308615474943,
      9.450906444175919
    ],
    [
      79.56448066194903,
      9.410877114530528
    ],
    [
      78.47942902514846,
      9.421922792729825
    ],
    [
      77.40154696153004,
      9.484716336095744
    ],
    [
      76.33445018827615,
      9.599930601950224
    ],
    [
      75.28175442256914,
      9.7682384476152
    ],
    [
      74.24707538159129,
      9.990312730412613
    ],
    [
      73.23402878252499,
      10.266826307664394
    ],
    [
      72.24623034255255,
      10.598452036692485
    ],
    [
      71.28729261207475,
      10.985851921261595
    ],
    [
      70.36052439338857,
      11.428646924786015
    ],
    [
      69.46868308665009,
      11.924568181999494
    ],
    [
      68.6144678039212,
      12.471147055992354
    ],
    [
      67.80057765726387,
      13.065914909854927
    ],
    [
      67.02971175874008,
      13.706403106677529
    ],
    [
      66.30456922041175,
      14.390143009550501
    ],
    [
      65.62781839369244,
      15.114666556442549
    ],
    [
      65.00046588632429,
      15.877536741252301
    ],
    [
      64.42104312104577,
      16.676362816018756
    ],
    [
      63.88787993122725,
      17.508757800236324
    ],
    [
      63.39930615023919,
      18.372334713399475
    ],
    [
      62.95365161145199,
      19.26470657500262
    ],
    [
      62.5492461482361,
      20.183486404540236
    ],
    [
      62.184419593961955,
      21.126287221506733
    ],
    [
      61.85750178199995,
      22.09072204539657
    ],
    [
      61.566822545720534,
      23.0744038957042
    ],
    [
