{
  "test_id": 62,
  "test_outcome": "NOT_EXECUTED",
  "predicted_test_outcome": null,
  "test_duration": null,
  "road_points": [
    [
      99.99999999999997,
      99.99999999999999
    ],
    [
      99.98912080289585,
      98.99683396017316
    ],
    [
      99.97999684337906,
      97.99383810679049
    ],
    [
      99.97252663159315,
      96.99100259947603
    ],
    [
      99.9666086776815,
      95.98831759785371
    ],
    [
      99.96214149178766,
      94.9857732615476
    ],
    [
      99.95902358405505,
      93.98335975018172
    ],
    [
      99.95715346462713,
      92.98106722338002
    ],
    [
      99.95642964364741,
      91.97888584076661
    ],
    [
      99.95675063125941,
      90.97680576196547
    ],
    [
      99.95801493760652,
      89.9748171466006
    ],
    [
      99.96012107283224,
      88.97291015429603
    ],
    [
      99.96296754708004,
      87.97107494467576
    ],
    [
      99.9664528704934,
      86.96930167736383
    ],
    [
      99.97047555321585,
      85.9675805119843
    ],
    [
      99.97493410539072,
      84.96590160816106
    ],
    [
      99.97972703716164,
      83.96425512551828
    ],
    [
      99.98475285867197,
      82.96263122367985
    ],
    [
      99.98991008006524,
      81.96102006226982
    ],
    [
      99.99509721148493,
      80.95941180091228
    ],
    [
      100.00021276307447,
      79.95779659923114
    ],
    [
      100.0051552449774,
      78.95616461685051
    ],
    [
      100.00982316733709,
      77.95450601339435
    ],
    [
      100.01411504029709,
      76.95281094848666
    ],
    [
      100.0179293740009,
      75.95106958175153
    ],
    [
      100.02116467859192,
      74.94927207281292
    ],
    [
      100.02371946421366,
      73.94740858129487
    ],
    [
      100.02549224100954,
      72.94546926682135
    ],
    [
      100.02638151912313,
      71.94344428901644
    ],
    [
      100.02628580869785,
      70.94132380750415
    ],
    [
      100.02510361987719,
      69.93909798190846
    ],
    [
      100.02273346280458,
      68.93675697185341
    ],
    [
      100.01907384762357,
      67.93429093696302
    ],
    [
      100.01402328447755,
      66.9316900368613
    ],
    [
      100.00748028351003,
      65.92894443117225
    ],
    [
      99.99934339147127,
      64.92604428306927
    ],
    [
      99.98962404270921,
      63.92299070121767
    ],
    [
      99.97869604084997,
      62.919819929320525
    ],
    [
      99.96700575331812,
      61.916575246809224
    ],
    [
      99.95499954753816,
      60.9132999331152
    ],
    [
      99.94312379093462,
      59.91003726766984
    ],
    [
      99.9318248509321,
      58.90683052990455
    ],
    [
      99.9215490949551,
      57.90372299925075
    ],
    [
      99.91274289042816,
      56.90075795513986
    ],
    [
      99.9058526047758,
      55.89797867700325
    ],
    [
      99.90132460542257,
      54.89542844427235
    ],
    [
      99.89960525979303,
      53.89315053637857
    ],
    [
      99.90114093531174,
      52.89118823275333
    ],
    [
      99.90637799940316,
      51.88958481282799
    ],
    [
      99.91576281949189,
      50.888383556034
    ],
    [
      99.92974176300245,
      49.887627741802774
    ],
    [
      99.94876119735937,
      48.887360649565686
    ],
    [
      99.97326748998722,
      47.88762555875416
    ],
    [
      100.00370648615093,
      46.88846569817142
    ],
    [
      100.04001083432946,
      45.88987453746742
    ],
    [
      100.08063931905484,
      44.89170264161294
    ],
    [
      100.12378777375999,
      43.89377508004875
    ],
    [
      100.16765203187767,
      42.89591692221563
    ],
    [
      100.21042792684077,
      41.89795323755439
    ],
    [
      100.25031129208216,
      40.89970909550579
    ],
    [
      100.28549796103465,
      39.90100956551062
    ],
    [
      100.31418376713113,
      38.901679717009664
    ],
    [
      100.33456454380445,
      37.90154461944372
    ],
    [
      100.34483612448746,
      36.90042934225353
    ],
    [
      100.34319434261297,
      35.89815895487992
    ],
    [
      100.3278350316139,
      34.89455852676365
    ],
    [
      100.29695402492307,
      33.889453127345526
    ],
    [
      100.24874715597333,
      32.882667826066296
    ],
    [
      100.18141025819754,
      31.87402769236678
    ],
    [
      100.09313916502852,
      30.86335779568773
    ],
    [
      99.9821296822181,
      29.850484814652987
    ],
    [
      99.84656468633013,
      28.835987039961047
    ],
    [
      99.68459357418429,
      27.822389039219193
    ],
    [
      99.49436039483541,
      26.812526261483033
    ],
    [
      99.2740091973384,
      25.80923415580818
    ],
    [
      99.02168403074805,
      24.815348171250253
    ],
    [
      98.7355289441192,
      23.833703756864832
    ],
    [
      98.4136879865067,
      22.867136361707527
    ],
    [
      98.05430520696538,
      21.918481434833964
    ],
    [
      97.65552465455009,
      20.99057442529972
    ],
    [
      97.21549037831568,
      20.086250782160427
    ],
    [
      96.73234642731693,
      19.20834595447167
    ],
    [
      96.2042368506087,
      18.359695391289062
    ],
    [
      95.62930569724585,
      17.543134541668216
    ],
    [
      95.00580206630606,
      16.761463032346803
    ],
    [
      94.33444316517703,
      16.016638859017053
    ],
    [
      93.61844352480888,
      15.309768423852326
    ],
    [
      92.86112856947868,
      14.64192031412693
    ],
    [
      92.06582372346338,
      14.014163117115148
    ],
    [
      91.23585441104002,
      13.427565420091248
    ],
    [
      90.37454605648567,
      12.883195810329548
    ],
    [
      89.4852240840773,
      12.382122875104315
    ],
    [
      88.57121391809198,
      11.92541520168985
    ],
    [
      87.63584098280673,
      11.514141377360435
    ],
    [
      86.68242987712898,
      11.149369897992333
    ],
    [
      85.71401587701389,
      10.832137221027423
    ],
    [
      84.73292072415842,
      10.563400790057107
    ],
    [
      83.74135810905629,
      10.344106083526722
    ],
    [
      82.74154172220122,
      10.175198579881599
    ],
    [
      81.73568525408689,
      10.057623757567072
    ],
    [
      80.72600239520706,
      9.992327095028482
    ],
    [
      79.71470683605538,
      9.980254070711153
    ],
    [
      78.70401226712559,
      10.022350163060423
    ],
    [
      77.69613237891143,
      10.119560850521633
    ],
    [
      76.69328086190654,
      10.272831611540104
    ],
    [
      75.69768482286717,
      10.482832745201916
    ],
    [
      74.71166048875266,
      10.748406616735103
    ],
    [
      73.73756041620058,
      11.067650437672226
    ],
    [
      72.7777372685919,
      11.438659230144914
    ],
    [
      71.83454370930754,
      11.859528016284763
    ],
    [
      70.91033240172844,
      12.328351818223393
    ],
    [
      70.0074560092356,
      12.843225658092404
    ],
    [
      69.1282671952099,
      13.40224455802341
    ],
    [
      68.27511862303231,
      14.003503540148033
    ],
    [
      67.4503629560838,
      14.645097626597867
    ],
    [
      66.65635285774528,
      15.325121839504543
    ],
    [
      65.89544099139773,
      16.041671200999644
    ],
    [
      65.16998002042207,
      16.792840733214803
    ],
    [
      64.48232260819927,
      17.57672545828163
    ],
    [
      63.83482141811025,
      18.391420398331718
    ],
    [
      63.229829113535956,
      19.235020575496694
    ],
    [
      62.66969835785737,
      20.10562101190816
    ],
    [
      62.15678181445541,
      21.001316729697738
    ],
    [
      61.69343708332276,
      21.92018329349373
    ],
    [
      61.2822108106569,
      22.859551148126016
    ],
    [
      60.92589357589202,
      23.815789283078335
