{
  "test_id": 76,
  "test_outcome": "NOT_EXECUTED",
  "predicted_test_outcome": null,
  "test_duration": null,
  "road_points": [
    [
      100.00000000000004,
      100.00000000000003
    ],
    [
      99.83964220549457,
      98.42674870387482
    ],
    [
      99.62810061013161,
      96.94250884373663
    ],
    [
      99.36699211167613,
      95.5442705193464
    ],
    [
      99.05793360789326,
      94.22902383046522
    ],
    [
      98.70254199654809,
      92.99375887685416
    ],
    [
      98.30243417540566,
      91.83546575827424
    ],
    [
      97.85922704223108,
      90.7511345744865
    ],
    [
      97.37453749478944,
      89.73775542525203
    ],
    [
      96.8499824308458,
      88.79231841033184
    ],
    [
      96.28717874816516,
      87.91181362948694
    ],
    [
      95.68774334451271,
      87.09323118247845
    ],
    [
      95.05329311765354,
      86.3335611690674
    ],
    [
      94.38544496535256,
      85.62979368901476
    ],
    [
      93.68581578537503,
      84.97891884208167
    ],
    [
      92.95602247548595,
      84.37792672802914
    ],
    [
      92.19768193345038,
      83.82380744661818
    ],
    [
      91.41241105703344,
      83.31355109760989
    ],
    [
      90.60182674400016,
      82.8441477807653
    ],
    [
      89.76754589211565,
      82.41258759584544
    ],
    [
      88.91118539914501,
      82.0158606426114
    ],
    [
      88.03436216285326,
      81.65095702082414
    ],
    [
      87.13869308100553,
      81.3148668302448
    ],
    [
      86.22579505136684,
      81.00458017063438
    ],
    [
      85.29728497170234,
      80.71708714175391
    ],
    [
      84.35477973977702,
      80.44937784336449
    ],
    [
      83.39989625335605,
      80.1984423752271
    ],
    [
      82.43425141020442,
      79.96127083710283
    ],
    [
      81.45946210808727,
      79.73485332875272
    ],
    [
      80.47714524476964,
      79.51617994993781
    ],
    [
      79.48891771801664,
      79.30224080041914
    ],
    [
      78.49639642559335,
      79.09002597995777
    ],
    [
      77.50119826526478,
      78.87652558831473
    ],
    [
      76.50494013479607,
      78.65872972525108
    ],
    [
      75.50923893195225,
      78.43362849052784
    ],
    [
      74.51571155449848,
      78.19821198390612
    ],
    [
      73.52597490019977,
      77.94947030514687
    ],
    [
      72.54164586682118,
      77.68439355401121
    ],
    [
      71.56434135212785,
      77.39997183026017
    ],
    [
      70.59567825388481,
      77.09319523365477
    ],
    [
      69.63727346985716,
      76.76105386395608
    ],
    [
      68.69074389780998,
      76.40053782092514
    ],
    [
      67.75770642643816,
      76.00863723458001
    ],
    [
      66.83953481492566,
      75.58315328659907
    ],
    [
      65.9367259814324,
      75.12481219793513
    ],
    [
      65.04957924146547,
      74.63499936891871
    ],
    [
      64.17839391053185,
      74.11510019988033
    ],
    [
      63.32346930413858,
      73.56650009115052
    ],
    [
      62.48510473779265,
      72.99058444305975
    ],
    [
      61.66359952700114,
      72.38873865593861
    ],
    [
      60.85925298727104,
      71.76234813011759
    ],
    [
      60.07236443410938,
      71.1127982659272
    ],
    [
      59.30323318302318,
      70.44147446369796
    ],
    [
      58.552158549519476,
      69.7497621237604
    ],
    [
      57.819439849105294,
      69.03904664644503
    ],
    [
      57.10537639728766,
      68.3107134320824
    ],
    [
      56.41026750957357,
      67.56614788100298
    ],
    [
      55.734412501470075,
      66.80673539353731
    ],
    [
      55.077356136903774,
      66.03427100645209
    ],
    [
      54.43411824796145,
      65.253006284339
    ],
    [
      53.79803957716817,
      64.46810434811256
    ],
    [
      53.16245810002579,
      63.68472982086897
    ],
    [
      52.520711792036145,
      62.908047325704445
    ],
    [
      51.86613862870105,
      62.143221485715145
    ],
    [
      51.19207658552237,
      61.39541692399728
    ],
    [
      50.49338048077495,
      60.668645873428225
    ],
    [
      49.77127823321842,
      59.962078734367886
    ],
    [
      49.02867128144213,
      59.27361448477371
    ],
    [
      48.26846107104596,
      58.60115209727701
    ],
    [
      47.49354904762974,
      57.94259054450905
    ],
    [
      46.70683665679336,
      57.2958287991012
    ],
    [
      45.911225344136646,
      56.65876583368474
    ],
    [
      45.10961655525948,
      56.02930062089097
    ],
    [
      44.30491173576169,
      55.4053321333512
    ],
    [
      43.50001233124319,
      54.784759343696756
    ],
    [
      42.6978197873038,
      54.16548122455896
    ],
    [
      41.90123554954337,
      53.54539674856909
    ],
    [
      41.1131610635618,
      52.92240488835847
    ],
    [
      40.33649777495892,
      52.29440461655842
    ],
    [
      39.57414712933457,
      51.65929490580021
    ],
    [
      38.82901057228866,
      51.014974728715195
    ],
    [
      38.103989549421016,
      50.35934305793468
    ],
    [
      37.4019855063315,
      49.69029886608995
    ],
    [
      36.72589988861999,
      49.00574112581234
    ],
    [
      36.078634141886326,
      48.303568809733136
    ],
    [
      35.46308971173036,
      47.58168089048367
    ],
    [
      34.88216804375198,
      46.837976340695235
    ],
    [
      34.33877058355102,
      46.07035413299916
    ],
    [
      33.835798776727344,
      45.27671324002672
    ],
    [
      33.37615406888083,
      44.45495263440926
    ],
    [
      32.96273790561132,
      43.602971288778086
    ],
    [
      32.59845173251867,
      42.71866817576449
    ],
    [
      32.286196995202744,
      41.79994226799978
    ],
    [
      32.028875139263405,
      40.84469253811529
    ],
    [
      31.82938761030052,
      39.850817958742326
    ],
    [
      31.690635853913918,
      38.81621750251216
    ],
    [
      31.615521315703493,
      37.738790142056146
    ],
    [
      31.606945441269083,
      36.61643485000558
    ],
    [
      31.66780967621056,
      35.447050598991765
    ],
    [
      31.801015466127772,
      34.228536361646015
    ],
    [
      32.00946425662059,
      32.95879111059965
    ],
    [
      32.29605749328886,
      31.63571381848395
    ],
    [
      32.663696621732456,
      30.257203457930263
    ],
    [
      33.11528308755122,
      28.821159001569875
    ],
    [
      33.65371833634502,
      27.325479422034107
    ]
  ],