{
  "test_id": 70,
  "test_outcome": "NOT_EXECUTED",
  "predicted_test_outcome": null,
  "test_duration": null,
  "road_points": [
    [
      99.99999999999997,
      99.99999999999997
    ],
    [
      100.01939308068687,
      98.99500763213716
    ],
    [
      100.03511350374897,
      97.98984688824882
    ],
    [
      100.04739224522925,
      96.98452835762255
    ],
    [
      100.05646028117084,
      95.97906262954614
    ],
    [
      100.06254858761667,
      94.97346029330714
    ],
    [
      100.06588814060991,
      93.9677319381933
    ],
    [
      100.06670991619356,
      92.9618881534923
    ],
    [
      100.0652448904107,
      91.9559395284918
    ],
    [
      100.06172403930431,
      90.94989665247945
    ],
    [
      100.05637833891755,
      89.94377011474293
    ],
    [
      100.04943876529349,
      88.93757050457006
    ],
    [
      100.04113629447502,
      87.93130841124828
    ],
    [
      100.0317019025054,
      86.92499442406546
    ],
    [
      100.02136656542754,
      85.91863913230917
    ],
    [
      100.01036125928456,
      84.91225312526713
    ],
    [
      99.9989169601195,
      83.90584699222701
    ],
    [
      99.98726464397542,
      82.89943132247649
    ],
    [
      99.97563528689535,
      81.89301670530322
    ],
    [
      99.9642598649224,
      80.88661372999495
    ],
    [
      99.95336935409955,
      79.88023298583927
    ],
    [
      99.94319473046994,
      78.87388506212389
    ],
    [
      99.93396697007661,
      77.86758054813654
    ],
    [
      99.92591704896252,
      76.8613300331648
    ],
    [
      99.9192759431708,
      75.85514410649643
    ],
    [
      99.91427462874452,
      74.84903335741906
    ],
    [
      99.91114408172672,
      73.84300837522039
    ],
    [
      99.91011527816042,
      72.83707974918809
    ],
    [
      99.91141919408875,
      71.83125806860983
    ],
    [
      99.91528680555467,
      70.8255539227733
    ],
    [
      99.92194908860132,
      69.81997790096618
    ],
    [
      99.9316370192717,
      68.81454059247613
    ],
    [
      99.9445815736089,
      67.80925258659084
    ],
    [
      99.961013727656,
      66.80412447259798
    ],
    [
      99.98116445745595,
      65.79916683978523
    ],
    [
      100.00526274210108,
      64.7943901858884
    ],
    [
      100.03313823557154,
      63.78978670125338
    ],
    [
      100.06374116543914,
      62.785308258195165
    ],
    [
      100.09590453237523,
      61.780901354664614
    ],
    [
      100.12846133705112,
      60.77651248861257
    ],
    [
      100.16024458013821,
      59.772088157989856
    ],
    [
      100.19008726230786,
      58.76757486074732
    ],
    [
      100.21682238423136,
      57.7629190948358
    ],
    [
      100.23928294658013,
      56.758067358206155
    ],
    [
      100.25630195002552,
      55.75296614880921
    ],
    [
      100.26671239523881,
      54.747561964595775
    ],
    [
      100.26934728289145,
      53.74180130351675
    ],
    [
      100.2630396136547,
      52.73563066352292
    ],
    [
      100.2466223882,
      51.72899654256518
    ],
    [
      100.21892860719866,
      50.72184543859433
    ],
    [
      100.17879127132204,
      49.71412384956122
    ],
    [
      100.12504338124148,
      48.7057782734167
    ],
    [
      100.05651793762836,
      47.696755208111604
    ],
    [
      99.9720304106653,
      46.68701393652571
    ],
    [
      99.86914247586483,
      45.67742812995424
    ],
    [
      99.7433464361596,
      44.670380646450774
    ],
    [
      99.58994099799044,
      43.66839553336714
    ],
    [
      99.40422486779808,
      42.67399683805512
    ],
    [
      99.18149675202328,
      41.689708607866486
    ],
    [
      98.91705535710676,
      40.71805489015303
    ],
    [
      98.60619938948936,
      39.761559732266555
    ],
    [
      98.24422755561177,
      38.82274718155883
    ],
    [
      97.8268601008149,
      37.90412115086942
    ],
    [
      97.35412474559263,
      37.00797980948465
    ],
    [
      96.82857036012224,
      36.136500905730635
    ],
    [
      96.25277763217514,
      35.29186066818823
    ],
    [
      95.62932724952266,
      34.47623532543827
    ],
    [
      94.96079989993623,
      33.691801106061625
    ],
    [
      94.24977627118722,
      32.94073423863915
    ],
    [
      93.49883705104703,
      32.225210951751706
    ],
    [
      92.71056292728707,
      31.547407473980144
    ],
    [
      91.8875345876787,
      30.90950003390532
    ],
    [
      91.03233271999335,
      30.3136648601081
    ],
    [
      90.14753801200237,
      29.762078181169333
    ],
    [
      89.23573115147718,
      29.256916225669876
    ],
    [
      88.29949282618918,
      28.800355222190586
    ],
    [
      87.34140372390972,
      28.39457139931232
    ],
    [
      86.3640493221895,
      28.041691964723025
    ],
    [
      85.37013337320084,
      27.74263364704349
    ],
    [
      84.36248259265761,
      27.497054707176815
    ],
    [
      83.34392942428136,
      27.304554782855057
    ],
    [
      82.3173063117936,
      27.164733511810304
    ],
    [
      81.28544569891599,
      27.077190531774644
    ],
    [
      80.25118002936998,
      27.04152548048012
    ],
    [
      79.21734174687714,
      27.05733799565882
    ],
    [
      78.18676329515907,
      27.12422771504282
    ],
    [
      77.1622771179373,
      27.24179427636419
    ],
    [
      76.14671565893337,
      27.409637317355003
    ],
    [
      75.14291136186884,
      27.627356475747323
    ],
    [
      74.15369667046527,
      27.894551389273243
    ],
    [
      73.1819040284442,
      28.210821695664816
    ],
    [
      72.23036587952716,
      28.575767032654124
    ],
    [
      71.30191043673729,
      28.988983056044578
    ],
    [
      70.39893181685147,
      29.44965685073984
    ],
    [
      69.52301997256966,
      29.956218623316644
    ],
    [
      68.67567767229136,
      30.507016522586067
    ],
    [
      67.8584076844162,
      31.100398697359182
    ],
    [
      67.0727127773437,
      31.734713296447044
    ],
    [
      66.32009571947336,
      32.40830846866072
    ],
    [
      65.6020592792048,
      33.11953236281126
    ],
    [
      64.92010622493753,
      33.86673312770974
    ],
    [
      64.27573932507111,
      34.64825891216722
    ],
    [
      63.67046134800507,
      35.46245786499478
    ],
    [
      63.105775062138996,
      36.30767813500345
    ],
    [
      62.58318323587241,
      37.182267871004306
    ],
    [
      62.10418863760487,
      38.084575221808436
    ],
    [
      61.67029403573592,
      39.01294833622687
    ],
    [
      61.283002198665116,
      39.965735363070664
    ],
    [
      60.94381589479201,
      40.94128445115092
    ],
    [
      60.654237892516136,
      41.937943749278695
    ],
    [
      60.415770960237055,
      42.95406140626501
    ],
    [
      60.22991786635433,
      43.98798557092098
    ],
    [
      60.09818137926749,
      45.03806439205765
    ],
    [
      60.02206426737608,
      46.10264601848607
    ],
    [
      60.003069299079655,
      47.18007859901729
    ],
    [
      60.04269924277778,
      48.26871028246242
    ],
    [
      60.14245686686999,
      49.36688921763251
    ],
    [
      60.303844939755834,
      50.47296355333857
    ]
  ],