{
  "test_id": 3,
  "test_outcome": "NOT_EXECUTED",
  "predicted_test_outcome": null,
  "test_duration": null,
  "road_points": [
    [
      100.0,
      100.00000000000001
    ],
    [
      99.87033744508504,
      98.43165314714047
    ],
    [
      99.68662310181766,
      96.94036959338352
    ],
    [
      99.45057362609096,
      95.52471131305593
    ],
    [
      99.16390567379827,
      94.1832402804846
    ],
    [
      98.82833590083291,
      92.91451846999645
    ],
    [
      98.44558096308813,
      91.71710785591831
    ],
    [
      98.01735751645717,
      90.58957041257703
    ],
    [
      97.54538221683327,
      89.5304681142995
    ],
    [
      97.03137172010983,
      88.5383629354126
    ],
    [
      96.47704268217996,
      87.61181685024309
    ],
    [
      95.88411175893705,
      86.74939183311798
    ],
    [
      95.25429560627431,
      85.94964985836408
    ],
    [
      94.58931088008498,
      85.21115290030819
    ],
    [
      93.89087423626246,
      84.53246293327732
    ],
    [
      93.16070233069986,
      83.91214193159817
    ],
    [
      92.40051181929054,
      83.34875186959773
    ],
    [
      91.61201935792776,
      82.84085472160284
    ],
    [
      90.79694160250476,
      82.3870124619403
    ],
    [
      89.95699520891486,
      81.98578706493706
    ],
    [
      89.09389683305129,
      81.63574050491994
    ],
    [
      88.2093631308073,
      81.3354347562158
    ],
    [
      87.30511075807622,
      81.08343179315156
    ],
    [
      86.38285637075128,
      80.87829359005401
    ],
    [
      85.44431662472579,
      80.71858212125011
    ],
    [
      84.49120817589292,
      80.6028593610666
    ],
    [
      83.52524768014604,
      80.52968728383047
    ],
    [
      82.54815179337838,
      80.4976278638685
    ],
    [
      81.56163717148324,
      80.50524307550761
    ],
    [
      80.56742047035385,
      80.55109489307463
    ],
    [
      79.56721834588349,
      80.63374529089646
    ],
    [
      78.56274745396541,
      80.75175624329991
    ],
    [
      77.55572445049295,
      80.90368972461191
    ],
    [
      76.54786599135932,
      81.0881077091593
    ],
    [
      75.54088873245777,
      81.30357217126893
    ],
    [
      74.53650932968164,
      81.54864508526768
    ],
    [
      73.53644443892414,
      81.82188842548243
    ],
    [
      72.54241071607858,
      82.12186416624003
    ],
    [
      71.55612481703818,
      82.44713428186733
    ],
    [
      70.57930339769626,
      82.79626074669122
    ],
    [
      69.61366311394607,
      83.16780553503855
    ],
    [
      68.6609206216809,
      83.56033062123622
    ],
    [
      67.72255255503997,
      83.9724876319167
    ],
    [
      66.79856645265463,
      84.40347692647252
    ],
    [
      65.88841424355293,
      84.85270639416014
    ],
    [
      64.991546816019,
      85.31958431297204
    ],
    [
      64.10741505833695,
      85.80351896090075
    ],
    [
      63.23546985879092,
      86.30391861593877
    ],
    [
      62.37516210566499,
      86.8201915560786
    ],
    [
      61.52594268724329,
      87.35174605931272
    ],
    [
      60.68726249180992,
      87.89799040363363
    ],
    [
      59.858572407649014,
      88.45833286703387
    ],
    [
      59.03932332304466,
      89.03218172750593
    ],
    [
      58.228966126281016,
      89.61894526304229
    ],
    [
      57.42695170564214,
      90.21803175163544
    ],
    [
      56.63273094941218,
      90.82884947127795
    ],
    [
      55.84575474587524,
      91.45080669996223
    ],
    [
      55.06547398331546,
      92.08331171568085
    ],
    [
      54.29133955001688,
      92.72577279642624
    ],
    [
      53.52280233426369,
      93.37759822019098
    ],
    [
      52.759313224339955,
      94.03819626496752
    ],
    [
      52.000323108529834,
      94.7069752087484
    ],
    [
      51.2452828751174,
      95.38334332952607
    ],
    [
      50.49364341238677,
      96.0667089052931
    ],
    [
      49.74485560862209,
      96.75648021404191
    ],
    [
      48.999116725385186,
      97.4524776703503
    ],
    [
      48.26037804348856,
      98.15659460421386
    ],
    [
      47.53376851365866,
      98.87137463801055
    ],
    [
      46.824417503712446,
      99.59936162442969
    ],
    [
      46.1374543814669,
      100.3430994161606
    ],
    [
      45.47800851473903,
      101.10513186589259
    ],
    [
      44.85120927134577,
      101.88800282631502
    ],
    [
      44.262186019104156,
      102.69425615011723
    ],
    [
      43.716068125831136,
      103.5264356899885
    ],
    [
      43.21798495934369,
      104.38708529861822
    ],
    [
      42.77286406058285,
      105.27852324629816
    ],
    [
      42.382612958716635,
      106.19969232870675
    ],
    [
      42.046814329059764,
      107.14693684663143
    ],
    [
      41.76499104113954,
      108.11653425578366
    ],
    [
      41.53666596448328,
      109.10476201187473
    ],
    [
      41.36136196861827,
      110.10789757061602
    ],
    [
      41.23860192307184,
      111.12221838771889
    ],
    [
      41.16790869737129,
      112.14400191889469
    ],
    [
      41.14880516104393,
      113.1695256198548
    ],
    [
      41.18081418361705,
      114.1950669463105
    ],
    [
      41.26345822393499,
      115.21690746651429
    ],
    [
      41.39622083138084,
      116.23171838441714
    ],
    [
      41.5785151872889,
      117.23687556301651
    ],
    [
      41.80974706950918,
      118.22982900310913
    ],
    [
      42.08932225589156,
      119.2080287054915
    ],
    [
      42.41664652428598,
      120.16892467096025
    ],
    [
      42.79112565254241,
      121.10996690031195
    ],
    [
      43.212165418510764,
      122.02860539434323
    ],
    [
      43.67917160004098,
      122.92229015385061
    ],
    [
      44.19154997498299,
      123.78847117963072
    ],
    [
      44.74870632118673,
      124.62459847248013
    ],
    [
      45.34979819310689,
      125.42844700796604
    ],
    [
      45.99283686441508,
      126.19929247569601
    ],
    [
      46.675502946711674,
      126.9368434689958
    ],
    [
      47.39547702015159,
      127.64080862235946
    ],
    [
      48.1504396648898,
      128.31089657028124
    ],
    [
      48.938071461081265,
      128.9468159472553
    ],
    [
      49.75605298888092,
      129.54827538777573
    ],
    [
      50.602064828443716,
      130.11498352633672
    ],
    [
      51.47378755992458,
      130.64664899743238
    ],
    [
      52.36890176347849,
      131.14298043555698
    ],
    [
      53.2849454001443,
      131.60401690901912
    ],
    [
      54.217544251846284,
      132.0342278083482
    ],
    [
      55.16095789575757,
      132.4412478798818
    ],
    [
      56.109416368760805,
      132.83278031177045
    ],
    [
      57.05714970773858,
      133.21652829216472
    ],
    [
      57.99838794957355,
      133.60019500921524
    ],
    [
      58.92736113114835,
      133.99148365107254
    ],
    [
      59.83829928934562,
      134.39809740588717
    ],
    [
      60.725432461047994,
      134.82773946180973
    ],
    [
      61.58299068313811,
      135.2881130069907
    ],
    [
      62.40520399249858,
      135.78692122958068
    ],
    [
      63.186673560671174,
      136.33138386521614
    ],
    [
      63.92643842682861,
      136.9229397336019
    ],
    [
      64.62646048962709,
      137.5592202391797
    ],
    [
      65.28875311674255,
      138.2377897411117
    ],
    [
      65.91532967585084,
      138.95621259856026
    ],
    [
      66.50820353462785,
      139.7120531706874
    ],
    [
      67.06938806074946,
      140.50287581665546
    ],
    [
      67.60089662189158,
      141.32624489562662
    ],
    [
      68.10474258573008,
      142.17972476676314
    ],
    [
