{
  "test_id": 11,
  "test_outcome": "NOT_EXECUTED",
  "predicted_test_outcome": null,
  "test_duration": null,
  "road_points": [
    [
      99.99999999999999,
      99.99999999999999
    ],
    [
      100.23769421722616,
      99.051900451163
    ],
    [
      100.45577518034982,
      98.09439171700537
    ],
    [
      100.65421486511711,
      97.1281265033608
    ],
    [
      100.83298524727421,
      96.153757516063
    ],
    [
      100.99205830256726,
      95.17193746094566
    ],
    [
      101.13140600674244,
      94.18331904384246
    ],
    [
      101.25100033554595,
      93.1885549705871
    ],
    [
      101.35081326472394,
      92.1882979470134
    ],
    [
      101.43081677002253,
      91.18320067895488
    ],
    [
      101.49098282718796,
      90.17391587224535
    ],
    [
      101.53128341196637,
      89.1610962327185
    ],
    [
      101.5516905001039,
      88.14539446620802
    ],
    [
      101.55217606734679,
      87.12746327854764
    ],
    [
      101.53271208944116,
      86.10795537557098
    ],
    [
      101.49327054213313,
      85.08752346311181
    ],
    [
      101.43382340116898,
      84.06682024700386
    ],
    [
      101.35434264229477,
      83.04649843308073
    ],
    [
      101.25480024125675,
      82.02721072717621
    ],
    [
      101.13516817380103,
      81.00960983512398
    ],
    [
      100.99541841567383,
      79.99434846275771
    ],
    [
      100.83552294262127,
      78.98207931591115
    ],
    [
      100.65545373038954,
      77.97345510041797
    ],
    [
      100.45518275472483,
      76.96912852211189
    ],
    [
      100.23468199137326,
      75.96975228682656
    ],
    [
      99.99392341608103,
      74.97597910039576
    ],
    [
      99.73287900459432,
      73.98846166865314
    ],
    [
      99.45152073265928,
      73.00785269743243
    ],
    [
      99.14982057602208,
      72.03480489256732
    ],
    [
      98.82775051042888,
      71.06997095989149
    ],
    [
      98.48528251162585,
      70.11400360523865
    ],
    [
      98.12238855535918,
      69.16755553444254
    ],
    [
      97.73904061737504,
      68.23127945333681
    ],
    [
      97.33521067341955,
      67.3058280677552
    ],
    [
      96.9108706992389,
      66.39185408353138
    ],
    [
      96.4659926705793,
      65.4900102064991
    ],
    [
      96.00054856318687,
      64.60094914249201
    ],
    [
      95.51451035280779,
      63.725323597343824
    ],
    [
      95.00785001518825,
      62.86378627688828
    ],
    [
      94.48053952607438,
      62.016989886959
    ],
    [
      93.93255086121239,
      61.185587133389774
    ],
    [
      93.3638559963484,
      60.370230722014256
    ],
    [
      92.77442724552051,
      59.57157285119036
    ],
    [
      92.16443308683823,
      58.7899714511327
    ],
    [
      91.53456713954164,
      58.02499668136855
    ],
    [
      90.88560997124713,
      57.27608826909348
    ],
    [
      90.21834214957114,
      56.54268594150307
    ],
    [
      89.53354424212993,
      55.824229425792886
    ],
    [
      88.8319968165399,
      55.120158449158495
    ],
    [
      88.11448044041745,
      54.429912738795494
    ],
    [
      87.38177568137891,
      53.75293202189941
    ],
    [
      86.63466310704071,
      53.08865602566588
    ],
    [
      85.87392328501913,
      52.43652447729043
    ],
    [
      85.10033678293061,
      51.79597710396865
    ],
    [
      84.31468416839148,
      51.16645363289609
    ],
    [
      83.51774600901814,
      50.54739379126838
    ],
    [
      82.71030287242691,
      49.938237306281025
    ],
    [
      81.89313532623419,
      49.33842390512962
    ],
    [
      81.06702393805635,
      48.747393315009774
    ],
    [
      80.23274927550975,
      48.16458526311702
    ],
    [
      79.39109190621075,
      47.58943947664693
    ],
    [
      78.54283239777575,
      47.02139568279512
    ],
    [
      77.68875131782104,
      46.459893608757085
    ],
    [
      76.8296292339631,
      45.90437298172848
    ],
    [
      75.96624671381822,
      45.35427352890484
    ],
    [
      75.09938289602238,
      44.809038973497884
    ],
    [
      74.22926198752,
      44.26966485564414
    ],
    [
      73.35471469522071,
      43.741043513899925
    ],
    [
      72.47435647726762,
      43.22866921077763
    ],
    [
      71.58680279180376,
      42.73803620878957
    ],
    [
      70.6906690969722,
      42.274638770448114
    ],
    [
      69.78457085091597,
      41.84397115826555
    ],
    [
      68.86712351177815,
      41.45152763475427
    ],
    [
      67.93694253770178,
      41.102802462426595
    ],
    [
      66.99264338682994,
      40.80328990379486
    ],
    [
      66.03284151730567,
      40.558484221371415
    ],
    [
      65.05659511476402,
      40.37325681591229
    ],
    [
      64.06607645679375,
      40.24809795346069
    ],
    [
      63.06479407332037,
      40.18161796151439
    ],
    [
      62.05626162247841,
      40.17241995282763
    ],
    [
      61.04399276240247,
      40.219107040154626
    ],
    [
      60.031501151227154,
      40.32028233624964
    ],
    [
      59.02230044708697,
      40.47454895386689
    ],
    [
      58.01990430811655,
      40.68051000576063
    ],
    [
      57.02782639245045,
      40.936768604685085
    ],
    [
      56.04958035822325,
      41.24192786339448
    ],
    [
      55.08865877842591,
      41.59459404748339
    ],
    [
      54.14800112316128,
      41.99345612746519
    ],
    [
      53.22995302364061,
      42.43729186998567
    ],
    [
      52.33683086583092,
      42.92488341470265
    ],
    [
      51.47095103569922,
      43.45501290127388
    ],
    [
      50.634629919212514,
      44.02646246935716
    ],
    [
      49.83018390233778,
      44.63801425861029
    ],
    [
      49.059929371042024,
      45.28845040869106
    ],
    [
      48.326182711292255,
      45.97655305925723
    ],
    [
      47.63126030905547,
      46.7011043499666
    ],
    [
      46.977477534115756,
      47.46088600171098
    ],
    [
      46.3664870095972,
      48.25440661941749
    ],
    [
      45.798136867683766,
      49.07943118256265
    ],
    [
      45.271971002457114,
      49.93359929498883
    ],
    [
      44.78753330799894,
      50.81455056053836
    ],
    [
      44.344367678390896,
      51.7199245830536
    ],
    [
      43.94201800771461,
      52.647360966376894
    ],
    [
      43.5800281900518,
      53.59449931435059
    ],
    [
      43.25794211948407,
      54.55897923081703
    ],
    [
      42.97530369009312,
      55.53844031961858
    ],
    [
      42.73165679596061,
      56.53052218459758
    ],
    [
      42.52589984985254,
      57.5327832801219
    ],
    [
      42.351961624282666,
      58.542157280747624
    ],
    [
      42.201463105771836,
      59.555287727736456
    ],
    [
      42.066012557192224,
      60.568816562741624
    ],
    [
      41.93721824141596,
      61.57938572741636
    ],
    [
      41.806688421315236,
      62.58363716341383
    ],
    [
      41.666031359762165,
      63.578212812387264
    ],
    [
      41.50685531962892,
      64.55975461598993
    ],
    [
      41.32076856378766,
      65.52490451587495
    ],
    [
      41.099379355110514,
      66.47030445369556
    ],
    [
      40.834295956469674,
      67.39259637110503
    ],
    [
      40.518023308651685,
      68.28879437021737
    ],
    [
      40.14973636962822,
      69.15868090132327
    ],
    [
      39.73161653090268,
      70.00328621581411
    ],
    [
      39.26585973149408,
      70.82364660293524
    ],
    [
      38.754661910421504,
      71.6207983519318
    ],
    [
      38.20021900670395,
      72.39577775204904
    ],
    [
      37.60472695936046,
      73.1496210925322
    ],
    [
      36.97038170741006,
      73.88336466262642
    ],
    [
