{
  "test_id": 17,
  "test_outcome": "NOT_EXECUTED",
  "predicted_test_outcome": null,
  "test_duration": null,
  "road_points": [
    [
      100.0,
      99.99999999999999
    ],
    [
      99.91200829857414,
      98.88241061716589
    ],
    [
      99.76013901521519,
      97.8016461308808
    ],
    [
      99.54769372406804,
      96.75586704420455
    ],
    [
      99.27797399927753,
      95.74323386019685
    ],
    [
      98.9542814149886,
      94.76190708191756
    ],
    [
      98.57991754534605,
      93.81004721242637
    ],
    [
      98.15818396449478,
      92.88581475478311
    ],
    [
      97.6923822465797,
      91.98737021204757
    ],
    [
      97.18581396574557,
      91.11287408727941
    ],
    [
      96.64178069613742,
      90.26048688353856
    ],
    [
      96.06358401189995,
      89.4283691038847
    ],
    [
      95.45452548717812,
      88.6146812513776
    ],
    [
      94.81790669611682,
      87.81758382907712
    ],
    [
      94.1570292128609,
      87.03523734004295
    ],
    [
      93.47519461155521,
      86.26580228733492
    ],
    [
      92.77570446634465,
      85.50743917401275
    ],
    [
      92.06186035137404,
      84.75830850313626
    ],
    [
      91.33696384078829,
      84.01657077776518
    ],
    [
      90.60431650873231,
      83.28038650095938
    ],
    [
      89.8672199293509,
      82.54791617577852
    ],
    [
      89.12897567678894,
      81.81732030528244
    ],
    [
      88.39288532519139,
      81.08675939253094
    ],
    [
      87.66225044870299,
      80.3543939405837
    ],
    [
      86.94037262146865,
      79.61838445250058
    ],
    [
      86.23055341763333,
      78.87689143134133
    ],
    [
      85.5360944113418,
      78.12807538016573
    ],
    [
      84.86029717673895,
      77.37009680203354
    ],
    [
      84.20646328796968,
      76.60111620000455
    ],
    [
      83.57789431917884,
      75.81929407713851
    ],
    [
      82.97789184451129,
      75.02279093649523
    ],
    [
      82.40975743811195,
      74.20976728113448
    ],
    [
      81.87679267412565,
      73.37838361411602
    ],
    [
      81.38229912669726,
      72.52680043849963
    ],
    [
      80.92924100862518,
      71.65334691074214
    ],
    [
      80.5159521188713,
      70.75866701984243
    ],
    [
      80.13740390651174,
      69.84508565789103
    ],
    [
      79.78849224142176,
      68.91496550046821
    ],
    [
      79.46411299347662,
      67.9706692231542
    ],
    [
      79.15916203255159,
      67.0145595015293
    ],
    [
      78.86853522852192,
      66.04899901117378
    ],
    [
      78.58712845126287,
      65.07635042766786
    ],
    [
      78.30983757064968,
      64.09897642659183
    ],
    [
      78.03155845655768,
      63.11923968352598
    ],
    [
      77.74718697886208,
      62.13950287405056
    ],
    [
      77.45161900743811,
      61.16212867374579
    ],
    [
      77.13975041216108,
      60.189479758191965
    ],
    [
      76.80647706290621,
      59.22391880296937
    ],
    [
      76.44669482954878,
      58.26780848365823
    ],
    [
      76.05529958196406,
      57.323511475838835
    ],
    [
      75.62718719002729,
      56.393390455091435
    ],
    [
      75.15725352361375,
      55.479808096996315
    ],
    [
      74.64098322428504,
      54.58504755899252
    ],
    [
      74.07844230406687,
      53.7107732492284
    ],
    [
      73.47184373503165,
      52.85835961239773
    ],
    [
      72.82341279147437,
      52.02917943168457
    ],
    [
      72.13537474769011,
      51.22460549027301
    ],
    [
      71.40995487797385,
      50.4460105713471
    ],
    [
      70.64937845662058,
      49.69476745809093
    ],
    [
      69.85587075792543,
      48.97224893368859
    ],
    [
      69.0316570561833,
      48.27982778132413
    ],
    [
      68.1789626256893,
      47.61887678418161
    ],
    [
      67.30001274073841,
      46.990768725445136
    ],
    [
      66.39703267562567,
      46.396876388298786
    ],
    [
      65.47224770464607,
      45.83857255592658
    ],
    [
      64.52788310209466,
      45.31723001151266
    ],
    [
      63.566164142266494,
      44.834221538241074
    ],
    [
      62.589316099456525,
      44.39091991929586
    ],
    [
      61.59956424795982,
      43.98869793786115
    ],
    [
      60.599133862071376,
      43.62892837712098
    ],
    [
      59.59025021608625,
      43.31298402025942
    ],
    [
      58.57513858429942,
      43.042237650460564
    ],
    [
      57.55602424100594,
      42.81806205090849
    ],
    [
      56.53513246050083,
      42.64183000478725
    ],
    [
      55.514688517079094,
      42.51491429528093
    ],
    [
      54.496917685035754,
      42.4386877055736
    ],
    [
      53.48404523866588,
      42.414523018849344
    ],
    [
      52.47829645226442,
      42.44379301829222
    ],
    [
      51.48189660012644,
      42.52787048708631
    ],
    [
      50.497070956546956,
      42.66812820841568
    ],
    [
      49.52604479582101,
      42.86593896546442
    ],
    [
      48.57104339224359,
      43.122675541416605
    ],
    [
      47.634292020109726,
      43.43971071945628
    ],
    [
      46.71801595371445,
      43.818417282767534
    ],
    [
      45.82444046735277,
      44.26016801453445
    ],
    [
      44.95579083531972,
      44.7663356979411
    ],
    [
      44.114292331910335,
      45.33829311617155
    ],
    [
      43.30217023141961,
      45.97741305240988
    ],
    [
      42.521649808142584,
      46.68506828984017
    ],
    [
      41.77495633637426,
      47.462631611646465
    ],
    [
      41.06431509040968,
      48.31147580101285
    ],
    [
      40.391951344543855,
      49.23297364112342
    ],
    [
      39.760090373071826,
      50.22849791516225
    ],
    [
      39.170957450288604,
      51.29942140631338
    ],
    [
      38.62677785048919,
      52.44711689776091
    ],
    [
      38.12977684796863,
      53.672957172688896
    ]
  ],