{
  "test_id": 50,
  "test_outcome": "NOT_EXECUTED",
  "predicted_test_outcome": null,
  "test_duration": null,
  "road_points": [
    [
      100.00000000000001,
      100.00000000000001
    ],
    [
      100.00484776928892,
      98.92705635108895
    ],
    [
      99.94643302493742,
      97.86808005761041
    ],
    [
      99.82677232800916,
      96.82458781958205
    ],
    [
      99.64788223956778,
      95.79809633702138
    ],
    [
      99.41177932067713,
      94.79012230994621
    ],
    [
      99.1204801324009,
      93.80218243837422
    ],
    [
      98.77600123580281,
      92.83579342232302
    ],
    [
      98.38035919194651,
      91.89247196181027
    ],
    [
      97.93557056189576,
      90.97373475685364
    ],
    [
      97.44365190671432,
      90.08109850747087
    ],
    [
      96.90661978746589,
      89.21607991367954
    ],
    [
      96.32649076521412,
      88.3801956754973
    ],
    [
      95.7052814010228,
      87.57496249294192
    ],
    [
      95.04500825595562,
      86.80189706603099
    ],
    [
      94.34768789107632,
      86.0625160947822
    ],
    [
      93.61533686744858,
      85.35833627921319
    ],
    [
      92.84997174613613,
      84.69087431934165
    ],
    [
      92.05360908820272,
      84.06164691518526
    ],
    [
      91.22826545471204,
      83.47217076676166
    ],
    [
      90.37595740672779,
      82.92396257408852
    ],
    [
      89.49870150531373,
      82.41853903718349
    ],
    [
      88.59851431153355,
      81.9574168560643
    ],
    [
      87.67741238645098,
      81.54211273074854
    ],
    [
      86.7374122911297,
      81.17414336125391
    ],
    [
      85.78053058663349,
      80.85502544759808
    ],
    [
      84.80878708900735,
      80.58626081354063
    ],
    [
      83.82434755084887,
      80.36868430825868
    ],
    [
      82.82957935635514,
      80.2022092629846
    ],
    [
      81.82686464990648,
      80.08668155040857
    ],
    [
      80.8185855758833,
      80.02194704322085
    ],
    [
      79.80712427866595,
      80.00785161411164
    ],
    [
      78.79486290263482,
      80.04424113577116
    ],
    [
      77.78418359217025,
      80.1309614808896
    ],
    [
      76.77746849165261,
      80.26785852215721
    ],
    [
      75.7770997454623,
      80.4547781322642
    ],
    [
      74.78545950894403,
      80.6915661767082
    ],
    [
      73.80514229664679,
      80.97792921404317
    ],
    [
      72.83949915333278,
      81.31307752147688
    ],
    [
      71.89204952092412,
      81.69611090823085
    ],
    [
      70.9663128413429,
      82.12612918352647
    ],
    [
      70.0658085565112,
      82.60223215658526
    ],
    [
      69.19405610835118,
      83.12351963662866
    ],
    [
      68.35457493878492,
      83.68909143287813
    ],
    [
      67.55088448973454,
      84.29804735455518
    ],
    [
      66.7865042031221,
      84.94948721088122
    ],
    [
      66.06495352086982,
      85.64251081107773
    ],
    [
      65.38935430920205,
      86.37605297070667
    ],
    [
      64.75873443988203,
      87.14734950025466
    ],
    [
      64.16971128260396,
      87.95263585339579
    ],
    [
      63.618871234715726,
      88.78813463030036
    ],
    [
      63.102800693565165,
      89.65006843113862
    ],
    [
      62.61808605650019,
      90.53465985608086
    ],
    [
      62.161313720868634,
      91.43813150529733
    ],
    [
      61.72907008401839,
      92.35670597895832
    ],
    [
      61.31794154329731,
      93.2866058772341
    ],
    [
      60.9245144960533,
      94.22405380029494
    ],
    [
      60.545402163565186,
      95.16530385507872
    ],
    [
      60.178532369427415,
      96.1081542499303
    ],
    [
      59.82371701666572,
      97.05261618922131
    ],
    [
      59.48091337269104,
      97.99887161896062
    ],
    [
      59.15007870491438,
      98.94710248515715
    ],
    [
      58.83117028074663,
      99.89749073381975
    ],
    [
      58.52414536759879,
      100.85021831095732
    ],
    [
      58.228961232881794,
      101.80546716257874
    ],
    [
      57.94557514400657,
      102.76341923469288
    ],
    [
      57.6739443683841,
      103.7242564733086
    ],
    [
      57.414026173425334,
      104.68816082443487
    ],
    [
      57.16577782654121,
      105.65531423408049
    ],
    [
      56.92915659514267,
      106.62589864825435
    ],
    [
      56.7041197466407,
      107.60009601296537
    ],
    [
      56.49062454844623,
      108.5780882742224
    ],
    [
      56.28862826797021,
      109.56005737803437
    ],
    [
      56.09808817262359,
      110.5461852704101
    ],
    [
      55.91896152981732,
      111.53665389735853
    ],
    [
      55.751205606962365,
      112.53164520488849
    ],
    [
      55.59477767146967,
      113.53134113900887
    ],
    [
      55.44968350996717,
      114.53590526859104
    ],
    [
      55.31791457577734,
      115.5447490714325
    ],
    [
      55.20410084809693,
      116.55628465732832
    ],
    [
      55.11305471366428,
      117.56885504739715
    ],
    [
      55.04958855921777,
      118.58080326275761
    ],
    [
      55.01851477149575,
      119.59047232452836
    ],
    [
      55.0246457372366,
      120.596205253828
    ],
    [
      55.07279384317868,
      121.5963450717752
    ],
    [
      55.16777147606032,
      122.5892347994885
    ],
    [
      55.314391022619894,
      123.57321745808656
    ],
    [
      55.51746468381493,
      124.54663605619474
    ],
    [
      55.780383377264286,
      125.50773802445728
    ],
    [
      56.101692889286504,
      126.45444496976837
    ],
    [
      56.47890746591862,
      127.38460913035054
    ],
    [
      56.90954135319761,
      128.29608274442612
    ],
    [
      57.391108797160506,
      129.18671805021756
    ],
    [
      57.92112404384431,
      130.05436728594728
    ],
    [
      58.49710133928605,
      130.89688268983772
    ],
    [
      59.116554929522756,
      131.71211650011134
    ],
    [
      59.77699906059143,
      132.49792095499052
    ],
    [
      60.47594797852906,
      133.25214829269768
    ],
    [
      61.210921063298755,
      133.97261103665056
    ],
    [
      61.979487918744205,
      134.65673319052826
    ],
    [
      62.779246561008456,
      135.30171896736576
    ],
    [
      63.60779532895137,
      135.9047700837379
    ],
    [
      64.46273256143292,
      136.46308825621978
    ],
    [
      65.34165659731303,
      136.97387520138633
    ],
    [
      66.24216577545167,
      137.43433263581258
    ],
    [
      67.1618584347087,
      137.84166227607355
    ],
    [
      68.09833291394415,
      138.19306583874416
    ],
    [
      69.04918755201786,
      138.48574504039945
    ],
    [
      70.0120336745684,
      138.7169788041338
    ],
    [
      70.98506143482908,
      138.88748718846256
    ],
    [
      71.9672587338023,
      139.0027328697908
    ],
    [
      72.95767166059463,
      139.0685244533424
    ],
    [
      73.9553463043127,
      139.09067054434132
    ],
    [
      74.959328754063,
      139.0749797480115
    ],
    [
      75.96866509895219,
      139.0272606695769
    ],
    [
      76.98240142808679,
      138.95332191426147
    ],
    [
      77.99958383057343,
      138.85897208728912
    ],
    [
      79.01925839551865,
      138.7500197938838
    ],
    [
      80.04047121522494,
      138.63227356820437
    ],
    [
      81.06232613636915,
      138.51025770132378
    ],
    [
      82.08413217952007,
      138.38393417790388
    ],
    [
      83.10524390633685,
      138.2522523176609
    ],
    [
      84.1250158784786,
      138.11416144031097
    ],
    [
      85.1428026576045,
      137.9686108655703
    ],
    [
      86.15795880537364,
      137.81454991315513
    ],
    [
      87.16983888344518,
      137.6509279027816
    ],
    [
