{
  "test_id": 53,
  "test_outcome": "NOT_EXECUTED",
  "predicted_test_outcome": null,
  "test_duration": null,
  "road_points": [
    [
      100.00000000000003,
      100.00000000000001
    ],
    [
      99.93886067058571,
      98.52671959301345
    ],
    [
      99.81399233513137,
      97.11755418153223
    ],
    [
      99.6275786965253,
      95.77170217708144
    ],
    [
      99.38180345765582,
      94.48836199118632
    ],
    [
      99.07885032141128,
      93.26673203537213
    ],
    [
      98.72090299067997,
      92.106010721164
    ],
    [
      98.31014516835026,
      91.00539646008721
    ],
    [
      97.84876055731041,
      89.96408766366692
    ],
    [
      97.33893286044882,
      88.98128274342834
    ],
    [
      96.78284578065374,
      88.0561801108967
    ],
    [
      96.1826830208135,
      87.18797817759719
    ],
    [
      95.54062828381646,
      86.375875355055
    ],
    [
      94.85886527255091,
      85.61907005479537
    ],
    [
      94.13957768990518,
      84.91676068834347
    ],
    [
      93.3849492387676,
      84.26814566722456
    ],
    [
      92.59716362202651,
      83.67242340296383
    ],
    [
      91.77840454257019,
      83.12879230708641
    ],
    [
      90.930855703287,
      82.63645079111761
    ],
    [
      90.05670080706523,
      82.19459726658259
    ],
    [
      89.15812355679321,
      81.80243014500657
    ],
    [
      88.23730765535927,
      81.45914783791473
    ],
    [
      87.29643680565175,
      81.16394875683227
    ],
    [
      86.3376947105589,
      80.91603131328445
    ],
    [
      85.36326507296916,
      80.71459391879644
    ],
    [
      84.37533159577076,
      80.55883498489344
    ],
    [
      83.37607798185203,
      80.4479529231007
    ],
    [
      82.36768793410134,
      80.38114614494337
    ],
    [
      81.35234515540697,
      80.35761306194668
    ],
    [
      80.33223334865725,
      80.37655208563586
    ],
    [
      79.30953621674051,
      80.43716162753609
    ],
    [
      78.28643746254508,
      80.53864009917257
    ],
    [
      77.26512078895924,
      80.68018591207053
    ],
    [
      76.24776989887137,
      80.86099747775515
    ],
    [
      75.23656849516976,
      81.08027320775167
    ],
    [
      74.23370028074274,
      81.33721151358526
    ],
    [
      73.24134895847861,
      81.63101080678118
    ],
    [
      72.26169823126574,
      81.96086949886455
    ],
    [
      71.29693180199239,
      82.32598600136066
    ],
    [
      70.34923337354694,
      82.72555872579466
    ],
    [
      69.42078664881767,
      83.1587860836918
    ],
    [
      68.51377532696007,
      83.62486648422616
    ],
    [
      67.62949550720656,
      84.12243928840819
    ],
    [
      66.76586335035131,
      84.64801502833785
    ],
    [
      65.91999062067096,
      85.19759759299332
    ],
    [
      65.0889890824421,
      85.76719087135268
    ],
    [
      64.26997049994132,
      86.35279875239402
    ],
    [
      63.46004663744525,
      86.9504251250955
    ],
    [
      62.6563292592305,
      87.55607387843521
    ],
    [
      61.85593012957368,
      88.16574890139125
    ],
    [
      61.05596101275137,
      88.77545408294172
    ],
    [
      60.25353367304018,
      89.38119331206478
    ],
    [
      59.4457603195618,
      89.97897110680012
    ],
    [
      58.63057082266551,
      90.56594825135522
    ],
    [
      57.80840559532712,
      91.14283572334747
    ],
    [
      56.98018528842911,
      91.71102361152857
    ],
    [
      56.14683055285388,
      92.2719020046503
    ],
    [
      55.30926203948388,
      92.82686099146453
    ],
    [
      54.468400399201535,
      93.3772906607229
    ],
    [
      53.6251662828893,
      93.92458110117731
    ],
    [
      52.7804803414296,
      94.47012240157947
    ],
    [
      51.93526322570488,
      95.01530465068119
    ],
    [
      51.09043558659755,
      95.56151793723416
    ],
    [
      50.24691807499007,
      96.11015234999023
    ],
    [
      49.40563134176485,
      96.66259797770114
    ],
    [
      48.56749603780435,
      97.22024490911869
    ],
    [
      47.733432813990994,
      97.78448323299466
    ],
    [
      46.904362321207216,
      98.35670303808078
    ],
    [
      46.08120521033546,
      98.93829441312887
    ],
    [
      45.264882132258144,
      99.53064744689067
    ],
    [
      44.45631373785773,
      100.13515222811797
    ],
    [
      43.65642067801663,
      100.75319884556257
    ],
    [
      42.86612360361728,
      101.38617738797619
    ],
    [
      42.086343165542125,
      102.03547794411057
    ],
    [
      41.318004773573534,
      102.70248796757168
    ],
    [
      40.562715236951526,
      103.38821760060108
    ],
    [
      39.82346570961258,
      104.09291043216552
    ],
    [
      39.10341525023585,
      104.81671707732802
    ],
    [
      38.40572291750054,
      105.5597881511517
    ],
    [
      37.73354777008584,
      106.32227426869959
    ],
    [
      37.09004886667093,
      107.10432604503474
    ],
    [
      36.478385265934996,
      107.90609409522024
    ],
    [
      35.901716026557224,
      108.7277290343191
    ],
    [
      35.36320020721679,
      109.56938147739444
    ],
    [
      34.86599686659289,
      110.43120203950927
    ],
    [
      34.41326506336471,
      111.3133413357267
    ],
    [
      34.008163856211425,
      112.21594998110972
    ],
    [
      33.65385230381223,
      113.13917859072146
    ],
    [
      33.35348946484632,
      114.08317777962495
    ],
    [
      33.110234397992855,
      115.04809816288325
    ],
    [
      32.92724616193103,
      116.03409035555941
    ],
    [
      32.80768381534004,
      117.04130497271649
    ],
    [
      32.75470641689907,
      118.06989262941761
    ],
    [
      32.77147302528729,
      119.12000394072575
    ],
    [
      32.8611426991839,
      120.191789521704
    ],
    [
      33.02687449726808,
      121.2853999874154
    ],
    [
      33.271827478219016,
      122.40098595292307
    ],
    [
      33.59916070071589,
      123.53869803329
    ]
  ],