{
  "test_id": 110,
  "test_outcome": "NOT_EXECUTED",
  "predicted_test_outcome": null,
  "test_duration": null,
  "road_points": [
    [
      99.99999999999999,
      99.99999999999999
    ],
    [
      99.86328916797821,
      98.97974726537767
    ],
    [
      99.75371826472058,
      97.96271731923828
    ],
    [
      99.66938566428261,
      96.94868434897035
    ],
    [
      99.6083897407195,
      95.93742254196206
    ],
    [
      99.56882886808671,
      94.92870608560192
    ],
    [
      99.54880142043956,
      93.92230916727827
    ],
    [
      99.54640577183346,
      92.91800597437955
    ],
    [
      99.55974029632374,
      91.9155706942941
    ],
    [
      99.58690336796579,
      90.9147775144103
    ],
    [
      99.62599336081493,
      89.9154006221166
    ],
    [
      99.67510864892654,
      88.91721420480127
    ],
    [
      99.73234760635599,
      87.91999244985278
    ],
    [
      99.79580860715868,
      86.92350954465951
    ],
    [
      99.8635900253899,
      85.92753967660983
    ],
    [
      99.93379023510505,
      84.9318570330921
    ],
    [
      100.0045076103595,
      83.93623580149475
    ],
    [
      100.07384052520862,
      82.94045016920613
    ],
    [
      100.13988735370778,
      81.94427432361466
    ],
    [
      100.20074646991227,
      80.94748245210869
    ],
    [
      100.25451624787752,
      79.94984874207663
    ],
    [
      100.2992950616589,
      78.95114738090682
    ],
    [
      100.33318128531175,
      77.95115255598772
    ],
    [
      100.3542732928914,
      76.94963845470765
    ],
    [
      100.36066945845327,
      75.94637926445502
    ],
    [
      100.35046815605273,
      74.94114917261822
    ],
    [
      100.3217677597451,
      73.93372236658564
    ],
    [
      100.27266664358577,
      72.92387303374565
    ],
    [
      100.20126318163007,
      71.91137536148663
    ],
    [
      100.1056557479334,
      70.89600353719698
    ],
    [
      99.98394290856514,
      69.87753265333413
    ],
    [
      99.8343783013664,
      68.85646874186793
    ],
    [
      99.65565014687816,
      67.83536626475308
    ],
    [
      99.44652222073051,
      66.81713581710376
    ],
    [
      99.20575829855359,
      65.80468799403421
    ],
    [
      98.93212215597747,
      64.80093339065857
    ],
    [
      98.6243775686323,
      63.80878260209108
    ],
    [
      98.28128831214812,
      62.831146223445906
    ],
    [
      97.90161816215509,
      61.87093484983723
    ],
    [
      97.48413089428325,
      60.93105907637924
    ],
    [
      97.02759028416277,
      60.01442949818618
    ],
    [
      96.53076010742375,
      59.123956710372184
    ],
    [
      95.99240413969622,
      58.262551308051464
    ],
    [
      95.41128615661034,
      57.433123886338215
    ],
    [
      94.78616993379624,
      56.63858504034662
    ],
    [
      94.11581924688396,
      55.881845365190884
    ],
    [
      93.39899787150368,
      55.165815455985204
    ],
    [
      92.6344890777922,
      54.49339701048276
    ],
    [
      91.82281446943357,
      53.866698344936694
    ],
    [
      90.96758083893914,
      53.28641968464756
    ],
    [
      90.07271196056169,
      52.753116583342425
    ],
    [
      89.14213160855402,
      52.26734459474838
    ],
    [
      88.17976355716891,
      51.82965927259248
    ],
    [
      87.18953158065914,
      51.440616170601835
    ],
    [
      86.1753594532775,
      51.10077084250351
    ],
    [
      85.14117094927673,
      50.81067884202456
    ],
    [
      84.09088984290966,
      50.57089572289211
    ],
    [
      83.02843990842904,
      50.38197703883321
    ],
    [
      81.95774492008763,
      50.244478343574926
    ],
    [
      80.88272865213831,
      50.158955190844374
    ],
    [
      79.80731487883372,
      50.12596313436858
    ],
    [
      78.73542737442676,
      50.14605772787469
    ],
    [
      77.67098991317017,
      50.21979452508972
    ],
    [
      76.6179262693167,
      50.34772907974078
    ],
    [
      75.58016021711917,
      50.53041694555495
    ],
    [
      74.56161553083035,
      50.76841367625929
    ],
    [
      73.566215984703,
      51.0622748255809
    ],
    [
      72.59788535298993,
      51.41255594724685
    ],
    [
      71.6605474099439,
      51.81981259498421
    ],
    [
      70.75766392225275,
      52.284207589362275
    ],
    [
      69.89001569063437,
      52.8036247747796
    ],
    [
      69.05741887421571,
      53.375127994477
    ],
    [
      68.2596883593907,
      53.99578000979859
    ],
    [
      67.49663903255325,
      54.66264358208847
    ],
    [
      66.76808578009731,
      55.3727814726908
    ],
    [
      66.07384348841674,
      56.12325644294964
    ],
    [
      65.41372704390551,
      56.91113125420916
    ],
    [
      64.7875513329575,
      57.73346866781343
    ],
    [
      64.19513124196669,
      58.587331445106635
    ],
    [
      63.63628165732696,
      59.46978234743282
    ],
    [
      63.110817465432234,
      60.377884136136146
    ],
    [
      62.618553552676424,
      61.308699572560705
    ],
    [
      62.15930480545348,
      62.25929141805065
    ],
    [
      61.73288611015728,
      63.22672243395005
    ],
    [
      61.339112353181804,
      64.20805538160307
    ],
    [
      60.97779842092089,
      65.20035302235378
    ],
    [
      60.648759199768534,
      66.20067811754635
    ],
    [
      60.35180957611863,
      67.20609342852487
    ],
    [
      60.08676443636509,
      68.21366171663345
    ],
    [
      59.85312200769972,
      69.22087856202093
    ],
    [
      59.64893973188409,
      70.22720885134449
    ],
    [
      59.471865492907476,
      71.23267726647437
    ],
    [
      59.31954714625249,
      72.23730852824433
    ],
    [
      59.18963254740177,
      73.24112735748824
    ],
    [
      59.079769551838,
      74.24415847503987
    ],
    [
      58.98760601504376,
      75.246426601733
    ],
    [
      58.91078979250174,
      76.24795645840145
    ],
    [
      58.84696873969455,
      77.24877276587901
    ],
    [
      58.793790712104865,
      78.24890024499952
    ],
    [
      58.748903565215315,
      79.24836361659675
    ],
    [
      58.70995515450854,
      80.24718760150454
    ],
    [
      58.674593335467186,
      81.24539692055666
    ],
    [
      58.64046596357388,
      82.2430162945869
    ],
    [
      58.6052208943113,
      83.24007044442907
    ],
    [
      58.566505983162045,
      84.236584090917
    ],
    [
      58.52196908560879,
      85.23258195488447
    ],
    [
      58.469258057134184,
      86.22808875716534
    ],
    [
      58.406020753220844,
      87.22312921859334
    ],
    [
      58.32990508289484,
      88.21772806324643
    ],
    [
      58.2397231598003,
      89.21198055393079
    ],
    [
      58.13845340927945,
      90.2062343887405
    ],
    [
      58.03000588237682,
      91.20089371262728
    ],
    [
      57.91829063013684,
      92.19636267054258
    ],
    [
      57.807217703603996,
      93.19304540743806
    ],
    [
      57.70069715382279,
      94.19134606826537
    ],
    [
      57.602639031837654,
      95.19166879797608
    ],
    [
      57.51695338869311,
      96.19441774152179
    ],
    [
      57.447550275433585,
      97.1999970438541
    ],
    [
      57.398339743103605,
      98.20881084992459
    ],
    [
      57.37323172339253,
      99.22126303718665
    ],
    [
      57.375854724978105,
      100.23712675868322
    ],
    [
      57.40895353567491,
      101.254194574907
    ],
    [
      57.475099931071504,
      102.26987129186814
    ],
    [
      57.57686568675642,
      103.28156171557676
    ],
    [
      57.71682257831816,
      104.28667065204293
    ],
    [
      57.89754238134527,
      105.28260290727681
    ],
    [
      58.121596871426284,
