{
  "test_id": 7,
  "test_outcome": "NOT_EXECUTED",
  "predicted_test_outcome": null,
  "test_duration": null,
  "road_points": [
    [
      100.00000000000001,
      100.00000000000001
    ],
    [
      100.22338852170296,
      99.07427510850556
    ],
    [
      100.42627740971284,
      98.13495565501664
    ],
    [
      100.60854802248255,
      97.1830101635899
    ],
    [
      100.77008171846492,
      96.21940715828192
    ],
    [
      100.9107598561128,
      95.2451151631493
    ],
    [
      101.03046379387901,
      94.26110270224856
    ],
    [
      101.12907489021646,
      93.2683382996364
    ],
    [
      101.20647450357801,
      92.26779047936941
    ],
    [
      101.26254399241644,
      91.2604277655041
    ],
    [
      101.29716471518468,
      90.24721868209713
    ],
    [
      101.31021803033556,
      89.22913175320515
    ],
    [
      101.3015852963219,
      88.20713550288463
    ],
    [
      101.27114787159658,
      87.18219845519224
    ],
    [
      101.21878711461248,
      86.15528913418459
    ],
    [
      101.1443843838224,
      85.12737606391822
    ],
    [
      101.04782103767924,
      84.09942776844981
    ],
    [
      100.92897843463587,
      83.0724127718359
    ],
    [
      100.78773793314502,
      82.04729959813305
    ],
    [
      100.6239808916597,
      81.02505677139796
    ],
    [
      100.4375886686327,
      80.00665281568715
    ],
    [
      100.22844262251684,
      78.99305625505721
    ],
    [
      99.99642411176501,
      77.98523561356478
    ],
    [
      99.74141449483005,
      76.98415941526643
    ],
    [
      99.46329513016482,
      75.99079618421877
    ],
    [
      99.1619473762222,
      75.0061144444784
    ],
    [
      98.83725259145501,
      74.03108272010189
    ],
    [
      98.48909213431607,
      73.06666953514586
    ],
    [
      98.11734736325832,
      72.11384341366691
    ],
    [
      97.72189963673455,
      71.17357287972162
    ],
    [
      97.30263031319764,
      70.2468264573666
    ],
    [
      96.85942075110043,
      69.33457267065842
    ],
    [
      96.39215230889579,
      68.43778004365372
    ],
    [
      95.90070634503654,
      67.55741710040907
    ],
    [
      95.38496421797555,
      66.69445236498105
    ],
    [
      94.84480728616569,
      65.8498543614263
    ],
    [
      94.28011690805981,
      65.02459161380138
    ],
    [
      93.69077444211078,
      64.2196326461629
    ],
    [
      93.07666124677137,
      63.43594598256744
    ],
    [
      92.43765868049454,
      62.67450014707164
    ],
    [
      91.77364810173309,
      61.93626366373208
    ],
    [
      91.08453709336858,
      61.22216993849249
    ],
    [
      90.37070096812725,
      60.53252602277609
    ],
    [
      89.63291799269147,
      59.86709935729968
    ],
    [
      88.87197961268271,
      59.22563973436986
    ],
    [
      88.08867727372244,
      58.607896946293245
    ],
    [
      87.28380242143218,
      58.013620785376474
    ],
    [
      86.45814650143343,
      57.44256104392614
    ],
    [
      85.6125009593477,
      56.89446751424888
    ],
    [
      84.74765724079647,
      56.36908998865132
    ],
    [
      83.86440679140122,
      55.86617825944005
    ],
    [
      82.96354105678348,
      55.385482118921715
    ],
    [
      82.04585148256474,
      54.92675135940294
    ],
    [
      81.11215616005651,
      54.489795241933464
    ],
    [
      80.16373266721826,
      54.075448525247396
    ],
    [
      79.202246216342,
      53.68541110336055
    ],
    [
      78.22937416455937,
      53.321409975548235
    ],
    [
      77.24679386900195,
      52.98517214108574
    ],
    [
      76.25618268680145,
      52.67842459924841
    ],
    [
      75.2592179750894,
      52.40289434931152
    ],
    [
      74.25757709099746,
      52.16030839055037
    ],
    [
      73.25293739165723,
      51.95239372224033
    ],
    [
      72.24697623420033,
      51.78087734365664
    ],
    [
      71.24137097575839,
      51.64748625407466
    ],
    [
      70.23779897346304,
      51.55394745276967
    ],
    [
      69.23793758444586,
      51.50198793901699
    ],
    [
      68.2434641658385,
      51.49333471209193
    ],
    [
      67.25605607477256,
      51.52971477126981
    ],
    [
      66.27739066837967,
      51.61285511582591
    ],
    [
      65.30914530379144,
      51.744482745035555
    ],
    [
      64.35299733813949,
      51.92632465817406
    ],
    [
      63.41062412855546,
      52.16010785451675
    ],
    [
      62.48370303217094,
      52.44755933333891
    ],
    [
      61.573911406117546,
      52.79040609391585
    ],
    [
      60.68292660752692,
      53.19037513552288
    ],
    [
      59.81242599353067,
      53.64919345743532
    ],
    [
      58.964086921260396,
      54.168588058928464
    ],
    [
      58.13958674784775,
      54.75028593927765
    ],
    [
      57.34060283042432,
      55.39601409775815
    ],
    [
      56.56881252612175,
      56.10749953364531
    ],
    [
      55.82589319207163,
      56.886469246214396
    ],
    [
      55.1135221854056,
      57.73465023474077
    ],
    [
      54.433376863255276,
      58.65376949849971
    ],
    [
      53.78713458275226,
      59.64555403676651
    ]
  ],