{
  "test_id": 2,
  "test_outcome": "NOT_EXECUTED",
  "predicted_test_outcome": null,
  "test_duration": null,
  "road_points": [
    [
      100.00000000000004,
      100.00000000000004
    ],
    [
      100.28930011490507,
      98.99396631449765
    ],
    [
      100.53369187949862,
      97.98522241064106
    ],
    [
      100.73398706504433,
      96.97454338458157
    ],
    [
      100.89099744280594,
      95.9627043324705
    ],
    [
      101.00553478404706,
      94.95048035045922
    ],
    [
      101.07841086003133,
      93.93864653469893
    ],
    [
      101.1104374420224,
      92.92797798134106
    ],
    [
      101.10242630128396,
      91.91924978653682
    ],
    [
      101.05518920907973,
      90.9132370464377
    ],
    [
      100.96953793667326,
      89.91071485719485
    ],
    [
      100.84628425532827,
      88.91245831495964
    ],
    [
      100.68623993630848,
      87.91924251588345
    ],
    [
      100.49021675087745,
      86.93184255611754
    ],
    [
      100.2590264702989,
      85.95103353181325
    ],
    [
      99.99348086583649,
      84.97759053912188
    ],
    [
      99.69439170875383,
      84.01228867419476
    ],
    [
      99.36257077031466,
      83.05590303318318
    ],
    [
      98.99882982178258,
      82.10920871223851
    ],
    [
      98.60398063442129,
      81.17298080751205
    ],
    [
      98.17883497949443,
      80.2479944151551
    ],
    [
      97.72420462826567,
      79.335024631319
    ],
    [
      97.24090135199867,
      78.43484655215504
    ],
    [
      96.72973692195708,
      77.54823527381457
    ],
    [
      96.1915231094046,
      76.6759658924489
    ],
    [
      95.62707168560486,
      75.81881350420934
    ],
    [
      95.03719442182152,
      74.97755320524722
    ],
    [
      94.42270308931826,
      74.15296009171385
    ],
    [
      93.78440945935876,
      73.34580925976054
    ],
    [
      93.1231253032066,
      72.55687580553864
    ],
    [
      92.43966239212553,
      71.78693482519945
    ],
    [
      91.73483249737917,
      71.0367614148943
    ],
    [
      91.0094473902312,
      70.30713067077447
    ],
    [
      90.26431884194527,
      69.59881768899132
    ],
    [
      89.50025862378506,
      68.91259756569615
    ],
    [
      88.71807850701418,
      68.24924539704027
    ],
    [
      87.91859026289636,
      67.60953627917502
    ],
    [
      87.10260566269523,
      66.9942453082517
    ],
    [
      86.27093647767444,
      66.40414758042168
    ],
    [
      85.42439447909766,
      65.8400181918362
    ],
    [
      84.56377429103729,
      65.30257683305871
    ],
    [
      83.68969967399605,
      64.79199110443726
    ],
    [
      82.8026963219822,
      64.30811173624534
    ],
    [
      81.9032887635162,
      63.85078569286065
    ],
    [
      80.99200152711863,
      63.41985993866099
    ],
    [
      80.06935914130993,
      63.01518143802412
    ],
    [
      79.1358861346106,
      62.63659715532776
    ],
    [
      78.19210703554118,
      62.283954054949724
    ],
    [
      77.2385463726222,
      61.95709910126777
    ],
    [
      76.2757286743741,
      61.65587925865964
    ],
    [
      75.30417846931739,
      61.38014149150309
    ],
    [
      74.32442028597261,
      61.129732764175905
    ],
    [
      73.33697865286022,
      60.904500041055854
    ],
    [
      72.34237809850079,
      60.704290286520674
    ],
    [
      71.34114315141476,
      60.52895046494813
    ],
    [
      70.33379834012267,
      60.37832754071601
    ],
    [
      69.32086819314503,
      60.25226847820206
    ],
    [
      68.30287723900229,
      60.15062024178403
    ],
    [
      67.28035000621503,
      60.07322979583972
    ],
    [
      66.25381102330368,
      60.019944104746855
    ],
    [
      65.22378481878881,
      59.99061013288322
    ],
    [
      64.19079592119087,
      59.98507484462656
    ],
    [
      63.15542627234588,
      60.003227493352036
    ],
    [
      62.11876752881236,
      60.0453327736435
    ],
    [
      61.082178098755506,
      60.11185186164831
    ],
    [
      60.04701872658829,
      60.203247654326795
    ],
    [
      59.01465015672363,
      60.31998304863927
    ],
    [
      57.98643313357453,
      60.46252094154603
    ],
    [
      56.9637284015539,
      60.63132423000739
    ],
    [
      55.947896705074754,
      60.82685581098365
    ],
    [
      54.940298788550024,
      61.049578581435156
    ],
    [
      53.942295396392666,
      61.2999554383222
    ],
    [
      52.95524727301567,
      61.57844927860509
    ],
    [
      51.980515162831985,
      61.88552299924413
    ],
    [
      51.019459810254524,
      62.22163949719964
    ],
    [
      50.073441959696325,
      62.58726166943195
    ],
    [
      49.14382235557029,
      62.98285241290135
    ],
    [
      48.2319617422894,
      63.40887462456815
    ],
    [
      47.339220864266636,
      63.86579120139269
    ],
    [
      46.466960465914916,
      64.35406504033524
    ],
    [
      45.61654129164724,
      64.87415903835614
    ],
    [
      44.78932408587654,
      65.42653609241567
    ],
    [
      43.98666959301579,
      66.01165909947419
    ],
    [
      43.20992507768018,
      66.62997769878022
    ],
    [
      42.45925823269168,
      67.28078139178936
    ],
    [
      41.73275565613129,
      67.96131287223122
    ],
    [
      41.02829173468745,
      68.66860611872538
    ],
    [
      40.34374085504855,
      69.39969510989134
    ],
    [
      39.676977403903024,
      70.15161382434871
    ],
    [
      39.02587576793925,
      70.921396240717
    ],
    [
      38.38831033384563,
      71.70607633761576
    ],
    [
      37.76215548831061,
      72.50268809366455
    ],
    [
      37.145285618022584,
      73.30826548748291
    ],
    [
      36.53557510966995,
      74.1198424976904
    ],
    [
      35.9308983499411,
      74.93445310290653
    ],
    [
      35.32912972552449,
      75.74913128175088
    ],
    [
      34.72814362310849,
      76.560911012843
    ],
    [
      34.12581442938151,
      77.36682627480242
    ],
    [
      33.520016531031985,
      78.16391104624873
    ],
    [
      32.9086243147483,
      78.94919930580141
    ],
    [
      32.28951216721887,
      79.71972503208004
    ],
    [
      31.6605544751321,
      80.4725222037042
    ],
    [
      31.019625625176396,
      81.20462479929337
    ],
    [
      30.364600004040177,
      81.91306679746715
    ],
    [
      29.69335199841184,
      82.59488217684508
    ],
    [
      29.003755994979816,
      83.2471049160467
    ],
    [
      28.293686380432483,
      83.86676899369155
    ],
    [
      27.56101754145826,
      84.45090838839921
    ],
    [
      26.803623864745553,
      84.99655707878918
    ],
    [
      26.019379736982778,
      85.50074904348105
    ],
    [
      25.206159544858338,
      85.96051826109434
    ],
    [
      24.36183767506064,
      86.37289871024859
    ],
    [
      23.4842885142781,
      86.73492436956339
    ],
    [
      22.57138644919912,
      87.04362921765825
    ],
    [
      21.6210058665121,
      87.29604723315273
    ],
    [
      20.63102115290546,
      87.48921239466637
    ],
    [
      19.599306695067614,
      87.62015868081875
    ],
    [
      18.523736879686957,
      87.68592007022937
    ],
    [
      17.402186093451895,
      87.6835305415178
    ],
    [
      16.23252872305085,
      87.61002407330359
    ],
    [
      15.012639155172241,
      87.4624346442063
    ],
    [
      13.740391776504438,
      87.23779623284547
    ],
    [
      12.413660973735869,
      86.9331428178406
    ],
    [
      11.030321133554946,
      86.54550837781132
    ],
    [
      9.588246642650072,
      86.07192689137713
    ],
    [
      8.085311887709654,
      85.50943233715756
    ]
  ],