{
  "test_id": 3,
  "test_outcome": "NOT_EXECUTED",
  "predicted_test_outcome": null,
  "test_duration": null,
  "road_points": [
    [
      99.99999999999997,
      99.99999999999997
    ],
    [
      99.94599223124933,
      101.48162709514122
    ],
    [
      99.82955714860844,
      102.87874681749516
    ],
    [
      99.65302565058728,
      104.19478698490059
    ],
    [
      99.41872863569559,
      105.43317541519615
    ],
    [
      99.12899700244324,
      106.59733992622058
    ],
    [
      98.78616164934016,
      107.69070833581267
    ],
    [
      98.39255347489618,
      108.71670846181111
    ],
    [
      97.95050337762119,
      109.67876812205466
    ],
    [
      97.46234225602498,
      110.580315134382
    ],
    [
      96.93040100861751,
      111.42477731663192
    ],
    [
      96.35701053390856,
      112.21558248664309
    ],
    [
      95.7445017304081,
      112.95615846225431
    ],
    [
      95.09520549662591,
      113.64993306130425
    ],
    [
      94.41145273107189,
      114.30033410163172
    ],
    [
      93.6955743322559,
      114.91078940107539
    ],
    [
      92.94990119868775,
      115.48472677747395
    ],
    [
      92.1767642288774,
      116.02557404866623
    ],
    [
      91.37849432133466,
      116.53675903249089
    ],
    [
      90.55742237456941,
      117.0217095467867
    ],
    [
      89.71587928709151,
      117.48385340939237
    ],
    [
      88.85619595741079,
      117.92661843814663
    ],
    [
      87.98070328403716,
      118.35343245088822
    ],
    [
      87.09173216548051,
      118.7677232654559
    ],
    [
      86.19161350025064,
      119.17291869968835
    ],
    [
      85.28267818685744,
      119.57244657142431
    ],
    [
      84.3672571238108,
      119.96973469850255
    ],
    [
      83.44768120962055,
      120.36821089876176
    ],
    [
      82.52628134279658,
      120.77130299004068
    ],
    [
      81.60538842184873,
      121.18243879017808
    ],
    [
      80.68733334528686,
      121.6050461170126
    ],
    [
      79.77444701162088,
      122.0425527883831
    ],
    [
      78.86906031936061,
      122.49838662212821
    ],
    [
      77.97350416701596,
      122.97597543608669
    ],
    [
      77.09012181518246,
      123.47866794744769
    ],
    [
      76.22148121320419,
      124.00837516892413
    ],
    [
      75.37034614463984,
      124.56575503879209
    ],
    [
      74.5394869500291,
      125.1514235395064
    ],
    [
      73.73167396991174,
      125.76599665352192
    ],
    [
      72.94967754482741,
      126.41009036329343
    ],
    [
      72.19626801531587,
      127.08432065127586
    ],
    [
      71.47421572191676,
      127.78930349992397
    ],
    [
      70.78629100516986,
      128.52565489169262
    ],
    [
      70.13526420561487,
      129.29399080903673
    ],
    [
      69.52390566379151,
      130.0949272344111
    ],
    [
      68.95498572023945,
      130.9290801502705
    ],
    [
      68.43123443639266,
      131.79694662954452
    ],
    [
      67.9546102350701,
      132.69674576059305
    ],
    [
      67.52637719755326,
      133.62464683893555
    ],
    [
      67.14777463944638,
      134.57674604836595
    ],
    [
      66.82004187635377,
      135.5491395726783
    ],
    [
      66.54441822387972,
      136.53792359566677
    ],
    [
      66.32214299762853,
      137.53919430112526
    ],
    [
      66.15445551320444,
      138.54904787284786
    ],
    [
      66.04259508621176,
      139.56358049462858
    ],
    [
      65.98780103225478,
      140.5788883502615
    ],
    [
      65.99131266693777,
      141.59106762354065
    ],
    [
      66.05436930586502,
      142.59621449826008
    ],
    [
      66.17809860316162,
      143.5905154635399
    ],
    [
      66.36137099010682,
      144.57198251937984
    ],
    [
      66.60096001708253,
      145.54032350139417
    ],
    [
      66.89355969597139,
      146.49531057132043
    ],
    [
      67.23586403865609,
      147.43671589089647
    ],
    [
      67.62456705701926,
      148.36431162185983
    ],
    [
      68.0563627629436,
      149.27786992594838
    ],
    [
      68.52794516831177,
      150.17716296489965
    ],
    [
      69.03600828500646,
      151.06196290045142
    ],
    [
      69.5772461249103,
      151.9320418943414
    ],
    [
      70.148352699906,
      152.78717210830726
    ],
    [
      70.74602202187621,
      153.62712570408672
    ],
    [
      71.36694810270357,
      154.45167484341744
    ],
    [
      72.0078249542708,
      155.26059168803715
    ],
    [
      72.66534658846052,
      156.05364839968348
    ],
    [
      73.33621752317426,
      156.83061457254036
    ],
    [
      74.01853045177437,
      157.59092054618046
    ],
    [
      74.71313941895247,
      158.33332181668771
    ],
    [
      75.42122503972644,
      159.0564940699981
    ],
    [
      76.14396792911417,
      159.75911299204753
    ],
    [
      76.88254870213353,
      160.43985426877194
    ],
    [
      77.63814797380245,
      161.0973935861073
    ],
    [
      78.4119463591388,
      161.73040662998952
    ],
    [
      79.20512447316047,
      162.33756908635448
    ],
    [
      80.01886293088532,
      162.91755664113822
    ],
    [
      80.8543423473313,
      163.46904498027658
    ],
    [
      81.71274333751624,
      163.99070978970553
    ],
    [
      82.59523764027935,
      164.48122911930463
    ],
    [
      83.50199673619029,
      164.9395474122106
    ],
    [
      84.43128791505454,
      165.3651162441631
    ],
    [
      85.38116496095478,
      165.7574440527011
    ],
    [
      86.34968165797365,
      166.1160392753635
    ],
    [
      87.33489179019386,
      166.44041034968933
    ],
    [
      88.33484914169804,
      166.73006571321739
    ],
    [
      89.34760749656894,
      166.9845138034868
    ],
    [
      90.37122063888916,
      167.20326305803636
    ],
    [
      91.40374235274142,
      167.38582191440508
    ],
    [
      92.44322642220837,
      167.53169881013193
    ],
    [
      93.48772663137268,
      167.64040218275576
    ],
    [
      94.53529676431702,
      167.71144046981556
    ],
    [
      95.58399060512413,
      167.74432210885033
    ],
    [
      96.63186193787661,
      167.73855553739895
    ],
    [
      97.67696454665717,
      167.6936491930004
    ],
    [
      98.71735221554847,
      167.60911151319354
    ],
    [
      99.7510787286332,
      167.4844509355174
    ],
    [
      100.77619786999401,
      167.31917589751095
    ],
    [
      101.79076342371357,
      167.11279483671302
    ],
    [
      102.79282917387461,
      166.86481619066265
    ],
    [
      103.78044890455972,
      166.5747483968987
    ],
    [
      104.75167639985165,
      166.2420998929602
    ],
    [
      105.70456544383303,
      165.86637911638604
    ],
    [
      106.63716982058656,
      165.44709450471518
    ],
    [
      107.54806154924292,
      164.98442986131425
    ],
    [
      108.43830072269971,
      164.48181145646745
    ],
    [
      109.30969321538788,
      163.94363746570653
    ],
    [
      110.1640450417235,
      163.3743062469923
    ],
    [
      111.00316221612282,
      162.77821615828563
    ],
    [
      111.8288507530019,
      162.15976555754736
    ],
    [
      112.64291666677698,
      161.52335280273843
    ],
    [
      113.44716597186412,
      160.8733762518197
    ],
    [
      114.24340468267948,
      160.21423426275197
    ],
    [
      115.03343881363928,
      159.55032519349618
    ],
    [
      115.81907437915956,
      158.8860474020131
    ],
    [
      116.60211739365656,
      158.22579924626373
    ],
    [
      117.38437387154632,
      157.57397908420882
    ],
    [
      118.1676498272451,
      156.93498527380933
    ],
    [
      118.95375127516898,
      156.3132161730261
    ],
    [
