{
  "test_id": 5,
  "test_outcome": "NOT_EXECUTED",
  "predicted_test_outcome": null,
  "test_duration": null,
  "road_points": [
    [
      100.00000000000004,
      100.00000000000003
    ],
    [
      99.71936182267693,
      98.98914606059009
    ],
    [
      99.4152539035072,
      97.9956345120751
    ],
    [
      99.0887648555297,
      97.0185542782736
    ],
    [
      98.74098329178314,
      96.05699428300413
    ],
    [
      98.37299782530636,
      95.11004345008527
    ],
    [
      97.9858970691381,
      94.17679070333561
    ],
    [
      97.58076963631723,
      93.2563249665737
    ],
    [
      97.15870413988246,
      92.3477351636181
    ],
    [
      96.72078919287259,
      91.45011021828736
    ],
    [
      96.26811340832641,
      90.56253905440008
    ],
    [
      95.80176539928273,
      89.6841105957748
    ],
    [
      95.32283377878028,
      88.8139137662301
    ],
    [
      94.83240715985791,
      87.95103748958454
    ],
    [
      94.33157415555438,
      87.09457068965666
    ],
    [
      93.82142337890842,
      86.24360229026504
    ],
    [
      93.3030434429589,
      85.39722121522826
    ],
    [
      92.77752296074456,
      84.55451638836485
    ],
    [
      92.24595054530418,
      83.71457673349339
    ],
    [
      91.70941480967659,
      82.87649117443249
    ],
    [
      91.16900436690051,
      82.03934863500062
    ],
    [
      90.62580783001478,
      81.20223803901644
    ],
    [
      90.08091381205817,
      80.36424831029845
    ],
    [
      89.53541092606945,
      79.52446837266524
    ],
    [
      88.99038778508744,
      78.68198714993538
    ],
    [
      88.44693300215089,
      77.83589356592742
    ],
    [
      87.90613519029856,
      76.98527654445992
    ],
    [
      87.36908296256931,
      76.12922500935146
    ],
    [
      86.83686493200189,
      75.26682788442058
    ],
    [
      86.31056694877645,
      74.39717689517914
    ],
    [
      85.79018799265465,
      73.5204659145743
    ],
    [
      85.27299170979302,
      72.63966259692242
    ],
    [
      84.75581819910818,
      71.75816409714652
    ],
    [
      84.23550755951676,
      70.87936757016969
    ],
    [
      83.70889988993541,
      70.00667017091502
    ],
    [
      83.17283528928073,
      69.14346905430556
    ],
    [
      82.62415385646939,
      68.29316137526436
    ],
    [
      82.05969569041804,
      67.45914428871451
    ],
    [
      81.47630089004323,
      66.64481494957906
    ],
    [
      80.87080955426167,
      65.85357051278112
    ],
    [
      80.24006178198997,
      65.08880813324372
    ],
    [
      79.58089767214474,
      64.35392496588992
    ],
    [
      78.89015732364265,
      63.652318165642804
    ],
    [
      78.16486960198776,
      62.98717395902501
    ],
    [
      77.40603425435162,
      62.357241496433176
    ],
    [
      76.61842624608578,
      61.75705148715708
    ],
    [
      75.80697014510706,
      61.18096747409215
    ],
    [
      74.97659051933232,
      60.62335300013384
    ],
    [
      74.13221193667836,
      60.078571608177555
    ],
    [
      73.27875896506202,
      59.54098684111873
    ],
    [
      72.42115617240015,
      59.0049622418528
    ],
    [
      71.56432812660951,
      58.46486135327518
    ],
    [
      70.71319939560696,
      57.91504771828129
    ],
    [
      69.87269454730938,
      57.34988487976659
    ],
    [
      69.04773814963353,
      56.76373638062647
    ],
    [
      68.24325477049625,
      56.15096576375639
    ],
    [
      67.46404148359792,
      55.50615616329382
    ],
    [
      66.71264904473901,
      54.827759686819995
    ],
    [
      65.989707580893,
      54.11753646075329
    ],
    [
      65.29578536404844,
      53.37735314821104
    ],
    [
      64.6314506661939,
      52.60907641231056
    ],
    [
      63.997271759317975,
      51.81457291616917
    ],
    [
      63.39381691540923,
      50.995709322904204
    ],
    [
      62.821654406456204,
      50.154352295632954
    ],
    [
      62.28135250444755,
      49.292368497472786
    ],
    [
      61.77347948137177,
      48.411624591541
    ],
    [
      61.29860360921748,
      47.51398724095492
    ],
    [
      60.85729315997323,
      46.601323108831856
    ],
    [
      60.45011640562763,
      45.67549885828917
    ],
    [
      60.077641618169224,
      44.73838115244415
    ],
    [
      59.73970467985556,
      43.7917519922937
    ],
    [
      59.432435604571175,
      42.83696499124101
    ],
    [
      59.15079502365396,
      41.875238585471756
    ],
    [
      58.8897431235107,
      40.907791159738835
    ],
    [
      58.64424009054819,
      39.93584109879516
    ],
    [
      58.40924611117323,
      38.960606787393665
    ],
    [
      58.17972137179262,
      37.983306610287265
    ],
    [
      57.950626058813135,
      37.00515895222886
    ],
    [
      57.71692035864158,
      36.02738219797139
    ],
    [
      57.473564457684745,
      35.051194732267746
    ],
    [
      57.21673125296336,
      34.077571112453064
    ],
    [
      56.94817730550273,
      33.10636324519833
    ],
    [
      56.67126515651523,
      32.13710013903419
    ],
    [
      56.389357491111575,
      31.16931077355908
    ],
    [
      56.10581699440251,
      30.202524128371408
    ],
    [
      55.82400635149881,
      29.23626918306964
    ],
    [
      55.547288247511275,
      28.27007491725223
    ],
    [
      55.27902536755058,
      27.30347031051757
    ],
    [
      55.02258039672753,
      26.335984342464133
    ],
    [
      54.78131602015285,
      25.367145992690343
    ],
    [
      54.558594922937324,
      24.396484240794642
    ],
    [
      54.35777979019169,
      23.423528066375457
    ],
    [
      54.1822333070267,
      22.44780644903124
    ],
    [
      54.03531815855311,
      21.468848368360423
    ],
    [
      53.92039702988167,
      20.486182803961437
    ],
    [
      53.840832606123165,
      19.499338735432737
    ],
    [
      53.799987572388304,
      18.507845142372744
    ],
    [
      53.80122461378788,
      17.5112310043799
    ],
    [
      53.84790641543262,
      16.509025301052645
    ],
    [
      53.94339566243329,
      15.500757011989418
    ],
    [
      54.09105503990064,
      14.485955116788649
    ],
    [
      54.29424723294542,
      13.464148595048783
    ],
    [
      54.5563349266784,
      12.434866426368258
    ],
    [
      54.880680806210336,
      11.397637590345509
    ],
    [
      55.27064755665196,
      10.351991066578961
    ]
  ],