{
  "test_id": 4,
  "test_outcome": "NOT_EXECUTED",
  "predicted_test_outcome": null,
  "test_duration": null,
  "road_points": [
    [
      100.0,
      100.00000000000001
    ],
    [
      99.48923361173074,
      100.87952960343303
    ],
    [
      98.97768391003571,
      101.75627299422176
    ],
    [
      98.46564994695197,
      102.63049530703977
    ],
    [
      97.95343077451683,
      103.50246167656081
    ],
    [
      97.44132544476729,
      104.37243723745837
    ],
    [
      96.92963300974064,
      105.24068712440622
    ],
    [
      96.41865252147396,
      106.10747647207789
    ],
    [
      95.9086830320045,
      106.97307041514713
    ],
    [
      95.40002359336935,
      107.8377340882875
    ],
    [
      94.89297325760579,
      108.70173262617269
    ],
    [
      94.38783107675084,
      109.56533116347626
    ],
    [
      93.8848961028418,
      110.42879483487194
    ],
    [
      93.38446738791572,
      111.29238877503327
    ],
    [
      92.88684398400981,
      112.15637811863394
    ],
    [
      92.3923249431613,
      113.02102800034764
    ],
    [
      91.90120931740731,
      113.88660355484794
    ],
    [
      91.413796158785,
      114.75336991680852
    ],
    [
      90.93038451933153,
      115.62159222090293
    ],
    [
      90.45127345108408,
      116.49153560180494
    ],
    [
      89.97676200607984,
      117.3634651941881
    ],
    [
      89.50714923635593,
      118.23764613272606
    ],
    [
      89.04273419394956,
      119.11434355209246
    ],
    [
      88.58381593089787,
      119.99382258696097
    ],
    [
      88.13069349923803,
      120.8763483720052
    ],
    [
      87.68366595100723,
      121.76218604189879
    ],
    [
      87.24303233824261,
      122.65160073131537
    ],
    [
      86.80909171298136,
      123.54485757492861
    ],
    [
      86.38214312726063,
      124.4422217074121
    ],
    [
      85.96248563311758,
      125.34395826343952
    ],
    [
      85.55041828258939,
      126.25033237768449
    ],
    [
      85.14624012771327,
      127.16160918482066
    ],
    [
      84.7502502205263,
      128.07805381952167
    ],
    [
      84.36274761306571,
      128.99993141646115
    ],
    [
      83.98403135736865,
      129.92750711031272
    ],
    [
      83.61440050547228,
      130.86104603575
    ],
    [
      83.25415410941378,
      131.80081332744675
    ],
    [
      82.90359122123029,
      132.74707412007643
    ],
    [
      82.56301089295903,
      133.70009354831285
    ],
    [
      82.23271217663711,
      134.66013674682952
    ],
    [
      81.91299412430173,
      135.62746885030015
    ],
    [
      81.60415578799004,
      136.6023549933983
    ],
    [
      81.30649621973924,
      137.58506031079773
    ],
    [
      81.02031447158647,
      138.575849937172
    ],
    [
      80.74590959556889,
      139.57498900719474
    ],
    [
      80.48337848944385,
      140.5825876489597
    ],
    [
      80.23110851206157,
      141.59744516113201
    ],
    [
      79.98662752558275,
      142.61770180294224
    ],
    [
      79.74745688492202,
      143.64149284403592
    ],
    [
      79.51111794499391,
      144.6669535540586
    ],
    [
      79.27513206071309,
      145.69221920265602
    ],
    [
      79.0370205869942,
      146.71542505947372
    ],
    [
      78.79430487875179,
      147.73470639415729
    ],
    [
      78.5445062909005,
      148.74819847635226
    ],
    [
      78.28514617835495,
      149.75403657570433
    ],
    [
      78.01374589602973,
      150.75035596185904
    ],
    [
      77.72782679883949,
      151.73529190446206
    ],
    [
      77.4249102416988,
      152.70697967315888
    ],
    [
      77.10251757952231,
      153.6635545375952
    ],
    [
      76.7581701672246,
      154.60315176741656
    ],
    [
      76.38938935972034,
      155.52390663226862
    ],
    [
      75.99369651192406,
      156.42395440179686
    ],
    [
      75.56861297875042,
      157.30143034564696
    ],
    [
      75.11166011511403,
      158.15446973346454
    ],
    [
      74.62035927592953,
      158.98120783489517
    ],
    [
      74.09223181611148,
      159.77977991958446
    ],
    [
      73.5247990905745,
      160.54832125717795
    ],
    [
      72.91558245423326,
      161.28496711732134
    ],
    [
      72.26280816914868,
      161.9883875374865
    ],
    [
      71.56885642702326,
      162.66040387505583
    ],
    [
      70.83762382658198,
      163.30398788812983
    ],
    [
      70.07300919265614,
      163.9221130236128
    ],
    [
      69.27891135007701,
      164.51775272840925
    ],
    [
      68.45922912367583,
      165.09388044942352
    ],
    [
      67.61786133828384,
      165.6534696335601
    ],
    [
      66.75870681873236,
      166.1994937277233
    ],
    [
      65.88566438985265,
      166.7349261788177
    ],
    [
      65.00263287647594,
      167.26274043374752
    ],
    [
      64.11351110343354,
      167.78590993941737
    ],
    [
      63.222197895556675,
      168.30740814273153
    ],
    [
      62.332592077676615,
      168.83020849059446
    ],
    [
      61.448592474624625,
      169.35728442991058
    ],
    [
      60.57354685951449,
      169.89118914684053
    ],
    [
      59.70788099623099,
      170.43224735110067
    ],
    [
      58.851055821538075,
      170.9800479249876
    ],
    [
      58.002531667591846,
      171.53417928969256
    ],
    [
      57.16176886654843,
      172.09422986640666
    ],
    [
      56.32822775056396,
      172.6597880763212
    ],
    [
      55.501368651794564,
      173.23044234062726
    ],
    [
      54.68065190239634,
      173.8057810805162
    ],
    [
      53.865537834525455,
      174.38539271717906
    ],
    [
      53.055486780338015,
      174.9688656718071
    ],
    [
      52.24995907199012,
      175.55578836559152
    ],
    [
      51.44841504163792,
      176.14574921972354
    ],
    [
      50.65031502143752,
      176.7383366553943
    ],
    [
      49.855119343545084,
      177.333139093795
    ],
    [
      49.06228834011669,
      177.9297449561169
    ],
    [
      48.27128234330849,
      178.52774266355112
    ],
    [
      47.4815616852766,
      179.12672063728897
    ],
    [
      46.692586698177145,
      179.7262672985215
    ],
    [
      45.90381771416623,
      180.32597106843997
    ],
    [
      45.11471506540003,
      180.92542036823562
    ],
    [
      44.32473908403462,
      181.52420361909958
    ],
    [
      43.533350102226144,
      182.12190924222313
    ],
    [
      42.740008452130716,
      182.7181256587974
    ],
    [
      41.94417446590449,
      183.31244129001357
    ],
    [
      41.14530847570356,
      183.90444455706285
    ],
    [
      40.342870813684044,
      184.49372388113648
    ],
    [
      39.536321812002086,
      185.07986768342562
    ],
    [
      38.72512180281382,
      185.6624643851215
    ],
    [
      37.90873111827535,
      186.24110240741524
    ],
    [
      37.086610090542806,
      186.8153701714981
    ],
    [
      36.2582190517723,
      187.3848560985613
    ],
    [
      35.42301833411998,
      187.94914860979597
    ],
    [
      34.58046826974197,
      188.50783612639339
    ],
    [
      33.73002919079436,
      189.06050706954466
    ],
    [
      32.87116142943332,
      189.60674986044106
    ],
    [
      32.00332531781494,
      190.1461529202737
    ],
    [
      31.125981188095366,
      190.67830467023384
    ],
    [
      30.2385893724307,
      191.20279353151267
    ]
  ],