{
  "test_id": 8,
  "test_outcome": "NOT_EXECUTED",
  "predicted_test_outcome": null,
  "test_duration": null,
  "road_points": [
    [
      100.0,
      100.0
    ],
    [
      100.41647654691148,
      98.92940324818356
    ],
    [
      100.79136710961309,
      97.86284422532741
    ],
    [
      101.12537000458777,
      96.80052540081647
    ],
    [
      101.41918354831816,
      95.74264924403545
    ],
    [
      101.67350605728693,
      94.68941822436906
    ],
    [
      101.88903584797691,
      93.64103481120222
    ],
    [
      102.0664712368707,
      92.59770147391956
    ],
    [
      102.20651054045115,
      91.55962068190594
    ],
    [
      102.3098520752009,
      90.5269949045461
    ],
    [
      102.37719415760276,
      89.50002661122483
    ],
    [
      102.40923510413938,
      88.47891827132692
    ],
    [
      102.40667323129355,
      87.46387235423711
    ],
    [
      102.37020685554795,
      86.45509132934019
    ],
    [
      102.30053429338531,
      85.45277766602092
    ],
    [
      102.1983538612884,
      84.45713383366412
    ],
    [
      102.06436387573989,
      83.4683623016545
    ],
    [
      101.89926265322256,
      82.48666553937692
    ],
    [
      101.7037485102191,
      81.51224601621605
    ],
    [
      101.47851976321228,
      80.54530620155677
    ],
    [
      101.22427472868475,
      79.58604856478377
    ],
    [
      100.94171172311931,
      78.63467557528186
    ],
    [
      100.63152906299867,
      77.69138970243581
    ],
    [
      100.29442506480554,
      76.75639341563041
    ],
    [
      99.93109804502264,
      75.82988918425042
    ],
    [
      99.54224632013272,
      74.9120794776806
    ],
    [
      99.12856820661851,
      74.00316676530575
    ],
    [
      98.69076202096274,
      73.10335351651065
    ],
    [
      98.22952607964811,
      72.21284220068006
    ],
    [
      97.74555869915736,
      71.33183528719873
    ],
    [
      97.23955819597322,
      70.46053524545147
    ],
    [
      96.71222288657842,
      69.59914454482305
    ],
    [
      96.16425108745568,
      68.74786565469823
    ],
    [
      95.59634111508775,
      67.90690104446182
    ],
    [
      95.0091912859573,
      67.07645318349853
    ],
    [
      94.40349991654712,
      66.2567245411932
    ],
    [
      93.77996532333992,
      65.44791758693056
    ],
    [
      93.13928582281841,
      64.65023479009542
    ],
    [
      92.48215973146533,
      63.863878620072526
    ],
    [
      91.8092853657634,
      63.08905154624669
    ],
    [
      91.12136104219535,
      62.32595603800262
    ],
    [
      90.41908507724388,
      61.574794564725146
    ],
    [
      89.70315578739182,
      60.83576959579904
    ],
    [
      88.97427148912178,
      60.10908360060906
    ],
    [
      88.23313049891655,
      59.39493904853998
    ],
    [
      87.4804311332588,
      58.69353840897659
    ],
    [
      86.71687170863132,
      58.00508415130365
    ],
    [
      85.9431505415168,
      57.32977874490593
    ],
    [
      85.15996594949019,
      56.66782465647362
    ],
    [
      84.36814458469811,
      56.01910773087443
    ],
    [
      83.56899533880974,
      55.382324051290205
    ],
    [
      82.76394035430717,
      54.75589029311474
    ],
    [
      81.9544017736726,
      54.13822313174186
    ],
    [
      81.14180173938819,
      53.52773924256538
    ],
    [
      80.32756239393606,
      52.922855300979116
    ],
    [
      79.5131058797984,
      52.32198798237684
    ],
    [
      78.69985433945739,
      51.723553962152415
    ],
    [
      77.88922991539519,
      51.125969915699635
    ],
    [
      77.08265475009391,
      50.52765251841229
    ],
    [
      76.28155098603574,
      49.92701844568421
    ],
    [
      75.48734076570285,
      49.322484372909216
    ],
    [
      74.7014462315774,
      48.7124669754811
    ],
    [
      73.92528952614154,
      48.09538292879367
    ],
    [
      73.16029279187742,
      47.46964890824075
    ],
    [
      72.4078781712672,
      46.83368158921614
    ],
    [
      71.66946780679308,
      46.18589764711366
    ],
    [
      70.94648384093719,
      45.52471375732712
    ],
    [
      70.24034841618167,
      44.84854659525033
    ],
    [
      69.55248367500872,
      44.15581283627709
    ],
    [
      68.88431175990047,
      43.44492915580124
    ],
    [
      68.23725481333909,
      42.71431222921656
    ],
    [
      67.61273497780675,
      41.962378731916864
    ],
    [
      67.0121743957856,
      41.18754533929599
    ],
    [
      66.43699520975781,
      40.38822872674772
    ],
    [
      65.88861956220552,
      39.562845569665875
    ],
    [
      65.36846959561092,
      38.70981254344427
    ],
    [
      64.87796745245615,
      37.82754632347671
    ],
    [
      64.41853527522336,
      36.91446358515701
    ],
    [
      63.991595206394734,
      35.96898100387898
    ],
    [
      63.59856938845242,
      34.98951525503642
    ],
    [
      63.24087996387857,
      33.97448301402316
    ],
    [
      62.91994907515537,
      32.922300956233016
    ],
    [
      62.637198864764954,
      31.831385757059763
    ],
    [
      62.3940514751895,
      30.700154091897243
    ],
    [
      62.19192904891115,
      29.527022636139247
    ],
    [
      62.03225372841207,
      28.31040806517961
    ]
  ],