{
  "test_id": 13,
  "test_outcome": "NOT_EXECUTED",
  "predicted_test_outcome": null,
  "test_duration": null,
  "road_points": [
    [
      100.0,
      100.0
    ],
    [
      99.58702071745128,
      101.08400465848844
    ],
    [
      99.15167875231239,
      102.13616341005033
    ],
    [
      98.69444070757099,
      103.1572555046834
    ],
    [
      98.2157731862148,
      104.14806019238563
    ],
    [
      97.7161427912313,
      105.10935672315458
    ],
    [
      97.19601612560824,
      106.04192434698817
    ],
    [
      96.65585979233325,
      106.9465423138842
    ],
    [
      96.09614039439396,
      107.82398987384043
    ],
    [
      95.51732453477803,
      108.6750462768547
    ],
    [
      94.9198788164731,
      109.5004907729248
    ],
    [
      94.30426984246681,
      110.30110261204851
    ],
    [
      93.67096421574679,
      111.0776610442236
    ],
    [
      93.02042853930068,
      111.83094531944792
    ],
    [
      92.35312941611616,
      112.56173468771925
    ],
    [
      91.66953344918083,
      113.27080839903539
    ],
    [
      90.97010724148237,
      113.95894570339414
    ],
    [
      90.25531739600841,
      114.62692585079328
    ],
    [
      89.52563051574657,
      115.27552809123064
    ],
    [
      88.78151320368454,
      115.90553167470401
    ],
    [
      88.02343206280992,
      116.51771585121114
    ],
    [
      87.25185369611036,
      117.11285987074986
    ],
    [
      86.46724470657352,
      117.69174298331802
    ],
    [
      85.67007169718704,
      118.25514443891332
    ],
    [
      84.86080127093858,
      118.80384348753364
    ],
    [
      84.03990003081574,
      119.33861937917673
    ],
    [
      83.20783457980617,
      119.8602513638404
    ],
    [
      82.36507152089757,
      120.36951869152244
    ],
    [
      81.51207745707751,
      120.8672006122207
    ],
    [
      80.6493189913337,
      121.3540763759329
    ],
    [
      79.77726272665372,
      121.8309252326569
    ],
    [
      78.89637526602527,
      122.29852643239047
    ],
    [
      78.00712321243593,
      122.75765922513138
    ],
    [
      77.10997316887341,
      123.20910286087751
    ],
    [
      76.2053917383253,
      123.65363658962659
    ],
    [
      75.29384552377928,
      124.0920396613764
    ],
    [
      74.37580112822297,
      124.52509132612478
    ],
    [
      73.45172515464404,
      124.95357083386955
    ],
    [
      72.52208316626209,
      125.37824466390721
    ],
    [
      71.58726183599424,
      125.7989103442985
    ],
    [
      70.64751498446945,
      126.2137336767138
    ],
    [
      69.70308367244165,
      126.6207237427155
    ],
    [
      68.7542089606648,
      127.01788962386603
    ],
    [
      67.80113190989279,
      127.40324040172781
    ],
    [
      66.84409358087957,
      127.77478515786332
    ],
    [
      65.88333503437902,
      128.13053297383487
    ],
    [
      64.91909733114512,
      128.4684929312049
    ],
    [
      63.95162153193177,
      128.78667411153583
    ],
    [
      62.98114869749289,
      129.08308559639013
    ],
    [
      62.007919888582386,
      129.35573646733008
    ],
    [
      61.032176165954205,
      129.60263580591817
    ],
    [
      60.054158590362285,
      129.82179269371684
    ],
    [
      59.07410822256052,
      130.0112162122885
    ],
    [
      58.092266123302835,
      130.16891544319546
    ],
    [
      57.108873353343185,
      130.2928994680003
    ],
    [
      56.12417097343546,
      130.3811773682652
    ],
    [
      55.138400044333615,
      130.43175822555284
    ],
    [
      54.151801626791524,
      130.4426511214254
    ],
    [
      53.16462084258557,
      130.41188531451687
    ],
    [
      52.17736219988514,
      130.33877881718846
    ],
    [
      51.19094156820887,
      130.2246934786655
    ],
    [
      50.206311314243735,
      130.07117248328976
    ],
    [
      49.22442380467678,
      129.8797590154031
    ],
    [
      48.246231406195015,
      129.6519962593473
    ],
    [
      47.27268648548543,
      129.38942739946413
    ],
    [
      46.30474140923507,
      129.09359562009547
    ],
    [
      45.343348544130926,
      128.76604410558306
    ],
    [
      44.38946025686001,
      128.40831604026877
    ],
    [
      43.44402891410935,
      128.0219546084944
    ],
    [
      42.50800688256593,
      127.60850299460165
    ],
    [
      41.5823491019744,
      127.16949533287391
    ],
    [
      40.66815964536694,
      126.70594122017414
    ],
    [
      39.766770773024916,
      126.21804766426611
    ],
    [
      38.87953403124764,
      125.70595383937878
    ],
    [
      38.007800966334315,
      125.16979891974088
    ],
    [
      37.15292312458425,
      124.60972207958142
    ],
    [
      36.31625205229665,
      124.0258624931292
    ],
    [
      35.499139295770824,
      123.41835933461316
    ],
    [
      34.70293640130602,
      122.78735177826218
    ],
    [
      33.92899491520149,
      122.1329789983051
    ],
    [
      33.17866638375651,
      121.45538016897088
    ],
    [
      32.45330235327032,
      120.75469446448828
    ],
    [
      31.754254370042183,
      120.03106105908628
    ],
    [
      31.082873980371367,
      119.28461912699373
    ],
    [
      30.440512730557142,
      118.51550784243952
    ],
    [
      29.82852216689876,
      117.72386637965258
    ],
    [
      29.24825383569547,
      116.9098339128617
    ],
    [
      28.70098454055132,
      116.07358773426374
    ],
    [
      28.185816091951086,
      115.21641435907274
    ],
    [
      27.699387111401474,
      114.34085650229774
    ],
    [
      27.238203558637903,
      113.44952453501938
    ],
    [
      26.798771393395782,
      112.54502882831832
    ],
    [
      26.37759657541051,
      111.62997975327515
    ],
    [
      25.971185064417497,
      110.70698768097058
    ],
    [
      25.57604282015216,
      109.77866298248526
    ],
    [
      25.1886758023499,
      108.84761602889978
    ],
    [
      24.805589970746126,
      107.91645719129482
    ],
    [
      24.423291285076242,
      106.98779684075097
    ],
    [
      24.03828570507565,
      106.06424534834893
    ],
    [
      23.64707919047977,
      105.14841308516934
    ],
    [
      23.246177701024003,
      104.24291042229282
    ],
    [
      22.83208719644376,
      103.35034773080002
    ],
    [
      22.40131363647444,
      102.47333538177156
    ],
    [
      21.950362980851462,
      101.61448374628816
    ],
    [
      21.475741189310224,
      100.7764031954304
    ],
    [
      20.973954221586137,
      99.96170410027891
    ],
    [
      20.44150803741461,
      99.17299683191439
    ],
    [
      19.874908596531053,
      98.41289176141744
    ],
    [
      19.27066185867087,
      97.68399925986874
    ],
    [
      18.625273783569476,
      96.9889296983489
    ],
    [
      17.93525033096226,
      96.33029344793856
    ],
    [
      17.19709746058464,
      95.71070087971839
    ],
    [
      16.40732113217203,
      95.13276236476904
    ],
    [
      15.562427305459824,
      94.59908827417108
    ],
    [
      14.658921940183438,
      94.11228897900524
    ],
    [
      13.693310996078282,
      93.67497485035214
    ],
    [
      12.662100432879754,
      93.2897562592924
    ],
    [
      11.561796210323271,
      92.95924357690672
    ],
    [
      10.388904288144236,
      92.68604717427566
    ],
    [
      9.139930626078058,
      92.47277742247991
    ],
    [
      7.811381183860143,
      92.32204469260014
    ],
    [
      6.399761921225898,
      92.23645935571693
    ],
    [
      4.901578797910753,
      92.21863178291098
    ]
  ],