{
  "test_id": 14,
  "test_outcome": "NOT_EXECUTED",
  "predicted_test_outcome": null,
  "test_duration": null,
  "road_points": [
    [
      99.99999999999999,
      99.99999999999999
    ],
    [
      99.67772131963677,
      99.16114313919165
    ],
    [
      99.38983046302997,
      98.29387893571088
    ],
    [
      99.1360276171748,
      97.40001178612575
    ],
    [
      98.91601296906643,
      96.48134608700424
    ],
    [
      98.7294867057,
      95.5396862349144
    ],
    [
      98.57614901407071,
      94.57683662642425
    ],
    [
      98.45570008117369,
      93.5946016581018
    ],
    [
      98.36784009400408,
      92.59478572651501
    ],
    [
      98.3122692395571,
      91.57919322823199
    ],
    [
      98.28868770482788,
      90.54962855982066
    ],
    [
      98.29679567681158,
      89.50789611784914
    ],
    [
      98.33629334250337,
      88.45580029888538
    ],
    [
      98.4068808888984,
      87.39514549949737
    ],
    [
      98.50825850299186,
      86.32773611625323
    ],
    [
      98.64012637177893,
      85.25537654572092
    ],
    [
      98.80218468225469,
      84.17987118446841
    ],
    [
      98.99413362141439,
      83.1030244290638
    ],
    [
      99.21567337625315,
      82.02664067607505
    ],
    [
      99.46650413376611,
      80.95252432207019
    ],
    [
      99.74632608094849,
      79.88247976361725
    ],
    [
      100.05483940479542,
      78.81831139728425
    ],
    [
      100.39174429230202,
      77.76182361963916
    ],
    [
      100.75674093046356,
      76.71482082725008
    ],
    [
      101.1495295062751,
      75.67910741668496
    ],
    [
      101.56981020673189,
      74.65648778451184
    ],
    [
      102.017283218829,
      73.64876632729873
    ],
    [
      102.49164872956166,
      72.65774744161365
    ],
    [
      102.992606925925,
      71.6852355240246
    ],
    [
      103.51985799491425,
      70.73303497109968
    ],
    [
      104.07310212352445,
      69.80295017940679
    ],
    [
      104.65203949875084,
      68.89678554551402
    ],
    [
      105.25637030758857,
      68.01634546598936
    ],
    [
      105.88579473703282,
      67.16343433740083
    ],
    [
      106.54001297407873,
      66.33985655631648
    ],
    [
      107.21872520572151,
      65.54741651930428
    ],
    [
      107.92163161895621,
      64.78791862293224
    ],
    [
      108.64843240077809,
      64.0631672637684
    ],
    [
      109.39882773818232,
      63.374966838380836
    ],
    [
      110.17251781816402,
      62.725121743337475
    ],
    [
      110.96920282771836,
      62.115436375206365
    ],
    [
      111.78858295384049,
      61.54771513055553
    ],
    [
      112.6303583835256,
      61.023762405952986
    ],
    [
      113.49422930376886,
      60.54538259796675
    ],
    [
      114.37989590156538,
      60.11438010316482
    ],
    [
      115.28705836391038,
      59.73255931811525
    ],
    [
      116.21541687779899,
      59.40172463938602
    ],
    [
      117.16452446140728,
      59.12315514286029
    ],
    [
      118.13223954953986,
      58.89208107082464
    ],
    [
      119.11533496634077,
      58.69985756662001
    ],
    [
      120.11056578389014,
      58.537776407403975
    ],
    [
      121.11468707426813,
      58.3971293703341
    ],
    [
      122.12445390955487,
      58.26920823256794
    ],
    [
      123.1366213618305,
      58.14530477126306
    ],
    [
      124.14794450317511,
      58.016710763577045
    ],
    [
      125.15517840566895,
      57.87471798666744
    ],
    [
      126.15507814139204,
      57.71061821769182
    ],
    [
      127.14439878242459,
      57.51570323380773
    ],
    [
      128.11989540084667,
      57.28126481217274
    ],
    [
      129.07868516963507,
      56.999576102187795
    ],
    [
      130.02086304257864,
      56.670980687389054
    ],
    [
      130.94798652368195,
      56.299785980731414
    ],
    [
      131.8616232461051,
      55.890326847385126
    ],
    [
      132.7633408430079,
      55.44693815252039
    ],
    [
      133.6547069475503,
      54.97395476130744
    ],
    [
      134.53728919289208,
      54.47571153891648
    ],
    [
      135.41265521219324,
      53.95654335051772
    ],
    [
      136.28237263861377,
      53.42078506128143
    ],
    [
      137.14800910531338,
      52.8727715363778
    ],
    [
      138.01113224545207,
      52.31683764097704
    ],
    [
      138.87330969218976,
      51.7573182402494
    ],
    [
      139.73610907868635,
      51.19854819936507
    ],
    [
      140.60109803810172,
      50.6448623834943
    ],
    [
      141.4698442035958,
      50.100595657807304
    ],
    [
      142.34391520832847,
      49.570082887474285
    ],
    [
      143.2248786854596,
      49.057658937665465
    ],
    [
      144.11430226814917,
      48.567658673551094
    ],
    [
      145.0137535895571,
      48.104416960301386
    ],
    [
      145.92480028284314,
      47.67226866308652
    ],
    [
      146.84900998116734,
      47.275548647076775
    ],
    [
      147.78795031768956,
      46.91859177744234
    ],
    [
      148.74318892556968,
      46.605732919353436
    ],
    [
      149.7162934379677,
      46.341306937980306
    ],
    [
      150.7088314880434,
      46.12964869849314
    ],
    [
      151.7223707089567,
      45.97509306606217
    ],
    [
      152.7584787338676,
      45.881974905857646
    ],
    [
      153.81872319593592,
      45.85462908304976
    ],
    [
      154.90467172832155,
      45.89739046280872
    ],
    [
      156.01789196418443,
      46.01459391030478
    ],
    [
      157.1599515366845,
      46.21057429070815
    ],
    [
      158.3324180789816,
      46.48966646918903
    ]
  ],