{
  "test_id": 16,
  "test_outcome": "NOT_EXECUTED",
  "predicted_test_outcome": null,
  "test_duration": null,
  "road_points": [
    [
      100.00000000000003,
      100.00000000000001
    ],
    [
      99.90778502079446,
      101.07672874296138
    ],
    [
      99.77068289017117,
      102.12759352645755
    ],
    [
      99.59070330577879,
      103.15384631358576
    ],
    [
      99.36985596526553,
      104.15673906744306
    ],
    [
      99.11015056627997,
      105.13752375112658
    ],
    [
      98.81359680647046,
      106.09745232773354
    ],
    [
      98.48220438348538,
      107.03777676036094
    ],
    [
      98.11798299497327,
      107.95974901210603
    ],
    [
      97.7229423385824,
      108.86462104606582
    ],
    [
      97.2990921119613,
      109.75364482533755
    ],
    [
      96.84844201275838,
      110.62807231301828
    ],
    [
      96.37300173862205,
      111.48915547220518
    ],
    [
      95.87478098720071,
      112.33814626599535
    ],
    [
      95.35578945614277,
      113.17629665748588
    ],
    [
      94.81803684309675,
      114.00485860977403
    ],
    [
      94.26353284571094,
      114.82508408595682
    ],
    [
      93.69428716163384,
      115.63822504913135
    ],
    [
      93.11230948851386,
      116.44553346239488
    ],
    [
      92.51960952399939,
      117.24826128884442
    ],
    [
      91.9181969657389,
      118.04766049157716
    ],
    [
      91.31008151138077,
      118.8449830336902
    ],
    [
      90.69727285857344,
      119.64148087828067
    ],
    [
      90.08178070496535,
      120.43840598844577
    ],
    [
      89.46561474820489,
      121.2370103272825
    ],
    [
      88.85078468594047,
      122.0385458578881
    ],
    [
      88.23930021582056,
      122.84426454335964
    ],
    [
      87.63317103549352,
      123.65541834679425
    ],
    [
      87.03440684260785,
      124.47325923128912
    ],
    [
      86.44501733481191,
      125.2990391599413
    ],
    [
      85.86701220975414,
      126.13401009584797
    ],
    [
      85.30240116508296,
      126.97942400210627
    ],
    [
      84.75319389844677,
      127.83653284181324
    ],
    [
      84.22140010749405,
      128.70658857806612
    ],
    [
      83.70902974266217,
      129.59084267232402
    ],
    [
      83.21835172021932,
      130.49003269075885
    ],
    [
      82.75238236779758,
      131.40341302635096
    ],
    [
      82.31427205207859,
      132.32997208318278
    ],
    [
      81.90717113974402,
      133.2686982653367
    ],
    [
      81.53422999747546,
      134.2185799768953
    ],
    [
      81.19859899195463,
      135.17860562194113
    ],
    [
      80.90342848986312,
      136.14776360455653
    ],
    [
      80.65186885788258,
      137.12504232882404
    ],
    [
      80.44707046269467,
      138.10943019882623
    ],
    [
      80.29218367098102,
      139.0999156186455
    ],
    [
      80.19035884942328,
      140.09548699236436
    ],
    [
      80.14474477687997,
      141.0951321302415
    ],
    [
      80.15746603917206,
      142.09745580857336
    ],
    [
      80.22786294361963,
      143.1000215221916
    ],
    [
      80.35480714729049,
      144.10021749724672
    ],
    [
      80.53717030725254,
      145.0954319598891
    ],
    [
      80.7738240805736,
      146.08305313626923
    ],
    [
      81.06364012432147,
      147.06046925253747
    ],
    [
      81.40549009556406,
      148.02506853484434
    ],
    [
      81.79824565136911,
      148.9742392093402
    ],
    [
      82.24077844880458,
      149.90536950217555
    ],
    [
      82.7319601449382,
      150.8158476395008
    ],
    [
      83.27066239683786,
      151.7030618474664
    ],
    [
      83.85575601611619,
      152.56440039669917
    ],
    [
      84.4857420315014,
      153.39727101080848
    ],
    [
      85.15817409968483,
      154.19913125132814
    ],
    [
      85.87045629893403,
      154.96744654858912
    ],
    [
      86.61999270751667,
      155.6996823329223
    ],
    [
      87.40418740370038,
      156.39330403465857
    ],
    [
      88.2204444657527,
      157.04577708412884
    ],
    [
      89.06616797194133,
      157.65456691166403
    ],
    [
      89.9387620005339,
      158.21713894759515
    ],
    [
      90.83563062979798,
      158.7309586222529
    ],
    [
      91.75417793800116,
      159.19349136596827
    ],
    [
      92.69180800341111,
      159.60220260907218
    ],
    [
      93.64592490429543,
      159.95455778189552
    ],
    [
      94.61393271892175,
      160.24802231476914
    ],
    [
      95.5932355255577,
      160.48006163802407
    ],
    [
      96.58123740247085,
      160.64814118199112
    ],
    [
      97.57544611350161,
      160.75031440899795
    ],
    [
      98.57392002359636,
      160.78775740546646
    ],
    [
      99.5748995563976,
      160.7626787673162
    ],
    [
      100.57662525123892,
      160.677287746585
    ],
    [
      101.57733764745383,
      160.5337935953109
    ],
    [
      102.57527728437586,
      160.3344055655317
    ],
    [
      103.56868470133858,
      160.0813329092853
    ],
    [
      104.5558004376756,
      159.7767848786097
    ],
    [
      105.53486503272038,
      159.42297072554274
    ],
    [
      106.50411902580652,
      159.02209970212238
    ],
    [
      107.46180295626749,
      158.57638106038644
    ],
    [
      108.40615736343692,
      158.08802405237293
    ],
    [
      109.33542278664831,
      157.55923793011968
    ],
    [
      110.24783976523523,
      156.99223194566466
    ],
    [
      111.14164883853121,
      156.38921535104572
    ],
    [
      112.01509054586982,
      155.7523973983008
    ],
    [
      112.86640542658455,
      155.08398733946777
    ],
    [
      113.69383402000902,
      154.38619442658467
    ],
    [
      114.49561686547675,
      153.66122791168925
    ],
    [
      115.26999450232127,
      152.9112970468195
    ],
    [
      116.01520746987612,
      152.1386110840133
    ],
    [
      116.72949630747485,
      151.34537927530852
    ],
    [
      117.41110155445105,
      150.53381087274317
    ],
    [
      118.05826375013822,
      149.70611512835512
    ],
    [
      118.66935973949775,
      148.8644143761865
    ],
    [
      119.24442321076732,
      148.0097744311962
    ],
    [
      119.78459214198007,
      147.1425569359818
    ],
    [
      120.29102457182582,
      146.26311074106414
    ],
    [
      120.7648785389941,
      145.371784696964
    ],
    [
      121.20731208217468,
      144.46892765420228
    ],
    [
      121.61948324005719,
      143.55488846329973
    ],
    [
      122.00255005133134,
      142.63001597477722
    ],
    [
      122.3576705546867,
      141.69465903915543
    ],
    [
      122.68600278881311,
      140.74916650695536
    ],
    [
      122.98870479240003,
      139.79388722869763
    ],
    [
      123.26693460413733,
      138.8291700549033
    ],
    [
      123.52175409803861,
      137.85540535377376
    ],
    [
      123.7532434026558,
      136.87340734763757
    ],
    [
      123.96090844606618,
      135.88423816141093
    ],
    [
      124.14424792549801,
      134.8889630418227
    ],
    [
      124.30276053817937,
      133.88864723560164
    ],
    [
      124.43594498133854,
      132.88435598947657
    ],
    [
      124.5432999522037,
      131.87715455017627
    ],
    [
      124.62432414800301,
      130.86810816442957
    ],
    [
      124.67851626596465,
      129.8582820789652
    ],
    [
      124.70537500331685,
      128.84874154051207
    ],
    [
      124.70439905728774,
      127.84055179579889
    ],
    [
      124.67508712510555,
      126.83477809155448
    ],
    [
      124.61693790399845,
      125.83248567450767
    ],
    [
      124.5294502754585,
      124.83473967303544
    ],
    [
      124.41260964061887,
      123.84229272624026
