{
  "test_id": 21,
  "test_outcome": "NOT_EXECUTED",
  "predicted_test_outcome": null,
  "test_duration": null,
  "road_points": [
    [
      100.00000000000004,
      100.00000000000001
    ],
    [
      99.60645286624468,
      99.03520427171316
    ],
    [
      99.21622588164217,
      98.07770244693455
    ],
    [
      98.82887497137541,
      97.12705179687835
    ],
    [
      98.44395606062716,
      96.18280959275852
    ],
    [
      98.06102507458039,
      95.24453310578924
    ],
    [
      97.67963793841786,
      94.31177960718453
    ],
    [
      97.29935057732251,
      93.38410636815854
    ],
    [
      96.91971891647721,
      92.46107065992531
    ],
    [
      96.54029888106483,
      91.54222975369899
    ],
    [
      96.16064639626815,
      90.62714092069355
    ],
    [
      95.78031738727017,
      89.71536143212316
    ],
    [
      95.3988677792536,
      88.80644855920183
    ],
    [
      95.01585349740144,
      87.89995957314373
    ],
    [
      94.6308304668965,
      86.99545174516291
    ],
    [
      94.24335461292164,
      86.09248234647345
    ],
    [
      93.85298186065972,
      85.19060864828944
    ],
    [
      93.45926813529364,
      84.28938792182494
    ],
    [
      93.06176936200625,
      83.38837743829407
    ],
    [
      92.66004146598038,
      82.48713446891088
    ],
    [
      92.25364037239895,
      81.58521628488948
    ],
    [
      91.84212200644478,
      80.68218015744392
    ],
    [
      91.42504229330078,
      79.77758335778836
    ],
    [
      91.00195715814978,
      78.87098315713679
    ],
    [
      90.57242252617463,
      77.96193682670334
    ],
    [
      90.13599432255822,
      77.05000163770207
    ],
    [
      89.69222847248348,
      76.13473486134714
    ],
    [
      89.24068090113313,
      75.21569376885252
    ],
    [
      88.78090753369014,
      74.29243563143237
    ],
    [
      88.31246423484424,
      73.36451823445286
    ],
    [
      87.83482961108089,
      72.43215600735354
    ],
    [
      87.34725365217484,
      71.49750647170008
    ],
    [
      86.84894426181418,
      70.56308485319572
    ],
    [
      86.33910934368714,
      69.63140637754381
    ],
    [
      85.81695680148184,
      68.70498627044762
    ],
    [
      85.2816945388864,
      67.7863397576104
    ],
    [
      84.732530459589,
      66.87798206473545
    ],
    [
      84.16867246727777,
      65.98242841752604
    ],
    [
      83.58932846564092,
      65.10219404168546
    ],
    [
      82.99370635836652,
      64.23979416291705
    ],
    [
      82.38101404914276,
      63.39774400692399
    ],
    [
      81.75045944165784,
      62.57855879940967
    ],
    [
      81.10125043959982,
      61.7847537660773
    ],
    [
      80.43259494665692,
      61.0188441326302
    ],
    [
      79.74370086651723,
      60.283345124771614
    ],
    [
      79.03377610286898,
      59.580771968204886
    ],
    [
      78.30202855940024,
      58.91363988863325
    ],
    [
      77.54766613979923,
      58.28446411176001
    ],
    [
      76.76989674775405,
      57.69575986328844
    ],
    [
      75.96792828695288,
      57.15004236892183
    ],
    [
      75.14096866108386,
      56.64982685436347
    ],
    [
      74.28822577383515,
      56.19762854531665
    ],
    [
      73.40891587862025,
      55.79594197781255
    ],
    [
      72.50350933564408,
      55.44415415353844
    ],
    [
      71.57505573698988,
      55.135261030215304
    ],
    [
      70.62692208377426,
      54.86147206199109
    ],
    [
      69.66247537711385,
      54.61499670301382
    ],
    [
      68.68508261812528,
      54.388044407431494
    ],
    [
      67.69811080792512,
      54.17282462939205
    ],
    [
      66.70492694763,
      53.961546823043506
    ],
    [
      65.70889803835654,
      53.74642044253386
    ],
    [
      64.71339108122136,
      53.519654942011094
    ],
    [
      63.72177307734106,
      53.273459775623174
    ],
    [
      62.737411027832266,
      53.0000443975181
    ],
    [
      61.763667430916485,
      52.691645754421046
    ],
    [
      60.80343865286654,
      52.34334677729713
    ],
    [
      59.85875528523454,
      51.95551641369535
    ],
    [
      58.93155375019728,
      51.529098565442865
    ],
    [
      58.02377046993154,
      51.0650371343668
    ],
    [
      57.137341866614086,
      50.564276022294244
    ],
    [
      56.27420436242171,
      50.02775913105239
    ],
    [
      55.43629437953121,
      49.45643036246833
    ],
    [
      54.62554834011933,
      48.85123361836921
    ],
    [
      53.84390266636287,
      48.21311280058215
    ],
    [
      53.09329378043861,
      47.54301181093428
    ],
    [
      52.37565810452332,
      46.84187455125275
    ],
    [
      51.69293206079381,
      46.110644923364674
    ],
    [
      51.047052071426826,
      45.350266829097194
    ],
    [
      50.43995455859917,
      44.56168417027744
    ],
    [
      49.87357594448761,
      43.74584084873254
    ],
    [
      49.349852651268954,
      42.90368076628961
    ],
    [
      48.870721101119955,
      42.036147824775824
    ],
    [
      48.438117716217405,
      41.14418592601827
    ],
    [
      48.05397891873808,
      40.228738971844095
    ],
    [
      47.720241130858774,
      39.290750864080444
    ],
    [
      47.438840774756244,
      38.33116550455443
    ],
    [
      47.2117142726073,
      37.35092679509319
    ],
    [
      47.040798046588705,
      36.35097863752385
    ],
    [
      46.928028518877234,
      35.33226493367354
    ],
    [
      46.87534211164968,
      34.2957295853694
    ],
    [
      46.88467524708281,
      33.24231649443856
    ],
    [
      46.95796434735343,
      32.172969562708154
    ],
    [
      47.09714583463831,
      31.088632692005305
    ],
    [
      47.304156131114226,
      29.99024978415715
    ],
    [
      47.58093165895796,
      28.878764740990825
    ],
    [
      47.9294088403463,
      27.75512146433345
    ],
    [
      48.35152409745599,
      26.62026385601217
    ],
    [
      48.849213852463876,
      25.4751358178541
    ],
    [
      49.42441452754669,
      24.320681251686377
    ],
    [
      50.07906254488123,
      23.157844059336135
    ],
    [
      50.81509432664427,
      21.9875681426305
    ]
  ],