{
  "test_id": 27,
  "test_outcome": "NOT_EXECUTED",
  "predicted_test_outcome": null,
  "test_duration": null,
  "road_points": [
    [
      100.0,
      99.99999999999999
    ],
    [
      100.25161641651623,
      99.03360763985096
    ],
    [
      100.45426412030373,
      98.05581387874795
    ],
    [
      100.60889532029806,
      97.06815106251348
    ],
    [
      100.71646222543497,
      96.0721515369703
    ],
    [
      100.77791704464993,
      95.06934764794092
    ],
    [
      100.79421198687871,
      94.06127174124808
    ],
    [
      100.7662992610568,
      93.04945616271429
    ],
    [
      100.69513107612,
      92.03543325816231
    ],
    [
      100.58165964100381,
      91.02073537341468
    ],
    [
      100.42683716464396,
      90.0068948542941
    ],
    [
      100.23161585597599,
      88.9954440466231
    ],
    [
      99.9969479239356,
      87.98791529622441
    ],
    [
      99.72378557745837,
      86.98584094892064
    ],
    [
      99.41308102547998,
      85.99075335053438
    ],
    [
      99.06578647693604,
      85.0041848468883
    ],
    [
      98.6828541407622,
      84.02766778380501
    ],
    [
      98.26523622589406,
      83.06273450710714
    ],
    [
      97.81388494126726,
      82.11091736261731
    ],
    [
      97.32975249581746,
      81.1737486961582
    ],
    [
      96.81379109848027,
      80.25276085355242
    ],
    [
      96.26695295819133,
      79.34948618062253
    ],
    [
      95.69019028388624,
      78.46545702319126
    ],
    [
      95.08445528450065,
      77.60220572708118
    ],
    [
      94.45070016897022,
      76.76126463811495
    ],
    [
      93.78987714623058,
      75.9441661021152
    ],
    [
      93.10293842521733,
      75.15244246490457
    ],
    [
      92.39083621486613,
      74.38762607230565
    ],
    [
      91.65452272411257,
      73.6512492701411
    ],
    [
      90.89495016189233,
      72.94484440423352
    ],
    [
      90.11307073714102,
      72.2699438204056
    ],
    [
      89.30983665879427,
      71.62807986447993
    ],
    [
      88.48620013578774,
      71.02078488227913
    ],
    [
      87.643113377057,
      70.44959121962586
    ],
    [
      86.78152859153775,
      69.91603122234271
    ],
    [
      85.90239798816559,
      69.42163723625237
    ],
    [
      85.00667377587614,
      68.96794160717741
    ],
    [
      84.09530816360507,
      68.55647668094052
    ],
    [
      83.16925532845777,
      68.1887425718752
    ],
    [
      82.22959376342162,
      67.86420355066889
    ],
    [
      81.27759831877253,
      67.5791082671897
    ],
    [
      80.31456117179671,
      67.3294216176647
    ],
    [
      79.34177449978047,
      67.11110849832104
    ],
    [
      78.36053048001008,
      66.92013380538587
    ],
    [
      77.3721212897719,
      66.75246243508633
    ],
    [
      76.37783910635217,
      66.60405928364956
    ],
    [
      75.37897610703718,
      66.4708892473027
    ],
    [
      74.37682446911319,
      66.34891722227287
    ],
    [
      73.37267636986655,
      66.23410810478721
    ],
    [
      72.36782398658353,
      66.12242679107288
    ],
    [
      71.3635594965504,
      66.009838177357
    ],
    [
      70.36117507705347,
      65.89230715986672
    ],
    [
      69.36196290537902,
      65.76579863482917
    ],
    [
      68.36721515881334,
      65.62627749847147
    ],
    [
      67.37820494434169,
      65.469764573557
    ],
    [
      66.39513177513204,
      65.29542915876249
    ],
    [
      65.41657048036072,
      65.10720518379398
    ],
    [
      64.4409606355581,
      64.9094232300892
    ],
    [
      63.46674181625443,
      64.70641387908583
    ],
    [
      62.49235359798006,
      64.50250771222157
    ],
    [
      61.5162355562653,
      64.3020353109341
    ],
    [
      60.536827266640515,
      64.10932725666116
    ],
    [
      59.55256830463595,
      63.928714130840376
    ],
    [
      58.56189824578193,
      63.76452651490946
    ],
    [
      57.563256665608854,
      63.621094990306176
    ],
    [
      56.555083139646946,
      63.502750138468116
    ],
    [
      55.535854722681115,
      63.4138008592071
    ],
    [
      54.50599133837242,
      63.35743210905728
    ],
    [
      53.46876052063039,
      63.33518151135627
    ],
    [
      52.427656562979635,
      63.34845550974762
    ],
    [
      51.38617375894475,
      63.398660547874805
    ],
    [
      50.34780640205034,
      63.487203069381344
    ],
    [
      49.31604878582098,
      63.615489517910724
    ],
    [
      48.29439520378127,
      63.78492633710649
    ],
    [
      47.28633994945578,
      63.996919970612126
    ],
    [
      46.295377316369134,
      64.25287686207112
    ],
    [
      45.32500159804592,
      64.55420345512702
    ],
    [
      44.37870708801072,
      64.9023061934233
    ],
    [
      43.459988079788104,
      65.29859152060348
    ],
    [
      42.572338866902726,
      65.7444658803111
    ],
    [
      41.719253742879125,
      66.2413357161896
    ],
    [
      40.90422683677863,
      66.79060729251064
    ],
    [
      40.12993890573371,
      67.39279976930989
    ],
    [
      39.39637013747744,
      68.04548693013722
    ],
    [
      38.702940966454705,
      68.74563206352116
    ],
    [
      38.049071827110374,
      69.49019845799032
    ],
    [
      37.43418315388933,
      70.27614940207319
    ],
    [
      36.857695381236454,
      71.10044818429833
    ],
    [
      36.31902894359662,
      71.96005809319433
    ],
    [
      35.8176042754147,
      72.85194241728972
    ],
    [
      35.352841811135576,
      73.77306444511305
    ],
    [
      34.924161985204094,
      74.72038746519284
    ],
    [
      34.530985232065184,
      75.6908747660577
    ],
    [
      34.17273198616369,
      76.6814896362362
    ],
    [
      33.8488226819445,
      77.68919536425679
    ],
    [
      33.55867775385248,
      78.71095523864808
    ],
    [
      33.30171763633252,
      79.74373254793866
    ],
    [
      33.07736276382947,
      80.78449058065702
    ],
    [
      32.885033570788245,
      81.83019262533176
    ],
    [
      32.7241504916537,
      82.8778019704914
    ],
    [
      32.59413396087071,
      83.9242819046645
    ],
    [
      32.49440451771179,
      84.966595978888
    ],
    [
      32.42462008766697,
      86.00230220458195
    ],
    [
      32.385181426183244,
      87.03081878111405
    ],
    [
      32.376634194003444,
      88.0519267783614
    ],
    [
      32.39952405187036,
      89.06540726620102
    ],
    [
      32.45439666052685,
      90.07104131451008
    ],
    [
      32.54179768071572,
      91.06860999316561
    ],
    [
      32.66227277317983,
      92.05789437204479
    ],
    [
      32.81636759866196,
      93.0386755210246
    ],
    [
      33.00462781790497,
      94.01073450998219
    ],
    [
      33.22759909165167,
      94.97385240879467
    ],
    [
      33.4858265967269,
      95.92781040860899
    ],
    [
      33.77908099883569,
      96.87258379305088
    ],
    [
      34.10478664312031,
      97.80873583365599
    ],
    [
      34.45992525520011,
      98.73694072240768
    ],
    [
      34.84147856069447,
      99.6578726512896
    ],
    [
      35.24642828522266,
      100.57220581228513
    ],
    [
      35.671756154404115,
      101.48061439737792
    ],
    [
      36.114443893858144,
      102.38377259855146
    ],
    [
      36.571473229204095,
      103.28235460778917
    ],
    [
      37.03982588606133,
      104.17703461707471
    ],
    [
      37.516483590049184,
      105.06848681839146
    ],
    [
      37.998428066787014,
      105.95738540372305
    ],
    [
      38.48264104189417,
      106.84440456505291
    ],
    [
      38.96610424099001,
      107.73021849436468
    ],
    [
      39.44584685504873,
      108.61549456978648
    ],
