{
  "test_id": 36,
  "test_outcome": "NOT_EXECUTED",
  "predicted_test_outcome": null,
  "test_duration": null,
  "road_points": [
    [
      100.0,
      100.0
    ],
    [
      100.24484364808762,
      99.03603004353597
    ],
    [
      100.4526447590617,
      98.06160458210437
    ],
    [
      100.62386898578784,
      97.07790455872863
    ],
    [
      100.75898198113175,
      96.08611091643225
    ],
    [
      100.85844939795906,
      95.08740459823858
    ],
    [
      100.92273688913541,
      94.08296654717104
    ],
    [
      100.9523101075265,
      93.0739777062531
    ],
    [
      100.94763470599798,
      92.06161901850822
    ],
    [
      100.9091763374155,
      91.04707142695982
    ],
    [
      100.83740065464472,
      90.03151587463128
    ],
    [
      100.73277331055131,
      89.0161333045461
    ],
    [
      100.59575995800088,
      88.00210465972766
    ],
    [
      100.42682624985919,
      86.99061088319945
    ],
    [
      100.2264378389918,
      85.98283291798482
    ],
    [
      99.99506037826445,
      84.97995170710732
    ],
    [
      99.73315952054277,
      83.98314819359028
    ],
    [
      99.4412009186924,
      82.99360332045718
    ],
    [
      99.11965022557902,
      82.01249803073144
    ],
    [
      98.76897309406829,
      81.0410132674365
    ],
    [
      98.38963517702588,
      80.0803299735958
    ],
    [
      97.98210212731742,
      79.13162909223276
    ],
    [
      97.54683959780859,
      78.19609156637081
    ],
    [
      97.08431324136504,
      77.27489833903341
    ],
    [
      96.59498871085242,
      76.36923035324395
    ],
    [
      96.07933165913641,
      75.48026855202589
    ],
    [
      95.53780773908271,
      74.60919387840266
    ],
    [
      94.97088260355687,
      73.75718727539768
    ],
    [
      94.37902190542466,
      72.92542968603445
    ],
    [
      93.7626912975517,
      72.1151020533363
    ],
    [
      93.12235643280364,
      71.32738532032671
    ],
    [
      92.45848296404615,
      70.56346043002914
    ],
    [
      91.77153654414491,
      69.824508325467
    ],
    [
      91.06198282596553,
      69.1117099496637
    ],
    [
      90.33028746237369,
      68.42624624564269
    ],
    [
      89.57691610623507,
      67.76929815642742
    ],
    [
      88.8023344104153,
      67.14204662504132
    ],
    [
      88.00703478098352,
      66.54557785917552
    ],
    [
      87.19198740161364,
      65.97928621603842
    ],
    [
      86.35857439470823,
      65.44110734332621
    ],
    [
      85.50819137728487,
      64.92892910317381
    ],
    [
      84.64223396636119,
      64.44063935771625
    ],
    [
      83.76209777895482,
      63.97412596908847
    ],
    [
      82.86917843208334,
      63.52727679942543
    ],
    [
      81.96487154276437,
      63.0979797108621
    ],
    [
      81.0505727280155,
      62.68412256553345
    ],
    [
      80.12767760485436,
      62.283593225574435
    ],
    [
      79.19758179029854,
      61.89427955312004
    ],
    [
      78.26168090136566,
      61.51406941030522
    ],
    [
      77.32137055507336,
      61.140850659264956
    ],
    [
      76.3780463684392,
      60.77251116213419
    ],
    [
      75.4331039584808,
      60.406938781047884
    ],
    [
      74.48793894221579,
      60.04202137814102
    ],
    [
      73.54394693666177,
      59.67564681554859
    ],
    [
      72.60252355883634,
      59.305702955405515
    ],
    [
      71.6650644257571,
      58.93007765984677
    ],
    [
      70.73296515444167,
      58.546658791007346
    ],
    [
      69.80762136190769,
      58.15333421102219
    ],
    [
      68.89042866517272,
      57.74799178202626
    ],
    [
      67.98265223665615,
      57.32870920823712
    ],
    [
      67.08349448962745,
      56.89656622307195
    ],
    [
      66.19051120708785,
      56.45503897745834
    ],
    [
      65.30121227991796,
      56.00767041125851
    ],
    [
      64.41310759899837,
      55.55800346433467
    ],
    [
      63.52370705520969,
      55.10958107654902
    ],
    [
      62.63052053943258,
      54.6659461877638
    ],
    [
      61.731057942547615,
      54.2306417378412
    ],
    [
      60.82282915543543,
      53.80721066664344
    ],
    [
      59.90334406897666,
      53.39919591403274
    ],
    [
      58.970112574051875,
      53.0101404198713
    ],
    [
      58.02064456154173,
      52.64358712402134
    ],
    [
      57.05264934040827,
      52.30303407279895
    ],
    [
      56.066793998043735,
      51.99131344931773
    ],
    [
      55.06600924662502,
      51.710747843263675
    ],
    [
      54.05328326475769,
      51.463646907322484
    ],
    [
      53.031604231047424,
      51.25232029417995
    ],
    [
      52.0039603240998,
      51.07907765652174
    ],
    [
      50.97333972252046,
      50.946228647033635
    ],
    [
      49.94273060491502,
      50.856082918401334
    ],
    [
      48.9151211498891,
      50.81095012331061
    ],
    [
      47.89349953604833,
      50.81313991444717
    ],
    [
      46.88085394199829,
      50.864961944496734
    ],
    [
      45.88017254634464,
      50.96872586614507
    ],
    [
      44.89444352769298,
      51.12674133207789
    ],
    [
      43.92665506464893,
      51.341317994980926
    ],
    [
      42.979795335818125,
      51.61476550753993
    ],
    [
      42.056838112799625,
      51.94936527529914
    ],
    [
      41.159769248031466,
      52.345461737076775
    ],
    [
      40.28896774045244,
      52.80024884946084
    ],
    [
      39.444665137917994,
      53.31063146862158
    ],
    [
      38.62709298828358,
      53.87351445072925
    ],
    [
      37.83648283940462,
      54.48580265195406
    ],
    [
      37.073066239136566,
      55.14440092846628
    ],
    [
      36.337074735334845,
      55.846214136436124
    ],
    [
      35.62873987585489,
      56.58814713203384
    ],
    [
      34.94829320855216,
      57.36710477142968
    ],
    [
      34.29596628128209,
      58.179991910793845
    ],
    [
      33.671990641900095,
      59.02371340629661
    ],
    [
      33.07659783826165,
      59.895174114108215
    ],
    [
      32.51001941822216,
      60.79127889039888
    ],
    [
      31.972486929637085,
      61.70893259133885
    ],
    [
      31.464231920361854,
      62.64504007309837
    ],
    [
      30.98548593825192,
      63.59650619184767
    ],
    [
      30.5364805311627,
      64.560235803757
    ],
    [
      30.117447246949645,
      65.53313376499659
    ],
    [
      29.72861763346819,
      66.51210493173666
    ],
    [
      29.370225570926706,
      67.49407437286898
    ],
    [
      29.042636465380678,
      68.47710699134817
    ],
    [
      28.74641489096315,
      69.46099372774086
    ],
    [
      28.482142017095995,
      70.44566934130714
    ],
    [
      28.250399013201093,
      71.43106859130718
    ],
    [
      28.051767048700324,
      72.4171262370011
    ],
    [
      27.886827293015564,
      73.40377703764898
    ],
    [
      27.756160915568703,
      74.39095575251099
    ],
    [
      27.660349085781608,
      75.37859714084723
    ],
    [
      27.59997297307616,
      76.36663596191786
    ],
    [
      27.575613746874247,
      77.35500697498298
    ],
    [
      27.587824777219446,
      78.34364443931231
    ],
    [
      27.635741709084606,
      79.33245711544338
    ],
    [
      27.71643566154632,
      80.32131663203654
    ],
    [
      27.826814838328055,
      81.31009168761075
    ],
    [
      27.963787443153294,
      82.29865098068495
    ],
    [
      28.12426167974552,
      83.28686320977809
    ],
    [
      28.30514575182822,
      84.27459707340917
    ],
    [
      28.50334786312486,
      85.26172127009707
    ],
    [
      28.71577621735894,
      86.2481044983608
    ],
    [
      28.939339018253907,
