{
  "test_id": 38,
  "test_outcome": "NOT_EXECUTED",
  "predicted_test_outcome": null,
  "test_duration": null,
  "road_points": [
    [
      99.99999999999997,
      99.99999999999999
    ],
    [
      100.06766127129865,
      98.99040897807186
    ],
    [
      100.1255733078816,
      97.98218944425855
    ],
    [
      100.17423187140488,
      96.97527165655058
    ],
    [
      100.21413272352477,
      95.96958587293857
    ],
    [
      100.24577162589738,
      94.9650623514131
    ],
    [
      100.269644340179,
      93.96163134996489
    ],
    [
      100.28624662802567,
      92.95922312658438
    ],
    [
      100.29607425109366,
      91.95776793926225
    ],
    [
      100.29962297103918,
      90.95719604598911
    ],
    [
      100.2973885495183,
      89.95743770475552
    ],
    [
      100.28986674818728,
      88.95842317355209
    ],
    [
      100.27755332870227,
      87.96008271036939
    ],
    [
      100.26094405271944,
      86.96234657319805
    ],
    [
      100.240534681895,
      85.96514502002867
    ],
    [
      100.2168209778851,
      84.96840830885185
    ],
    [
      100.19029870234598,
      83.97206669765816
    ],
    [
      100.16146361693376,
      82.97605044443823
    ],
    [
      100.1308114833046,
      81.98028980718263
    ],
    [
      100.09883806311473,
      80.98471504388196
    ],
    [
      100.06603911802033,
      79.98925641252684
    ],
    [
      100.03291040967756,
      78.99384417110784
    ],
    [
      99.9999476997426,
      77.99840857761558
    ],
    [
      99.96764674987166,
      77.00287989004069
    ],
    [
      99.93650332172086,
      76.00718836637367
    ],
    [
      99.9070131769464,
      75.01126426460519
    ],
    [
      99.8796720772045,
      74.01503784272585
    ],
    [
      99.85497578415132,
      73.01843935872621
    ],
    [
      99.83342005944301,
      72.0213990705969
    ],
    [
      99.81550066473578,
      71.02384723632849
    ],
    [
      99.8017133616858,
      70.02571411391159
    ],
    [
      99.79255391194926,
      69.02692996133682
    ],
    [
      99.78851807718233,
      68.02742503659475
    ],
    [
      99.79010161904118,
      67.027129597676
    ],
    [
      99.79780029918201,
      66.02597390257114
    ],
    [
      99.812109879261,
      65.02388820927078
    ],
    [
      99.83352612093431,
      64.02080277576553
    ],
    [
      99.86254478585812,
      63.01664786004596
    ],
    [
      99.89966163568862,
      62.01135372010269
    ],
    [
      99.94537243208201,
      61.00485061392631
    ],
    [
      100.00017293668405,
      59.99706879950889
    ],
    [
      100.06413183087112,
      58.98799861499549
    ],
    [
      100.13562430655873,
      57.97786863268352
    ],
    [
      100.21260585906559,
      56.96696646631418
    ],
    [
      100.29303198371045,
      55.955579729628795
    ],
    [
      100.37485817581202,
      54.943996036368574
    ],
    [
      100.45603993068903,
      53.932503000274785
    ],
    [
      100.53453274366025,
      52.92138823508868
    ],
    [
      100.60829211004433,
      51.910939354551495
    ],
    [
      100.67527352516011,
      50.90144397240454
    ],
    [
      100.7334324843262,
      49.893189702389016
    ],
    [
      100.7807244828614,
      48.88646415824619
    ],
    [
      100.81510501608443,
      47.88155495371732
    ],
    [
      100.83452957931401,
      46.87874970254365
    ],
    [
      100.83695366786893,
      45.87833601846648
    ],
    [
      100.82033277706783,
      44.88060151522702
    ],
    [
      100.78262240222945,
      43.88583380656651
    ],
    [
      100.72177803867257,
      42.89432050622624
    ],
    [
      100.63575518171592,
      41.90634922794747
    ],
    [
      100.52250932667819,
      40.922207585471426
    ],
    [
      100.37999596887813,
      39.94218319253936
    ],
    [
      100.20617060363446,
      38.966563662892554
    ],
    [
      99.99898872631043,
      37.99563661028204
    ],
    [
      99.75689898857347,
      37.02979810386927
    ],
    [
      99.48029618538617,
      36.06987221052756
    ],
    [
      99.17005511569329,
      35.1167885600693
    ],
    [
      98.82705057843975,
      34.171476782306925
    ],
    [
      98.45215737257043,
      33.23486650705282
    ],
    [
      98.04625029703014,
      32.3078873641194
    ],
    [
      97.61020415076372,
      31.391468983319047
    ],
    [
      97.14489373271608,
      30.48654099446419
    ],
    [
      96.65119384183207,
      29.59403302736721
    ],
    [
      96.1299792770565,
      28.714874711840537
    ],
    [
      95.58212483733425,
      27.849995677696544
    ],
    [
      95.00850532161019,
      27.00032555474766
    ],
    [
      94.40999552882916,
      26.166793972806285
    ],
    [
      93.78747025793605,
      25.35033056168483
    ],
    [
      93.14180430787567,
      24.551864951195686
    ],
    [
      92.47387247759292,
      23.772326771151263
    ],
    [
      91.78454956603262,
      23.012645651363965
    ],
    [
      91.07471037213965,
      22.273751221646187
    ],
    [
      90.34522969485887,
      21.55657311181035
    ],
    [
      89.59698233313514,
      20.862040951668856
    ],
    [
      88.83084308591329,
      20.191084371034094
    ],
    [
      88.04767780677355,
      19.54461178026421
    ],
    [
      87.248159598341,
      18.923074361839575
    ],
    [
      86.43277576538512,
      18.326482563931027
    ],
    [
      85.6020060585193,
      17.75482891536465
    ],
    [
      84.75633022835677,
      17.208105944966526
    ],
    [
      83.8962280255109,
      16.686306181562752
    ],
    [
      83.02217920059495,
      16.189422153979407
    ],
    [
      82.1346635042223,
      15.71744639104258
    ],
    [
      81.23416068700625,
      15.270371421578362
    ],
    [
      80.32115049956003,
      14.848189774412825
    ],
    [
      79.39611269249708,
      14.450893978372076
    ],
    [
      78.45952701643067,
      14.078476562282187
    ],
    [
      77.51187322197406,
      13.730930054969246
    ],
    [
      76.55363105974064,
      13.408246985259344
    ],
    [
      75.58528028034367,
      13.110419881978567
    ],
    [
      74.60730063439647,
      12.837441273952996
    ],
    [
      73.62017187251239,
      12.589303690008723
    ],
    [
      72.62437374530472,
      12.365999658971836
    ],
    [
      71.62040490030522,
      12.167534824453341
    ],
    [
      70.60916874433363,
      11.994195739939869
    ],
    [
      69.59195751336033,
      11.846538813005674
    ],
    [
      68.57007915263654,
      11.725131353734776
    ],
    [
      67.54484160741333,
      11.630540672211168
    ],
    [
      66.51755282294188,
      11.563334078518867
    ],
    [
      65.48952074447328,
      11.524078882741877
    ],
    [
      64.46205331725872,
      11.513342394964205
    ],
    [
      63.43645848654926,
      11.531691925269858
    ],
    [
      62.41404419759606,
      11.579694783742838
    ],
    [
      61.39611839565026,
      11.657918280467154
    ],
    [
      60.38398902596299,
      11.766929725526818
    ],
    [
      59.37896403378538,
      11.907296429005832
    ],
    [
      58.38235136436854,
      12.0795857009882
    ],
    [
      57.39545896296362,
      12.284364851557934
    ],
    [
      56.41959477482177,
      12.52220119079904
    ],
    [
      55.45606674519409,
      12.793662028795524
    ],
    [
      54.506182819331734,
      13.099314675631389
    ],
    [
      53.57125094248579,
      13.43972644139065
    ],
    [
      52.652579059907424,
      13.815464636157301
    ],
    [
      51.75142466328768,
      14.227042102781992
    ],
    [
      50.86797168906997,
      14.673812725578998
    ],
    [
      50.001376673884955,
      15.15402125751035
    ],
    [
      49.1507549374786,
