{
  "test_id": 43,
  "test_outcome": "NOT_EXECUTED",
  "predicted_test_outcome": null,
  "test_duration": null,
  "road_points": [
    [
      100.00000000000001,
      100.00000000000001
    ],
    [
      99.59082459500361,
      99.03560907137116
    ],
    [
      99.18648639643068,
      98.07811012132096
    ],
    [
      98.78664466775277,
      97.1270176735953
    ],
    [
      98.39095867244146,
      96.18184625193999
    ],
    [
      97.99908767396813,
      95.24211038010075
    ],
    [
      97.6106909358044,
      94.30732458182341
    ],
    [
      97.22542772142172,
      93.37700338085374
    ],
    [
      96.84295729429165,
      92.45066130093755
    ],
    [
      96.46293891788574,
      91.52781286582068
    ],
    [
      96.0850318556754,
      90.60797259924887
    ],
    [
      95.70889537113223,
      89.69065502496791
    ],
    [
      95.3341887277277,
      88.77537466672361
    ],
    [
      94.96057118893336,
      87.86164604826178
    ],
    [
      94.5877020182207,
      86.94898369332817
    ],
    [
      94.21524047906126,
      86.03690212566865
    ],
    [
      93.84284583492655,
      85.12491586902894
    ],
    [
      93.47017734928805,
      84.21253944715488
    ],
    [
      93.09689428561731,
      83.29928738379225
    ],
    [
      92.72265590738584,
      82.38467420268684
    ],
    [
      92.34712147806515,
      81.46821442758446
    ],
    [
      91.9699502611268,
      80.54942258223089
    ],
    [
      91.59080152004222,
      79.62781319037191
    ],
    [
      91.209334518283,
      78.70290077575338
    ],
    [
      90.8252085193206,
      77.774199862121
    ],
    [
      90.43808278662658,
      76.84122497322062
    ],
    [
      90.04761658367246,
      75.90349063279805
    ],
    [
      89.6534691739297,
      74.96051136459904
    ],
    [
      89.25529982086985,
      74.01180169236942
    ],
    [
      88.85276778796444,
      73.05687613985498
    ],
    [
      88.44553233868496,
      72.09524923080149
    ],
    [
      88.03321921171919,
      71.12655159531235
    ],
    [
      87.61496683285496,
      70.15210157387887
    ],
    [
      87.18954568370653,
      69.17449180776364
    ],
    [
      86.75571718724171,
      68.19634631103192
    ],
    [
      86.3122427664284,
      67.22028909774897
    ],
    [
      85.8578838442345,
      66.24894418198011
    ],
    [
      85.39140184362786,
      65.2849355777906
    ],
    [
      84.91155818757635,
      64.3308872992457
    ],
    [
      84.41711429904782,
      63.38942336041069
    ],
    [
      83.90683160101025,
      62.46316777535088
    ],
    [
      83.3794715164314,
      61.554744558131496
    ],
    [
      82.83379546827922,
      60.66677772281784
    ],
    [
      82.26856487952156,
      59.801891283475214
    ],
    [
      81.6825411731263,
      58.96270925416886
    ],
    [
      81.07448577206132,
      58.15185564896406
    ],
    [
      80.44316009929447,
      57.37195448192609
    ],
    [
      79.78732557779367,
      56.625629767120245
    ],
    [
      79.10574363052676,
      55.91550551861177
    ],
    [
      78.39717568046166,
      55.244205750465994
    ],
    [
      77.66038315056619,
      54.61435447674813
    ],
    [
      76.89412746380827,
      54.0285757115235
    ],
    [
      76.09717004315574,
      53.48949346885736
    ],
    [
      75.26827231157655,
      52.99973176281502
    ],
    [
      74.40673098411476,
      52.56085138905936
    ],
    [
      73.51543122337306,
      52.16728562605461
    ],
    [
      72.59873314748343,
      51.81053813695599
    ],
    [
      71.66100140772332,
      51.48210358100487
    ],
    [
      70.70660065537034,
      51.1734766174426
    ],
    [
      69.7398955417019,
      50.87615190551055
    ],
    [
      68.76525071799556,
      50.58162410445008
    ],
    [
      67.78703083552878,
      50.28138787350254
    ],
    [
      66.80960054557913,
      49.966937871909316
    ],
    [
      65.83732449942406,
      49.62976875891172
    ],
    [
      64.8745673483411,
      49.26137519375117
    ],
    [
      63.925693743607766,
      48.85325183566899
    ],
    [
      62.99472214745072,
      48.39825671657506
    ],
    [
      62.083896798453466,
      47.89623517204223
    ],
    [
      61.19489508597901,
      47.34926492117036
    ],
    [
      60.329394149779134,
      46.75942466608647
    ],
    [
      59.48907112960555,
      46.12879310891751
    ],
    [
      58.67560316521004,
      45.459448951790534
    ],
    [
      57.890667396344284,
      44.753470896832454
    ],
    [
      57.13594096276009,
      44.01293764617031
    ],
    [
      56.41310100420916,
      43.239927901931075
    ],
    [
      55.72382466044327,
      42.43652036624174
    ],
    [
      55.06978907121413,
      41.6047937412293
    ],
    [
      54.452671376273514,
      40.74682672902074
    ],
    [
      53.87414871537314,
      39.86469803174306
    ],
    [
      53.33589822826477,
      38.960486351523244
    ],
    [
      52.839597054700135,
      38.03627039048827
    ],
    [
      52.386922334430984,
      37.09412885076515
    ],
    [
      51.97955120720907,
      36.136140434480865
    ],
    [
      51.61916081278612,
      35.1643838437624
    ],
    [
      51.30742829091389,
      34.18093778073676
    ],
    [
      51.04603078134411,
      33.187880947530914
    ],
    [
      50.83664542382852,
      32.18729204627185
    ],
    [
      50.680949358118895,
      31.181249779086585
    ],
    [
      50.58061972396694,
      30.17183284810208
    ],
    [
      50.537333661124435,
      29.161119955445354
    ],
    [
      50.5527683093431,
      28.151189803243376
    ],
    [
      50.628600808374685,
      27.144121093623134
    ],
    [
      50.76650829797092,
      26.141992528711633
    ],
    [
      50.96816791788358,
      25.14688281063585
    ],
    [
      51.23525680786436,
      24.160870641522784
    ],
    [
      51.56945210766505,
      23.186034723499425
    ],
    [
      51.972430957037375,
      22.224453758692768
    ],
    [
      52.445870495733075,
      21.278206449229785
    ],
    [
      52.9914478635039,
      20.349371497237474
    ],
    [
      53.61084020010159,
      19.44002760484283
    ],
    [
      54.30572464527789,
      18.552253474172836
    ]
  ],