{
  "test_id": 3,
  "test_outcome": "NOT_EXECUTED",
  "predicted_test_outcome": null,
  "test_duration": null,
  "road_points": [
    [
      100.00000000000001,
      100.00000000000003
    ],
    [
      99.79850237849048,
      99.04079015861417
    ],
    [
      99.58549486153348,
      98.07688916200772
    ],
    [
      99.36061834394327,
      97.10920123979197
    ],
    [
      99.1235137205341,
      96.13863062157822
    ],
    [
      98.87382188612031,
      95.16608153697773
    ],
    [
      98.61118373551601,
      94.19245821560175
    ],
    [
      98.33524016353556,
      93.21866488706162
    ],
    [
      98.04563206499321,
      92.24560578096859
    ],
    [
      97.74200033470318,
      91.27418512693394
    ],
    [
      97.42398586747979,
      90.305307154569
    ],
    [
      97.0912295581372,
      89.33987609348495
    ],
    [
      96.74337230148976,
      88.37879617329317
    ],
    [
      96.38005499235169,
      87.42297162360491
    ],
    [
      96.00091852553722,
      86.47330667403142
    ],
    [
      95.60560379586066,
      85.53070555418401
    ],
    [
      95.19375169813625,
      84.59607249367399
    ],
    [
      94.76500312717822,
      83.67031172211257
    ],
    [
      94.31899897780083,
      82.75432746911108
    ],
    [
      93.85538014481838,
      81.8490239642808
    ],
    [
      93.3737875230451,
      80.95530543723302
    ],
    [
      92.87386200729526,
      80.074076117579
    ],
    [
      92.35524449238306,
      79.20624023493001
    ],
    [
      91.81757587312285,
      78.35270201889735
    ],
    [
      91.26049704432884,
      77.51436569909232
    ],
    [
      90.68364890081527,
      76.69213550512617
    ],
    [
      90.08667233739644,
      75.8869156666102
    ],
    [
      89.46920824888656,
      75.09961041315567
    ],
    [
      88.8308975300999,
      74.33112397437387
    ],
    [
      88.17138107585075,
      73.58236057987611
    ],
    [
      87.49029978095334,
      72.85422445927364
    ],
    [
      86.78741256844772,
      72.14748398304074
    ],
    [
      86.06348674813191,
      71.46174679459828
    ],
    [
      85.31980093953823,
      70.79603198239403
    ],
    [
      84.55763775767502,
      70.14935403579008
    ],
    [
      83.77827981755071,
      69.52072744414848
    ],
    [
      82.98300973417359,
      68.90916669683126
    ],
    [
      82.17311012255212,
      68.31368628320052
    ],
    [
      81.34986359769454,
      67.73330069261827
    ],
    [
      80.51455277460931,
      67.1670244144466
    ],
    [
      79.6684602683048,
      66.61387193804754
    ],
    [
      78.81286869378935,
      66.07285775278316
    ],
    [
      77.94906066607129,
      65.54299634801549
    ],
    [
      77.07831880015905,
      65.02330221310663
    ],
    [
      76.20192571106098,
      64.51278983741858
    ],
    [
      75.32116401378543,
      64.01047371031345
    ],
    [
      74.43731632334077,
      63.51536832115326
    ],
    [
      73.55166525473538,
      63.02648815930007
    ],
    [
      72.66541235646892,
      62.54276323725443
    ],
    [
      71.77933539626622,
      62.06268195888718
    ],
    [
      70.89407412374898,
      61.58458890374062
    ],
    [
      70.0102682134708,
      61.10682857313092
    ],
    [
      69.12855733998542,
      60.62774546837437
    ],
    [
      68.24958117784642,
      60.14568409078716
    ],
    [
      67.37397940160751,
      59.65898894168555
    ],
    [
      66.50239168582232,
      59.166004522385755
    ],
    [
      65.63545770504452,
      58.665075334204
    ],
    [
      64.77381713382776,
      58.15454587845654
    ],
    [
      63.9181096467257,
      57.63276065645957
    ],
    [
      63.06897491829199,
      57.09806416952935
    ],
    [
      62.22705262308029,
      56.548800918982096
    ],
    [
      61.3929704239069,
      55.98334177238541
    ],
    [
      60.5662489050268,
      55.40248767971424
    ],
    [
      59.7444234374338,
      54.81139721468373
    ],
    [
      58.92482274816728,
      54.21568254288189
    ],
    [
      58.10477556426667,
      53.62095582989677
    ],
    [
      57.28161061277135,
      53.03282924131638
    ],
    [
      56.45265662072076,
      52.45691494272875
    ],
    [
      55.6152423151543,
      51.89882509972194
    ],
    [
      54.766696423111355,
      51.36417187788396
    ],
    [
      53.90434767163137,
      50.85856744280285
    ],
    [
      53.02552478775373,
      50.38762396006665
    ],
    [
      52.12755649851786,
      49.95695359526339
    ],
    [
      51.20779854899772,
      49.57211442190857
    ],
    [
      50.26580382198128,
      49.23426568382737
    ],
    [
      49.30491122312508,
      48.93698673137885
    ],
    [
      48.328834258379764,
      48.67310693785647
    ],
    [
      47.341286433695934,
      48.4354556765536
    ],
    [
      46.34598125502424,
      48.21686232076374
    ],
    [
      45.34663222831528,
      48.01015624378028
    ],
    [
      44.34695285951968,
      47.80816681889665
    ],
    [
      43.35065665458807,
      47.6037234194063
    ],
    [
      42.361457119471055,
      47.38965541860264
    ],
    [
      41.38306776011926,
      47.158792189779106
    ],
    [
      40.41920208248332,
      46.90396310622913
    ],
    [
      39.47357359251384,
      46.61799754124614
    ],
    [
      38.54989579616145,
      46.293724868123576
    ],
    [
      37.651847218776226,
      45.92404022188179
    ],
    [
      36.781158575140374,
      45.50550052106311
    ],
    [
      35.93662525241596,
      45.04018094891608
    ],
    [
      35.11679968063509,
      44.53061343557699
    ],
    [
      34.32023428982995,
      43.97932991118215
    ],
    [
      33.54548151003267,
      43.38886230586789
    ],
    [
      32.7910937712754,
      42.76174254977051
    ],
    [
      32.05562350359029,
      42.10050257302633
    ],
    [
      31.337623137009476,
      41.407674305771664
    ],
    [
      30.6356451015651,
      40.68578967814281
    ],
    [
      29.948241827289333,
      39.9373806202761
    ],
    [
      29.273965744214287,
      39.16497906230783
    ],
    [
      28.611369282372138,
      38.371116934374314
    ],
    [
      27.959004871795,
      37.55832616661186
    ],
    [
      27.31542494251505,
      36.7291386891568
    ],
    [
      26.679181924564414,
      35.886086432145426
    ],
    [
      26.048828247975244,
      35.031701325714046
    ],
    [
      25.422916342779683,
      34.16851529999899
    ],
    [
      24.799998639009875,
      33.299060285136555
    ],
    [
      24.178627566697973,
      32.425868211263065
    ],
    [
      23.55735555587612,
      31.551471008514824
    ],
    [
      22.934735036576456,
      30.67840060702814
    ],
    [
      22.30931843883114,
      29.809188936939343
    ],
    [
      21.679658192672296,
      28.946367928384717
    ],
    [
      21.044306728132085,
      28.092469511500596
    ],
    [
      20.40181647524265,
      27.25002561642329
    ],
    [
      19.750739864036138,
      26.421568173289096
    ],
    [
      19.08962932454469,
      25.609629112234334
    ],
    [
      18.417037286800465,
      24.816740363395336
    ],
    [
      17.731516180835584,
      24.045433856908378
    ],
    [
      17.031618436682212,
      23.29824152290979
    ],
    [
      16.31589648437249,
      22.57769529153589
    ],
    [
      15.582902753938562,
      21.886327092922983
    ],
    [
      14.831189675412574,
      21.226668857207372
    ],
    [
      14.059309678826672,
      20.601252514525385
    ],
    [
      13.265815194213001,
      20.01260999501332
    ],
    [
      12.44925865160371,
      19.463273228807505
    ],
    [
      11.608192481030938,
      18.955774146044234
    ],
    [
      10.741169112526837,
      18.49264467685983
    ],
    [
      9.846740976123549,
