{
  "test_id": 9,
  "test_outcome": "NOT_EXECUTED",
  "predicted_test_outcome": null,
  "test_duration": null,
  "road_points": [
    [
      100.0,
      99.99999999999999
    ],
    [
      99.92136405886973,
      101.2044742977726
    ],
    [
      99.78678043267514,
      102.3648678570974
    ],
    [
      99.5983467430131,
      103.48267755770829
    ],
    [
      99.35816061148063,
      104.55940027933937
    ],
    [
      99.0683196596748,
      105.5965329017248
    ],
    [
      98.73092150919251,
      106.59557230459852
    ],
    [
      98.3480637816308,
      107.55801536769464
    ],
    [
      97.92184409858666,
      108.48535897074723
    ],
    [
      97.45436008165706,
      109.37909999349033
    ],
    [
      96.94770935243899,
      110.24073531565799
    ],
    [
      96.40398953252945,
      111.07176181698426
    ],
    [
      95.8252982435254,
      111.87367637720322
    ],
    [
      95.21373310702391,
      112.64797587604896
    ],
    [
      94.57139174462188,
      113.39615719325546
    ],
    [
      93.90037177791636,
      114.11971720855685
    ],
    [
      93.20277082850431,
      114.82015280168713
    ],
    [
      92.48068651798275,
      115.49896085238042
    ],
    [
      91.73621646794862,
      116.15763824037072
    ],
    [
      90.97145829999894,
      116.7976818453921
    ],
    [
      90.18850963573072,
      117.42058854717868
    ],
    [
      89.38946809674093,
      118.02785522546446
    ],
    [
      88.57643130462657,
      118.62097875998349
    ],
    [
      87.7514968809846,
      119.20145603046984
    ],
    [
      86.91676244741203,
      119.77078391665756
    ],
    [
      86.07432562550588,
      120.33045929828079
    ],
    [
      85.2262840368631,
      120.88197905507346
    ],
    [
      84.37473530308068,
      121.42684006676973
    ],
    [
      83.52177704575563,
      121.96653921310359
    ],
    [
      82.66872595772388,
      122.50163120514641
    ],
    [
      81.80928550100175,
      123.02348560436558
    ],
    [
      80.93286396595624,
      123.51828996801646
    ],
    [
      80.0288617711013,
      123.9722103221554
    ],
    [
      79.0914310786345,
      124.37573341833864
    ],
    [
      78.12387406753429,
      124.72766605092397
    ],
    [
      77.13053331138353,
      125.02776103741287
    ],
    [
      76.11575138376499,
      125.2757711953067
    ],
    [
      75.08387085826152,
      125.47144934210692
    ],
    [
      74.03923430845596,
      125.61454829531495
    ],
    [
      72.98618430793115,
      125.70482087243222
    ],
    [
      71.92906343026985,
      125.74201989096008
    ],
    [
      70.87221424905499,
      125.72589816840005
    ],
    [
      69.8199793378693,
      125.65620852225352
    ],
    [
      68.77670127029567,
      125.53270377002193
    ],
    [
      67.74672261991691,
      125.35513672920662
    ],
    [
      66.73438596031585,
      125.12326021730908
    ],
    [
      65.74403386507531,
      124.83682705183077
    ],
    [
      64.78000890777813,
      124.49559005027302
    ],
    [
      63.846653662007114,
      124.09930203013732
    ],
    [
      62.94818008660201,
      123.64780384012107
    ],
    [
      62.085129563222154,
      123.1434102096772
    ],
    [
      61.25395937798557,
      122.5911884504455
    ],
    [
      60.45091320303501,
      121.99634984474855
    ],
    [
      59.672234710513194,
      121.36410567490886
    ],
    [
      58.91416757256292,
      120.69966722324901
    ],
    [
      58.17295546132689,
      120.00824577209158
    ],
    [
      57.44484204894786,
      119.29505260375909
    ],
    [
      56.72607100756859,
      118.56529900057409
    ],
    [
      56.012886009331815,
      117.82419624485912
    ],
    [
      55.3015313797266,
      117.07695656062678
    ],
    [
      54.588449098161746,
      116.3290770571244
    ],
    [
      53.87055548542704,
      115.58673852776747
    ],
    [
      53.14483655236329,
      114.85622221258332
    ],
    [
      52.408278309811266,
      114.14380935159922
    ],
    [
      51.6578667686118,
      113.4557811848425
    ],
    [
      50.890587939605695,
      112.79841895234044
    ],
    [
      50.103427833633745,
      112.17800389412044
    ],
    [
      49.293372461536755,
      111.60081725020972
    ],
    [
      48.45740783415552,
      111.07314026063557
    ],
    [
      47.592519962330854,
      110.60125416542537
    ],
    [
      46.69641767126659,
      110.19047469013344
    ],
    [
      45.77085082504796,
      109.84071965771852
    ],
    [
      44.818972936304476,
      109.55003193810337
    ],
    [
      43.84393891693606,
      109.31645253210574
    ],
    [
      42.84890367884269,
      109.13802244054345
    ],
    [
      41.83702213392431,
      109.01278266423428
    ],
    [
      40.811449194080815,
      108.93877420399599
    ],
    [
      39.77533977121221,
      108.91403806064635
    ],
    [
      38.73184877721842,
      108.93661523500323
    ],
    [
      37.68413112399938,
      109.00454672788436
    ],
    [
      36.635341723455056,
      109.11587354010754
    ],
    [
      35.588635487485384,
      109.26863667249056
    ],
    [
      34.5471673279903,
      109.4608771258512
    ],
    [
      33.514092156869765,
      109.69063590100721
    ],
    [
      32.49256488602373,
      109.95595399877644
    ],
    [
      31.485740427352106,
      110.25487241997665
    ],
    [
      30.496772903901284,
      110.58543188901129
    ],
    [
      29.527617282999973,
      110.94525294607719
    ],
    [
      28.576614566813706,
      111.3306897978479
    ],
    [
      27.641427664566145,
      111.7378590472057
    ],
    [
      26.719719485480894,
      112.16287729703276
    ],
    [
      25.809152938781597,
      112.60186115021146
    ],
    [
      24.90739093369186,
      113.05092720962402
    ],
    [
      24.012096379435345,
      113.50619207815274
    ],
    [
      23.120932185235656,
      113.9637723586798
    ],
    [
      22.23156126031642,
      114.41978465408755
    ],
    [
      21.341646513901285,
      114.87034556725824
    ],
    [
      20.448850855213873,
      115.31157170107412
    ],
    [
      19.550837193477797,
      115.73957965841747
    ],
    [
      18.645268437916712,
      116.15048604217053
    ],
    [
      17.729807497754237,
      116.54040745521561
    ],
    [
      16.802117282213985,
      116.90546050043496
    ],
    [
      15.859860700519604,
      117.24176178071082
    ],
    [
      14.90070066189472,
      117.5454278989255
    ],
    [
      13.922300075562962,
      117.81257545796124
    ],
    [
      12.922321850747952,
      118.0393210607003
    ]
  ],