{
  "test_id": 8,
  "test_outcome": "NOT_EXECUTED",
  "predicted_test_outcome": null,
  "test_duration": null,
  "road_points": [
    [
      99.99999999999997,
      100.0
    ],
    [
      99.87821286065896,
      99.03881665378569
    ],
    [
      99.78253067892588,
      98.06284050493515
    ],
    [
      99.71336391024543,
      97.07401776071373
    ],
    [
      99.67112301006232,
      96.07429462838672
    ],
    [
      99.65621843382122,
      95.0656173152194
    ],
    [
      99.66906063696692,
      94.04993202847714
    ],
    [
      99.71006007494402,
      93.02918497542524
    ],
    [
      99.7796272031973,
      92.00532236332899
    ],
    [
      99.87817247717143,
      90.98029039945375
    ],
    [
      100.00610635231106,
      89.95603529106474
    ],
    [
      100.16383928406098,
      88.93450324542736
    ],
    [
      100.35178172786586,
      87.91764046980691
    ],
    [
      100.57034413917039,
      86.90739317146866
    ],
    [
      100.81993697341929,
      85.90570755767797
    ],
    [
      101.10097068605724,
      84.91452983570011
    ],
    [
      101.41385573252896,
      83.93580621280043
    ],
    [
      101.75900256827916,
      82.97148289624424
    ],
    [
      102.1368216487525,
      82.02350609329683
    ],
    [
      102.54772342939374,
      81.09382201122351
    ],
    [
      102.99211836564754,
      80.1843768572896
    ],
    [
      103.47041691295861,
      79.29711683876045
    ],
    [
      103.98302952677167,
      78.43398816290131
    ],
    [
      104.53036666253143,
      77.59693703697754
    ],
    [
      105.11283877568255,
      76.78790966825443
    ],
    [
      105.73085632166976,
      76.00885226399731
    ],
    [
      106.38421139777932,
      75.26095263068483
    ],
    [
      107.0681464605123,
      74.53981855437668
    ],
    [
      107.77587276407418,
      73.83856660241443
    ],
    [
      108.50059215088518,
      73.15030179882085
    ],
    [
      109.23550646336547,
      72.46812916761871
    ],
    [
      109.9738175439352,
      71.78515373283074
    ],
    [
      110.70872723501459,
      71.09448051847967
    ],
    [
      111.43343737902381,
      70.38921454858828
    ],
    [
      112.14114981838304,
      69.6624608471793
    ],
    [
      112.82506639551247,
      68.9073244382755
    ],
    [
      113.47893468096466,
      68.1178587355746
    ],
    [
      114.10000695677218,
      67.29420779018929
    ],
    [
      114.68692097718063,
      66.4389233860645
    ],
    [
      115.23831791435549,
      65.55456324695234
    ],
    [
      115.75283894046215,
      64.64368509660487
    ],
    [
      116.22912522766603,
      63.708846658774156
    ],
    [
      116.66581794813254,
      62.75260565721227
    ],
    [
      117.06155827402708,
      61.77751981567127
    ],
    [
      117.41498737751513,
      60.78614685790322
    ],
    [
      117.72474643076201,
      59.78104450766018
    ],
    [
      117.98947660593322,
      58.76477048869424
    ],
    [
      118.20781907519414,
      57.73988252475747
    ],
    [
      118.37841501071016,
      56.7089383396019
    ],
    [
      118.49990558464671,
      55.674495656979616
    ],
    [
      118.57093196916928,
      54.63911220064271
    ],
    [
      118.59013533644317,
      53.6053456943432
    ],
    [
      118.55615685863388,
      52.575753861833185
    ],
    [
      118.46763770790682,
      51.55289442686473
    ],
    [
      118.3232190564273,
      50.539325113189896
    ],
    [
      118.12154207636092,
      49.53760364456076
    ],
    [
      117.86167596227816,
      48.5502426503151
    ],
    [
      117.54480148521044,
      47.5795322940916
    ],
    [
      117.17274944343305,
      46.627694255735804
    ],
    [
      116.74735081532395,
      45.696950196118586
    ],
    [
      116.27043657926095,
      44.789521776110746
    ],
    [
      115.74383771362204,
      43.90763065658315
    ],
    [
      115.169385196785,
      43.053498498406626
    ],
    [
      114.54891000712782,
      42.229346962452006
    ],
    [
      113.88424312302826,
      41.43739770959012
    ],
    [
      113.1772155228643,
      40.67987240069182
    ],
    [
      112.42965818501379,
      39.95899269662795
    ],
    [
      111.64340208785464,
      39.27698025826934
    ],
    [
      110.82027820976471,
      38.636056746486815
    ],
    [
      109.96211752912193,
      38.03844382215124
    ],
    [
      109.07075102430417,
      37.48636314613342
    ],
    [
      108.14810020557707,
      36.981938910475264
    ],
    [
      107.19705904458957,
      36.52624833167754
    ],
    [
      106.22111290967959,
      36.119731914203655
    ],
    [
      105.22375552777557,
      35.76282116345562
    ],
    [
      104.20848062580583,
      35.455947584835464
    ],
    [
      103.1787819306987,
      35.199542683745186
    ],
    [
      102.13815316938255,
      34.994037965586806
    ],
    [
      101.09008806878575,
      34.83986493576236
    ],
    [
      100.03808035583661,
      34.737455099673845
    ],
    [
      98.98562375746354,
      34.6872399627233
    ],
    [
      97.93621200059482,
      34.68965103031271
    ],
    [
      96.89333881215887,
      34.745119807844134
    ],
    [
      95.86049791908401,
      34.854077800719566
    ],
    [
      94.84118304829859,
      35.01695651434102
    ],
    [
      93.83888792673098,
      35.234187454110526
    ],
    [
      92.85710628130953,
      35.50620212543009
    ],
    [
      91.89933183896258,
      35.83343203370176
    ],
    [
      90.96905832661847,
      36.216308684327515
    ],
    [
      90.06976083290185,
      36.655247136628475
    ],
    [
      89.20345033534467,
      37.14937054644365
    ],
    [
      88.36964348533908,
      37.6956011241771
    ],
    [
      87.56761373664764,
      38.290646487319854
    ],
    [
      86.796634543033,
      38.931214253362924
    ],
    [
      86.05597935825774,
      39.61401203979732
    ],
    [
      85.34492163608446,
      40.335747464114085
    ],
    [
      84.66273483027575,
      41.09312814380417
    ],
    [
      84.00869239459423,
      41.88286169635866
    ],
    [
      83.3820677828025,
      42.7016557392685
    ],
    [
      82.78213444866313,
      43.54621789002476
    ],
    [
      82.20816584593875,
      44.41325576611842
    ],
    [
      81.65943542839196,
      45.299476985040506
    ],
    [
      81.13521664978538,
      46.20158916428204
    ],
    [
      80.63478296388156,
      47.11629992133403
    ],
    [
      80.15740782444315,
      48.04031687368749
    ],
    [
      79.70236468523271,
      48.970347638833424
    ],
    [
      79.26880144635057,
      49.903100278697515
    ],
    [
      78.85245966923968,
      50.835294912957046
    ],
    [
      78.44535882835997,
      51.76366483672645
    ],
    [
      78.03932953924087,
      52.68494401364257
    ],
    [
      77.62620241741179,
      53.59586640734236
    ],
    [
      77.19780807840216,
      54.49316598146272
    ],
    [
      76.74597713774142,
      55.373576699640516
    ],
    [
      76.26289250203192,
      56.23401455064423
    ],
    [
      75.74721453887476,
      57.074742359938
    ],
    [
      75.20328923975045,
      57.89896065568166
    ],
    [
      74.6356556753005,
      58.70996972802839
    ],
    [
      74.04885291616647,
      59.51106986713141
    ],
    [
      73.44742003298985,
      60.30556136314399
    ],
    [
      72.8358960964122,
      61.0967445062193
    ],
    [
      72.21882017707509,
      61.88791958651062
    ],
    [
      71.60073134561999,
      62.68238689417112
    ],
    [
      70.98616867268849,
      63.48344671935403
    ],
    [
      70.3796712289221,
      64.29439935221258
    ],
    [
      69.7857780849624,
      65.11854508289998
    ],
    [
      69.20902831145085,
      65.95918420156949
    ],
