{
  "test_id": 10,
  "test_outcome": "NOT_EXECUTED",
  "predicted_test_outcome": null,
  "test_duration": null,
  "road_points": [
    [
      99.99999999999999,
      100.0
    ],
    [
      100.05271937610894,
      99.00140120210578
    ],
    [
      100.09380182505443,
      98.00201212548635
    ],
    [
      100.1241931045652,
      97.00189699776834
    ],
    [
      100.14483897236997,
      96.00112004657825
    ],
    [
      100.15668518619736,
      94.99974549954268
    ],
    [
      100.16067750377614,
      93.99783758428816
    ],
    [
      100.15776168283499,
      92.99546052844127
    ],
    [
      100.14888348110257,
      91.99267855962857
    ],
    [
      100.13498865630764,
      90.9895559054766
    ],
    [
      100.11702296617884,
      89.98615679361194
    ],
    [
      100.0959321684449,
      88.98254545166118
    ],
    [
      100.07266202083456,
      87.97878610725083
    ],
    [
      100.0481582810764,
      86.97494298800746
    ],
    [
      100.02336670689921,
      85.97108032155761
    ],
    [
      99.99923305603167,
      84.9672623355279
    ],
    [
      99.97670308620243,
      83.96355325754483
    ],
    [
      99.95672255514029,
      82.96001731523502
    ],
    [
      99.94023722057385,
      81.95671873622497
    ],
    [
      99.92819284023186,
      80.95372174814129
    ],
    [
      99.92153517184298,
      79.95109057861049
    ],
    [
      99.92120997313594,
      78.94888945525918
    ],
    [
      99.92816300183942,
      77.94718260571388
    ],
    [
      99.94334001568214,
      76.94603425760117
    ],
    [
      99.96768677239277,
      75.94550863854762
    ],
    [
      100.00214938876655,
      74.9456699724508
    ],
    [
      100.05029289800264,
      73.9465552854445
    ],
    [
      100.12458621668513,
      72.94810913575566
    ],
    [
      100.23938876263742,
      71.95025644852701
    ],
    [
      100.40853372607341,
      70.95304010374171
    ],
    [
      100.63716988528978,
      69.95844960752434
    ],
    [
      100.92332034649036,
      68.97007169787935
    ],
    [
      101.26479756572441,
      67.99154033041229
    ],
    [
      101.65941399904132,
      67.0264894607287
    ],
    [
      102.10498210249037,
      66.07855304443413
    ],
    [
      102.59931433212097,
      65.15136503713407
    ],
    [
      103.14022314398238,
      64.24855939443411
    ],
    [
      103.72552099412398,
      63.373770071939745
    ],
    [
      104.35302033859504,
      62.53063102525652
    ],
    [
      105.02053363344496,
      61.72277620998997
    ],
    [
      105.72587333472305,
      60.953839581745655
    ],
    [
      106.46685189847864,
      60.22745509612908
    ],
    [
      107.24128178076104,
      59.54725670874579
    ],
    [
      108.04697543761961,
      58.91687837520132
    ],
    [
      108.88174532510368,
      58.339954051101216
    ],
    [
      109.74340389926255,
      57.820117692050985
    ],
    [
      110.62976745542633,
      57.360435344963236
    ],
    [
      111.53869087056604,
      56.95826603745874
    ],
    [
      112.46805131218893,
      56.60767156776093
    ],
    [
      113.41572621818455,
      56.302673738985895
    ],
    [
      114.37959302644248,
      56.0372943542497
    ],
    [
      115.35752917485235,
      55.805555216668424
    ],
    [
      116.34741210130359,
      55.60147812935812
    ],
    [
      117.3471192436859,
      55.41908489543488
    ],
    [
      118.35452803988879,
      55.25239731801478
    ],
    [
      119.36751592780178,
      55.095437200213865
    ],
    [
      120.38394922763209,
      54.94222620078579
    ],
    [
      121.4011984934303,
      54.786779540989876
    ],
    [
      122.41595086575704,
      54.62310356800165
    ],
    [
      123.42484362161252,
      54.44520398152123
    ],
    [
      124.4245140379971,
      54.24708648124874
    ],
    [
      125.41159939191108,
      54.022756766884314
    ],
    [
      126.38273696035483,
      53.76622053812809
    ],
    [
      127.33456402032864,
      53.471483494680186
    ],
    [
      128.26371784883278,
      53.13255133624071
    ],
    [
      129.16683572286766,
      52.743429762509834
    ],
    [
      130.0405549749075,
      52.29812464270206
    ],
    [
      130.88211745176272,
      51.79248908712154
    ],
    [
      131.69086432096134,
      51.228791192879385
    ],
    [
      132.4665921619354,
      50.610690679306124
    ],
    [
      133.2090975541172,
      49.94184726573235
    ],
    [
      133.91817707693863,
      49.225920671488566
    ],
    [
      134.59362730983202,
      48.46657061590533
    ],
    [
      135.2352448322294,
      47.667456818313184
    ],
    [
      135.84282622356287,
      46.832238998042676
    ],
    [
      136.41616806326462,
      45.964576874424345
    ],
    [
      136.95506693076672,
      45.068130166788734
    ],
    [
      137.45931940550128,
      44.14655859446639
    ],
    [
      137.92872206690043,
      43.20352187678785
    ],
    [
      138.36307149439637,
      42.24267973308366
    ],
    [
      138.76216426742116,
      41.2676918826844
    ],
    [
      139.12579696540686,
      40.282218044920555
    ],
    [
      139.45376616778566,
      39.28991793912269
    ],
    [
      139.74587293350285,
      38.29444806777785
    ],
    [
      140.00317577875907,
      37.29856192380425
    ],
    [
      140.22970753767225,
      36.30287707261369
    ],
    [
      140.42993101482278,
      35.30770230773718
    ],
    [
      140.60830901479108,
      34.31334642270566
    ],
    [
      140.76930434215745,
      33.32011821105011
    ],
    [
      140.91737980150228,
      32.328326466301505
    ],
    [
      141.05699819740593,
      31.3382799819908
    ],
    [
      141.1926223344488,
      30.35028755164898
    ],
    [
      141.3287150172112,
      29.364657968806995
    ],
    [
      141.4697390502736,
      28.381700026995844
    ],
    [
      141.62015723821622,
      27.401722519746478
    ],
    [
      141.78443238561954,
      26.425034240589863
    ],
    [
      141.9670272970639,
      25.451943983056985
    ],
    [
      142.17240477712966,
      24.482760540678804
    ],
    [
      142.4050276303972,
      23.517792706986285
    ],
    [
      142.6693586614469,
      22.557349275510415
    ],
    [
      142.96986067485904,
      21.60173903978215
    ],
    [
      143.3109964752141,
      20.651270793332454
    ],
    [
      143.69722886709238,
      19.70625332969232
    ]
  ],