{
  "test_id": 11,
  "test_outcome": "NOT_EXECUTED",
  "predicted_test_outcome": null,
  "test_duration": null,
  "road_points": [
    [
      99.99999999999997,
      99.99999999999999
    ],
    [
      100.01049258811423,
      101.02720111142368
    ],
    [
      99.95538498479957,
      102.05128416754557
    ],
    [
      99.83689857871975,
      103.06983422356447
    ],
    [
      99.65725475853866,
      104.08043633467919
    ],
    [
      99.41867491292,
      105.08067555608842
    ],
    [
      99.1233804305276,
      106.06813694299099
    ],
    [
      98.77359270002528,
      107.04040555058563
    ],
    [
      98.37153311007678,
      107.99506643407118
    ],
    [
      97.91942304934594,
      108.92970464864631
    ],
    [
      97.41948390649657,
      109.84190524950989
    ],
    [
      96.8739370701924,
      110.72925329186063
    ],
    [
      96.28500392909729,
      111.58933383089733
    ],
    [
      95.654905871875,
      112.41973192181877
    ],
    [
      94.98586428718934,
      113.21803261982372
    ],
    [
      94.28010056370411,
      113.98182098011091
    ],
    [
      93.53983609008306,
      114.70868205787913
    ],
    [
      92.76729225499007,
      115.39620090832719
    ],
    [
      91.96469044708887,
      116.04196258665385
    ],
    [
      91.13425205504326,
      116.64355214805784
    ],
    [
      90.27819846751707,
      117.19855464773798
    ],
    [
      89.39875107317404,
      117.70455514089299
    ],
    [
      88.49813126067804,
      118.15913868272173
    ],
    [
      87.57856041869277,
      118.55989032842285
    ],
    [
      86.64225993588212,
      118.90439513319522
    ],
    [
      85.69145120090984,
      119.19023815223758
    ],
    [
      84.72834367047749,
      119.41509012540219
    ],
    [
      83.75481933667352,
      119.57897334975026
    ],
    [
      82.77240023913146,
      119.68449497810091
    ],
    [
      81.78258996972366,
      119.73439463855163
    ],
    [
      80.78689212032246,
      119.73141195919979
    ],
    [
      79.7868102828002,
      119.67828656814287
    ],
    [
      78.78384804902923,
      119.57775809347827
    ],
    [
      77.77950901088187,
      119.43256616330342
    ],
    [
      76.77529676023049,
      119.24545040571576
    ],
    [
      75.77271488894742,
      119.01915044881274
    ],
    [
      74.77326698890498,
      118.75640592069175
    ],
    [
      73.77845665197556,
      118.45995644945025
    ],
    [
      72.78978747003147,
      118.13254166318563
    ],
    [
      71.80876303494504,
      117.77690118999539
    ],
    [
      70.83688693858863,
      117.3957746579769
    ],
    [
      69.87566277283462,
      116.99190169522764
    ],
    [
      68.92659412955528,
      116.56802192984497
    ],
    [
      67.99112650092066,
      116.12679756234601
    ],
    [
      67.06974873256569,
      115.66961590157901
    ],
    [
      66.16216586979473,
      115.19681971122863
    ],
    [
      65.26805985837032,
      114.70872097097276
    ],
    [
      64.38711264405502,
      114.20563166048927
    ],
    [
      63.51900617261138,
      113.68786375945606
    ],
    [
      62.66342238980194,
      113.15572924755106
    ],
    [
      61.8200432413893,
      112.6095401044522
    ],
    [
      60.98855067313596,
      112.04960830983727
    ],
    [
      60.16862663080451,
      111.47624584338428
    ],
    [
      59.35995306015747,
      110.88976468477104
    ],
    [
      58.56221190695743,
      110.2904768136755
    ],
    [
      57.77508511696691,
      109.67869420977556
    ],
    [
      56.998254635948506,
      109.05472885274912
    ],
    [
      56.231402409664746,
      108.41889272227408
    ],
    [
      55.47421038387819,
      107.77149779802832
    ],
    [
      54.72636050435138,
      107.11285605968976
    ],
    [
      53.98753471684687,
      106.44327948693625
    ],
    [
      53.25741496712724,
      105.76308005944574
    ],
    [
      52.535724096619326,
      105.0725462343561
    ],
    [
      51.822807562398495,
      104.37160835012013
    ],
    [
      51.11949564198894,
      103.65991788412768
    ],
    [
      50.42663140781216,
      102.93711895434566
    ],
    [
      49.74505793228969,
      102.20285567874117
    ],
    [
      49.075618287843,
      101.45677217528119
    ],
    [
      48.41915554689362,
      100.6985125619327
    ],
    [
      47.776512781863026,
      99.9277209566627
    ],
    [
      47.148533065172764,
      99.14404147743821
    ],
    [
      46.536092724300566,
      98.34718945920697
    ],
    [
      45.940224126566406,
      97.53721440223416
    ],
    [
      45.362005366525814,
      96.71426373341679
    ],
    [
      44.80251454460464,
      95.87848489222353
    ],
    [
      44.262829761228744,
      95.03002531812294
    ],
    [
      43.74402911682397,
      94.16903245058364
    ],
    [
      43.247190711816195,
      93.29565372907425
    ],
    [
      42.77339264663129,
      92.41003659306342
    ],
    [
      42.32371302169507,
      91.51232848201968
    ],
    [
      41.89922993743343,
      90.60267683541171
    ],
    [
      41.50102149427221,
      89.68122909270804
    ],
    [
      41.13016579263729,
      88.74813269337739
    ],
    [
      40.787522170329446,
      87.80366493258161
    ],
    [
      40.47296062561816,
      86.84869036928377
    ],
    [
      40.18607161374091,
      85.88423949688952
    ],
    [
      39.92644557299736,
      84.91134281885854
    ],
    [
      39.69367294168718,
      83.93103083865061
    ],
    [
      39.48734415811008,
      82.94433405972549
    ],
    [
      39.30704966056568,
      81.95228298554287
    ],
    [
      39.15237988735368,
      80.9559081195625
    ],
    [
      39.02292527677375,
      79.95623996524412
    ],
    [
      38.91827626712555,
      78.95430902604744
    ],
    [
      38.83802329670875,
      77.95114580543222
    ],
    [
      38.78175680382303,
      76.94778080685825
    ],
    [
      38.74906722676807,
      75.94524453378517
    ],
    [
      38.73953638042446,
      74.94455713188121
    ],
    [
      38.75203515985129,
      73.9458848442889
    ],
    [
      38.78420396349527,
      72.94791593571588
    ],
    [
      38.83356074253134,
      71.9491915965705
    ],
    [
      38.89762344813447,
      70.94825301726111
    ],
    [
      38.97391048205926,
      69.94364167476044
    ],
    [
      39.06119198603361,
      68.9346951409031
    ],
    [
      39.162223004929096,
      67.9232853484811
    ],
    [
      39.280549796170924,
      66.91178743403651
    ],
    [
      39.41971861718432,
      65.90257653411139
    ],
    [
      39.58327572539451,
      64.89802778524775
    ],
    [
      39.7747673782267,
      63.90051632398766
    ],
    [
      39.99773983310611,
      62.912417286873136
    ],
    [
      40.25573934745795,
      61.9361058104462
    ],
    [
      40.552312178707446,
      60.97395703124894
    ],
    [
      40.89100458427982,
      60.028346085823344
    ],
    [
      41.275362821600275,
      59.10164811071146
    ],
    [
      41.70893314809403,
      58.19623824245534
    ],
    [
      42.19526182118632,
      57.31449161759704
    ],
    [
      42.73780776813364,
      56.458789898303266
    ],
    [
      43.33682153249146,
      55.631754488726365
    ],
    [
      43.9884906893108,
      54.83631039265846
    ],
    [
      44.688741573133136,
      54.07540213472349
    ],
    [
      45.43350051849993,
      53.35197423954538
    ],
    [
      46.21869385995266,
      52.668971231748046
    ],
    [
      47.040247932032734,
      52.02933763595541
    ],
    [
      47.894089069281655,
      51.43601797679142
    ],
    [
      48.776143606240844,
      50.89195677887999
    ],
    [
      49.68233787745182,
      50.40009856684506
    ],
    [
      50.60859821745599,
