{
  "test_id": 19,
  "test_outcome": "NOT_EXECUTED",
  "predicted_test_outcome": null,
  "test_duration": null,
  "road_points": [
    [
      100.0,
      100.0
    ],
    [
      99.98088970038688,
      98.99363532695216
    ],
    [
      99.96766977847385,
      97.98794571155624
    ],
    [
      99.95972807671262,
      96.98286099844054
    ],
    [
      99.9564524375549,
      95.97831103223335
    ],
    [
      99.95723070345242,
      94.9742256575629
    ],
    [
      99.96145071685693,
      93.97053471905751
    ],
    [
      99.96850032022007,
      92.96716806134545
    ],
    [
      99.97776735599356,
      91.96405552905492
    ],
    [
      99.98863966662918,
      90.96112696681422
    ],
    [
      100.0005050945786,
      89.9583122192517
    ],
    [
      100.01275148229348,
      88.95554113099556
    ],
    [
      100.02476667222562,
      87.95274354667406
    ],
    [
      100.0359385068267,
      86.94984931091554
    ],
    [
      100.04565482854842,
      85.9467882683482
    ],
    [
      100.0533034798425,
      84.94349026360037
    ],
    [
      100.05827230316069,
      83.9398851413003
    ],
    [
      100.05994914095463,
      82.93590274607621
    ],
    [
      100.05772183567608,
      81.93147292255647
    ],
    [
      100.05097822977675,
      80.92652551536926
    ],
    [
      100.03910616570833,
      79.92099036914291
    ],
    [
      100.02149348592258,
      78.9147973285057
    ],
    [
      99.99752837942403,
      77.90787627780199
    ],
    [
      99.96718665105887,
      76.90022444418356
    ],
    [
      99.93223439662552,
      75.89204422833564
    ],
    [
      99.89477743809005,
      74.88357696473692
    ],
    [
      99.85692159741862,
      73.87506398786618
    ],
    [
      99.8207726965773,
      72.86674663220215
    ],
    [
      99.78843655753222,
      71.85886623222362
    ],
    [
      99.76201900224945,
      70.85166412240929
    ],
    [
      99.74362585269515,
      69.8453816372379
    ],
    [
      99.73536293083538,
      68.8402601111882
    ],
    [
      99.73933605863628,
      67.83654087873896
    ],
    [
      99.75765105806393,
      66.8344652743689
    ],
    [
      99.79241375108448,
      65.83427463255677
    ],
    [
      99.845729959664,
      64.83621028778131
    ],
    [
      99.91970550576865,
      63.840513574521296
    ],
    [
      100.0164398497343,
      62.8474242325269
    ],
    [
      100.13537275596046,
      61.85651527102869
    ],
    [
      100.26918080885962,
      60.865664310530576
    ],
    [
      100.4094814614817,
      59.87248346930586
    ],
    [
      100.54789216687678,
      58.87458486562788
    ],
    [
      100.67603037809477,
      57.86958061776998
    ],
    [
      100.78633424502033,
      56.8557559284596
    ],
    [
      100.87500573687298,
      55.83448285073929
    ],
    [
      100.93932515140828,
      54.80801781558926
    ],
    [
      100.97657287543811,
      53.77861732702811
    ],
    [
      100.98402929577423,
      52.748537889074385
    ],
    [
      100.95897479922844,
      51.720036005746685
    ],
    [
      100.8986897726125,
      50.695368181063564
    ],
    [
      100.80045460273828,
      49.676790919043604
    ],
    [
      100.66154967641756,
      48.66656072370538
    ],
    [
      100.47925538046215,
      47.66693409906749
    ],
    [
      100.25085210168378,
      46.68016754914845
    ],
    [
      99.97362022689428,
      45.708517577966866
    ],
    [
      99.64484014290552,
      44.75424068954134
    ],
    [
      99.2617922365292,
      43.8195933878904
    ],
    [
      98.82175689457719,
      42.906832177032655
    ],
    [
      98.3223855540018,
      42.018212693348175
    ],
    [
      97.76501934253896,
      41.155981945494496
    ],
    [
      97.1531136448279,
      40.32238199829432
    ],
    [
      96.49014884655205,
      39.51965485810952
    ],
    [
      95.77960533339483,
      38.750042531301986
    ],
    [
      95.02496349103987,
      38.01578702423366
    ],
    [
      94.22970370517058,
      37.31913034326644
    ],
    [
      93.3973063614705,
      36.66231449476223
    ],
    [
      92.53125184562309,
      36.04758148508292
    ],
    [
      91.63502054331184,
      35.477173320590445
    ],
    [
      90.71209284022027,
      34.953332007646715
    ],
    [
      89.76594912203184,
      34.47829955261362
    ],
    [
      88.80006977443006,
      34.05431796185307
    ],
    [
      87.81793518309846,
      33.68362924172698
    ],
    [
      86.8230257337205,
      33.36847539859727
    ],
    [
      85.81882181197967,
      33.11109843882583
    ],
    [
      84.80880380355946,
      32.913740368774555
    ],
    [
      83.79645209414339,
      32.77864319480538
    ],
    [
      82.78523272472627,
      32.708019576255985
    ],
    [
      81.77764496380622,
      32.702104304793664
    ],
    [
      80.77462517055689,
      32.75793470025612
    ],
    [
      79.77696743963202,
      32.87225703117806
    ],
    [
      78.78546586568521,
      33.04181756609416
    ],
    [
      77.80091454337014,
      33.2633625735391
    ],
    [
      76.82410756734046,
      33.53363832204759
    ],
    [
      75.85583903224988,
      33.84939108015431
    ],
    [
      74.89690303275195,
      34.20736711639395
    ],
    [
      73.94809366350042,
      34.6043126993012
    ],
    [
      73.0102050191489,
      35.036974097410756
    ],
    [
      72.08403119435107,
      35.50209757925728
    ],
    [
      71.1703662837606,
      35.9964294133755
    ],
    [
      70.2700043820311,
      36.51671586830008
    ],
    [
      69.38373958381628,
      37.05970321256572
    ],
    [
      68.51236598376975,
      37.62213771470711
    ],
    [
      67.65667767654521,
      38.20076564325893
    ],
    [
      66.81735475479145,
      38.79226510985399
    ],
    [
      65.9922356453867,
      39.39161531622099
    ],
    [
      65.17618946299392,
      39.99202023985811
    ],
    [
      64.36394577552994,
      40.586600429258084
    ],
    [
      63.55023415091156,
      41.16847643291363
    ],
    [
      62.72978415705554,
      41.73076879931745
    ],
    [
      61.89732536187871,
      42.266598076962296
    ],
    [
      61.04781520440515,
      42.76944773394119
    ],
    [
      60.18012421321603,
      43.23903343212958
    ],
    [
      59.296415453917724,
      43.68031470234008
    ],
    [
      58.39895459160507,
      44.098414480767325
    ],
    [
      57.490007291372926,
      44.49845570360605
    ],
    [
      56.57183921831618,
      44.885561307051
    ],
    [
      55.646716037529636,
      45.264854227296816
    ],
    [
      54.71690341410819,
      45.64145740053824
    ],
    [
      53.784667013146695,
      46.02049376297
    ],
    [
      52.85227249974003,
      46.407086250786755
    ],
    [
      51.92198553898304,
      46.80635780018323
    ],
    [
      50.99607179597058,
      47.22343134735414
    ],
    [
      50.07679693579752,
      47.6634298284942
    ],
    [
      49.1664266235587,
      48.13147617979809
    ],
    [
      48.267226524349,
      48.63269333746054
    ],
    [
      47.38147467217088,
      49.17192232809818
    ],
    [
      46.51161481633061,
      49.75022722947601
    ],
    [
      45.660209045095165,
      50.36597496229791
    ],
    [
      44.829822002314685,
      51.01747420094783
    ],
    [
      44.02301833183922,
      51.703033619809716
    ],
    [
      43.24236267751887,
      52.42096189326756
    ],
    [
      42.49041968320368,
      53.16956769570527
    ],
    [
      41.769753992743766,
      53.94715970150685
    ],
    [
      41.08293024998921,
      54.752046585056206
    ],
    [
      40.43251309879008,
      55.58253702073734
    ],
    [
      39.82106718299648,
      56.43693968293419
    ],
    [
      39.251157146458496,
      57.31356324603068
    ],
