{
  "test_id": 23,
  "test_outcome": "NOT_EXECUTED",
  "predicted_test_outcome": null,
  "test_duration": null,
  "road_points": [
    [
      100.00000000000001,
      100.00000000000001
    ],
    [
      100.01206948932511,
      98.99696425099657
    ],
    [
      100.02213856773565,
      97.99378440133053
    ],
    [
      100.03032312035269,
      96.99046879884807
    ],
    [
      100.03673903229755,
      95.98702579139554
    ],
    [
      100.04150218869128,
      94.98346372681905
    ],
    [
      100.0447284746552,
      93.97979095296502
    ],
    [
      100.04653377531037,
      92.97601581767954
    ],
    [
      100.04703397577805,
      91.97214666880896
    ],
    [
      100.04634496117937,
      90.96819185419949
    ],
    [
      100.04458261663555,
      89.96415972169738
    ],
    [
      100.04186282726778,
      88.9600586191489
    ],
    [
      100.03830147819721,
      87.95589689440027
    ],
    [
      100.03401445454507,
      86.9516828952978
    ],
    [
      100.0291176414325,
      85.94742496968766
    ],
    [
      100.02372692398072,
      84.94313146541613
    ],
    [
      100.01795818731088,
      83.9388107303295
    ],
    [
      100.01192731654416,
      82.93447111227395
    ],
    [
      100.00575019680178,
      81.93012095909579
    ],
    [
      99.99954271320489,
      80.92576861864123
    ],
    [
      99.9934207508747,
      79.92142243875654
    ],
    [
      99.98750019493238,
      78.91709076728797
    ],
    [
      99.9818969304991,
      77.91278195208176
    ],
    [
      99.97672684269607,
      76.90850434098415
    ],
    [
      99.97210581664447,
      75.90426628184143
    ],
    [
      99.96814973746547,
      74.90007612249981
    ],
    [
      99.96497449028028,
      73.89594221080559
    ],
    [
      99.96269596021003,
      72.89187289460493
    ],
    [
      99.96143003237594,
      71.88787652174415
    ],
    [
      99.9612925918992,
      70.88396144006948
    ],
    [
      99.96239952390098,
      69.88013599742717
    ],
    [
      99.96486671350247,
      68.8764085416635
    ],
    [
      99.96881004582484,
      67.87278742062466
    ],
    [
      99.97434540598928,
      66.86928098215694
    ],
    [
      99.981588679117,
      65.86589757410658
    ],
    [
      99.99065575032915,
      64.86264554431983
    ],
    [
      100.00166192784776,
      63.8595331990857
    ],
    [
      100.01441357932391,
      62.85654658999509
    ],
    [
      100.02789981202258,
      61.853612896853015
    ],
    [
      100.04097614065601,
      60.85064967605388
    ],
    [
      100.05249807993648,
      59.84757448399217
    ],
    [
      100.06132114457628,
      58.8443048770624
    ],
    [
      100.06630084928766,
      57.84075841165902
    ],
    [
      100.06629270878298,
      56.83685264417652
    ],
    [
      100.06015223777442,
      55.83250513100934
    ],
    [
      100.04673495097433,
      54.82763342855202
    ],
    [
      100.02489636309494,
      53.82215509319897
    ],
    [
      99.99349689459464,
      52.81598803473275
    ],
    [
      99.9527057541348,
      51.8091444421891
    ],
    [
      99.90575676805486,
      50.80185726596585
    ],
    [
      99.85632179288682,
      49.79439101019837
    ],
    [
      99.80807268516278,
      48.787010179022005
    ],
    [
      99.76468130141477,
      47.779979276572135
    ],
    [
      99.72981949817482,
      46.77356280698412
    ],
    [
      99.70715913197499,
      45.768025274393345
    ],
    [
      99.70037205934736,
      44.76363118293514
    ],
    [
      99.71313013682389,
      43.7606450367449
    ],
    [
      99.7491052209367,
      42.759331339957974
    ],
    [
      99.81196916821779,
      41.75995459670973
    ],
    [
      99.90539383519925,
      40.76277931113555
    ],
    [
      100.03304135504217,
      39.768071952573266
    ],
    [
      100.1971778305344,
      38.776381143780995
    ],
    [
      100.39723116597543,
      37.78882913931323
    ],
    [
      100.63228473718442,
      36.80660782680049
    ],
    [
      100.90142191998042,
      35.83090909387328
    ],
    [
      101.20372609018264,
      34.86292482816215
    ],
    [
      101.53828062361018,
      33.90384691729757
    ],
    [
      101.90416889608217,
      32.95486724891009
    ],
    [
      102.30047428341773,
      32.01717771063024
    ],
    [
      102.72628016143601,
      31.091970190088503
    ],
    [
      103.18066990595615,
      30.180436574915394
    ],
    [
      103.66272689279725,
      29.283768752741462
    ],
    [
      104.17153449777848,
      28.403158611197203
    ],
    [
      104.70617609671893,
      27.539798037913123
    ],
    [
      105.26573506543772,
      26.694878920519763
    ],
    [
      105.84929477975405,
      25.869593146647635
    ],
    [
      106.45592670481933,
      25.06481064284299
    ],
    [
      107.0846525607067,
      24.280056660458975
    ],
    [
      107.73448108262964,
      23.514505452937964
    ],
    [
      108.4044210057646,
      22.767331272719808
    ],
    [
      109.09348106528809,
      22.037708372244328
    ],
    [
      109.8006699963765,
      21.324811003951364
    ],
    [
      110.52499653420628,
      20.627813420280752
    ],
    [
      111.26546941395387,
      19.945889873672332
    ],
    [
      112.0210973707957,
      19.278214616565915
    ],
    [
      112.79088913990826,
      18.623961901401373
    ],
    [
      113.57385345646792,
      17.982305980618513
    ],
    [
      114.3689990601947,
      17.352421128451073
    ],
    [
      115.17548316137568,
      16.734193791780733
    ],
    [
      115.99300208727973,
      16.130096413996434
    ],
    [
      116.82137449459341,
      15.543188219201177
    ],
    [
      117.66041904000345,
      14.976528431497982
    ],
    [
      118.50995438019645,
      14.43317627498989
    ],
    [
      119.3697991718591,
      13.916190973779905
    ],
    [
      120.23977207167803,
      13.428631751971057
    ],
    [
      121.11969173633999,
      12.973557833666359
    ],
    [
      122.00937682253155,
      12.554028442968846
    ],
    [
      122.90864598693936,
      12.17310280398153
    ],
    [
      123.81731788625017,
      11.833840140807434
    ],
    [
      124.73521117715052,
      11.539299677549584
    ],
    [
      125.66214451632715,
      11.292540638310998
    ],
    [
      126.59793656046669,
      11.096622247194697
    ],
    [
      127.54240596625583,
      10.954603728303702
    ],
    [
      128.49537139038117,
      10.869544305741037
    ],
    [
      129.4566514895294,
      10.844503203609726
    ],
    [
      130.4260649203872,
      10.882539646012788
    ],
    [
      131.4034303396412,
      10.986712857053242
    ],
    [
      132.38856640397813,
      11.160082060834114
    ],
    [
      133.3812917700845,
      11.40570648145842
    ],
    [
      134.3814250946471,
      11.726645343029194
    ],
    [
      135.38878503435254,
      12.125957869649442
    ],
    [
      136.40319024588746,
      12.60670328542219
    ],
    [
      137.42445938593858,
      13.171940814450474
    ],
    [
      138.4524111111925,
      13.824729680837295
    ],
    [
      139.48686407833588,
      14.568129108685683
    ],
    [
      140.52763694405542,
      15.40519832209866
    ],
    [
      141.57454836503774,
      16.33899654517926
    ],
    [
      142.62741699796953,
      17.372583002030467
    ]
  ],