{
  "test_id": 20,
  "test_outcome": "NOT_EXECUTED",
  "predicted_test_outcome": null,
  "test_duration": null,
  "road_points": [
    [
      100.00000000000001,
      100.00000000000003
    ],
    [
      100.01520151590181,
      98.99701552975345
    ],
    [
      100.02774577517782,
      97.99383964261469
    ],
    [
      100.03780312624677,
      96.9904846097224
    ],
    [
      100.04554391752765,
      95.98696270221551
    ],
    [
      100.05113849743928,
      94.98328619123278
    ],
    [
      100.05475721440061,
      93.97946734791309
    ],
    [
      100.05657041683047,
      92.97551844339522
    ],
    [
      100.05674845314779,
      91.97145174881803
    ],
    [
      100.05546167177141,
      90.96727953532033
    ],
    [
      100.05288042112022,
      89.96301407404096
    ],
    [
      100.04917504961315,
      88.9586676361187
    ],
    [
      100.04451590566896,
      87.95425249269236
    ],
    [
      100.03907333770671,
      86.9497809149009
    ],
    [
      100.03301769414513,
      85.94526517388299
    ],
    [
      100.02651932340319,
      84.9407175407775
    ],
    [
      100.01974857389975,
      83.9361502867233
    ],
    [
      100.01287579405367,
      82.93157568285918
    ],
    [
      100.00607133228387,
      81.92700600032397
    ],
    [
      99.99950553700921,
      80.92245351025647
    ],
    [
      99.99334875664859,
      79.91793048379554
    ],
    [
      99.98777133962086,
      78.91344919207998
    ],
    [
      99.98294363434493,
      77.90902190624863
    ],
    [
      99.9790359892397,
      76.90466089744032
    ],
    [
      99.97621875272401,
      75.90037843679383
    ],
    [
      99.97466227321678,
      74.89618679544805
    ],
    [
      99.97453689913687,
      73.89209824454174
    ],
    [
      99.97601297890317,
      72.88812505521378
    ],
    [
      99.97926086093459,
      71.88427949860295
    ],
    [
      99.98445089364998,
      70.88057384584812
    ],
    [
      99.9917534254682,
      69.87702036808807
    ],
    [
      100.00133835192477,
      68.87363130383794
    ],
    [
      100.01305383306104,
      67.87039571522567
    ],
    [
      100.025861596703,
      66.86723880976382
    ],
    [
      100.03857201959482,
      65.86407489230933
    ],
    [
      100.0499954784807,
      64.86081826771915
    ],
    [
      100.05894235010473,
      63.85738324085031
    ],
    [
      100.06422301121114,
      62.85368411655974
    ],
    [
      100.0646478385441,
      61.84963519970445
    ],
    [
      100.05902720884768,
      60.84515079514132
    ],
    [
      100.04617149886616,
      59.84014520772744
    ],
    [
      100.02489108534365,
      58.8345327423197
    ],
    [
      99.9940003804354,
      57.82822799446808
    ],
    [
      99.95360049548758,
      56.82123824778211
    ],
    [
      99.90691121650603,
      55.81379544125669
    ],
    [
      99.85761560642786,
      54.806164886286524
    ],
    [
      99.80939672819024,
      53.79861189426634
    ],
    [
      99.76593764473033,
      52.79140177659084
    ],
    [
      99.73092141898528,
      51.78479984465473
    ],
    [
      99.70803111389223,
      50.77907140985271
    ],
    [
      99.70094979238839,
      49.774481783579525
    ],
    [
      99.71336051741086,
      48.77129627722984
    ],
    [
      99.74894635189683,
      47.7697802021984
    ],
    [
      99.81139035878341,
      46.77019886987987
    ],
    [
      99.90437560100779,
      45.772817591669
    ],
    [
      100.03157658244528,
      44.77790340306111
    ],
    [
      100.19529733286399,
      43.785999401964844
    ],
    [
      100.39497787606439,
      42.7982255993402
    ],
    [
      100.62969906292501,
      41.81577435639677
    ],
    [
      100.8985417443244,
      40.839838034344105
    ],
    [
      101.20058677114102,
      39.871608994391806
    ],
    [
      101.53491499425338,
      38.9122795977494
    ],
    [
      101.90060726454004,
      37.963042205626486
    ],
    [
      102.29674443287942,
      37.02508917923261
    ],
    [
      102.72240735015014,
      36.099612879777375
    ],
    [
      103.17667686723055,
      35.18780566847032
    ],
    [
      103.6586338349993,
      34.290859906521014
    ],
    [
      104.16735910433486,
      33.40996795513904
    ],
    [
      104.70193352611568,
      32.54632217553397
    ],
    [
      105.26143795122029,
      31.70111492891536
    ],
    [
      105.84495323052724,
      30.875538576492776
    ],
    [
      106.45154899902384,
      30.070470477276835
    ],
    [
      107.0802470120188,
      29.285443272865756
    ],
    [
      107.7300562508619,
      28.519630843787475
    ],
    [
      108.39998569678092,
      27.77220706714073
    ],
    [
      109.08904433100359,
      27.0423458200242
    ],
    [
      109.79624113475766,
      26.329220979536593
    ],
    [
      110.52058508927088,
      25.63200642277659
    ],
    [
      111.261085175771,
      24.949876026842933
    ],
    [
      112.01675037548574,
      24.282003668834296
    ],
    [
      112.78658966964286,
      23.627563225849382
    ],
    [
      113.56961203947012,
      22.98572857498689
    ],
    [
      114.36482646887217,
      22.35567360620012
    ],
    [
      115.17138809212254,
      21.737274032182007
    ],
    [
      115.98899107816867,
      21.132994042098666
    ],
    [
      116.81745383809806,
      20.54589444324192
    ],
    [
      117.65659478299828,
      19.979036042903584
    ],
    [
      118.50623232395688,
      19.435479648375452
    ],
    [
      119.36618487206141,
      18.918286066949328
    ],
    [
      120.2362708383994,
      18.430516105917043
    ],
    [
      121.1163086340584,
      17.975230572570386
    ],
    [
      122.006116670126,
      17.555490274201173
    ],
    [
      122.90551335768967,
      17.174356018101214
    ],
    [
      123.81431710783703,
      16.834888611562317
    ],
    [
      124.73234633165559,
      16.54014886187629
    ],
    [
      125.65941944023291,
      16.293197576334936
    ],
    [
      126.5953548446565,
      16.097095562230077
    ],
    [
      127.53997095601396,
      15.95490362685351
    ],
    [
      128.49308618539283,
      15.869682577497047
    ],
    [
      129.45451894388066,
      15.8444932214525
    ],
    [
      130.4240876425649,
      15.882396366011672
    ],
    [
      131.4016106925332,
      15.986452818466374
    ],
    [
      132.38690650487314,
      16.159723386108425
    ],
    [
      133.3797934906721,
      16.405268876229613
    ],
    [
      134.38009006101782,
      16.726150096121756
    ],
    [
      135.3876146269978,
      17.12542785307668
    ],
    [
      136.40218559969946,
      17.606162954386164
    ],
    [
      137.42362139021049,
      18.17141620734204
    ],
    [
      138.45174040961837,
      18.8242484192361
    ],
    [
      139.4863610690107,
      19.567720397360176
    ],
    [
      140.52730177947495,
      20.404892949006047
    ],
    [
      141.57438095209872,
      21.33882688146554
    ],
    [
      142.62741699796953,
      22.372583002030467
    ]
  ],