{
  "test_id": 27,
  "test_outcome": "NOT_EXECUTED",
  "predicted_test_outcome": null,
  "test_duration": null,
  "road_points": [
    [
      100.00000000000001,
      100.0
    ],
    [
      99.995705245707,
      98.99741598545795
    ],
    [
      99.99216027516582,
      97.99478686682963
    ],
    [
      99.9893170850982,
      96.99211553180628
    ],
    [
      99.98712767222602,
      95.98940486807913
    ],
    [
      99.9855440332711,
      94.98665776333955
    ],
    [
      99.9845181649553,
      93.9838771052788
    ],
    [
      99.98400206400039,
      92.98106578158809
    ],
    [
      99.98394772712831,
      91.9782266799588
    ],
    [
      99.98430715106076,
      90.9753626880821
    ],
    [
      99.98503233251972,
      89.97247669364937
    ],
    [
      99.98607526822691,
      88.96957158435181
    ],
    [
      99.9873879549042,
      87.96665024788078
    ],
    [
      99.98892238927343,
      86.9637155719275
    ],
    [
      99.99063056805645,
      85.96077044418328
    ],
    [
      99.99246448797501,
      84.95781775233935
    ],
    [
      99.99437614575103,
      83.95486038408704
    ],
    [
      99.99631753810631,
      82.95190122711762
    ],
    [
      99.99824066176271,
      81.94894316912237
    ],
    [
      100.00009751344201,
      80.94598909779256
    ],
    [
      100.00184008986609,
      79.94304190081948
    ],
    [
      100.00342038775679,
      78.94010446589441
    ],
    [
      100.00479040383588,
      77.93717968070858
    ],
    [
      100.00590213482528,
      76.93427043295335
    ],
    [
      100.00670757744675,
      75.93137961031995
    ],
    [
      100.00715872842214,
      74.92851010049966
    ],
    [
      100.00720758447329,
      73.92566479118379
    ],
    [
      100.00680614232205,
      72.9228465700636
    ],
    [
      100.00590639869024,
      71.92005832483036
    ],
    [
      100.0044603502997,
      70.91730294317536
    ],
    [
      100.00241999387222,
      69.91458331278989
    ],
    [
      99.99973734943062,
      68.91190231996352
    ],
    [
      99.99640856877392,
      67.90926019618911
    ],
    [
      99.99256568794601,
      66.90664899868969
    ],
    [
      99.9883668119268,
      65.90405921648208
    ],
    [
      99.98397004569614,
      64.90148133858308
    ],
    [
      99.97953349423399,
      63.89890585400952
    ],
    [
      99.97521526252018,
      62.89632325177819
    ],
    [
      99.97117345553465,
      61.893724020905914
    ],
    [
      99.96756617825726,
      60.891098650409475
    ],
    [
      99.96455153566788,
      59.88843762930573
    ],
    [
      99.96228763274642,
      58.88573144661144
    ],
    [
      99.96093257447279,
      57.88297059134345
    ],
    [
      99.96064446582687,
      56.88014555251854
    ],
    [
      99.96158141178857,
      55.87724681915357
    ],
    [
      99.96390151733775,
      54.874264880265315
    ],
    [
      99.96776288745426,
      53.87119022487057
    ],
    [
      99.97332362711809,
      52.86801334198619
    ],
    [
      99.98074184130905,
      51.86472472062894
    ],
    [
      99.99017563500706,
      50.861314849815656
    ],
    [
      100.00178266050133,
      49.85777424579527
    ],
    [
      100.01548566816543,
      48.8541075556061
    ],
    [
      100.03058899605973,
      47.85035662757584
    ],
    [
      100.04629641858152,
      46.84656935955268
    ],
    [
      100.06181171012814,
      45.842793649384795
    ],
    [
      100.07633864509688,
      44.83907739492035
    ],
    [
      100.089080997885,
      43.835468494007515
    ],
    [
      100.09924254288987,
      42.83201484449448
    ],
    [
      100.10602705450871,
      41.828764344229405
    ],
    [
      100.1086383071389,
      40.82576489106048
    ],
    [
      100.10628007517771,
      39.82306438283585
    ],
    [
      100.09815613302241,
      38.82071071740371
    ],
    [
      100.08347025507034,
      37.81875179261225
    ],
    [
      100.06142621571878,
      36.81723550630958
    ],
    [
      100.03122778936503,
      35.81620975634394
    ],
    [
      99.99206477745709,
      34.81572253514881
    ],
    [
      99.93947168745876,
      33.81584657847805
    ],
    [
      99.86045769003181,
      32.81671233157245
    ],
    [
      99.74081882797871,
      31.818458451546054
    ],
    [
      99.56730140769417,
      30.821434007737025
    ],
    [
      99.33619619514567,
      29.828101452530937
    ],
    [
      99.04930605374156,
      28.84214375511675
    ],
    [
      98.70850062556883,
      27.86725867115989
    ],
    [
      98.31564955271466,
      26.90714395632585
    ],
    [
      97.872622477266,
      25.965497366280047
    ],
    [
      97.38128904131001,
      25.046016656688
    ],
    [
      96.84351888693371,
      24.152399583215132
    ],
    [
      96.2611816562242,
      23.288343901526925
    ],
    [
      95.6361469912685,
      22.457547367288814
    ],
    [
      94.97028453415372,
      21.663707736166298
    ],
    [
      94.26546392696694,
      20.910522763824826
    ],
    [
      93.52355481179518,
      20.201690205929854
    ],
    [
      92.74642683072551,
      19.54090781814685
    ],
    [
      91.93594962584505,
      18.93187335614127
    ],
    [
      91.09400027590371,
      18.37819732385777
    ],
    [
      90.22268201427019,
      17.880836833523105
    ],
    [
      89.32435988469219,
      17.43767726929294
    ],
    [
      88.40141354668009,
      17.04643253377693
    ],
    [
      87.4562226597441,
      16.704816529584715
    ],
    [
      86.49116688339465,
      16.410543159325965
    ],
    [
      85.50862587714208,
      16.161326325610325
    ],
    [
      84.51097930049669,
      15.954879931047456
    ],
    [
      83.50060681296884,
      15.78891787824701
    ],
    [
      82.47988807406882,
      15.661154069818638
    ],
    [
      81.45120274330702,
      15.569302408372002
    ],
    [
      80.41693048019377,
      15.51107679651675
    ],
    [
      79.37945094423938,
      15.484191136862544
    ],
    [
      78.34114379495422,
      15.486359332019038
    ],
    [
      77.30438869184859,
      15.515295284595876
    ],
    [
      76.27156529443285,
      15.568712897202726
    ],
    [
      75.24505326221731,
      15.644326072449237
    ],
    [
      74.22709396188279,
      15.739621023272518
    ],
    [
      73.21775007463471,
      15.848496906187043
    ],
    [
      72.21534934231603,
      15.961996418868626
    ],
    [
      71.21817140871971,
      16.071083068847763
    ],
    [
      70.22449591763878,
      16.166720363654953
    ],
    [
      69.23260251286611,
      16.23987181082069
    ],
    [
      68.24077083819468,
      16.281500917875473
    ],
    [
      67.24737720150229,
      16.283302976548487
    ],
    [
      66.2519455901642,
      16.24566165256696
    ],
    [
      65.25475196794777,
      16.174653361373366
    ],
    [
      64.2560853602811,
      16.07645340019276
    ],
    [
      63.25623479259246,
      15.95723706625021
    ],
    [
      62.255489290309995,
      15.823179656770755
    ],
    [
      61.2541378788619,
      15.680456468979454
    ],
    [
      60.252469583676366,
      15.53524280010137
    ],
    [
      59.25077343018158,
      15.393713947361555
    ],
    [
      58.24933844380572,
      15.262045207985052
    ],
    [
      57.248453649977,
      15.146411879196936
    ],
    [
      56.24840807412356,
      15.052989258222247
    ],
    [
      55.24949074167365,
      14.987952642286048
    ],
    [
      54.25199067805541,
      14.957477328613393
    ],
    [
      53.25619690869703,
      14.967738614429335
    ],
    [
      52.26243822179435,
      15.024458159310633
    ],
    [
      51.27144907404228,
      15.128729511792734
    ],
    [
      50.28420106621663,
      15.27894073763002
    ],
    [
