{
  "test_id": 22,
  "test_outcome": "NOT_EXECUTED",
  "predicted_test_outcome": null,
  "test_duration": null,
  "road_points": [
    [
      100.0,
      100.0
    ],
    [
      100.15096374708874,
      98.9966604295184
    ],
    [
      100.28156923574015,
      97.99264108735542
    ],
    [
      100.39229567421782,
      96.98808538883053
    ],
    [
      100.48362227078532,
      95.98313674926314
    ],
    [
      100.55602823370614,
      94.97793858397266
    ],
    [
      100.60999277124392,
      93.97263430827857
    ],
    [
      100.64599509166214,
      92.96736733750024
    ],
    [
      100.66451440322442,
      91.96228108695713
    ],
    [
      100.6660299141943,
      90.95751897196874
    ],
    [
      100.65102083283531,
      89.95322440785444
    ],
    [
      100.61996636741104,
      88.94954080993364
    ],
    [
      100.57334572618502,
      87.94661159352582
    ],
    [
      100.51163811742087,
      86.9445801739504
    ],
    [
      100.43532274938205,
      85.9435899665268
    ],
    [
      100.34487883033218,
      84.94378438657444
    ],
    [
      100.2407855685348,
      83.9453068494128
    ],
    [
      100.12352217225347,
      82.94830077036127
    ],
    [
      99.99356784975177,
      81.95290956473933
    ],
    [
      99.85140180929325,
      80.95927664786635
    ],
    [
      99.69750325914144,
      79.96754543506182
    ],
    [
      99.53235140755991,
      78.97785934164516
    ],
    [
      99.35642546281224,
      77.99036178293576
    ],
    [
      99.17020463316193,
      77.00519617425309
    ],
    [
      98.97416812687257,
      76.0225059309166
    ],
    [
      98.76879472752736,
      75.04243449234015
    ],
    [
      98.55421724041584,
      74.06514492719324
    ],
    [
      98.32959778641231,
      73.09085537642254
    ],
    [
      98.09392952485864,
      72.11979356709375
    ],
    [
      97.84620561509664,
      71.1521872262726
    ],
    [
      97.58541921646818,
      70.18826408102483
    ],
    [
      97.31056348831511,
      69.22825185841607
    ],
    [
      97.02063158997925,
      68.27237828551209
    ],
    [
      96.71461668080246,
      67.3208710893786
    ],
    [
      96.3915119201266,
      66.3739579970813
    ],
    [
      96.0503104672935,
      65.43186673568589
    ],
    [
      95.69000548164502,
      64.49482503225808
    ],
    [
      95.30959012252298,
      63.5630606138636
    ],
    [
      94.90805754926926,
      62.63680120756817
    ],
    [
      94.48440092122569,
      61.71627454043746
    ],
    [
      94.03761339773415,
      60.80170833953724
    ],
    [
      93.56668813813639,
      59.89333033193314
    ],
    [
      93.07061830177439,
      58.99136824469095
    ],
    [
      92.54839820766091,
      58.096051741366416
    ],
    [
      91.99941303506037,
      57.208263168018505
    ],
    [
      91.42400507892225,
      56.330483121382294
    ],
    [
      90.82266043669674,
      55.46543232845891
    ],
    [
      90.19586520583395,
      54.615831516249344
    ],
    [
      89.54410548378418,
      53.78440141175469
    ],
    [
      88.86786736799756,
      52.97386274197604
    ],
    [
      88.16763695592431,
      52.186936233914416
    ],
    [
      87.44390034501457,
      51.426342614570885
    ],
    [
      86.69714363271858,
      50.69480261094651
    ],
    [
      85.92785291648651,
      49.99503695004236
    ],
    [
      85.13651429376858,
      49.3297663588595
    ],
    [
      84.32361386201497,
      48.70171156439899
    ],
    [
      83.48963771867584,
      48.113593293661886
    ],
    [
      82.6350719612014,
      47.568132273649255
    ],
    [
      81.76040268704186,
      47.06804923136217
    ],
    [
      80.8661159936474,
      46.61606489380167
    ],
    [
      79.9526979784682,
      46.21489998796882
    ],
    [
      79.02063473895447,
      45.8672752408647
    ],
    [
      78.07041237255638,
      45.57591137949036
    ],
    [
      77.10252184310899,
      45.34352278168008
    ],
    [
      76.11826782936427,
      45.17176217234686
    ],
    [
      75.12067362809789,
      45.060039997433805
    ],
    [
      74.11298076550901,
      45.00748197920491
    ],
    [
      73.09843076779669,
      45.013213839924205
    ],
    [
      72.08026516116009,
      45.076361301855684
    ],
    [
      71.06172547179831,
      45.196050087263366
    ],
    [
      70.0460532259105,
      45.37140591841127
    ],
    [
      69.03648994969575,
      45.6015545175634
    ],
    [
      68.03627716935317,
      45.88562160698376
    ],
    [
      67.04865641108191,
      46.222732908936365
    ],
    [
      66.07686920108105,
      46.61201414568523
    ],
    [
      65.12415706554974,
      47.05259103949436
    ],
    [
      64.19376153068708,
      47.54358931262775
    ],
    [
      63.288924122692194,
      48.084134687349454
    ],
    [
      62.4128863677642,
      48.67335288592344
    ],
    [
      61.568676335474436,
      49.31007261735344
    ],
    [
      60.75833753562306,
      49.99175262939788
    ],
    [
      59.98362980032603,
      50.71545694778314
    ],
    [
      59.24631293535438,
      51.478249561578195
    ],
    [
      58.54814674647922,
      52.27719445985196
    ],
    [
      57.8908910394716,
      53.10935563167343
    ],
    [
      57.2763056201026,
      53.97179706611154
    ],
    [
      56.70615029414331,
      54.86158275223527
    ],
    [
      56.18218486736478,
      55.775776679113584
    ],
    [
      55.706169145538134,
      56.71144283581541
    ],
    [
      55.27986293443441,
      57.66564521140973
    ],
    [
      54.90502603982469,
      58.6354477949655
    ],
    [
      54.583418267480056,
      59.617914575551666
    ],
    [
      54.31679942317157,
      60.61010954223721
    ],
    [
      54.10692931267034,
      61.60909668409107
    ],
    [
      53.9555677417474,
      62.61193999018221
    ],
    [
      53.86447451617388,
      63.61570344957959
    ],
    [
      53.83540944172081,
      64.6174510513522
    ],
    [
      53.87000736468829,
      65.61430164241048
    ],
    [
      53.96741020803166,
      66.6044684756565
    ],
    [
      54.124461958460834,
      67.58717360965846
    ],
    [
      54.33792072174315,
      68.561676805154
    ],
    [
      54.60454460364589,
      69.5272378228806
    ],
    [
      54.92109170993635,
      70.48311642357584
    ],
    [
      55.28432014638182,
      71.42857236797731
    ],
    [
      55.69098801874961,
      72.36286541682253
    ],
    [
      56.13785343280699,
      73.2852553308491
    ],
    [
      56.62167449432131,
      74.19500187079457
    ],
    [
      57.13920930905985,
      75.09136479739651
    ],
    [
      57.6872159827899,
      75.97360387139246
    ],
    [
      58.26245262127875,
      76.84097885352001
    ],
    [
      58.86167733029375,
      77.69274950451674
    ],
    [
      59.48164821560212,
      78.52817558512012
    ],
    [
      60.11912338297124,
      79.34651685606784
    ],
    [
      60.77086093816835,
      80.1470330780974
    ],
    [
      61.433459742006306,
      80.92932341129838
    ],
    [
      62.10169589833443,
      81.69687186432218
    ],
    [
      62.76918291573941,
      82.4556402893419
    ],
    [
      63.429515518446124,
      83.21163057370941
    ],
    [
      64.07628843067954,
      83.97084460477666
    ],
    [
      64.70309637666453,
      84.7392842698955
    ],
    [
      65.30353408062604,
      85.52295145641784
    ],
    [
      65.87196912938496,
      86.32725205450497
    ],
    [
      66.40964858592358,
      87.15228680889332
    ],
    [
      66.92142750181823,
      87.99537414430908
    ],
    [
      67.41219276697073,
      88.85380793318109
    ],
    [
      67.88683127128272,
      89.72488204793794
    ],
    [
      68.35022990465598,
      90.60589036100845
    ],
    [
