{
  "test_id": 8,
  "test_outcome": "NOT_EXECUTED",
  "predicted_test_outcome": null,
  "test_duration": null,
  "road_points": [
    [
      99.99999999999999,
      100.0
    ],
    [
      100.02166828353387,
      101.00409872758016
    ],
    [
      99.976704158811,
      102.00907027105602
    ],
    [
      99.86736744497067,
      103.0122259142004
    ],
    [
      99.69591796115233,
      104.01087694078608
    ],
    [
      99.46461552649535,
      105.00233463458595
    ],
    [
      99.1757199601392,
      105.98391027937285
    ],
    [
      98.83149108122322,
      106.95291515891952
    ],
    [
      98.4341887088868,
      107.90666055699884
    ],
    [
      97.98607266226942,
      108.84245775738367
    ],
    [
      97.48940276051039,
      109.75761804384675
    ],
    [
      96.94643882274914,
      110.64945270016098
    ],
    [
      96.3594406681251,
      111.51527301009915
    ],
    [
      95.73066811577765,
      112.35239025743412
    ],
    [
      95.06238098484617,
      113.15811572593867
    ],
    [
      94.35683909447009,
      113.92976069938564
    ],
    [
      93.61630226378882,
      114.6646364615479
    ],
    [
      92.84303031194172,
      115.36005429619821
    ],
    [
      92.0392830580682,
      116.01332548710943
    ],
    [
      91.20732032130769,
      116.62176131805438
    ],
    [
      90.34940192079956,
      117.18267307280591
    ],
    [
      89.46778767568324,
      117.6933720351368
    ],
    [
      88.56473740509809,
      118.1511694888199
    ],
    [
      87.64251092818353,
      118.55337671762805
    ],
    [
      86.70336806407896,
      118.89730500533405
    ],
    [
      85.74956863192382,
      119.18026563571078
    ],
    [
      84.78336647436053,
      119.3996238003173
    ],
    [
      83.80679029240324,
      119.55477546007683
    ],
    [
      82.82158041560326,
      119.64771767610011
    ],
    [
      81.82945830767903,
      119.68061767863006
    ],
    [
      80.83214543234895,
      119.6556426979096
    ],
    [
      79.83136325333146,
      119.5749599641816
    ],
    [
      78.82883323434498,
      119.44073670768897
    ],
    [
      77.82627683910798,
      119.25514015867462
    ],
    [
      76.8254155313388,
      119.02033754738137
    ],
    [
      75.82797077475594,
      118.73849610405222
    ],
    [
      74.8356640330778,
      118.41178305893
    ],
    [
      73.85021677002284,
      118.04236564225765
    ],
    [
      72.87335044930941,
      117.632411084278
    ],
    [
      71.90678653465602,
      117.18408661523407
    ],
    [
      70.95224648978103,
      116.69955946536858
    ],
    [
      70.01145177840293,
      116.18099686492455
    ],
    [
      69.08612386424008,
      115.63056604414487
    ],
    [
      68.17798421101095,
      115.0504342332724
    ],
    [
      67.28875428243396,
      114.44276866255
    ],
    [
      66.42015554222752,
      113.80973656222066
    ],
    [
      65.57390945411007,
      113.15350516252721
    ],
    [
      64.75173748180006,
      112.47624169371262
    ],
    [
      63.95536108901586,
      111.78011338601964
    ],
    [
      63.18641079622337,
      111.06724335818157
    ],
    [
      62.44494421340766,
      110.33899179760901
    ],
    [
      61.729689538477345,
      109.59607406791231
    ],
    [
      61.03933315803134,
      108.83918525236271
    ],
    [
      60.372561458668564,
      108.06902043423156
    ],
    [
      59.728060826987914,
      107.28627469679019
    ],
    [
      59.104517649588324,
      106.49164312330987
    ],
    [
      58.50061831306872,
      105.68582079706194
    ],
    [
      57.91504920402802,
      104.8695028013177
    ],
    [
      57.34649670906515,
      104.04338421934847
    ],
    [
      56.793647214778986,
      103.20816013442553
    ],
    [
      56.25518710776849,
      102.3645256298202
    ],
    [
      55.72980277463257,
      101.51317578880382
    ],
    [
      55.21618060197014,
      100.65480569464769
    ],
    [
      54.71300697638013,
      99.79011043062314
    ],
    [
      54.21896828446143,
      98.91978508000139
    ],
    [
      53.732750912812996,
      98.04452472605388
    ],
    [
      53.25304124803371,
      97.1650244520518
    ],
    [
      52.77852567672251,
      96.28197934126653
    ],
    [
      52.30789058547832,
      95.39608447696936
    ],
    [
      51.83987333163612,
      94.50802112192312
    ],
    [
      51.37383328919276,
      93.61830188159344
    ],
    [
      50.90954559095315,
      92.72732663013024
    ],
    [
      50.44679297853018,
      91.83549317858584
    ],
    [
      49.98535819353673,
      90.9431993380126
    ],
    [
      49.52504829038269,
      90.05082616145769
    ],
    [
      49.06636604072879,
      89.15827516712146
    ],
    [
      48.61059546726154,
      88.264909382761
    ],
    [
      48.1590620843527,
      87.37006323728966
    ],
    [
      47.71309140637405,
      86.4730711596208
    ],
    [
      47.27400894769737,
      85.5732675786678
    ],
    [
      46.84314022269439,
      84.66998692334394
    ],
    [
      46.42181074573692,
      83.76256362256268
    ],
    [
      46.01134603119672,
      82.85033210523734
    ],
    [
      45.61307159344555,
      81.93262680028123
    ],
    [
      45.2283129468552,
      81.00878213660779
    ],
    [
      44.85839560579739,
      80.0781325431303
    ],
    [
      44.50464508464395,
      79.14001244876215
    ],
    [
      44.16838689776662,
      78.19375628241671
    ],
    [
      43.85094655953717,
      77.23869847300733
    ],
    [
      43.55364958432738,
      76.27417344944735
    ],
    [
      43.277821486509,
      75.29951564065014
    ],
    [
      43.02478778045381,
      74.31405947552904
    ],
    [
      42.79587398053359,
      73.31713938299742
    ],
    [
      42.59240560112011,
      72.3080897919687
    ],
    [
      42.41570815658511,
      71.28624513135611
    ],
    [
      42.267107161300395,
      70.25093983007311
    ],
    [
      42.14790772170489,
      69.20160371510528
    ],
    [
      42.059045320357974,
      68.13939444182276
    ],
    [
      42.00113397790033,
      67.06697235808448
    ],
    [
      41.97477699832149,
      65.98704790736046
    ],
    [
      41.980577685610925,
      64.90233153312077
    ],
    [
      42.01913934375815,
      63.81553367883541
    ],
    [
      42.091065276752644,
      62.72936478797447
    ],
    [
      42.19695878858394,
      61.64653530400799
    ],
    [
      42.33742318324152,
      60.56975567040601
    ],
    [
      42.5130617647149,
      59.50173633063856
    ],
    [
      42.72447783699356,
      58.44518772817573
    ],
    [
      42.97227470406702,
      57.40282030648753
    ],
    [
      43.25705566992476,
      56.377344509044015
    ],
    [
      43.5794240385563,
      55.37147077931525
    ],
    [
      43.93998311395112,
      54.38790956077125
    ],
    [
      44.339336200098735,
      53.42937129688208
    ],
    [
      44.77808660098867,
      52.498566431117794
    ],
    [
      45.25683762061039,
      51.598205406948416
    ],
    [
      45.7761925629534,
      50.73099866784403
    ],
    [
      46.33675473200721,
      49.89965665727463
    ],
    [
      46.939127431761314,
      49.10688981871032
    ],
    [
      47.58391396620522,
      48.35540859562109
    ],
    [
      48.27171763932844,
      47.64792343147703
    ],
    [
      49.00314175512045,
      46.98714476974818
    ],
    [
      49.77876889676993,
      46.37576943533907
    ],
    [
      50.59771658592113,
      45.815531354242275
    ],
    [
      51.45669384406476,
      45.30658148674737
    ],
    [
      52.35218554168622,
      44.84892347185227
    ],
    [
      53.28067654927083,
      44.442560948554814
    ],
    [
      54.23865173730395,
      44.087497555852906
    ],
    [
      55.222595976271,
