{
  "test_id": 2,
  "test_outcome": "NOT_EXECUTED",
  "predicted_test_outcome": null,
  "test_duration": null,
  "road_points": [
    [
      100.0,
      99.99999999999999
    ],
    [
      100.04150778309754,
      99.00363795673455
    ],
    [
      100.07327717154241,
      98.00593582660764
    ],
    [
      100.09614476469139,
      97.00700873288618
    ],
    [
      100.11094716190114,
      96.00697179883693
    ],
    [
      100.11852096252835,
      95.00594014772672
    ],
    [
      100.1197027659298,
      94.0040289028225
    ],
    [
      100.11532917146221,
      93.00135318739103
    ],
    [
      100.10623677848217,
      91.99802812469915
    ],
    [
      100.09326218634656,
      90.99416883801376
    ],
    [
      100.07724199441202,
      89.98989045060169
    ],
    [
      100.05901280203526,
      88.98530808572974
    ],
    [
      100.03941120857297,
      87.98053686666479
    ],
    [
      100.01927381338193,
      86.9756919166737
    ],
    [
      99.9994372158188,
      85.97088835902325
    ],
    [
      99.9807380152403,
      84.96624131698033
    ],
    [
      99.96401281100324,
      83.96186591381183
    ],
    [
      99.95009820246419,
      82.9578772727845
    ],
    [
      99.93983078897992,
      81.95439051716522
    ],
    [
      99.93404716990717,
      80.95152077022084
    ],
    [
      99.93358394460263,
      79.94938315521821
    ],
    [
      99.93927771242302,
      78.94809279542417
    ],
    [
      99.95196507272509,
      77.94776481410558
    ],
    [
      99.9724826248655,
      76.94851433452924
    ],
    [
      100.00166692131637,
      75.95045647351029
    ],
    [
      100.039912206837,
      74.95364548251841
    ],
    [
      100.08608782998613,
      73.95792577419088
    ],
    [
      100.13873476148552,
      72.96309657355026
    ],
    [
      100.19639397205715,
      71.96895710561921
    ],
    [
      100.2576064324229,
      70.97530659542036
    ],
    [
      100.32091311330468,
      69.98194426797633
    ],
    [
      100.38485498542431,
      68.98866934830974
    ],
    [
      100.44797301950369,
      67.99528106144318
    ],
    [
      100.5088081862648,
      67.00157863239933
    ],
    [
      100.56590145642943,
      66.00736128620079
    ],
    [
      100.61779380071954,
      65.01242824787019
    ],
    [
      100.66302618985696,
      64.01657874243014
    ],
    [
      100.7001395945636,
      63.01961199490327
    ],
    [
      100.72767498556136,
      62.0213272303122
    ],
    [
      100.74417333357215,
      61.02152367367957
    ],
    [
      100.7481756093178,
      60.02000055002801
    ],
    [
      100.73822278352026,
      59.0165570843801
    ],
    [
      100.71285582690139,
      58.01099250175851
    ],
    [
      100.67061571018306,
      57.003106027185844
    ],
    [
      100.61004340408722,
      55.99269688568474
    ],
    [
      100.5296798793357,
      54.979564302277794
    ],
    [
      100.42806610665042,
      53.96350750198765
    ],
    [
      100.30374305675323,
      52.94432570983693
    ],
    [
      100.15525170036611,
      51.92181815084827
    ],
    [
      99.98113313737225,
      50.89578459979926
    ],
    [
      99.78009343070384,
      49.8667269704623
    ],
    [
      99.55132679152064,
      48.83722490194449
    ],
    [
      99.29411729462966,
      47.81024052368316
    ],
    [
      99.00774901483813,
      46.788735965115706
    ],
    [
      98.69150602695309,
      45.775673355679416
    ],
    [
      98.34467240578175,
      44.77401482481171
    ],
    [
      97.96653222613108,
      43.786722501949875
    ],
    [
      97.5563695628083,
      42.8167585165313
    ],
    [
      97.11346849062049,
      41.86708499799333
    ],
    [
      96.63711308437476,
      40.940664075773306
    ],
    [
      96.12658741887823,
      40.04045787930859
    ],
    [
      95.58117556893801,
      39.16942853803652
    ],
    [
      95.0001616093612,
      38.33053818139446
    ],
    [
      94.38282961495491,
      37.52674893881974
    ],
    [
      93.7284636605263,
      36.761022939749736
    ],
    [
      93.03634782088243,
      36.03632231362177
    ],
    [
      92.30576617083042,
      35.35560918987321
    ],
    [
      91.53600278517743,
      34.721845697941426
    ],
    [
      90.72634173873051,
      34.13799396726373
    ],
    [
      89.87606933485468,
      33.60701449231588
    ],
    [
      88.98560516305054,
      33.13103634229418
    ],
    [
      88.05834305370266,
      32.71000656106162
    ],
    [
      87.09815886881304,
      32.34351855427843
    ],
    [
      86.10892847038369,
      32.031165727604915
    ],
    [
      85.09452772041658,
      31.772541486701297
    ],
    [
      84.05883248091364,
      31.567239237227827
    ],
    [
      83.00571861387691,
      31.414852384844785
    ],
    [
      81.93906198130837,
      31.314974335212423
    ],
    [
      80.86273844520997,
      31.26719849399098
    ],
    [
      79.78062386758371,
      31.27111826684072
    ],
    [
      78.6965941104316,
      31.32632705942191
    ],
    [
      77.61452503575558,
      31.4324182773948
    ],
    [
      76.53829250555768,
      31.58898532641964
    ],
    [
      75.47177238183987,
      31.795621612156694
    ],
    [
      74.4188405266041,
      32.05192054026623
    ],
    [
      73.38337280185239,
      32.35747551640847
    ],
    [
      72.36924506958671,
      32.711879946243705
    ],
    [
      71.38033319180903,
      33.11472723543218
    ],
    [
      70.42051303052136,
      33.565610789634135
    ],
    [
      69.49366044772569,
      34.064124014509844
    ],
    [
      68.60365130542397,
      34.609860315719565
    ],
    [
      67.7543614656182,
      35.20241309892355
    ],
    [
      66.94965381996457,
      35.8413681723109
    ],
    [
      66.19177779478191,
      36.52536624541579
    ],
    [
      65.4798252484936,
      37.251198460197735
    ],
    [
      64.8125218861173,
      38.01544148168688
    ],
    [
      64.18859341267063,
      38.81467197491338
    ],
    [
      63.606765533171334,
      39.64546660490734
    ],
    [
      63.065763952637056,
      40.50440203669892
    ],
    [
      62.56431437608547,
      41.38805493531826
    ],
    [
      62.10114250853424,
      42.29300196579549
    ],
    [
      61.67497405500101,
      43.215819793160776
    ],
    [
      61.28453472050351,
      44.15308508244423
    ],
    [
      60.92855021005936,
      45.10137449867598
    ],
    [
      60.605735369931175,
      46.057271009963095
    ],
    [
      60.31340784218666,
      47.018168606063796
    ],
    [
      60.046125694949545,
      47.98306310002377
    ],
    [
      59.79812342391828,
      48.9511381258555
    ],
    [
      59.56363552479129,
      49.92157731757139
    ],
    [
      59.336896493267005,
      50.89356430918394
    ],
    [
      59.112140825043845,
      51.86628273470558
    ],
    [
      58.88360301582027,
      52.83891622814877
    ],
    [
      58.64551756129468,
      53.81064842352598
    ],
    [
      58.39211895716553,
      54.7806629548497
    ],
    [
      58.11764169913125,
      55.74814345613231
    ],
    [
      57.81632028289027,
      56.71227356138631
    ],
    [
      57.48240895659823,
      57.67222893921455
    ],
    [
      57.11216174373411,
      58.626378825410725
    ],
    [
      56.70552253908413,
      59.571604471969025
    ],
    [
      56.26283330499544,
      60.504626605479814
    ],
    [
      55.78443600381521,
      61.422165952533405
    ],
    [
      55.27067259789055,
      62.320943239720165
    ],
    [
      54.721885049568606,
      63.19767919363042
    ],
    [
      54.13841532119654,
      64.04909454085453
    ],
    [
      53.52060537512148,
      64.87191000798285
    ],
    [
      52.86879717369055,
      65.66284632160571
    ],
    [
