{
  "test_id": 2,
  "test_outcome": "NOT_EXECUTED",
  "predicted_test_outcome": null,
  "test_duration": null,
  "road_points": [
    [
      99.99999999999997,
      99.99999999999997
    ],
    [
      100.09981716229557,
      98.98651806192352
    ],
    [
      100.1845535676573,
      97.97438023128626
    ],
    [
      100.2549668852885,
      96.96351897906305
    ],
    [
      100.31181478439258,
      95.95386677622889
    ],
    [
      100.35585493417305,
      94.94535609375875
    ],
    [
      100.38784500383322,
      93.93791940262753
    ],
    [
      100.40854266257655,
      92.93148917381022
    ],
    [
      100.4187055796065,
      91.92599787828178
    ],
    [
      100.4190914241264,
      90.92137798701717
    ],
    [
      100.41045786533972,
      89.91756197099129
    ],
    [
      100.39356257244984,
      88.91448230117913
    ],
    [
      100.36916321466018,
      87.91207144855565
    ],
    [
      100.33801746117415,
      86.91026188409582
    ],
    [
      100.30088298119517,
      85.90898607877452
    ],
    [
      100.25851744392669,
      84.90817650356678
    ],
    [
      100.21167851857206,
      83.90776562944751
    ],
    [
      100.16112387433476,
      82.9076859273917
    ],
    [
      100.10761118041813,
      81.90786986837423
    ],
    [
      100.05189810602563,
      80.90824992337014
    ],
    [
      99.99474232036066,
      79.90875856335433
    ],
    [
      99.93690149262666,
      78.90932825930177
    ],
    [
      99.87913329202702,
      77.90989148218743
    ],
    [
      99.82219538776515,
      76.91038070298625
    ],
    [
      99.76684544904448,
      75.91072839267316
    ],
    [
      99.71384114506841,
      74.91086702222314
    ],
    [
      99.66394014504036,
      73.91072906261113
    ],
    [
      99.61790011816375,
      72.91024698481209
    ],
    [
      99.57647873364195,
      71.90935325980098
    ],
    [
      99.54043366067845,
      70.90798035855273
    ],
    [
      99.51052256847663,
      69.90606075204234
    ],
    [
      99.48750312623987,
      68.90352691124471
    ],
    [
      99.47213300317162,
      67.9003113071348
    ],
    [
      99.46516986847529,
      66.8963464106876
    ],
    [
      99.46737139135429,
      65.89156469287805
    ],
    [
      99.47949524101203,
      64.88589862468108
    ],
    [
      99.50229908665192,
      63.87928067707165
    ],
    [
      99.53654059747737,
      62.87164332102473
    ],
    [
      99.58297744269183,
      61.86291902751525
    ],
    [
      99.64236729149866,
      60.853040267518196
    ],
    [
      99.71546781310133,
      59.841939512008494
    ],
    [
      99.8030366767032,
      58.829549231961096
    ],
    [
      99.90583155150773,
      57.81580189835098
    ],
    [
      100.02461331859367,
      56.80063356833565
    ],
    [
      100.16085720196973,
      55.78477789047156
    ],
    [
      100.3176489553008,
      54.770766731716435
    ],
    [
      100.49829486509827,
      53.76137819244647
    ],
    [
      100.7061012178736,
      52.75939037303791
    ],
    [
      100.94437430013825,
      51.76758137386697
    ],
    [
      101.21642039840364,
      50.78872929530988
    ],
    [
      101.52554579918124,
      49.82561223774288
    ],
    [
      101.8750567889825,
      48.881008301542195
    ],
    [
      102.26825965431888,
      47.957695587084075
    ],
    [
      102.70846068170178,
      47.05845219474471
    ],
    [
      103.19896615764267,
      46.186056224900355
    ],
    [
      103.74306991796996,
      45.343283169838564
    ],
    [
      104.34206063363048,
      44.53248849285639
    ],
    [
      104.99303061838064,
      43.75514863144588
    ],
    [
      105.69254504055743,
      43.01262960008077
    ],
    [
      106.43716906849798,
      42.30629741323484
    ],
    [
      107.22346787053927,
      41.63751808538179
    ],
    [
      108.04800661501832,
      41.00765763099544
    ],
    [
      108.90735047027218,
      40.418082064549495
    ],
    [
      109.79806460463793,
      39.87015740051771
    ],
    [
      110.71671418645252,
      39.36524965337389
    ],
    [
      111.65986438405302,
      38.90472483759173
    ],
    [
      112.62408036577648,
      38.489948967645006
    ],
    [
      113.6059272999599,
      38.12228805800748
    ],
    [
      114.60197035494035,
      37.803108123152896
    ],
    [
      115.60877469905489,
      37.533775177555015
    ],
    [
      116.62290550064044,
      37.315655235687586
    ],
    [
      117.6409279280341,
      37.15011431202435
    ],
    [
      118.6594296339726,
      37.038505218909755
    ],
    [
      119.67589668889548,
      36.98165324618918
    ],
    [
      120.68899651724381,
      36.97969002995071
    ],
    [
      121.69747694808936,
      37.032699995222934
    ],
    [
      122.7000858105037,
      37.140767567034416
    ],
    [
      123.6955709335586,
      37.303977170413816
    ],
    [
      124.68268014632567,
      37.52241323038967
    ],
    [
      125.66016127787655,
      37.7961601719906
    ],
    [
      126.62676215728294,
      38.12530242024518
    ],
    [
      127.58109906028362,
      38.50972500374473
    ],
    [
      128.52074192541414,
      38.94772700942442
    ],
    [
      129.44276107940283,
      39.43685025861319
    ],
    [
      130.34422375591305,
      39.9746318844567
    ],
    [
      131.22219718860836,
      40.55860902010065
    ],
    [
      132.07374861115215,
      41.18631879869065
    ],
    [
      132.8959452572078,
      41.855298353372376
    ],
    [
      133.6858543604389,
      42.563084817291504
    ],
    [
      134.44054315450873,
      43.307215323593674
    ],
    [
      135.15707887308085,
      44.08522700542455
    ],
    [
      135.83252874981858,
      44.894656995929786
    ],
    [
      136.46396001838542,
      45.73304242825504
    ],
    [
      137.0484399124448,
      46.59792043554598
    ],
    [
      137.5830356656601,
      47.486828150948256
    ],
    [
      138.06481451169483,
      48.397302707607544
    ],
    [
      138.49084368421242,
      49.32688123866947
    ],
    [
      138.85819041687625,
      50.2731008772797
    ],
    [
      139.16392194334983,
      51.233498756583934
    ],
    [
      139.40516299049042,
      52.2056213003467
    ],
    [
      139.58138728827083,
      53.18739451974619
    ],
    [
      139.69518761682292,
      54.17724844920991
    ],
    [
      139.749372150608,
      55.17364792983539
    ],
    [
      139.7467490640874,
      56.175057802720154
    ],
    [
      139.69012653172248,
      57.17994290896179
    ],
    [
      139.58231272797474,
      58.18676808965787
    ],
    [
      139.42611582730535,
      59.19399818590591
    ],
    [
      139.22434400417572,
      60.20009803880347
    ],
    [
      138.9798054330473,
      61.20353248944808
    ],
    [
      138.6953082883813,
      62.202766378937326
    ],
    [
      138.37366074463918,
      63.196264548368745
    ],
    [
      138.01767097628226,
      64.1824918388399
    ],
    [
      137.63014715777192,
      65.15991309144835
    ],
    [
      137.21389746356948,
      66.12699314729161
    ],
    [
      136.7717300681363,
      67.08219684746726
    ],
    [
      136.30645314593374,
      68.02398903307284
    ],
    [
      135.82087487142317,
      68.95083454520591
    ],
    [
      135.31780341929,
      69.86119822521903
    ],
    [
      134.80108228111462,
      70.75472335602163
    ],
    [
      134.27862185573562,
      71.63568234668116
    ],
    [
      133.75933101133452,
      72.50948410637687
    ],
    [
      133.2521186160927,
      73.38153754428798
    ],
    [
      132.7658935381916,
      74.2572515695937
    ],
    [
      132.3095646458127,
      75.14203509147326
    ],
    [
      131.8920408071375,
      76.0412970191059
    ],
    [
      131.52223089034743,
