{
  "test_id": 4,
  "test_outcome": "NOT_EXECUTED",
  "predicted_test_outcome": null,
  "test_duration": null,
  "road_points": [
    [
      100.0,
      99.99999999999999
    ],
    [
      100.1490915841712,
      98.98191695259088
    ],
    [
      100.27567218320284,
      97.96596592613577
    ],
    [
      100.38087203032352,
      96.95203987596686
    ],
    [
      100.46582135876173,
      95.94003175741628
    ],
    [
      100.53165040174615,
      94.92983452581633
    ],
    [
      100.57948939250528,
      93.92134113649911
    ],
    [
      100.61046856426778,
      92.91444454479691
    ],
    [
      100.6257181502621,
      91.90903770604181
    ],
    [
      100.62636838371694,
      90.90501357556614
    ],
    [
      100.61354949786072,
      89.90226510870193
    ],
    [
      100.58839172592222,
      88.90068526078154
    ],
    [
      100.55202530112989,
      87.9001669871371
    ],
    [
      100.50558045671232,
      86.90060324310078
    ],
    [
      100.45018742589805,
      85.90188698400478
    ],
    [
      100.38697644191573,
      84.9039111651813
    ],
    [
      100.3170777379939,
      83.90656874196256
    ],
    [
      100.24162154736113,
      82.90975266968074
    ],
    [
      100.16173810324601,
      81.91335590366805
    ],
    [
      100.07855763887713,
      80.91727139925666
    ],
    [
      99.993210387483,
      79.92139211177876
    ],
    [
      99.90682658229225,
      78.9256109965666
    ],
    [
      99.82053645653346,
      77.92982100895232
    ],
    [
      99.73547024343517,
      76.93391510426812
    ],
    [
      99.65275817622599,
      75.93778623784625
    ],
    [
      99.57353048813447,
      74.94132736501884
    ],
    [
      99.4989174123892,
      73.94443144111808
    ],
    [
      99.43004918221874,
      72.94699142147624
    ],
    [
      99.3680560308517,
      71.94890026142546
    ],
    [
      99.31406819151661,
      70.95005091629795
    ],
    [
      99.26921589744207,
      69.95033634142588
    ],
    [
      99.23462938185662,
      68.94964949214148
    ],
    [
      99.21143887798893,
      67.94788332377694
    ],
    [
      99.20077461906749,
      66.94493079166445
    ],
    [
      99.20376683832089,
      65.94068485113618
    ],
    [
      99.2215457689777,
      64.93503845752439
    ],
    [
      99.25524164426653,
      63.9278845661612
    ],
    [
      99.30598469741591,
      62.91911613237883
    ],
    [
      99.37490516165447,
      61.90862611150952
    ],
    [
      99.4631332702107,
      60.8963074588854
    ],
    [
      99.57179925631331,
      59.882053129838724
    ],
    [
      99.70203335319076,
      58.865756079701654
    ],
    [
      99.85496579407163,
      57.84730926380638
    ],
    [
      100.03172662689121,
      56.826607927649576
    ],
    [
      100.23338597743766,
      55.80428793470161
    ],
    [
      100.4608683507313,
      54.78278497309338
    ],
    [
      100.71507655666427,
      53.76480287558326
    ],
    [
      100.99691340512885,
      52.753045474929685
    ],
    [
      101.30728170601724,
      51.750216603891076
    ],
    [
      101.64708426922162,
      50.75902009522585
    ],
    [
      102.0172239046342,
      49.782159781692414
    ],
    [
      102.41860342214726,
      48.82233949604919
    ],
    [
      102.85212563165295,
      47.882263071054595
    ],
    [
      103.31869334304348,
      46.96463433946703
    ],
    [
      103.81920936621111,
      46.07215713404495
    ],
    [
      104.35457651104798,
      45.207535287546726
    ],
    [
      104.92569758744638,
      44.373472632730795
    ],
    [
      105.53347540529845,
      43.572673002355565
    ],
    [
      106.17881277449641,
      42.80784022917946
    ],
    [
      106.86261250493254,
      42.08167814596089
    ],
    [
      107.58577740649898,
      41.39689058545828
    ],
    [
      108.34921028908795,
      40.75618138043002
    ],
    [
      109.15347583938579,
      40.16211474894499
    ],
    [
      109.9964082783479,
      39.616127470556265
    ],
    [
      110.8745211673517,
      39.119111010346394
    ],
    [
      111.78431945682459,
      38.6719532778445
    ],
    [
      112.72230809719382,
      38.27554218257965
    ],
    [
      113.68499203888666,
      37.93076563408095
    ],
    [
      114.66887623233053,
      37.63851154187751
    ],
    [
      115.67046562795261,
      37.399667815498404
    ],
    [
      116.68626517618029,
      37.21512236447276
    ],
    [
      117.71277982744087,
      37.08576309832966
    ],
    [
      118.7465145321616,
      37.01247792659818
    ],
    [
      119.78397424076982,
      36.99615475880746
    ],
    [
      120.82174831172328,
      37.03748213390051
    ],
    [
      121.85706638664989,
      37.13563625093742
    ],
    [
      122.88745165180468,
      37.289099960678975
    ],
    [
      123.91042882480758,
      37.496352496823675
    ],
    [
      124.92352262327853,
      37.75587309306994
    ],
    [
      125.92425776483742,
      38.06614098311619
    ],
    [
      126.91015896710415,
      38.4256354006609
    ],
    [
      127.87875094769865,
      38.83283557940249
    ],
    [
      128.82755842424086,
      39.28622075303944
    ],
    [
      129.75410611435066,
      39.78427015527015
    ],
    [
      130.65591873564802,
      40.32546301979307
    ],
    [
      131.53052100575283,
      40.90827858030667
    ],
    [
      132.37543764228496,
      41.531196070509374
    ],
    [
      133.18819336286444,
      42.192694724099645
    ],
    [
      133.96631288511108,
      42.891253774775876
    ],
    [
      134.70732092664485,
      43.62535245623656
    ],
    [
      135.40874220508564,
      44.39347000218012
    ],
    [
      136.06810143805342,
      45.19408564630502
    ],
    [
      136.68292334316806,
      46.025678622309655
    ],
    [
      137.2507326380495,
      46.88672816389253
    ],
    [
      137.76914520966844,
      47.775516998606676
    ],
    [
      138.2363161959854,
      48.68916555403762
    ],
    [
      138.6505982777045,
      49.62436847473421
    ],
    [
      139.0103444328862,
      50.5778197643234
    ],
    [
      139.3139076395913,
      51.54621342643212
    ],
    [
      139.55964087588038,
      52.52624346468733
    ],
    [
      139.7458971198141,
      53.514603882715996
    ],
    [
      139.87102934945315,
      54.507988684145054
    ],
    [
      139.93340178661128,
      55.50309751047973
    ],
    [
      139.93277436007796,
      56.497329843037456
    ],
    [
      139.8716368179667,
      57.48945395778675
    ],
    [
      139.75279523628268,
      58.47839674482945
    ],
    [
      139.57905569103104,
      59.4630850942674
    ],
    [
      139.35322425821704,
      60.44244589620246
    ],
    [
      139.07810701384577,
      61.41540604073641
    ],
    [
      138.75651003392235,
      62.38089241797109
    ],
    [
      138.39123939445204,
      63.337831918008376
    ],
    [
      137.9851011714399,
      64.28515143095005
    ],
    [
      137.54090144089122,
      65.22177784689796
    ],
    [
      137.06144627881113,
      66.14663805595399
    ],
    [
      136.54954176120472,
      67.05865894821991
    ],
    [
      136.0079939640773,
      67.95676741379759
    ],
    [
      135.43960896343384,
      68.8398903427888
    ],
    [
      134.84719283527966,
      69.70695462529545
    ],
    [
      134.2335516556199,
      70.55688715141935
    ],
    [
      133.60149150045967,
      71.38861481126233
    ],
    [
      132.9538184458042,
      72.20106449492619
    ],
    [
      132.2938668991643,
      72.99398049664653
    ],
    [
      131.628300957239,
      73.7722586143588
    ],
    [
      130.9650784669269,
      74.54279626193426
    ],
    [
      130.3121601518953,
      75.31249530401529
    ],
    [
      129.67750673581148,
