{
  "test_id": 5,
  "test_outcome": "NOT_EXECUTED",
  "predicted_test_outcome": null,
  "test_duration": null,
  "road_points": [
    [
      100.0,
      100.0
    ],
    [
      99.81896661710512,
      100.9898408197203
    ],
    [
      99.62933157916767,
      101.97704207491326
    ],
    [
      99.43073352445897,
      102.96145850861272
    ],
    [
      99.2228110912501,
      103.9429448638524
    ],
    [
      99.00520291781237,
      104.9213558836661
    ],
    [
      98.77754764241695,
      105.89654631108759
    ],
    [
      98.53948390333505,
      106.86837088915063
    ],
    [
      98.29065033883788,
      107.83668436088902
    ],
    [
      98.03068558719661,
      108.80134146933646
    ],
    [
      97.75922828668256,
      109.76219695752683
    ],
    [
      97.47591707556688,
      110.71910556849387
    ],
    [
      97.18039059212076,
      111.67192204527132
    ],
    [
      96.87228747461543,
      112.62050113089299
    ],
    [
      96.55124636132211,
      113.56469756839263
    ],
    [
      96.21690589051202,
      114.50436610080405
    ],
    [
      95.86890470045634,
      115.43936147116098
    ],
    [
      95.5068814294263,
      116.36953842249721
    ],
    [
      95.1304747156931,
      117.29475169784654
    ],
    [
      94.73932319752797,
      118.21485604024271
    ],
    [
      94.3330655132021,
      119.12970619271951
    ],
    [
      93.91134030098671,
      120.03915689831071
    ],
    [
      93.47378619915304,
      120.94306290005011
    ],
    [
      93.02004184597223,
      121.84127894097142
    ],
    [
      92.54974587971556,
      122.73365976410848
    ],
    [
      92.06253693865422,
      123.62006011249504
    ],
    [
      91.5580536610594,
      124.50033472916488
    ],
    [
      91.03593468520235,
      125.37433835715177
    ],
    [
      90.49581864935426,
      126.2419257394895
    ],
    [
      89.93734419178634,
      127.10295161921181
    ],
    [
      89.3601499507698,
      127.95727073935248
    ],
    [
      88.76387456457584,
      128.80473784294534
    ],
    [
      88.1481616619252,
      129.6451748372116
    ],
    [
      87.51283293551306,
      130.47723201642106
    ],
    [
      86.85793256863064,
      131.2980957466981
    ],
    [
      86.18351875876373,
      132.10486018454463
    ],
    [
      85.48964970339807,
      132.89461948646255
    ],
    [
      84.77638360001954,
      133.66446780895382
    ],
    [
      84.04377864611385,
      134.4114993085202
    ],
    [
      83.29189303916681,
      135.13280814166373
    ],
    [
      82.52078497666422,
      135.82548846488623
    ],
    [
      81.73051265609183,
      136.48663443468962
    ],
    [
      80.92113427493548,
      137.1133402075758
    ],
    [
      80.09270803068094,
      137.7026999400466
    ],
    [
      79.24529212081397,
      138.25180778860405
    ],
    [
      78.37894474282038,
      138.75775790974998
    ],
    [
      77.49372409418598,
      139.21764445998627
    ],
    [
      76.58968837239651,
      139.62856159581483
    ],
    [
      75.66689577493779,
      139.98760347373755
    ],
    [
      74.72540449929559,
      140.2918642502563
    ],
    [
      73.76527274295573,
      140.5384380818731
    ],
    [
      72.78713336770728,
      140.7249984250902
    ],
    [
      71.7940087658572,
      140.85162754277263
    ],
    [
      70.78954232164065,
      140.91903369912592
    ],
    [
      69.77737742058233,
      140.9279251596557
    ],
    [
      68.76115744820694,
      140.87901018986747
    ],
    [
      67.74452579003918,
      140.7729970552668
    ],
    [
      66.73112583160375,
      140.6105940213593
    ],
    [
      65.72460095842533,
      140.39250935365044
    ],
    [
      64.72859455602863,
      140.11945131764583
    ],
    [
      63.74675000993834,
      139.792128178851
    ],
    [
      62.782710705679115,
      139.41124820277142
    ],
    [
      61.84012002877571,
      138.97751965491278
    ],
    [
      60.922290695640214,
      138.49192243541177
    ],
    [
      60.03115743344652,
      137.9565684207051
    ],
    [
      59.16829607045352,
      137.37386431178584
    ],
    [
      58.335282434042824,
      136.74621681036768
    ],
    [
      57.533692351596066,
      136.07603261816442
    ],
    [
      56.76510165049487,
      135.36571843688972
    ],
    [
      56.03108615812082,
      134.6176809682572
    ],
    [
      55.33322170185558,
      133.83432691398076
    ],
    [
      54.67308410908077,
      133.01806297577406
    ],
    [
      54.05224920717797,
      132.1712958553507
    ],
    [
      53.47229282352884,
      131.29643225442453
    ],
    [
      52.93479078551498,
      130.39587887470918
    ],
    [
      52.441318920518015,
      129.47204241791843
    ],
    [
      51.993453055919574,
      128.52732958576598
    ],
    [
      51.59276901910128,
      127.56414707996555
    ],
    [
      51.24084263744474,
      126.58490160223083
    ],
    [
      50.939249738331576,
      125.59199985427551
    ],
    [
      50.68956614914343,
      124.58784853781341
    ],
    [
      50.4933676972619,
      123.57485435455816
    ],
    [
      50.35223020199391,
      122.55542401321232
    ],
    [
      50.26746042211565,
      121.53219709977463
    ],
    [
      50.23938748965276,
      120.50865935584211
    ],
    [
      50.26811856224271,
      119.4884886463055
    ],
    [
      50.35376079752292,
      118.47536283605535
    ],
    [
      50.49642135313086,
      117.47295978998243
    ],
    [
      50.696207386703975,
      116.48495737297738
    ],
    [
      50.95322605587971,
      115.51503344993085
    ],
    [
      51.26758451829552,
      114.56686588573356
    ],
    [
      51.639358365213106,
      113.64409280232648
    ],
    [
      52.06735353853321,
      112.74875379760547
    ],
    [
      52.54870163986224,
      111.88078042822086
    ],
    [
      53.080419818994,
      111.03996015279084
    ],
    [
      53.65952522572228,
      110.22608042993348
    ],
    [
      54.283035009840845,
      109.43892871826696
    ],
    [
      54.947966321143504,
      108.67829247640942
    ],
    [
      55.65133630942404,
      107.94395916297896
    ],
    [
      56.39016212447625,
      107.2357162365938
    ],
    [
      57.161460916093894,
      106.55335115587198
    ],
    [
      57.962249834070796,
      105.89665137943173
    ],
    [
      58.789546028200704,
      105.26540436589113
    ],
    [
      59.64036664827746,
      104.65939757386836
    ],
    [
      60.51172884409479,
      104.0784184619815
    ],
    [
      61.40064976544653,
      103.52225448884876
    ],
    [
      62.30414656212646,
      102.99069311308826
    ],
    [
      63.21923638392835,
      102.48352179331806
    ],
    [
      64.14293638064598,
      102.00052798815642
    ],
    [
      65.07226370207317,
      101.54149915622142
    ],
    [
      66.00404078775563,
      101.1048140590792
    ],
    [
      66.93422900342452,
      100.6826217289602
    ],
    [
      67.85855176292642,
      100.26534965481913
    ],
    [
      68.77273247204772,
      99.84342526729681
    ],
    [
      69.67249453657499,
      99.40727599703396
    ],
    [
      70.55356136229456,
      98.94732927467139
    ],
    [
      71.4116563549929,
      98.4540125308498
    ],
    [
      72.24250292045645,
      97.91775319620997
    ],
    [
      73.04184004133779,
      97.32905794121969
    ],
    [
      73.8063727490782,
      96.68334774569699
    ],
    [
      74.53432181221119,
      95.98375417411434
    ],
    [
      75.22404055515887,
      95.23408310537815
    ],
    [
      75.87388230234318,
      94.43814041839475
    ],
    [
      76.48220037818616,
      93.59973199207059
    ],
    [
      77.04734810710993,
      92.72266370531204
    ],
    [
      77.56767881353643,
      91.81074143702553
