{
  "test_id": 8,
  "test_outcome": "NOT_EXECUTED",
  "predicted_test_outcome": null,
  "test_duration": null,
  "road_points": [
    [
      100.0,
      100.0
    ],
    [
      99.84398905944319,
      99.00440464701033
    ],
    [
      99.71067471157959,
      98.00785410152275
    ],
    [
      99.59879315785852,
      97.0104015508553
    ],
    [
      99.50708059972939,
      96.01210018232604
    ],
    [
      99.43427323864161,
      95.01300318325308
    ],
    [
      99.37910727604456,
      94.01316374095443
    ],
    [
      99.34031891338759,
      93.01263504274809
    ],
    [
      99.31664435212012,
      92.01147027595223
    ],
    [
      99.30681979369152,
      91.00972262788484
    ],
    [
      99.3095814395512,
      90.00744528586402
    ],
    [
      99.32366549114847,
      89.00469143720778
    ],
    [
      99.34780814993287,
      88.00151426923426
    ],
    [
      99.38074561735365,
      86.99796696926146
    ],
    [
      99.42121409486025,
      85.99410272460742
    ],
    [
      99.46794978390204,
      84.98997472259025
    ],
    [
      99.51968888592842,
      83.98563615052797
    ],
    [
      99.57516760238877,
      82.98114019573867
    ],
    [
      99.63312213473245,
      81.97654004554039
    ],
    [
      99.69228868440891,
      80.97188888725118
    ],
    [
      99.75140345286746,
      79.96723990818913
    ],
    [
      99.80920264155756,
      78.96264629567227
    ],
    [
      99.86442245192855,
      77.95816123701867
    ],
    [
      99.91579908542982,
      76.9538379195464
    ],
    [
      99.96206874351074,
      75.94972953057349
    ],
    [
      100.00196762762079,
      74.94588925741806
    ],
    [
      100.03423193920925,
      73.94237028739809
    ],
    [
      100.0575978797255,
      72.93922580783166
    ],
    [
      100.07080165061902,
      71.93650900603687
    ],
    [
      100.07257945333916,
      70.93427306933178
    ],
    [
      100.06166748933528,
      69.93257118503439
    ],
    [
      100.03680196005675,
      68.9314565404628
    ],
    [
      99.99671863826984,
      67.93098237812656
    ],
    [
      99.93856131616768,
      66.93140690260032
    ],
    [
      99.85429153256702,
      65.93365551589304
    ],
    [
      99.73481812809533,
      64.93878915131262
    ],
    [
      99.57104994338012,
      63.94786874216683
    ],
    [
      99.35389581904884,
      62.9619552217635
    ],
    [
      99.07551768926604,
      61.982334240533035
    ],
    [
      98.73576104106509,
      61.01166933957432
    ],
    [
      98.33738210764751,
      60.053146043768045
    ],
    [
      97.88314263429909,
      59.10995086647634
    ],
    [
      97.37580436630562,
      58.18527032106132
    ],
    [
      96.8181290489528,
      57.28229092088506
    ],
    [
      96.21287842752652,
      56.404199179309714
    ],
    [
      95.5628142473125,
      55.5541816096974
    ],
    [
      94.87069825359657,
      54.73542472541024
    ],
    [
      94.13929219166441,
      53.95111503981032
    ],
    [
      93.37135780680192,
      53.204439066259795
    ],
    [
      92.56965684429481,
      52.49858331812074
    ],
    [
      91.73695104942891,
      51.836734308755304
    ],
    [
      90.87600216748996,
      51.2220785515256
    ],
    [
      89.98957194376376,
      50.657802559793744
    ],
    [
      89.0804221235361,
      50.147092846921836
    ],
    [
      88.15131445209273,
      49.69313592627202
    ],
    [
      87.20501067471946,
      49.2991183112064
    ],
    [
      86.24427253670208,
      48.9682265150871
    ],
    [
      85.27186178332636,
      48.70364705127622
    ],
    [
      84.29040374666644,
      48.507898933354966
    ],
    [
      83.3017911937881,
      48.37991657355371
    ],
    [
      82.3076720385217,
      48.31743626348773
    ],
    [
      81.30969402179876,
      48.318193448740715
    ],
    [
      80.30950488455085,
      48.37992357489639
    ],
    [
      79.30875236770959,
      48.50036208753849
    ],
    [
      78.30908421220651,
      48.677244432250696
    ],
    [
      77.31214815897322,
      48.90830605461674
    ],
    [
      76.31959194894124,
      49.191282400220324
    ],
    [
      75.33306332304215,
      49.523908914645155
    ],
    [
      74.35421002220755,
      49.903921043474945
    ],
    [
      73.38467978736901,
      50.32905423229343
    ],
    [
      72.42612035945805,
      50.79704392668432
    ],
    [
      71.48017947940635,
      51.30562557223131
    ],
    [
      70.54850488814535,
      51.85253461451811
    ],
    [
      69.63274432660668,
      52.43550649912845
    ],
    [
      68.73454553572194,
      53.052276671646034
    ],
    [
      67.85555625642264,
      53.70058057765459
    ],
    [
      66.9974242296404,
      54.3781536627378
    ],
    [
      66.16179719630681,
      55.08273137247942
    ],
    [
      65.35032289735335,
      55.812049152463125
    ],
    [
      64.56464907371165,
      56.56384244827264
    ],
    [
      63.80642346631329,
      57.335846705491676
    ],
    [
      63.07729381608985,
      58.12579736970397
    ],
    [
      62.378907863972856,
      58.93142988649319
    ],
    [
      61.712907229969304,
      59.75048490602607
    ],
    [
      61.08016489434952,
      60.581356647916856
    ],
    [
      60.480045718360635,
      61.42372167573073
    ],
    [
      59.91173913452747,
      62.27740571895244
    ],
    [
      59.37443457537479,
      63.14223450706673
    ],
    [
      58.86732147342743,
      64.0180337695584
    ],
    [
      58.389589261210155,
      64.9046292359122
    ],
    [
      57.9404273712478,
      65.80184663561286
    ],
    [
      57.51902523606513,
      66.70951169814518
    ],
    [
      57.124572288186975,
      67.62745015299387
    ],
    [
      56.756257960138115,
      68.55548772964376
    ],
    [
      56.413271684443366,
      69.49345015757957
    ],
    [
      56.094802893627524,
      70.44116316628605
    ],
    [
      55.800041020215374,
      71.39845248524799
    ],
    [
      55.52817549673174,
      72.36514384395011
    ],
    [
      55.278395755701396,
      73.34106297187721
    ],
    [
      55.04989806361509,
      74.32603156685673
    ],
    [
      54.84249991900156,
      75.31950483459333
    ],
    [
      54.65712804555214,
      76.32028360004561
    ],
    [
      54.49482400451719,
      77.32710094044154
    ],
    [
      54.356629357147085,
      78.33868993300908
    ],
    [
      54.24358566469215,
      79.35378365497611
    ],
    [
      54.15673448840282,
      80.37111518357062
    ],
    [
      54.097117389529416,
      81.38941759602058
    ],
    [
      54.06577592932232,
      82.40742396955392
    ],
    [
      54.0637516690319,
      83.42386738139854
    ],
    [
      54.09208616990852,
      84.43748090878245
    ],
    [
      54.15182099320255,
      85.44699762893359
    ],
    [
      54.24399770016435,
      86.45115061907984
    ],
    [
      54.36965785204431,
      87.44867295644924
    ],
    [
      54.529843010092776,
      88.43829771826967
    ],
    [
      54.725594735560115,
      89.41875798176909
    ],
    [
      54.95795458969672,
      90.3887868241755
    ],
    [
      55.22791187607617,
      91.3471451475617
    ],
    [
      55.534566913046845,
      92.29359965303829
    ],
    [
      55.87464557337683,
      93.22918132639491
    ],
    [
      56.24472278504772,
      94.15500152468051
    ],
    [
      56.64137347604109,
      95.07217160494389
    ],
    [
      57.06117257433853,
      95.98180292423395
    ],
    [
      57.50069500792159,
      96.88500683959947
    ],
    [
      57.956515704771874,
      97.78289470808936
    ],
    [
      58.425209592870935,
      98.67657788675241
    ],
    [
      58.90335160020039,
      99.56716773263759
    ],
    [
      59.387516654741795,
      100.45577560279365
    ],
