{
  "test_id": 4,
  "test_outcome": "NOT_EXECUTED",
  "predicted_test_outcome": null,
  "test_duration": null,
  "road_points": [
    [
      100.00000000000004,
      100.00000000000004
    ],
    [
      100.30580633663061,
      99.00670128493798
    ],
    [
      100.5709324356337,
      98.01197159993497
    ],
    [
      100.7973550669175,
      97.01588047994173
    ],
    [
      100.98705100039018,
      96.01849745990897
    ],
    [
      101.14199700596,
      95.01989207478749
    ],
    [
      101.26416985353511,
      94.02013385952793
    ],
    [
      101.35554631302374,
      93.01929234908107
    ],
    [
      101.41810315433405,
      92.01743707839759
    ],
    [
      101.4538171473743,
      91.01463758242825
    ],
    [
      101.4646650620526,
      90.01096339612373
    ],
    [
      101.4526236682772,
      89.00648405443476
    ],
    [
      101.41966973595629,
      88.00126909231211
    ],
    [
      101.36778003499806,
      86.99538804470642
    ],
    [
      101.29893133531071,
      85.98891044656847
    ],
    [
      101.21510040680245,
      84.98190583284897
    ],
    [
      101.11826401938143,
      83.97444373849864
    ],
    [
      101.01039894295592,
      82.9665936984682
    ],
    [
      100.89348194743405,
      81.95842524770838
    ],
    [
      100.76948980272405,
      80.95000792116988
    ],
    [
      100.64039927873411,
      79.94141125380345
    ],
    [
      100.50818714537243,
      78.9327047805598
    ],
    [
      100.3748301725472,
      77.92395803638964
    ],
    [
      100.24230513016666,
      76.9152405562437
    ],
    [
      100.11258878813892,
      75.9066218750727
    ],
    [
      99.98765791637224,
      74.89817152782739
    ],
    [
      99.86948928477479,
      73.88995904945843
    ],
    [
      99.7600596632548,
      72.8820539749166
    ],
    [
      99.66134582172042,
      71.87452583915258
    ],
    [
      99.57532453007988,
      70.86744417711714
    ],
    [
      99.50397255824139,
      69.86087852376096
    ],
    [
      99.44926667611307,
      68.85489841403476
    ],
    [
      99.41318365360323,
      67.8495733828893
    ],
    [
      99.39770026061996,
      66.84497296527526
    ],
    [
      99.40479326707154,
      65.8411666961434
    ],
    [
      99.43643944286612,
      64.83822411044441
    ],
    [
      99.4946155579119,
      63.83621474312902
    ],
    [
      99.5812983821171,
      62.83520812914796
    ],
    [
      99.6984646853899,
      61.835273803451955
    ],
    [
      99.84809123763847,
      60.836481300991686
    ],
    [
      100.0321530240092,
      59.83890136687893
    ],
    [
      100.25196904380489,
      58.84304953859752
    ],
    [
      100.50722677956027,
      57.850547606488675
    ],
    [
      100.7973643435881,
      56.863186446817586
    ],
    [
      101.12181984820127,
      55.88275693584956
    ],
    [
      101.48003140571251,
      54.91104994984982
    ],
    [
      101.87143712843472,
      53.94985636508366
    ],
    [
      102.29547512868068,
      53.000967057816325
    ],
    [
      102.75158351876323,
      52.066172904313056
    ],
    [
      103.23920041099517,
      51.14726478083914
    ],
    [
      103.75776391768933,
      50.246033563659836
    ],
    [
      104.30671215115848,
      49.364270129040364
    ],
    [
      104.88548322371553,
      48.50376535324604
    ],
    [
      105.49351524767319,
      47.66631011254206
    ],
    [
      106.13024633534438,
      46.85369528319374
    ],
    [
      106.79511459904184,
      46.067711741466304
    ],
    [
      107.48755815107843,
      45.31015036362501
    ],
    [
      108.20701510376693,
      44.58280202593516
    ],
    [
      108.9529235694202,
      43.88745760466196
    ],
    [
      109.72472166035104,
      43.2259079760707
    ],
    [
      110.52184748887225,
      42.599944016426626
    ],
    [
      111.34373916729672,
      42.01135660199501
    ],
    [
      112.18898338378538,
      41.460483162010455
    ],
    [
      113.04891255227494,
      40.93527751724526
    ],
    [
      113.91118912715577,
      40.41742858302589
    ],
    [
      114.76344712591182,
      39.88857673067522
    ],
    [
      115.59332056602709,
      39.33036233151617
    ],
    [
      116.38877810374758,
      38.72505469798039
    ],
    [
      117.14377313337211,
      38.06617123511669
    ],
    [
      117.85742361788122,
      37.35693596275657
    ],
    [
      118.52901700725803,
      36.600891445250596
    ],
    [
      119.15784075148585,
      35.801580246949285
    ],
    [
      119.74318230054779,
      34.9625449322032
    ],
    [
      120.28432910442712,
      34.08732806536288
    ],
    [
      120.78056861310702,
      33.179472210778876
    ],
    [
      121.2311882765707,
      32.242519932801734
    ],
    [
      121.63547554480145,
      31.280013795782004
    ],
    [
      121.99271786778235,
      30.295496364070228
    ],
    [
      122.30220269549673,
      29.29251020201696
    ],
    [
      122.5632174779277,
      28.274597873972738
    ],
    [
      122.77504966505856,
      27.245301944288105
    ],
    [
      122.9369867068724,
      26.20816497731361
    ],
    [
      123.04831605335256,
      25.166729537399817
    ],
    [
      123.1083251544822,
      24.12453818889725
    ],
    [
      123.11630146024451,
      23.08513349615648
    ],
    [
      123.07153242062273,
      22.052058023528026
    ],
    [
      122.97330548560008,
      21.02885433536246
    ],
    [
      122.8209081051597,
      20.0190649960103
    ],
    [
      122.61362772928484,
      19.026232569822113
    ],
    [
      122.35075180795877,
      18.053899621148453
    ],
    [
      122.03156779116465,
      17.105608714339848
    ],
    [
      121.65536312888565,
      16.18490241374686
    ],
    [
      121.22142527110503,
      15.295323283720016
    ]
  ],