{
  "test_id": 3,
  "test_outcome": "NOT_EXECUTED",
  "predicted_test_outcome": null,
  "test_duration": null,
  "road_points": [
    [
      99.99999999999999,
      100.0
    ],
    [
      99.99758652961981,
      98.99561384293186
    ],
    [
      99.99583879022379,
      97.9911879743427
    ],
    [
      99.99470899871962,
      96.98672524454186
    ],
    [
      99.99414937201517,
      95.98222850383871
    ],
    [
      99.99411212701828,
      94.97770060254271
    ],
    [
      99.99454948063673,
      93.97314439096318
    ],
    [
      99.99541364977833,
      92.96856271940952
    ],
    [
      99.99665685135093,
      91.96395843819111
    ],
    [
      99.9982313022623,
      90.95933439761737
    ],
    [
      100.00008921942022,
      89.95469344799761
    ],
    [
      100.00218281973261,
      88.9500384396413
    ],
    [
      100.0044643201072,
      87.94537222285776
    ],
    [
      100.00688593745184,
      86.94069764795641
    ],
    [
      100.00939988867432,
      85.93601756524663
    ],
    [
      100.01195839068247,
      84.93133482503775
    ],
    [
      100.01451366038405,
      83.9266522776392
    ],
    [
      100.01701791468696,
      82.9219727733604
    ],
    [
      100.01942337049897,
      81.91729916251064
    ],
    [
      100.02168224472788,
      80.91263429539941
    ],
    [
      100.02374675428149,
      79.90798102233602
    ],
    [
      100.02556911606769,
      78.90334219362988
    ],
    [
      100.02710154699423,
      77.89872065959038
    ],
    [
      100.02829626396888,
      76.89411927052686
    ],
    [
      100.02910548389956,
      75.88954087674877
    ],
    [
      100.02948142369402,
      74.88498832856546
    ],
    [
      100.02937630026007,
      73.88046447628629
    ],
    [
      100.02874233050554,
      72.87597217022068
    ],
    [
      100.02753173133823,
      71.87151426067801
    ],
    [
      100.02569671966597,
      70.86709359796767
    ],
    [
      100.02318951239657,
      69.86271303239903
    ],
    [
      100.01996232643782,
      68.85837541428145
    ],
    [
      100.01596737869755,
      67.85408359392434
    ],
    [
      100.0111568860836,
      66.8498404216371
    ],
    [
      100.00548306550373,
      65.84564874772909
    ],
    [
      99.99889882820332,
      64.84151138109178
    ],
    [
      99.99162838360076,
      63.83741494740841
    ],
    [
      99.98457792386073,
      62.83330539140732
    ],
    [
      99.97875910663818,
      61.829122366694506
    ],
    [
      99.97518358958799,
      60.82480552687598
    ],
    [
      99.97486303036507,
      59.820294525557756
    ],
    [
      99.9788090866243,
      58.81552901634586
    ],
    [
      99.98803341602061,
      57.810448652846304
    ],
    [
      100.00354392715303,
      56.80499331230001
    ],
    [
      100.02548854576867,
      55.799154170787816
    ],
    [
      100.05206341849005,
      54.79303882997327
    ],
    [
      100.0811954051631,
      53.786770954746224
    ],
    [
      100.11081136563392,
      52.78047420999666
    ],
    [
      100.13883815974842,
      51.77427226061447
    ],
    [
      100.16320264735259,
      50.768288771489544
    ],
    [
      100.18183168829245,
      49.76264740751182
    ],
    [
      100.19265214241395,
      48.7574718335712
    ],
    [
      100.19359086956305,
      47.7528857145576
    ],
    [
      100.1825747295858,
      46.74901271536091
    ],
    [
      100.15753058232816,
      45.7459765008711
    ],
    [
      100.1163852876361,
      44.74390073597803
    ],
    [
      100.05706570535561,
      43.742909085571625
    ],
    [
      99.97751098728548,
      42.74312496708766
    ],
    [
      99.87704864275565,
      41.74464384838796
    ],
    [
      99.75765092165238,
      40.74750795501749
    ],
    [
      99.62158685039093,
      39.75175353799563
    ],
    [
      99.47112545538646,
      38.75741684834183
    ],
    [
      99.30853616913333,
      37.76453407661415
    ],
    [
      99.13837411623737,
      36.772801095378796
    ],
    [
      98.97284641302089,
      35.78077446782565
    ],
    [
      98.82575961810127,
      34.78677261527619
    ],
    [
      98.7109202900959,
      33.78911395905192
    ],
    [
      98.64213498762216,
      32.78611692047434
    ],
    [
      98.63158224639652,
      31.776727456354248
    ],
    [
      98.68154532496564,
      30.763705743558432
    ],
    [
      98.79058928438772,
      29.751245170291774
    ],
    [
      98.95727251377811,
      28.7435416965171
    ],
    [
      99.1801534022521,
      27.74479128219726
    ],
    [
      99.45779033892518,
      26.75918988729509
    ],
    [
      99.78874171291251,
      25.790933471773457
    ],
    [
      100.17156591332959,
      24.84421799559521
    ],
    [
      100.60482132929168,
      23.92323941872318
    ],
    [
      101.08706634991421,
      23.032193701120246
    ],
    [
      101.61682918518129,
      22.17512727089418
    ],
    [
      102.19209722996273,
      21.35340692011809
    ],
    [
      102.81039059998103,
      20.566084161562554
    ],
    [
      103.46921403756912,
      19.812134335776044
    ],
    [
      104.16607228505978,
      19.090532783307008
    ],
    [
      104.89847008478598,
      18.40025484470394
    ],
    [
      105.66391217908047,
      17.740275860515293
    ],
    [
      106.45990331027619,
      17.109571171289524
    ],
    [
      107.283948220706,
      16.507116117575126
    ],
    [
      108.13355165270268,
      15.931886039920553
    ],
    [
      109.0062183485992,
      15.38285627887427
    ],
    [
      109.89945305072835,
      14.859002174984749
    ],
    [
      110.81076050142303,
      14.35929906880046
    ],
    [
      111.73764544301609,
      13.882722300869869
    ],
    [
      112.6776126178404,
      13.428247211741434
    ],
    [
      113.62816676822885,
      12.994849141963643
    ],
    [
      114.5868126365142,
      12.581503432084943
    ],
    [
      115.55105496502942,
      12.187185422653812
    ],
    [
      116.51839849610734,
      11.81087045421872
    ],
    [
      117.48634797208078,
      11.451533867328129
    ],
    [
      118.4524081352827,
      11.108151002530509
    ],
    [
      119.41408372804587,
      10.779697200374331
    ],
    [
      120.36887949270314,
      10.465147801408055
    ],
    [
      121.31430017158749,
      10.163478146180154
    ],
    [
      122.24785050703166,
      9.873663575239096
    ],
    [
      123.16703524136858,
      9.59467942913335
    ],
    [
      124.0693591169311,
      9.325501048411379
    ],
    [
      124.95232687605207,
      9.065103773621654
    ]
  ],