{
  "test_id": 5,
  "test_outcome": "NOT_EXECUTED",
  "predicted_test_outcome": null,
  "test_duration": null,
  "road_points": [
    [
      99.99999999999999,
      99.99999999999999
    ],
    [
      99.9967213941002,
      98.99858517035389
    ],
    [
      99.994343924997,
      97.99723721242906
    ],
    [
      99.99280314497545,
      96.99595134367785
    ],
    [
      99.9920346063208,
      95.99472278155271
    ],
    [
      99.9919738613181,
      94.99354674350597
    ],
    [
      99.9925564622525,
      93.99241844699006
    ],
    [
      99.99371796140915,
      92.9913331094574
    ],
    [
      99.99539391107318,
      91.9902859483604
    ],
    [
      99.99751986352982,
      90.98927218115146
    ],
    [
      100.00003137106407,
      89.98828702528293
    ],
    [
      100.00286398596118,
      88.98732569820727
    ],
    [
      100.00595326050622,
      87.98638341737683
    ],
    [
      100.00923474698435,
      86.98545540024406
    ],
    [
      100.01264399768073,
      85.98453686426134
    ],
    [
      100.01611656488046,
      84.98362302688105
    ],
    [
      100.0195880008687,
      83.98270910555564
    ],
    [
      100.02299385793063,
      82.98179031773749
    ],
    [
      100.02626968835133,
      81.98086188087899
    ],
    [
      100.02935104441602,
      80.97991901243256
    ],
    [
      100.03217347840973,
      79.97895692985057
    ],
    [
      100.03467254261767,
      78.97797085058546
    ],
    [
      100.03678378932497,
      77.97695599208961
    ],
    [
      100.03844277081676,
      76.97590757181541
    ],
    [
      100.0395850393782,
      75.9748208072153
    ],
    [
      100.04014614729441,
      74.97369091574167
    ],
    [
      100.04006164685055,
      73.97251311484689
    ],
    [
      100.03926709033173,
      72.97128262198339
    ],
    [
      100.03769803002311,
      71.96999465460355
    ],
    [
      100.03529001820982,
      70.9686444301598
    ],
    [
      100.03197860717702,
      69.96722716610454
    ],
    [
      100.02769934920983,
      68.96573807989013
    ],
    [
      100.02238779659339,
      67.964172388969
    ],
    [
      100.01597950161286,
      66.96252531079358
    ],
    [
      100.00841001655337,
      65.96079206281621
    ],
    [
      99.99961491006061,
      64.95896786370344
    ],
    [
      99.9897983158163,
      63.95706786184415
    ],
    [
      99.98011463754551,
      62.95517772343729
    ],
    [
      99.97192835421123,
      61.95339870398279
    ],
    [
      99.96660394477655,
      60.95183205898061
    ],
    [
      99.96550588820449,
      59.95057904393064
    ],
    [
      99.9699986634581,
      58.949740914332835
    ],
    [
      99.98144674950046,
      57.949418925687155
    ],
    [
      100.00121453695628,
      56.949714326938064
    ],
    [
      100.02986329968651,
      55.95066876919706
    ],
    [
      100.06519082143005,
      54.952118830004345
    ],
    [
      100.1044009427214,
      53.95385701145615
    ],
    [
      100.14469750409498,
      52.95567581564868
    ],
    [
      100.18328434608534,
      51.95736774467819
    ],
    [
      100.21736530922698,
      50.958725300640886
    ],
    [
      100.24414423405433,
      49.95954098563299
    ],
    [
      100.26082496110193,
      48.95960730175074
    ],
    [
      100.26461133090424,
      47.95871675109035
    ],
    [
      100.25270718399578,
      46.95666183574807
    ],
    [
      100.22231636091101,
      45.953235057820095
    ],
    [
      100.17064270218441,
      44.94822891940266
    ],
    [
      100.09489004835054,
      43.941435922592
    ],
    [
      99.9922623240212,
      42.93264870854858
    ],
    [
      99.86030702790666,
      41.92222819098182
    ],
    [
      99.69769773809546,
      40.91239782213868
    ],
    [
      99.50333838077148,
      39.905762050679506
    ],
    [
      99.27613288211843,
      38.90492532526458
    ],
    [
      99.01498516832007,
      37.91249209455421
    ],
    [
      98.71879916556024,
      36.93106680720872
    ],
    [
      98.38647880002264,
      35.96325391188842
    ],
    [
      98.01692799789106,
      35.0116578572536
    ],
    [
      97.60905068534933,
      34.078883091964606
    ],
    [
      97.16175078858114,
      33.1675340646817
    ],
    [
      96.6739322337703,
      32.28021522406524
    ],
    [
      96.14449894710062,
      31.4195310187755
    ],
    [
      95.5723548547558,
      30.58808589747281
    ],
    [
      94.95640388291967,
      29.788484308817477
    ],
    [
      94.29554995777598,
      29.023330701469803
    ],
    [
      93.58907261755633,
      28.295217100697087
    ],
    [
      92.83923930473371,
      27.606636706638685
    ],
    [
      92.04974430577542,
      26.96003552647569
    ],
    [
      91.22429074468533,
      26.35785927508703
    ],
    [
      90.36658174546749,
      25.802553667351685
    ],
    [
      89.48032043212577,
      25.296564418148606
    ],
    [
      88.56920992866418,
      24.842337242356752
    ],
    [
      87.6369533590867,
      24.442317854855094
    ],
    [
      86.68725384739729,
      24.098951970522588
    ],
    [
      85.72381451759985,
      23.81468530423819
    ],
    [
      84.75030326539608,
      23.591889194515478
    ],
    [
      83.76927404544992,
      23.43058315249574
    ],
    [
      82.78196636240538,
      23.328011533875475
    ],
    [
      81.78954404611126,
      23.281258924624616
    ],
    [
      80.79317092641632,
      23.287409910713087
    ],
    [
      79.79401083316932,
      23.34354907811083
    ],
    [
      78.79322759621907,
      23.446761012787768
    ],
    [
      77.79198504541425,
      23.594130300713825
    ],
    [
      76.79144701060369,
      23.78274152785894
    ],
    [
      75.79277732163614,
      24.009679280193026
    ],
    [
      74.79713980836034,
      24.27202814368603
    ],
    [
      73.80569830062508,
      24.566872704307865
    ],
    [
      72.81961662827914,
      24.891297548028472
    ],
    [
      71.84005862117125,
      25.24238726081777
    ],
    [
      70.8681881091502,
      25.617226428645704
    ],
    [
      69.90516892206473,
      26.012899637482185
    ],
    [
      68.95216488976362,
      26.42649147329715
    ],
    [
      68.01030714184564,
      26.855169095910554
    ],
    [
      67.08012999636979,
      27.297606718653345
    ],
    [
      66.16164628276474,
      27.753795404848496
    ],
    [
      65.25485128079954,
      28.223770533778456
    ],
    [
      64.35974027024338,
      28.70756748472572
    ],
    [
      63.4763085308653,
      29.20522163697273
    ],
    [
      62.60455134243444,
      29.716768369801976
    ],
    [
      61.744463984719886,
      30.24224306249591
    ],
    [
      60.896041737490755,
      30.78168109433701
    ],
    [
      60.05927988051613,
      31.335117844607737
    ],
    [
      59.234173693565154,
      31.902588692590573
    ],
    [
      58.42071845640689,
      32.48412901756797
    ],
    [
      57.6189094488105,
      33.07977419882243
    ],
    [
      56.82874195054504,
      33.68955961563638
    ],
    [
      56.050211241379614,
      34.31352064729229
    ],
    [
      55.28331260108336,
      34.951692673072664
    ],
    [
      54.52804130942538,
      35.60411107225993
    ],
    [
      53.784392646174744,
      36.27081122413661
    ],
    [
      53.05236189110058,
      36.95182850798511
    ],
    [
      52.33194432397202,
      37.64719830308796
    ],
    [
      51.623135224558126,
      38.35695598872759
    ],
    [
      50.925975700999075,
      39.081134161160975
    ],
    [
      50.24126149039183,
      39.81971959019348
    ],
    [
      49.57040663247974,
      40.57266149788462
    ],
    [
      48.91484339035006,
      41.33990799964245
    ],
    [
      48.276004027090146,
      42.121407210875084
    ],
