{
  "test_id": 1,
  "test_outcome": "NOT_EXECUTED",
  "predicted_test_outcome": null,
  "test_duration": null,
  "road_points": [
    [
      100.0,
      100.0
    ],
    [
      99.74041559170156,
      99.27324334422896
    ],
    [
      99.5022359757827,
      98.50703580446647
    ],
    [
      99.28563389730837,
      97.70346529707271
    ],
    [
      99.09078210134366,
      96.86461973840797
    ],
    [
      98.91785333295351,
      95.9925870448324
    ],
    [
      98.76702033720296,
      95.08945513270623
    ],
    [
      98.63845585915698,
      94.15731191838971
    ],
    [
      98.53233264388058,
      93.19824531824295
    ],
    [
      98.44882343643877,
      92.21434324862625
    ],
    [
      98.38810098189656,
      91.2076936258998
    ],
    [
      98.35033802531899,
      90.18038436642385
    ],
    [
      98.33570731177099,
      89.13450338655853
    ],
    [
      98.34438158631762,
      88.07213860266413
    ],
    [
      98.37653359402384,
      86.99537793110082
    ],
    [
      98.4323360799547,
      85.9063092882288
    ],
    [
      98.51196178917516,
      84.80702059040833
    ],
    [
      98.61558346675027,
      83.6995997539996
    ],
    [
      98.743373857745,
      82.58613469536284
    ],
    [
      98.89550570722436,
      81.46871333085824
    ],
    [
      99.07215176025336,
      80.349423576846
    ],
    [
      99.273484761897,
      79.23035334968635
    ],
    [
      99.49967745722033,
      78.11359056573954
    ],
    [
      99.75090259128825,
      77.00122314136571
    ],
    [
      100.02733290916585,
      75.89533899292512
    ],
    [
      100.32914115591811,
      74.79802603677796
    ],
    [
      100.65650007661003,
      73.71137218928448
    ],
    [
      101.00958241630663,
      72.63746536680486
    ],
    [
      101.38856092007289,
      71.57839348569931
    ],
    [
      101.79360833297382,
      70.53624446232806
    ],
    [
      102.22489740007444,
      69.5131062130513
    ],
    [
      102.68260086643973,
      68.51106665422928
    ],
    [
      103.1668914771347,
      67.53221370222217
    ],
    [
      103.6779419772244,
      66.57863527339022
    ],
    [
      104.21592511177376,
      65.65241928409363
    ],
    [
      104.78101362584783,
      64.7556536506926
    ],
    [
      105.37338026451161,
      63.89042628954735
    ],
    [
      105.99319777283007,
      63.05882511701809
    ],
    [
      106.64063889586826,
      62.262938049465035
    ],
    [
      107.31587637869117,
      61.504853003248414
    ],
    [
      108.0190829663638,
      60.78665789472842
    ],
    [
      108.75043140395115,
      60.11044064026528
    ],
    [
      109.51009443651823,
      59.47828915621919
    ],
    [
      110.29824480913004,
      58.892291358950374
    ],
    [
      111.11505526685158,
      58.35453516481904
    ],
    [
      111.96069855474786,
      57.8671084901854
    ],
    [
      112.8353474178839,
      57.432099251409674
    ],
    [
      113.73917460132469,
      57.05159536485207
    ],
    [
      114.67235285013521,
      56.7276847468728
    ],
    [
      115.63460877527417,
      56.46217823481502
    ],
    [
      116.62277193340591,
      56.25508740220217
    ],
    [
      117.63251497851209,
      56.10570530887852
    ],
    [
      118.65950753725531,
      56.013323134521414
    ],
    [
      119.6994192362981,
      55.97723205880811
    ],
    [
      120.74791970230307,
      55.996723261415966
    ],
    [
      121.80067856193281,
      56.07108792202231
    ],
    [
      122.8533654418498,
      56.19961722030439
    ],
    [
      123.90164996871674,
      56.38160233593959
    ],
    [
      124.94120176919611,
      56.61633444860519
    ],
    [
      125.96769046995053,
      56.9031047379785
    ],
    [
      126.97678569764257,
      57.241204383736864
    ],
    [
      127.96415707893479,
      57.62992456555758
    ],
    [
      128.9254742404898,
      58.06855646311797
    ],
    [
      129.85640680897006,
      58.556391256095324
    ],
    [
      130.75262441103828,
      59.09272012416699
    ],
    [
      131.60979667335695,
      59.67683424701026
    ],
    [
      132.4235932225887,
      60.308024804302484
    ],
    [
      133.18975838908108,
      60.985553822854556
    ],
    [
      133.90630820122846,
      61.707796806817896
    ],
    [
      134.5738884874253,
      62.47210298957966
    ],
    [
      135.19329188155612,
      63.27576431416943
    ],
    [
      135.76531101750527,
      64.1160727236168
    ],
    [
      136.29073852915718,
      64.99032016095138
    ],
    [
      136.77036705039632,
      65.89579856920277
    ],
    [
      137.20498921510705,
      66.82979989140058
    ],
    [
      137.59539765717383,
      67.78961607057441
    ],
    [
      137.94238501048105,
      68.77253904975385
    ],
    [
      138.24674390891323,
      69.77586077196854
    ],
    [
      138.5092669863546,
      70.796873180248
    ],
    [
      138.7307468766898,
      71.83286821762192
    ],
    [
      138.91197621380314,
      72.88113782711986
    ],
    [
      139.05374763157906,
      73.93897395177143
    ],
    [
      139.15685376390198,
      75.00366853460623
    ],
    [
      139.22208724465634,
      76.07251351865386
    ],
    [
      139.25024070772653,
      77.14280084694396
    ],
    [
      139.242106786997,
      78.21182246250603
    ],
    [
      139.19847811635222,
      79.27687030836981
    ],
    [
      139.12014732967648,
      80.33523632756479
    ],
    [
      139.00790706085434,
      81.3842124631206
    ],
    [
      138.86254994377015,
      82.4210906580669
    ],
    [
      138.68491745407158,
      83.44329653846248
    ],
    [
      138.4766066308102,
      84.45032375571591
    ],
    [
      138.239809069124,
      85.44329329926295
    ],
    [
      137.97673242360176,
      86.42337011428323
    ],
    [
      137.68958434883245,
      87.39171914595639
    ],
    [
      137.38057249940488,
      88.34950533946206
    ],
    [
      137.05190452990797,
      89.29789363997983
    ],
    [
      136.70578809493057,
      90.23804899268937
    ],
    [
      136.34443084906158,
      91.1711363427703
    ],
    [
      135.9700404468898,
      92.09832063540223
    ],
    [
      135.5848245430042,
      93.02076681576484
    ],
    [
      135.19099079199358,
      93.93963982903772
    ],
    [
      134.79074684844682,
      94.85610462040047
    ],
    [
      134.38630036695284,
      95.7713261350328
    ],
    [
      133.97985900210045,
      96.68646931811429
    ],
    [
      133.57363040847858,
      97.60269911482457
    ],
    [
      133.16982224067604,
      98.52118047034325
    ],
    [
      132.77064215328176,
      99.44307832985001
    ],
    [
      132.37855989230763,
      100.36956489033436
    ],
    [
      131.9991345969705,
      101.30189782923327
    ],
    [
      131.63993897031003,
      102.2413905372989
    ],
    [
      131.30858020362237,
      103.18935735953914
    ],
    [
      131.0126654882037,
      104.14711264096192
    ],
    [
      130.75927785545593,
      105.11582864513075
    ],
    [
      130.5497469222829,
      106.09511808583957
    ],
    [
      130.38184571704963,
      107.08362960992045
    ],
    [
      130.25329459361643,
      108.07999758598648
    ],
    [
      130.16181390584376,
      109.08285638265082
    ],
    [
      130.10512400759194,
      110.09084036852664
    ],
    [
      130.0809452527213,
      111.102583912227
    ],
    [
      130.08699799509225,
      112.11672138236506
    ],
    [
      130.12100258856515,
      113.13188714755397
    ],
    [
      130.18067938700034,
      114.1467155764068
    ],
    [
      130.26374874425818,
      115.15984103753672
    ],
    [
      130.36793101419912,
      116.16989789955693
    ],
    [
      130.490392952379,
      117.17567307382164
    ],
