{
  "test_id": 231,
  "test_outcome": "NOT_EXECUTED",
  "predicted_test_outcome": null,
  "test_duration": null,
  "road_points": [
    [
      100.00000000000001,
      100.00000000000001
    ],
    [
      99.58309960735232,
      98.96477434109559
    ],
    [
      99.14459097073208,
      97.95748270665563
    ],
    [
      98.68514406776237,
      96.97713534114624
    ],
    [
      98.2054288760663,
      96.0227424890336
    ],
    [
      97.70611537326697,
      95.09331439478375
    ],
    [
      97.18787353698742,
      94.18786130286276
    ],
    [
      96.65137334485073,
      93.30539345773677
    ],
    [
      96.09728477447999,
      92.44492110387182
    ],
    [
      95.52627780349819,
      91.605454485734
    ],
    [
      94.93902240952859,
      90.78600384778949
    ],
    [
      94.33618857019415,
      89.9855794345043
    ],
    [
      93.718446263118,
      89.20319149034458
    ],
    [
      93.08646546592314,
      88.4378502597764
    ],
    [
      92.44091615623273,
      87.6885659872658
    ],
    [
      91.78246831166979,
      86.95434891727894
    ],
    [
      91.11179190985747,
      86.23420929428195
    ],
    [
      90.42955692841879,
      85.52715736274084
    ],
    [
      89.73643334497685,
      84.83220336712172
    ],
    [
      89.03309113715473,
      84.14835755189073
    ],
    [
      88.3202002825755,
      83.47463016151391
    ],
    [
      87.59843075886224,
      82.8100314404574
    ],
    [
      86.86845254363806,
      82.15357163318725
    ],
    [
      86.130935614526,
      81.50426098416959
    ],
    [
      85.38654994914914,
      80.8611097378705
    ],
    [
      84.6359655251306,
      80.22312813875607
    ],
    [
      83.87985232009342,
      79.58932643129239
    ],
    [
      83.11888031166067,
      78.95871485994556
    ],
    [
      82.3537194774555,
      78.3303036691817
    ],
    [
      81.58503979510091,
      77.70310310346684
    ],
    [
      80.81351124222002,
      77.07612340726715
    ],
    [
      80.03980379643589,
      76.44837482504867
    ],
    [
      79.26458743537162,
      75.81886760127752
    ],
    [
      78.48853213665028,
      75.18661198041977
    ],
    [
      77.71230787789493,
      74.55061820694152
    ],
    [
      76.93658463672868,
      73.9098965253089
    ],
    [
      76.1620323907746,
      73.26345717998795
    ],
    [
      75.38932111765575,
      72.6103104154448
    ],
    [
      74.61912079499524,
      71.94946647614555
    ],
    [
      73.85210140041613,
      71.27993560655624
    ],
    [
      73.08893291154148,
      70.60072805114301
    ],
    [
      72.33028530599441,
      69.91085405437195
    ],
    [
      71.57658861348476,
      69.20979952667905
    ],
    [
      70.82681793580905,
      68.49993458652563
    ],
    [
      70.07940289801434,
      67.78471069008314
    ],
    [
      69.33277216088155,
      67.0675812050573
    ],
    [
      68.5853543851916,
      66.35199949915373
    ],
    [
      67.83557823172528,
      65.64141894007811
    ],
    [
      67.08187236126355,
      64.93929289553611
    ],
    [
      66.32266543458725,
      64.24907473323334
    ],
    [
      65.55638611247726,
      63.574217820875496
    ],
    [
      64.78146305571447,
      62.91817552616821
    ],
    [
      63.99632492507976,
      62.28440121681718
    ],
    [
      63.19940038135402,
      61.676348260528044
    ],
    [
      62.38911808531811,
      61.09747002500646
    ],
    [
      61.56390669775292,
      60.55121987795807
    ],
    [
      60.72219487943933,
      60.04105118708855
    ],
    [
      59.86241129115821,
      59.57041732010355
    ],
    [
      58.982984593690446,
      59.142771644708745
    ],
    [
      58.08234344781694,
      58.76156752860978
    ],
    [
      57.15898715599395,
      58.430121649348195
    ],
    [
      56.21354315889306,
      58.14763278153916
    ],
    [
      55.24909110749945,
      57.908554724140586
    ],
    [
      54.26884651737141,
      57.70707838100373
    ],
    [
      53.27602490406723,
      57.53739465597989
    ],
    [
      52.27384178314517,
      57.39369445292032
    ],
    [
      51.26551267016352,
      57.27016867567631
    ],
    [
      50.25425308068055,
      57.16100822809912
    ],
    [
      49.24327853025453,
      57.06040401404003
    ],
    [
      48.23571748509058,
      56.962859953878834
    ],
    [
      47.23240003772376,
      56.87114457790975
    ],
    [
      46.231680188833835,
      56.79693007450668
    ],
    [
      45.231789284290386,
      56.752329680500154
    ],
    [
      44.23095866996303,
      56.749456632720744
    ],
    [
      43.227436351587016,
      56.80038038925607
    ],
    [
      42.221210337986484,
      56.91259803351886
    ],
    [
      41.215508934030964,
      57.085091809108214
    ],
    [
      40.21391403498738,
      57.31591479588274
    ],
    [
      39.22000753612273,
      57.603120073701014
    ],
    [
      38.23737133270395,
      57.94476072242163
    ],
    [
      37.26958731999797,
      58.33888982190317
    ],
    [
      36.320237393271796,
      58.78356045200424
    ],
    [
      35.39290344779235,
      59.27682569258338
    ],
    [
      34.49116737882658,
      59.81673862349921
    ],
    [
      33.61861108164149,
      60.40135232461035
    ],
    [
      32.77881645150399,
      61.02871987577534
    ],
    [
      31.975365383681044,
      61.69689435685278
    ],
    [
      31.211839773439618,
      62.40392884770125
    ],
    [
      30.491821516046667,
      63.14787642817936
    ],
    [
      29.818892506769135,
      63.926790178145694
    ],
    [
      29.196634640873988,
      64.73872317745882
    ],
    [
      28.628568225664818,
      65.5817241313529
    ],
    [
      28.11594149329864,
      66.45368035840542
    ],
    [
      27.657119957039175,
      67.35227441620043
    ],
    [
      27.250283240008123,
      68.27517565845038
    ],
    [
      26.8936109653272,
      69.2200534388677
    ],
    [
      26.585282756118094,
      70.18457711116484
    ],
    [
      26.32347823550253,
      71.16641602905428
    ],
    [
      26.106377026602203,
      72.16323954624843
    ],
    [
      25.93215875253881,
      73.17271701645974
    ],
    [
      25.799003036434062,
      74.19251779340064
    ],
    [
      25.705089501409656,
      75.22031123078358
    ],
    [
      25.648597770587305,
      76.25376668232104
    ],
    [
      25.62770746708871,
      77.29055350172543
    ],
    [
      25.640598214035577,
      78.32834104270917
    ],
    [
      25.685449634549602,
      79.36479865898477
    ],
    [
      25.7604413517525,
      80.3975957042646
    ],
    [
      25.863752988765967,
      81.42440153226119
    ],
    [
      25.993562296188202,
      82.44296938614866
    ],
    [
      26.148012982798534,
      83.45257759002534
    ],
    [
      26.325219083191797,
      84.45383387793702
    ],
    [
      26.52329363813248,
      85.44739050774675
    ],
    [
      26.740349688385056,
      86.43389973731759
    ],
    [
      26.97450027471401,
      87.41401382451268
    ],
    [
      27.223858437883827,
      88.38838502719508
    ],
    [
      27.486537218658974,
      89.35766560322787
    ],
    [
      27.760649657803945,
      90.32250781047411
    ],
    [
      28.04430879608323,
      91.2835639067969
    ],
    [
      28.335627674261282,
      92.24148615005932
    ],
    [
      28.63271933310261,
      93.19692679812447
    ],
    [
      28.933696813371697,
      94.15053810885546
    ],
    [
      29.236673155833,
      95.10297234011526
    ],
    [
      29.539761401251013,
      96.05488174976705
    ],
    [
      29.841074590390235,
      97.00691859567394
    ],
    [
      30.138725764015124,
      97.9597351356989
    ],
    [
      30.430827962890163,
      98.91398362770511
    ],
    [
      30.715494227779843,
