{
  "test_id": 251,
  "test_outcome": "NOT_EXECUTED",
  "predicted_test_outcome": null,
  "test_duration": null,
  "road_points": [
    [
      100.00000000000003,
      100.00000000000003
    ],
    [
      99.99792639106494,
      98.99733557213922
    ],
    [
      99.99680778424465,
      97.99476286094492
    ],
    [
      99.99655151003064,
      96.99227296660592
    ],
    [
      99.9970648989145,
      95.98985698931128
    ],
    [
      99.9982552813877,
      94.98750602924987
    ],
    [
      100.00002998794172,
      93.98521118661058
    ],
    [
      100.00229634906815,
      92.98296356158242
    ],
    [
      100.00496169525843,
      91.98075425435422
    ],
    [
      100.00793335700409,
      90.97857436511492
    ],
    [
      100.01111866479671,
      89.97641499405348
    ],
    [
      100.01442494912769,
      88.97426724135877
    ],
    [
      100.01775954048861,
      87.97212220721974
    ],
    [
      100.02102976937095,
      86.96997099182533
    ],
    [
      100.0241429662663,
      85.96780469536445
    ],
    [
      100.02700646166608,
      84.96561441802601
    ],
    [
      100.02952758606183,
      83.96339125999893
    ],
    [
      100.03161366994507,
      82.96112632147212
    ],
    [
      100.03317204380733,
      81.95881070263455
    ],
    [
      100.03411003814008,
      80.9564355036751
    ],
    [
      100.0343349834349,
      79.95399182478269
    ],
    [
      100.03375421018322,
      78.95147076614626
    ],
    [
      100.03227504887656,
      77.94886342795469
    ],
    [
      100.02980483000651,
      76.94616091039697
    ],
    [
      100.02625088406451,
      75.94335431366197
    ],
    [
      100.02152054154212,
      74.94043473793865
    ],
    [
      100.0155211329308,
      73.93739328341589
    ],
    [
      100.00815998872213,
      72.93422105028264
    ],
    [
      99.99934446034825,
      71.93090914073892
    ],
    [
      99.98906013761366,
      70.92745617085579
    ],
    [
      99.97754740571727,
      69.92388522679052
    ],
    [
      99.96509843102612,
      68.9202243676698
    ],
    [
      99.95200537990732,
      67.91650165262021
    ],
    [
      99.93856041872782,
      66.91274514076831
    ],
    [
      99.92505571385468,
      65.90898289124074
    ],
    [
      99.91178343165491,
      64.90524296316404
    ],
    [
      99.89903573849563,
      63.90155341566485
    ],
    [
      99.8871048007438,
      62.89794230786975
    ],
    [
      99.8762827847665,
      61.89443769890532
    ],
    [
      99.86686185693075,
      60.89106764789818
    ],
    [
      99.85913418360359,
      59.88786021397492
    ],
    [
      99.85339193115205,
      58.884843456262125
    ],
    [
      99.84992726594318,
      57.88204543388639
    ],
    [
      99.84903235434405,
      56.87949420597432
    ],
    [
      99.85099936272158,
      55.87721783165247
    ],
    [
      99.85612045744293,
      54.87524437004749
    ],
    [
      99.86468780487509,
      53.873601880285946
    ],
    [
      99.87699357138514,
      52.872318421494455
    ],
    [
      99.89332992334005,
      51.87142205279959
    ],
    [
      99.91398902710688,
      50.870940833327936
    ],
    [
      99.9392630490527,
      49.87090282220612
    ],
    [
      99.96944415554451,
      48.87133607856072
    ],
    [
      100.00482280614258,
      47.8722684975997
    ],
    [
      100.0445252511587,
      46.8736161659919
    ],
    [
      100.08448800909842,
      45.8749888343639
    ],
    [
      100.12010620623745,
      44.87594425901707
    ],
    [
      100.1467749688516,
      43.876040196252745
    ],
    [
      100.1598894232166,
      42.87483440237226
    ],
    [
      100.15484469560825,
      41.87188463367698
    ],
    [
      100.12703591230229,
      40.866748646468224
    ],
    [
      100.0718581995745,
      39.85898419704737
    ],
    [
      99.98470901542304,
      38.84815086367417
    ],
    [
      99.8620270077218,
      37.83462178829212
    ],
    [
      99.70292739630082,
      36.82086152939716
    ],
    [
      99.50694956440506,
      35.809666077780555
    ],
    [
      99.27363289527946,
      34.80383142423355
    ],
    [
      99.00251677216895,
      33.806153559547354
    ],
    [
      98.69314057831846,
      32.81942847451322
    ],
    [
      98.34504369697298,
      31.846452159922404
    ],
    [
      97.95776551137745,
      30.890020606566136
    ],
    [
      97.53084540477678,
      29.95292980523564
    ],
    [
      97.06382276041597,
      29.03797574672218
    ],
    [
      96.55623696153994,
      28.147954421816987
    ],
    [
      96.0076273913936,
      27.285661821311287
    ],
    [
      95.41753343322196,
      26.45389393599635
    ],
    [
      94.7854944702699,
      25.655446756663398
    ],
    [
      94.11104988578246,
      24.89311627410368
    ],
    [
      93.39373906300449,
      24.169698479108426
    ],
    [
      92.63311728238018,
      23.487982068006826
    ],
    [
      91.83011147519359,
      22.85012635236223
    ],
    [
      90.98805774139305,
      22.257185191817136
    ],
    [
      90.11053645135762,
      21.710100362032193
    ],
    [
      89.20112797546638,
      21.209813638668074
    ],
    [
      88.26341268409836,
      20.757266797385427
    ],
    [
      87.3009709476326,
      20.353401613844913
    ],
    [
      86.3173831364482,
      19.999159863707206
    ],
    [
      85.31622962092419,
      19.69548332263296
    ],
    [
      84.30109077143962,
      19.443313766282834
    ],
    [
      83.2755469583735,
      19.24359297031748
    ],
    [
      82.24317855210498,
      19.097262710397576
    ],
    [
      81.20756592301305,
      19.005264762183764
    ],
    [
      80.17228944147679,
      18.968540901336723
    ],
    [
      79.14092947787523,
      18.988032903517094
    ],
    [
      78.11706640258748,
      19.064682544385562
    ],
    [
      77.10428058599251,
      19.19943159960276
    ],
    [
      76.10611633364435,
      19.393176286607012
    ],
    [
      75.12489394042804,
      19.645266614027687
    ],
    [
      74.16143960663793,
      19.953165203173093
    ],
    [
      73.21648877688789,
      20.31422002991887
    ],
    [
      72.2907768957917,
      20.725779070140625
    ],
    [
      71.38503940796316,
      21.18519029971397
    ],
    [
      70.50001175801616,
      21.689801694514536
    ],
    [
      69.63642939056444,
      22.236961230417936
    ],
    [
      68.79502775022185,
      22.82401688329979
    ],
    [
      67.97654228160219,
      23.448316629035705
    ],
    [
      67.18170842931931,
      24.10720844350133
    ],
    [
      66.411261637987,
      24.798040302572247
    ],
    [
      65.66593735221907,
      25.51816018212409
    ],
    [
      64.94647101662936,
      26.264916058032476
    ],
    [
      64.25359807583166,
      27.03565590617303
    ],
    [
      63.588053974439816,
      27.827727702421363
    ],
    [
      62.9505741570676,
      28.63847942265309
    ],
    [
      62.3417938987077,
      29.465291334658698
    ],
    [
      61.760587711626194,
      30.306111327423277
    ],
    [
      61.20432682123205,
      31.159371908028895
    ],
    [
      60.67033418228205,
      32.02352114468056
    ],
    [
      60.15593274953295,
      32.89700710558329
    ],
    [
      59.658445477741566,
      33.778277858942104
    ],
    [
      59.17519532166463,
      34.665781472961996
    ],
    [
      58.703505236058945,
      35.55796601584798
    ],
    [
      58.240698175681274,
      36.45327955580509
    ],
    [
      57.7840970952884,
      37.3501701610383
    ],
    [
      57.331024949637104,
      38.24708589975264
    ],
    [
      56.878804693484135,
      39.14247484015311
    ],
    [
      56.42475928158631,
      40.03478505044474
    ],
    [
      55.96621166870037,
      40.922464598832526
    ],
