{
  "test_id": 402,
  "test_outcome": "NOT_EXECUTED",
  "predicted_test_outcome": null,
  "test_duration": null,
  "road_points": [
    [
      100.00000000000003,
      100.00000000000001
    ],
    [
      99.83634676957104,
      98.65220151730723
    ],
    [
      99.61871476898378,
      97.37200611188784
    ],
    [
      99.34920130510022,
      96.15669731277256
    ],
    [
      99.0299036847821,
      95.00355864899194
    ],
    [
      98.66291921489129,
      93.90987364957651
    ],
    [
      98.25034520228974,
      92.87292584355703
    ],
    [
      97.79427895383913,
      91.88999875996389
    ],
    [
      97.29681777640144,
      90.95837592782784
    ],
    [
      96.7600589768385,
      90.07534087617945
    ],
    [
      96.1860998620121,
      89.2381771340493
    ],
    [
      95.57703773878417,
      88.444168230468
    ],
    [
      94.93496991401649,
      87.69059769446609
    ],
    [
      94.26199369457095,
      86.97474905507424
    ],
    [
      93.56020638730935,
      86.293905841323
    ],
    [
      92.83170529909358,
      85.64535158224301
    ],
    [
      92.0785877367855,
      85.02636980686484
    ],
    [
      91.30295100724692,
      84.4342440442191
    ],
    [
      90.50689241733971,
      83.86625782333637
    ],
    [
      89.69250927392574,
      83.31969467324728
    ],
    [
      88.86189888386683,
      82.79183812298237
    ],
    [
      88.01715855402485,
      82.27997170157231
    ],
    [
      87.16038559126162,
      81.78137893804765
    ],
    [
      86.29367730243897,
      81.29334336143897
    ],
    [
      85.41913099441885,
      80.81314850077695
    ],
    [
      84.538843974063,
      80.33807788509209
    ],
    [
      83.65491354823332,
      79.86541504341506
    ],
    [
      82.76943702379165,
      79.39244350477641
    ],
    [
      81.88451170759984,
      78.91644679820678
    ],
    [
      81.00223490651975,
      78.43470845273671
    ],
    [
      80.1247039274132,
      77.94451199739686
    ],
    [
      79.2540160771421,
      77.44314096121781
    ],
    [
      78.3922686625682,
      76.92787887323013
    ],
    [
      77.54155899055343,
      76.39600926246442
    ],
    [
      76.7039843679596,
      75.8448156579513
    ],
    [
      75.88157637335648,
      75.27167457053099
    ],
    [
      75.07384797002378,
      74.67752544262008
    ],
    [
      74.27706135256898,
      74.06790638098705
    ],
    [
      73.48726356103792,
      73.44865985844781
    ],
    [
      72.7005016354765,
      72.82562834781848
    ],
    [
      71.91282731565491,
      72.20464726174376
    ],
    [
      71.12132384151313,
      71.59000243944794
    ],
    [
      70.32539337654559,
      70.98249611209684
    ],
    [
      69.52475458166035,
      70.38245505191385
    ],
    [
      68.71912611776544,
      69.7902060311225
    ],
    [
      67.90822664576896,
      69.20607582194616
    ],
    [
      67.09177482657894,
      68.63039119660829
    ],
    [
      66.26948932110342,
      68.0634789273323
    ],
    [
      65.44108879025046,
      67.50566578634167
    ],
    [
      64.60629189492809,
      66.9572785458598
    ],
    [
      63.76481729604441,
      66.41864397811013
    ],
    [
      62.916383654507456,
      65.89008885531615
    ],
    [
      62.06070963122525,
      65.37193994970123
    ],
    [
      61.19751388710588,
      64.86452403348886
    ],
    [
      60.3265150830574,
      64.36816787890244
    ],
    [
      59.44743187998783,
      63.883198258165436
    ],
    [
      58.55998293880524,
      63.40994194350126
    ],
    [
      57.663886920417696,
      62.94872570713336
    ],
    [
      56.75886248573323,
      62.49987632128519
    ],
    [
      55.84462829565992,
      62.06372055818018
    ],
    [
      54.92090301110578,
      61.64058519004173
    ],
    [
      53.987405292978885,
      61.23079698909333
    ],
    [
      53.043853802187286,
      60.83468272755839
    ],
    [
      52.08996719963906,
      60.45256917766037
    ],
    [
      51.12546414624221,
      60.08478311162268
    ],
    [
      50.15006945824782,
      59.73166003835394
    ],
    [
      49.164105170124465,
      59.39438313805204
    ],
    [
      48.168981255048465,
      59.07567977423027
    ],
    [
      47.16622319501721,
      58.77844125970614
    ],
    [
      46.15735647202802,
      58.505558907297136
    ],
    [
      45.14390656807825,
      58.2599240298207
    ],
    [
      44.12739896516519,
      58.04442794009432
    ],
    [
      43.10935914528623,
      57.86196195093548
    ],
    [
      42.09131259043867,
      57.71541737516165
    ],
    [
      41.07478478261987,
      57.607685525590306
    ],
    [
      40.06130120382714,
      57.541657715038895
    ],
    [
      39.05238733605785,
      57.52022525632495
    ],
    [
      38.04956866130933,
      57.546279462265886
    ],
    [
      37.0543706615789,
      57.62271164567922
    ],
    [
      36.068318818863915,
      57.752413119382396
    ],
    [
      35.09293861516168,
      57.93827519619291
    ],
    [
      34.12975553246958,
      58.18318918892824
    ],
    [
      33.180332663463496,
      58.48997172899871
    ],
    [
      32.24753502062353,
      58.85885429895158
    ],
    [
      31.335831610347867,
      59.28688342090841
    ],
    [
      30.44979029027806,
      59.77090933364166
    ],
    [
      29.59397891805566,
      60.307782275923856
    ],
    [
      28.77295727577827,
      60.89435317044582
    ],
    [
      27.98986021848521,
      61.52759361706195
    ],
    [
      27.24477400088693,
      62.20473340178335
    ],
    [
      26.53739189213741,
      62.92303559259298
    ],
    [
      25.86740716139058,
      63.67976325747381
    ],
    [
      25.234513077800404,
      64.47217946440875
    ],
    [
      24.638402910520824,
      65.29754728138082
    ],
    [
      24.0787699287058,
      66.15312977637295
    ],
    [
      23.555307401509275,
      67.03619001736811
    ],
    [
      23.067708598085204,
      67.94399107234925
    ],
    [
      22.615666787587525,
      68.87379600929933
    ],
    [
      22.198875239170206,
      69.82286789620133
    ],
    [
      21.817027221987196,
      70.78846980103818
    ],
    [
      21.469816005192442,
      71.76786479179287
    ],
    [
      21.156934857939895,
      72.75831593644833
    ],
    [
      20.8780770493835,
      73.75708630298753
    ],
    [
      20.63293584867722,
      74.76143895939346
    ],
    [
      20.421182321384542,
      75.7686564352282
    ],
    [
      20.241391998347964,
      76.7769815027554
    ],
    [
      20.09056601742772,
      77.78603689905565
    ],
    [
      19.965583575780407,
      78.79555224296163
    ],
    [
      19.863323870562645,
      79.80525715330621
    ],
    [
      19.780666098931047,
      80.81488124892215
    ],
    [
      19.714489458042223,
      81.82415414864232
    ],
    [
      19.66167314505277,
      82.83280547129942
    ],
    [
      19.619096357119314,
      83.84056483572633
    ],
    [
      19.583638291398454,
      84.84716186075576
    ],
    [
      19.552178145046803,
      85.85232616522059
    ],
    [
      19.521595115220972,
      86.85578736795358
    ],
    [
      19.488768399077564,
      87.85727508778753
    ],
    [
      19.450577193773203,
      88.85651894355522
    ],
    [
      19.403900696464483,
      89.85324855408948
    ],
    [
      19.34561810430802,
      90.8471935382231
    ],
    [
      19.27260861446042,
      91.83808351478886
    ],
    [
      19.1817514240783,
      92.82564810261957
    ],
    [
      19.069925730318264,
      93.809616920548
    ],
    [
      18.934010730336926,
      94.78971958740698
    ],
    [
      18.770885621290894,
      95.7656857220293
    ],
    [
      18.577545847463583,
      96.73727004078575
    ],
    [
      18.354888672329228,
