{
  "test_id": 608,
  "test_outcome": "NOT_EXECUTED",
  "predicted_test_outcome": null,
  "test_duration": null,
  "road_points": [
    [
      100.00000000000001,
      100.0
    ],
    [
      100.12005588893713,
      99.03157940613039
    ],
    [
      100.2293473485372,
      98.05610266047732
    ],
    [
      100.32741912041288,
      97.07419035786167
    ],
    [
      100.41381594617697,
      96.08646309310433
    ],
    [
      100.48808256744206,
      95.09354146102619
    ],
    [
      100.54976372582095,
      94.09604605644813
    ],
    [
      100.59840416292633,
      93.09459747419105
    ],
    [
      100.63354862037087,
      92.08981630907576
    ],
    [
      100.6547418397673,
      91.0823231559232
    ],
    [
      100.66152856272834,
      90.07273860955425
    ],
    [
      100.65345353086668,
      89.06168326478979
    ],
    [
      100.63006148579504,
      88.04977771645065
    ],
    [
      100.59089716912614,
      87.03764255935778
    ],
    [
      100.53550532247262,
      86.02589838833201
    ],
    [
      100.46343068744727,
      85.01516579819426
    ],
    [
      100.37421800566274,
      84.00606538376535
    ],
    [
      100.26741201873179,
      82.99921773986621
    ],
    [
      100.14255746826709,
      81.99524346131773
    ],
    [
      99.99919909588135,
      80.99476314294077
    ],
    [
      99.8368816431873,
      79.99839737955622
    ],
    [
      99.65514985179757,
      79.00676676598492
    ],
    [
      99.45354846332499,
      78.0204918970478
    ],
    [
      99.23162221938217,
      77.04019336756573
    ],
    [
      98.98891586158189,
      76.0664917723596
    ],
    [
      98.72497413153681,
      75.10000770625025
    ],
    [
      98.43934177085964,
      74.14136176405862
    ],
    [
      98.13156352116307,
      73.1911745406055
    ],
    [
      97.80118412405986,
      72.25006663071186
    ],
    [
      97.44774832116269,
      71.31865862919854
    ],
    [
      97.07089982002732,
      70.39750748619431
    ],
    [
      96.6714814138606,
      69.4863990235516
    ],
    [
      96.25113322328902,
      68.58460630432363
    ],
    [
      95.81150976541592,
      67.6913931332337
    ],
    [
      95.35426555734468,
      66.80602331500513
    ],
    [
      94.88105511617866,
      65.9277606543613
    ],
    [
      94.39353295902126,
      65.05586895602546
    ],
    [
      93.89335360297589,
      64.189612024721
    ],
    [
      93.38217156514592,
      63.328253665171204
    ],
    [
      92.86164136263474,
      62.471057682099435
    ],
    [
      92.33341751254572,
      61.617287880229014
    ],
    [
      91.79915453198223,
      60.76620806428325
    ],
    [
      91.26050693804771,
      59.917082038985484
    ],
    [
      90.71912924784552,
      59.06917360905905
    ],
    [
      90.17667597847903,
      58.22174657922726
    ],
    [
      89.63480164705162,
      57.37406475421346
    ],
    [
      89.09516077066671,
      56.52539193874097
    ],
    [
      88.55940786642765,
      55.67499193753309
    ],
    [
      88.02919745143785,
      54.82212855531319
    ],
    [
      87.5061840428007,
      53.9660655968046
    ],
    [
      86.99202215761954,
      53.10606686673059
    ],
    [
      86.48836631299778,
      52.24139616981454
    ],
    [
      85.99667644163623,
      51.37140383834755
    ],
    [
      85.5161067548691,
      50.4964655101392
    ],
    [
      85.04430289587309,
      49.617627651347895
    ],
    [
      84.5788844042033,
      48.735948335860286
    ],
    [
      84.11747081941492,
      47.85248563756306
    ],
    [
      83.65768168106318,
      46.96829763034292
    ],
    [
      83.19713652870321,
      46.08444238808647
    ],
    [
      82.73345490189017,
      45.20197798468044
    ],
    [
      82.26425634017932,
      44.32196249401148
    ],
    [
      81.78716038312571,
      43.44545398996627
    ],
    [
      81.29978657028462,
      42.57351054643147
    ],
    [
      80.79975444121122,
      41.70719023729379
    ],
    [
      80.28468353546063,
      40.847551136439854
    ],
    [
      79.75219339258805,
      39.99565131775636
    ],
    [
      79.1999035521487,
      39.15254885513
    ],
    [
      78.62543355369769,
      38.3193018224474
    ],
    [
      78.02640293679023,
      37.496968293595266
    ],
    [
      77.40058598181422,
      36.686693493628546
    ],
    [
      76.74755949991287,
      35.89063784610164
    ],
    [
      76.06806496965224,
      35.11161772377626
    ],
    [
      75.36286335924238,
      34.35246047612407
    ],
    [
      74.63271563689334,
      33.61599345261675
    ],
    [
      73.87838277081515,
      32.90504400272595
    ],
    [
      73.10062572921787,
      32.22243947592335
    ],
    [
      72.30020548031153,
      31.571007221680617
    ],
    [
      71.47788299230618,
      30.95357458946942
    ],
    [
      70.63441923341185,
      30.37296892876142
    ],
    [
      69.7705751718386,
      29.832017589028307
    ],
    [
      68.88711177579644,
      29.333547919741726
    ],
    [
      67.98479001349547,
      28.880387270373365
    ],
    [
      67.06437085314566,
      28.475362990394867
    ],
    [
      66.12661526295707,
      28.121302429277918
    ],
    [
      65.17228421113978,
      27.82103293649419
    ],
    [
      64.20213866590383,
      27.577381861515352
    ],
    [
      63.21722575146492,
      27.392963316861085
    ],
    [
      62.22095426749983,
      27.268631548171655
    ],
    [
      61.217896453483036,
      27.204373832191582
    ],
    [
      60.21263270090254,
      27.200171370970224
    ],
    [
      59.209743401246335,
      27.25600536655695
    ],
    [
      58.21371521594508,
      27.37178897632959
    ],
    [
      57.22728521589198,
      27.546165217469728
    ],
    [
      56.25164059967754,
      27.776651955262754
    ],
    [
      55.287914963533794,
      28.060728141597707
    ],
    [
      54.33724190369285,
      28.395872728363592
    ],
    [
      53.40075501638667,
      28.779564667449417
    ],
    [
      52.479587897847324,
      29.20928291074421
    ],
    [
      51.57487414430688,
      29.682506410136995
    ],
    [
      50.68774735199735,
      30.196714117516777
    ],
    [
      49.819341117150785,
      30.749384984772565
    ],
    [
      48.970789035999246,
      31.337997963793388
    ],
    [
      48.143224704774745,
      31.960032006468264
    ],
    [
      47.33778171970935,
      32.61296606468619
    ],
    [
      46.555593677035084,
      33.294279090336204
    ],
    [
      45.79779417298402,
      34.001450035307315
    ],
    [
      45.065516803788185,
      34.73195785148854
    ],
    [
      44.35989516567959,
      35.48328149076889
    ],
    [
      43.68189687193177,
      36.25293341100106
    ],
    [
      43.03041061898813,
      37.03884572825064
    ],
    [
      42.402909357423304,
      37.83923634653428
    ],
    [
      41.7968388568196,
      38.65232865672916
    ],
    [
      41.20964488675925,
      39.476346049712475
    ],
    [
      40.63877321682452,
      40.309511916361366
    ],
    [
      40.08166961659768,
      41.15004964755306
    ],
    [
      39.53577985566098,
      41.9961826341647
    ],
    [
      38.99854970359668,
      42.84613426707346
    ],
    [
      38.46742492998704,
      43.69812793715652
    ],
    [
      37.93985130441433,
      44.550387035291095
    ],
    [
      37.413274596460816,
      45.401134952354305
    ],
    [
      36.88514057570874,
      46.24859507922336
    ],
    [
      36.35289501174039,
      47.090990806775444
    ],
    [
      35.813983674137994,
      47.92654552588771
    ],
    [
      35.26585233248383,
      48.75348262743735
    ],
    [
      34.70594675636014,
      49.57002550230156
    ],
    [
      34.131712715349224,
      50.374397541357474
    ],
    [
