{
  "test_id": 1,
  "test_outcome": "NOT_EXECUTED",
  "predicted_test_outcome": null,
  "test_duration": null,
  "road_points": [
    [
      100.0,
      99.99999999999999
    ],
    [
      99.69215085169404,
      100.96062258439964
    ],
    [
      99.37754685020079,
      101.9177560289612
    ],
    [
      99.05648333150245,
      102.87158655678031
    ],
    [
      98.72925563158131,
      103.82230039095278
    ],
    [
      98.39615908641969,
      104.77008375457427
    ],
    [
      98.0574890319997,
      105.71512287074044
    ],
    [
      97.71354080430368,
      106.65760396254706
    ],
    [
      97.36460973931386,
      107.59771325308982
    ],
    [
      97.01099117301251,
      108.53563696546435
    ],
    [
      96.65298044138189,
      109.47156132276646
    ],
    [
      96.29087288040422,
      110.40567254809183
    ],
    [
      95.9249638260618,
      111.33815686453612
    ],
    [
      95.5555486143368,
      112.2692004951951
    ],
    [
      95.18292258121154,
      113.19898966316437
    ],
    [
      94.80738106266827,
      114.12771059153975
    ],
    [
      94.42921939468921,
      115.05554950341684
    ],
    [
      94.04873291325664,
      115.98269262189146
    ],
    [
      93.6662169543528,
      116.90932617005922
    ],
    [
      93.28196685395997,
      117.83563637101584
    ],
    [
      92.89627794806037,
      118.76180944785708
    ],
    [
      92.50944557263624,
      119.68803162367858
    ],
    [
      92.12176506366986,
      120.61448912157607
    ],
    [
      91.73353175714348,
      121.54136816464526
    ],
    [
      91.34504098903935,
      122.46885497598183
    ],
    [
      90.95658809533973,
      123.39713577868153
    ],
    [
      90.56845342402909,
      124.32638666080513
    ],
    [
      90.18027998824147,
      125.2563527381751
    ],
    [
      89.79084978289772,
      126.18619689743494
    ],
    [
      89.39888380532666,
      127.11504077804278
    ],
    [
      89.00310305285724,
      128.04200601945684
    ],
    [
      88.6022285228183,
      128.96621426113518
    ],
    [
      88.19498121253866,
      129.88678714253604
    ],
    [
      87.78008211934728,
      130.8028463031175
    ],
    [
      87.35625224057297,
      131.71351338233765
    ],
    [
      86.92221257354463,
      132.61791001965474
    ],
    [
      86.47668411559113,
      133.51515785452688
    ],
    [
      86.01838786404136,
      134.4043785264122
    ],
    [
      85.5460448162242,
      135.28469367476887
    ],
    [
      85.05837596946846,
      136.15522493905496
    ],
    [
      84.55419446045143,
      137.0151446930492
    ],
    [
      84.03310365414522,
      137.8640604307725
    ],
    [
      83.49510888184278,
      138.7018009793517
    ],
    [
      82.94021865289706,
      139.52819691583608
    ],
    [
      82.36844147666098,
      140.34307881727503
    ],
    [
      81.7797858624875,
      141.1462772607178
    ],
    [
      81.17426031972954,
      141.9376228232137
    ],
    [
      80.55187335773999,
      142.71694608181195
    ],
    [
      79.9126334858719,
      143.48407761356208
    ],
    [
      79.25654921347811,
      144.23884799551325
    ],
    [
      78.5836290499116,
      144.98108780471472
    ],
    [
      77.89388150452528,
      145.71062761821588
    ],
    [
      77.18731508667211,
      146.42729801306604
    ],
    [
      76.46393830570501,
      147.13092956631445
    ],
    [
      75.72375967097693,
      147.82135285501045
    ],
    [
      74.96678769184078,
      148.49839845620335
    ],
    [
      74.19303087764953,
      149.16189694694245
    ],
    [
      73.4024977377561,
      149.81167890427702
    ],
    [
      72.5951967815134,
      150.44757490525643
    ],
    [
      71.7711365182744,
      151.06941552692996
    ],
    [
      70.93032545739207,
      151.67703134634695
    ],
    [
      70.07277210821925,
      152.2702529405566
    ],
    [
      69.19848498010897,
      152.84891088660834
    ],
    [
      68.3074725824141,
      153.4128357615514
    ],
    [
      67.39974342448762,
      153.96185814243512
    ],
    [
      66.47544557205073,
      154.49560283438686
    ],
    [
      65.53561878818256,
      155.01237985997483
    ],
    [
      64.58165370314889,
      155.50998189801393
    ],
    [
      63.614941789260634,
      155.98620038574762
    ],
    [
      62.63687451882866,
      156.4388267604192
    ],
    [
      61.648843364163824,
      156.865652459272
    ],
    [
      60.652239797577046,
      157.26446891954953
    ],
    [
      59.648455291379186,
      157.63306757849503
    ],
    [
      58.638881317881086,
      157.96923987335188
    ],
    [
      57.62490934939369,
      158.27077724136348
    ],
    [
      56.607930858227824,
      158.5354711197732
    ],
    [
      55.5893373166944,
      158.76111294582438
    ],
    [
      54.570520197104244,
      158.9454941567604
    ],
    [
      53.55287097176828,
      159.08640618982463
    ],
    [
      52.53778111299737,
      159.18164048226043
    ],
    [
      51.52664209310241,
      159.2289884713112
    ],
    [
      50.52084538439424,
      159.22624159422028
    ],
    [
      49.52178245918377,
      159.17119128823103
    ],
    [
      48.53084478978187,
      159.06162899058683
    ],
    [
      47.54942384849939,
      158.89534613853104
    ],
    [
      46.578911107647244,
      158.670134169307
    ],
    [
      45.6206980395363,
      158.38378452015817
    ],
    [
      44.676176116477436,
      158.0340886283278
    ],
    [
      43.747157512543254,
      157.61981392696123
    ],
    [
      42.837204357885135,
      157.14378761342778
    ],
    [
      41.95033372340758,
      156.6098923128393
    ],
    [
      41.090562680985585,
      156.02201065255923
    ],
    [
      40.26190830249419,
      155.38402525995085
    ],
    [
      39.46838765980844,
      154.69981876237776
    ],
    [
      38.714017824803356,
      153.97327378720328
    ],
    [
      38.002815869353945,
      153.20827296179078
    ],
    [
      37.33879886533528,
      152.4086989135038
    ],
    [
      36.72598388462237,
      151.5784342697057
    ],
    [
      36.168387999090235,
      150.72136165775984
    ],
    [
      35.67002828061394,
      149.84136370502978
    ],
    [
      35.23492180106848,
      148.94232303887875
    ],
    [
      34.867023183627666,
      148.02809703166443
    ],
    [
      34.56709134480981,
      147.1012506735309
    ],
    [
      34.331225208117424,
      146.16246439739112
    ],
    [
      34.15515526571045,
      145.21226963809116
    ],
    [
      34.03461200974884,
      144.25119783047705
    ],
    [
      33.965325932392595,
      143.27978040939493
    ],
    [
      33.94302752580164,
      142.29854880969074
    ],
    [
      33.963447282135945,
      141.30803446621056
    ],
    [
      34.02231569355549,
      140.3087688138005
    ],
    [
      34.11536325222023,
      139.30128328730657
    ],
    [
      34.238320450290104,
      138.28610932157483
    ],
    [
      34.386917779925106,
      137.2637783514513
    ],
    [
      34.55688573328518,
      136.2348218117821
    ],
    [
      34.74395480253029,
      135.19977113741328
    ],
    [
      34.943855479820385,
      134.1591577631908
    ],
    [
      35.15231825731546,
      133.1135131239608
    ],
    [
      35.36507362717545,
      132.06336865456933
    ],
    [
      35.57785208156033,
      131.00925578986238
    ],
    [
      35.786384112630046,
      129.95170596468608
    ],
    [
      35.98672434016856,
      128.89133910281362
    ],
    [
      36.17641616925863,
      127.82918157598536
    ],
    [
      36.35343019165063,
      126.76637638065074
    ],
    [
      36.515737035526634,
      125.70406652320558
    ],
    [
      36.66130732906867,
      124.64339501004547
    ],
    [
