{
  "test_id": 1,
  "test_outcome": "NOT_EXECUTED",
  "predicted_test_outcome": null,
  "test_duration": null,
  "road_points": [
    [
      100.0,
      100.0
    ],
    [
      99.72943071204072,
      98.95520849669327
    ],
    [
      99.42451005102444,
      97.93616920970582
    ],
    [
      99.08686159654607,
      96.94163559270031
    ],
    [
      98.7181089282005,
      95.97036109933926
    ],
    [
      98.31987562558251,
      95.0210991832852
    ],
    [
      97.89378526828705,
      94.09260329820074
    ],
    [
      97.44146143590888,
      93.18362689774837
    ],
    [
      96.9645277080429,
      92.29292343559071
    ],
    [
      96.46460766428399,
      91.41924636539028
    ],
    [
      95.94332488422697,
      90.56134914080967
    ],
    [
      95.40230294746671,
      89.71798521551136
    ],
    [
      94.84316543359807,
      88.88790804315802
    ],
    [
      94.26753592221593,
      88.06987107741215
    ],
    [
      93.6770379929151,
      87.26262777193627
    ],
    [
      93.07329522529044,
      86.46493158039299
    ],
    [
      92.45793119893688,
      85.67553595644485
    ],
    [
      91.8325694934492,
      84.8931943537544
    ],
    [
      91.1988336884223,
      84.11666022598422
    ],
    [
      90.55834736345099,
      83.34468702679685
    ],
    [
      89.91273409813019,
      82.57602820985485
    ],
    [
      89.26361747205469,
      81.80943722882077
    ],
    [
      88.6126210648194,
      81.04366753735718
    ],
    [
      87.96136845601917,
      80.27747258912663
    ],
    [
      87.31148322524882,
      79.50960583779167
    ],
    [
      86.66458895210326,
      78.73882073701488
    ],
    [
      86.0223092161773,
      77.96387074045879
    ],
    [
      85.38626759706584,
      77.18350930178596
    ],
    [
      84.7580876743637,
      76.39648987465898
    ],
    [
      84.13939302766578,
      75.60156591274037
    ],
    [
      83.53180723656686,
      74.7974908696927
    ],
    [
      82.93695388066189,
      73.98301819917853
    ],
    [
      82.35645653954569,
      73.15690135486042
    ],
    [
      81.79193879281307,
      72.31789379040092
    ],
    [
      81.24502422005894,
      71.46474895946255
    ],
    [
      80.71733640087814,
      70.59622031570794
    ],
    [
      80.20943332151774,
      69.7119545795617
    ],
    [
      79.71662140659116,
      68.81600075630301
    ],
    [
      79.23259205494234,
      67.91376169678725
    ],
    [
      78.75103622399727,
      67.0106406219019
    ],
    [
      78.26564487118203,
      66.11204075253455
    ],
    [
      77.77010895392267,
      65.22336530957274
    ],
    [
      77.25811942964525,
      64.350017513904
    ],
    [
      76.72336725577578,
      63.49740058641587
    ],
    [
      76.15954338974039,
      62.67091774799591
    ],
    [
      75.56033878896505,
      61.875972219531654
    ],
    [
      74.91944441087585,
      61.117967221910654
    ],
    [
      74.23055121289885,
      60.40230597602042
    ],
    [
      73.48904719680633,
      59.73364002039617
    ],
    [
      72.69745388253133,
      59.11346120023697
    ],
    [
      71.86016685204991,
      58.542431270845874
    ],
    [
      70.98158169540807,
      58.0212119839514
    ],
    [
      70.06609400265182,
      57.550465091282156
    ],
    [
      69.11809936382721,
      57.13085234456664
    ],
    [
      68.14199336898027,
      56.76303549553345
    ],
    [
      67.14217160815697,
      56.4476762959111
    ],
    [
      66.12302967140339,
      56.18543649742815
    ],
    [
      65.08896314876552,
      55.97697785181315
    ],
    [
      64.04436763028939,
      55.82296211079466
    ],
    [
      62.99363870602101,
      55.72405102610123
    ],
    [
      61.94117196600644,
      55.68090634946142
    ],
    [
      60.891363000291676,
      55.69418983260373
    ],
    [
      59.84860739892274,
      55.76456322725677
    ],
    [
      58.81705167368888,
      55.892457641824834
    ],
    [
      57.79887398058756,
      56.07648151207509
    ],
    [
      56.795317763389825,
      56.31437774204226
    ],
    [
      55.807620807591135,
      56.603883996269225
    ],
    [
      54.83702089868697,
      56.942737939298894
    ],
    [
      53.884755822172835,
      57.32867723567416
    ],
    [
      52.95206336354418,
      57.75943954993787
    ],
    [
      52.04018130829646,
      58.23276254663294
    ],
    [
      51.15034744192517,
      58.74638389030224
    ],
    [
      50.28379954992578,
      59.29804124548868
    ],
    [
      49.44177541779377,
      59.88547227673514
    ],
    [
      48.625512831024615,
      60.50641464858449
    ],
    [
      47.836249575113754,
      61.15860602557965
    ],
    [
      47.075223435556694,
      61.83978407226347
    ],
    [
      46.34367219784892,
      62.547686453178855
    ],
    [
      45.64262022410004,
      63.27998931070166
    ],
    [
      44.96956124675968,
      64.03335103562964
    ],
    [
      44.31908762898599,
      64.80359365996364
    ],
    [
      43.685705684697794,
      65.58651441085168
    ],
    [
      43.06392172781395,
      66.37791051544177
    ],
    [
      42.44824207225323,
      67.17357920088193
    ],
    [
      41.833173031934535,
      67.96931769432018
    ],
    [
      41.213220920776635,
      68.76092322290448
    ],
    [
      40.582892052698384,
      69.5441930137829
    ],
    [
      39.9366927416186,
      70.3149242941034
    ],
    [
      39.269129301456125,
      71.06891429101405
    ],
    [
      38.57470804612981,
      71.80196023166283
    ],
    [
      37.84829004252483,
      72.50999346855926
    ],
    [
      37.08902417084955,
      73.1905664950253
    ],
    [
      36.29890546632976,
      73.84230788156003
    ],
    [
      35.479980118862045,
      74.46386553927248
    ],
    [
      34.63429431834297,
      75.05388737927159
    ],
    [
      33.76389425466913,
      75.61102131266632
    ],
    [
      32.8708261177371,
      76.13391525056566
    ],
    [
      31.95713609744346,
      76.62121710407858
    ],
    [
      31.02487038368479,
      77.07157478431405
    ],
    [
      30.076075166357644,
      77.48363620238108
    ],
    [
      29.11279663535864,
      77.85604926938856
    ],
    [
      28.137080980584347,
      78.18746189644554
    ],
    [
      27.150974391931317,
      78.47652199466093
    ],
    [
      26.156523059296177,
      78.72187747514376
    ],
    [
      25.15577317257547,
      78.92217624900296
    ],
    [
      24.15077092166579,
      79.0760662273475
    ],
    [
      23.143562496463712,
      79.18219532128639
    ],
    [
      22.136194086865796,
      79.23921144192857
    ],
    [
      21.13071188276866,
      79.24576250038302
    ],
    [
      20.129162074068862,
      79.2004964077587
    ],
    [
      19.133590850662976,
      79.10206107516461
    ],
    [
      18.146044402447604,
      78.94910441370973
    ],
    [
      17.16856891931931,
      78.740274334503
    ],
    [
      16.20321059117467,
      78.47421874865337
    ],
    [
      15.252015607910272,
      78.14958556726985
    ],
    [
      14.317030159422675,
      77.7650227014614
    ],
    [
      13.400300435608488,
      77.319178062337
    ],
    [
      12.503872626364284,
      76.81069956100565
    ],
    [
      11.629792921586613,
      76.23823510857625
    ],
    [
      10.780107511172096,
      75.60043261615783
    ],
    [
      9.956862585017292,
      74.89593999485933
    ],
    [
      9.162104333018783,
      74.12340515578975
    ],
    [
      8.397878945073149,
      73.28147601005807
    ],
    [
      7.666232611076953,
      72.3688004687732
    ],
    [
      6.9692115209268035,
      71.38402644304418
    ],
    [
      6.308861864519265,
      70.32580184397993
    ],
    [
      5.687229831750908,
      69.19277458268944
    ]
  ],