{
  "test_id": 155,
  "test_outcome": "NOT_EXECUTED",
  "predicted_test_outcome": null,
  "test_duration": null,
  "road_points": [
    [
      100.00000000000001,
      100.0
    ],
    [
      99.630702650043,
      98.92102151909609
    ],
    [
      99.30718203070298,
      97.8524326369172
    ],
    [
      99.02784835114355,
      96.79379943031788
    ],
    [
      98.79111182052849,
      95.74468797615297
    ],
    [
      98.5953826480213,
      94.70466435127693
    ],
    [
      98.43907104278568,
      93.67329463254447
    ],
    [
      98.32058721398525,
      92.65014489681015
    ],
    [
      98.23834137078359,
      91.6347812209286
    ],
    [
      98.19074372234442,
      90.62676968175454
    ],
    [
      98.17620447783138,
      89.62567635614252
    ],
    [
      98.19313384640799,
      88.63106732094717
    ],
    [
      98.23994203723801,
      87.64250865302317
    ],
    [
      98.31503925948502,
      86.65956642922511
    ],
    [
      98.41683572231264,
      85.6818067264076
    ],
    [
      98.54374163488457,
      84.70879562142532
    ],
    [
      98.69416720636436,
      83.74009919113286
    ],
    [
      98.86652264591571,
      82.77528351238487
    ],
    [
      99.05921816270222,
      81.81391466203597
    ],
    [
      99.27066396588756,
      80.85555871694079
    ],
    [
      99.49927026463531,
      79.89978175395393
    ],
    [
      99.74344726810916,
      78.94614984993008
    ],
    [
      100.00160518547273,
      77.9942290817238
    ],
    [
      100.27215422588961,
      77.04358552618979
    ],
    [
      100.55350459852352,
      76.09378526018261
    ],
    [
      100.84406651253798,
      75.14439436055692
    ],
    [
      101.14225017709677,
      74.19497890416737
    ],
    [
      101.44646580136339,
      73.24510496786856
    ],
    [
      101.75512359450157,
      72.2943386285151
    ],
    [
      102.0666337656749,
      71.34224596296167
    ],
    [
      102.37940652404697,
      70.38839304806285
    ],
    [
      102.69185207878155,
      69.43234596067333
    ],
    [
      103.00238063904216,
      68.47367077764767
    ],
    [
      103.30940241399246,
      67.51193357584053
    ],
    [
      103.61132761279609,
      66.54670043210655
    ],
    [
      103.90659093594353,
      65.57765664904456
    ],
    [
      104.19373074941942,
      64.60499218119773
    ],
    [
      104.47131284257868,
      63.62903048227614
    ],
    [
      104.73790300494989,
      62.65009500683511
    ],
    [
      104.99206702606163,
      61.66850920942997
    ],
    [
      105.23237069544238,
      60.684596544615985
    ],
    [
      105.45737980262075,
      59.698680466948495
    ],
    [
      105.66566013712522,
      58.7110844309828
    ],
    [
      105.85577748848442,
      57.72213189127419
    ],
    [
      106.02629764622687,
      56.732146302377984
    ],
    [
      106.17578639988109,
      55.74145111884948
    ],
    [
      106.30280953897568,
      54.75036979524401
    ],
    [
      106.40593285303918,
      53.75922578611685
    ],
    [
      106.48372213160015,
      52.76834254602332
    ],
    [
      106.53474316418706,
      51.77804352951871
    ],
    [
      106.55756174032858,
      50.78865219115836
    ],
    [
      106.55074385779261,
      49.80049196688655
    ],
    [
      106.51334824952681,
      48.81384225537862
    ],
    [
      106.44598139870565,
      47.828844128078785
    ],
    [
      106.34955289708377,
      46.845611566678826
    ],
    [
      106.22497233641552,
      45.86425855287046
    ],
    [
      106.07314930845544,
      44.88489906834545
    ],
    [
      105.89499340495797,
      43.907647094795514
    ],
    [
      105.69141421767758,
      42.93261661391244
    ],
    [
      105.46332133836876,
      41.95992160738793
    ],
    [
      105.21162435878594,
      40.989676056913744
    ],
    [
      104.93723287068369,
      40.02199394418165
    ],
    [
      104.64105646581638,
      39.05698925088336
    ],
    [
      104.32400473593852,
      38.09477595871064
    ],
    [
      103.98698727280458,
      37.13546804935523
    ],
    [
      103.63091366816906,
      36.179179504508866
    ],
    [
      103.2566935137864,
      35.22602430586331
    ],
    [
      102.8652364014111,
      34.2761164351103
    ],
    [
      102.45745192279762,
      33.32956987394158
    ],
    [
      102.03424966970036,
      32.38649860404887
    ],
    [
      101.59653896937323,
      31.44701691389963
    ],
    [
      101.14470306653541,
      30.511849258002858
    ],
    [
      100.67749800986911,
      29.583607360829042
    ],
    [
      100.19336621054397,
      28.665266712887203
    ],
    [
      99.69075007972958,
      27.759802804686313
    ],
    [
      99.16809202859565,
      26.870191126735403
    ],
    [
      98.62383446831178,
      25.99940716954348
    ],
    [
      98.05641981004761,
      25.150426423619543
    ],
    [
      97.46429046497276,
      24.32622437947258
    ],
    [
      96.8458888442569,
      23.529776527611627
    ],
    [
      96.19965735906963,
      22.76405835854567
    ],
    [
      95.52403842058064,
      22.032045362783727
    ],
    [
      94.8174744399595,
      21.33671303083479
    ],
    [
      94.0784078283759,
      20.68103685320787
    ],
    [
      93.30528099699947,
      20.067992320411978
    ],
    [
      92.49653635699984,
      19.50055492295611
    ],
    [
      91.65101487799946,
      18.981520197691644
    ],
    [
      90.77066730102607,
      18.512279584442716
    ],
    [
      89.85890511460262,
      18.093564978987263
    ],
    [
      88.91914826003088,
      17.726104460577748
    ],
    [
      87.95481667861269,
      17.410626108466634
    ],
    [
      86.96933031164983,
      17.147858001906375
    ],
    [
      85.96610910044419,
      16.938528220149443
    ],
    [
      84.94857298629756,
      16.78336484244829
    ],
    [
      83.92014191051175,
      16.683095948055374
    ],
    [
      82.88423581438863,
      16.638449616223177
    ],
    [
      81.84427463923,
      16.650153926204137
    ],
    [
      80.80367832633762,
      16.718936957250726
    ],
    [
      79.7658668170134,
      16.845526788615405
    ],
    [
      78.73425986654527,
      17.030650917706843
    ],
    [
      77.71206761430007,
      17.27438117179092
    ],
    [
      76.70188849336586,
      17.57487598557782
    ],
    [
      75.70620995491613,
      17.929946646827325
    ],
    [
      74.72751945012438,
      18.337404443299224
    ],
    [
      73.7683044301641,
      18.795060662753308
    ],
    [
      72.83105234620872,
      19.300726592949353
    ],
    [
      71.91825064943181,
      19.852213521647162
    ],
    [
      71.03238679100679,
      20.44733273660651
    ],
    [
      70.17594822210718,
      21.08389552558718
    ],
    [
      69.35142239390645,
      21.759713176348967
    ],
    [
      68.56129675757809,
      22.47259697665166
    ],
    [
      67.8080587642956,
      23.220358214255036
    ],
    [
      67.09419586523244,
      24.00080817691888
    ],
    [
      66.42219551156211,
      24.811758152402994
    ],
    [
      65.79454515445812,
      25.65101942846715
    ],
    [
      65.21373224509391,
      26.51640329287114
    ],
    [
      64.68224423464298,
      27.405721033374743
    ],
    [
      64.20256857427884,
      28.316783937737767
    ],
    [
      63.777192715174984,
      29.247403293719977
    ],
    [
      63.40860410850484,
      30.195390389081187
    ],
    [
      63.09929020544193,
      31.15855651158114
    ],
    [
      62.85151065624271,
      32.13471981544173
    ],
    [
      62.66437399026571,
      33.121793437171924
    ],
    [
      62.53468827847065,
      34.117759854574636
    ],
    [
      62.459209221153124,
      35.12060312402926
    ],
    [
      62.434692518608735,
