{
  "test_id": 246,
  "test_outcome": "NOT_EXECUTED",
  "predicted_test_outcome": null,
  "test_duration": null,
  "road_points": [
    [
      100.0,
      99.99999999999999
    ],
    [
      100.04979388346644,
      99.00311583733877
    ],
    [
      100.09247705823523,
      98.005495452934
    ],
    [
      100.12841810865206,
      97.0071770089184
    ],
    [
      100.15798561906277,
      96.0081986674249
    ],
    [
      100.18154817381306,
      95.00859859058627
    ],
    [
      100.19947435724862,
      94.00841494053526
    ],
    [
      100.21213275371528,
      93.00768587940478
    ],
    [
      100.21989194755872,
      92.00644956932757
    ],
    [
      100.22312052312473,
      91.00474417243643
    ],
    [
      100.22218706475897,
      90.00260785086418
    ],
    [
      100.21746015680716,
      89.0000787667436
    ],
    [
      100.20930838361515,
      87.99719508220757
    ],
    [
      100.19810032952861,
      86.99399495938884
    ],
    [
      100.18420457889329,
      85.9905165604202
    ],
    [
      100.1679897160549,
      84.9867980474345
    ],
    [
      100.14982432535925,
      83.98287758256454
    ],
    [
      100.13007699115201,
      82.97879332794312
    ],
    [
      100.10911629777893,
      81.97458344570302
    ],
    [
      100.08731082958579,
      80.9702860979771
    ],
    [
      100.0650291709183,
      79.96593944689815
    ],
    [
      100.04263990612215,
      78.96158165459892
    ],
    [
      100.02051161954314,
      77.95725088321228
    ],
    [
      99.99901289552702,
      76.95298529487101
    ],
    [
      99.97851231841949,
      75.94882305170796
    ],
    [
      99.9593784725663,
      74.94480231585588
    ],
    [
      99.94197994231318,
      73.9409612494476
    ],
    [
      99.92668531200589,
      72.93733801461592
    ],
    [
      99.91386316599014,
      71.93397077349366
    ],
    [
      99.90388208861168,
      70.93089768821362
    ],
    [
      99.89711066421626,
      69.92815692090858
    ],
    [
      99.8939174771496,
      68.92578663371141
    ],
    [
      99.89467111175746,
      67.92382498875486
    ],
    [
      99.89974015238558,
      66.92231014817177
    ],
    [
      99.90949318337965,
      65.9212802740949
    ],
    [
      99.92429878908547,
      64.92077352865712
    ],
    [
      99.94452555384873,
      63.92082807399122
    ],
    [
      99.9705420620152,
      62.92148207222996
    ],
    [
      100.00271678330422,
      61.92277367363811
    ],
    [
      100.04110892082736,
      60.92470900793071
    ],
    [
      100.08479547062176,
      59.92719251000788
    ],
    [
      100.13265888495123,
      58.930108472282946
    ],
    [
      100.18358161607945,
      57.93334118716924
    ],
    [
      100.23644611627016,
      56.93677494708009
    ],
    [
      100.2901348377871,
      55.94029404442885
    ],
    [
      100.34353023289395,
      54.943782771628825
    ],
    [
      100.39551475385446,
      53.94712542109336
    ],
    [
      100.44497085293229,
      52.95020628523576
    ],
    [
      100.49078098239126,
      51.9529096564694
    ],
    [
      100.53182759449501,
      50.95511982720757
    ],
    [
      100.56699314150734,
      49.95672108986361
    ],
    [
      100.5951600756919,
      48.95759773685086
    ],
    [
      100.61521084931242,
      47.957634060582635
    ],
    [
      100.62602791463267,
      46.95671435347228
    ],
    [
      100.62649372391634,
      45.95472290793312
    ],
    [
      100.61549072942715,
      44.951544016378485
    ],
    [
      100.59190138342882,
      43.94706197122169
    ],
    [
      100.55460813818506,
      42.94116106487609
    ],
    [
      100.50249344595964,
      41.93372558975501
    ],
    [
      100.43443975901624,
      40.92463983827176
    ],
    [
      100.34932952961859,
      39.913788102839675
    ],
    [
      100.24604521003039,
      38.9010546758721
    ],
    [
      100.1234692525154,
      37.88632384978236
    ],
    [
      99.98048387565078,
      36.869480940874915
    ],
    [
      99.81581309010267,
      35.85110444894681
    ],
    [
      99.6277478935041,
      34.833670108166885
    ],
    [
      99.41450586955385,
      33.81997531378326
    ],
    [
      99.17430460195068,
      32.81281746104406
    ],
    [
      98.90536167439335,
      31.814993945197404
    ],
    [
      98.60589467058061,
      30.8293021614914
    ],
    [
      98.27412117421119,
      29.858539505174186
    ],
    [
      97.90825876898386,
      28.905503371493865
    ],
    [
      97.50652503859737,
      27.97299115569856
    ],
    [
      97.06713756675047,
      27.063800253036383
    ],
    [
      96.5883139371419,
      26.18072805875546
    ],
    [
      96.06827173347043,
      25.326571968103902
    ],
    [
      95.5052285394348,
      24.50412937632983
    ],
    [
      94.89740193873378,
      23.71619767868137
    ],
    [
      94.24300951506606,
      22.965574270406634
    ],
    [
      93.54079982276954,
      22.25485327241386
    ],
    [
      92.79285041347065,
      21.585354347710084
    ],
    [
      92.00252615652715,
      20.957904328545197
    ],
    [
      91.1731947005418,
      20.37332898317589
    ],
    [
      90.3082236941172,
      19.832454079858845
    ],
    [
      89.41098078585613,
      19.336105386850747
    ],
    [
      88.48483362436117,
      18.885108672408265
    ],
    [
      87.5331498582351,
      18.480289704788103
    ],
    [
      86.5592971360805,
      18.12247425224693
    ],
    [
      85.56664310650017,
      17.812488083041433
    ],
    [
      84.55855541809672,
      17.5511569654283
    ],
    [
      83.53840171947282,
      17.339306667664204
    ],
    [
      82.50954965923115,
      17.17776295800583
    ],
    [
      81.47536688597445,
      17.067351604709867
    ],
    [
      80.43922104830534,
      17.008898376032988
    ],
    [
      79.40444858116946,
      17.00319224007543
    ],
    [
      78.3738711602858,
      17.050415276099272
    ],
    [
      77.34988828546328,
      17.150251828048276
    ],
    [
      76.33488698801548,
      17.302371539807794
    ],
    [
      75.33125429925592,
      17.50644405526319
    ],
    [
      74.34137725049816,
      17.762139018299827
    ],
    [
      73.3676428730557,
      18.069126072803055
    ],
    [
      72.41243819824211,
      18.427074862658237
    ],
    [
      71.478150257371,
      18.835655031750736
    ],
    [
      70.56716608175583,
      19.29453622396591
    ],
    [
      69.68187270271017,
      19.803388083189105
    ],
    [
      68.82465715154758,
      20.3618802533057
    ],
    [
      67.99790645958157,
      20.96968237820105
    ],
    [
      67.20400765812573,
      21.626464101760487
    ],
    [
      66.44519353301948,
      22.3315099435542
    ],
    [
      65.72291876135138,
      23.08216161995691
    ],
    [
      65.03839321438225,
      23.875149609462493
    ],
    [
      64.39282667352502,
      24.707204166229815
    ],
    [
      63.78742892019261,
      25.575055544417815
    ],
    [
      63.223409735797865,
      26.475433998185345
    ],
    [
      62.70197890175371,
      27.405069781691292
    ],
    [
      62.22434619947303,
      28.360693149094583
    ],
    [
      61.79172141036872,
      29.339034354554062
    ],
    [
      61.405314315853666,
      30.336823652228674
    ],
    [
      61.06633469734078,
      31.350791296277254
    ],
    [
      60.775992336242936,
      32.377667540858766
    ],
    [
      60.53549701397302,
      33.41418264013204
    ],
    [
      60.346058511943944,
      34.45706684825598
    ],
    [
      60.20888661156862,
      35.503050419389496
    ],
    [
      60.12519109425989,
      36.548863607691445
    ],
    [
      60.09618174143069,
      37.59123666732077
    ],
    [
      60.12306833449393,
      38.62689985243633
    ],
    [
