{
  "test_id": 589,
  "test_outcome": "NOT_EXECUTED",
  "predicted_test_outcome": null,
  "test_duration": null,
  "road_points": [
    [
      100.00000000000003,
      100.00000000000003
    ],
    [
      99.77100986220249,
      101.00756674355894
    ],
    [
      99.50407287776234,
      101.99587724236348
    ],
    [
      99.20123035128711,
      102.96594823543502
    ],
    [
      98.86452358738427,
      103.91879646179494
    ],
    [
      98.49599389066135,
      104.85543866046463
    ],
    [
      98.09768256572586,
      105.77689157046544
    ],
    [
      97.67163091718535,
      106.68417193081879
    ],
    [
      97.21988024964732,
      107.57829648054606
    ],
    [
      96.74447186771928,
      108.46028195866865
    ],
    [
      96.24744707600873,
      109.33114510420789
    ],
    [
      95.73084717912319,
      110.19190265618516
    ],
    [
      95.19671348167017,
      111.04357135362189
    ],
    [
      94.64708728825724,
      111.88716793553945
    ],
    [
      94.08400990349182,
      112.72370914095919
    ],
    [
      93.5095226319815,
      113.55421170890251
    ],
    [
      92.92566677833378,
      114.3796923783908
    ],
    [
      92.33448364715613,
      115.20116788844545
    ],
    [
      91.73801454305614,
      116.0196549780878
    ],
    [
      91.13830077064127,
      116.83617038633926
    ],
    [
      90.53738363451903,
      117.65173085222122
    ],
    [
      89.93730443929698,
      118.46735311475506
    ],
    [
      89.34010448958259,
      119.28405391296212
    ],
    [
      88.74782508998341,
      120.10284998586384
    ],
    [
      88.16250754510692,
      120.92475807248157
    ],
    [
      87.58619315956068,
      121.75079491183669
    ],
    [
      87.02092323795213,
      122.5819772429506
    ],
    [
      86.46873908488887,
      123.41932180484466
    ],
    [
      85.93168200497837,
      124.26384533654026
    ],
    [
      85.41179330282816,
      125.1165645770588
    ],
    [
      84.91111428304575,
      125.97849626542163
    ],
    [
      84.43168625023861,
      126.85065714065013
    ],
    [
      83.97555050901434,
      127.73406394176573
    ],
    [
      83.5447483639804,
      128.6297334077898
    ],
    [
      83.1413130393323,
      129.53867596331767
    ],
    [
      82.76645924658939,
      130.46126240742592
    ],
    [
      82.41989118402883,
      131.3966831508548
    ],
    [
      82.10115006176467,
      132.34400123748568
    ],
    [
      81.80977708991102,
      133.30227971120007
    ],
    [
      81.54531347858206,
      134.27058161587945
    ],
    [
      81.30730043789185,
      135.2479699954053
    ],
    [
      81.09527917795452,
      136.23350789365915
    ],
    [
      80.90879090888423,
      137.22625835452243
    ],
    [
      80.74737684079501,
      138.22528442187667
    ],
    [
      80.61057818380102,
      139.22964913960334
    ],
    [
      80.49793614801638,
      140.23841555158387
    ],
    [
      80.40899194355522,
      141.25064670169985
    ],
    [
      80.3432867805316,
      142.26540563383264
    ],
    [
      80.3003618690597,
      143.2817553918638
    ],
    [
      80.27975841925357,
      144.2987590196748
    ],
    [
      80.28101764122738,
      145.31547956114713
    ],
    [
      80.30368301887174,
      146.33098178995243
    ],
    [
      80.34748623683741,
      147.34447365470467
    ],
    [
      80.412485149279,
      148.35541123957188
    ],
    [
      80.49877012155615,
      149.36327536183109
    ],
    [
      80.60643151902859,
      150.36754683875938
    ],
    [
      80.73555970705597,
      151.36770648763377
    ],
    [
      80.88624505099801,
      152.36323512573134
    ],
    [
      81.05857791621446,
      153.3536135703292
    ],
    [
      81.25264866806494,
      154.3383226387043
    ],
    [
      81.46854767190918,
      155.31684314813384
    ],
    [
      81.70636529310687,
      156.28865591589476
    ],
    [
      81.96619189701774,
      157.25324175926423
    ],
    [
      82.24811784900139,
      158.21008149551915
    ],
    [
      82.55223351441762,
      159.15865594193673
    ],
    [
      82.87860157875762,
      160.09847540533545
    ],
    [
      83.22691546712909,
      161.0294435946711
    ],
    [
      83.59660569768964,
      161.951744314357
    ],
    [
      83.9870971518668,
      162.86556737405826
    ],
    [
      84.39781471108816,
      163.77110258344015
    ],
    [
      84.82818325678126,
      164.66853975216782
    ],
    [
      85.2776276703737,
      165.55806868990652
    ],
    [
      85.74557283329302,
      166.43987920632145
    ],
    [
      86.2314436269668,
      167.31416111107782
    ],
    [
      86.73466493282258,
      168.18110421384077
    ],
    [
      87.25466163228792,
      169.04089832427556
    ],
    [
      87.79085860679045,
      169.89373325204747
    ],
    [
      88.34268073775763,
      170.73979880682157
    ],
    [
      88.90955290661714,
      171.57928479826316
    ],
    [
      89.49089999479646,
      172.41238103603743
    ],
    [
      90.08614688372319,
      173.23927732980954
    ],
    [
      90.69471845482485,
      174.0601634892447
    ],
    [
      91.31603958952904,
      174.87522932400813
    ],
    [
      91.94953516926336,
      175.68466464376513
    ],
    [
      92.59472623361772,
      176.48846263379872
    ],
    [
      93.25229847461081,
      177.28423499602835
    ],
    [
      93.92371181632583,
      178.06801028126657
    ],
    [
      94.61044015294736,
      178.83578847423772
    ],
    [
      95.31395737866004,
      179.58356955966613
    ],
    [
      96.03573738764841,
      180.30735352227614
    ],
    [
      96.77725407409716,
      181.00314034679215
    ],
    [
      97.53998133219078,
      181.6669300179384
    ],
    [
      98.32539305611397,
      182.29472252043928
    ],
    [
      99.13496314005127,
      182.8825178390191
    ],
    [
      99.97016547818727,
      183.42631595840223
    ],
    [
      100.83247396470665,
      183.92211686331308
    ],
    [
      101.72336249379393,
      184.36592053847582
    ],
    [
      102.64430495963371,
      184.7537269686149
    ],
    [
      103.59590175301423,
      185.08233687473958
    ],
    [
      104.5751876739386,
      185.35181953746635
    ],
    [
      105.5782878653586,
      185.56307811557556
    ],
    [
      106.60132746995056,
      185.7170157680995
    ],
    [
      107.64043163039089,
      185.8145356540707
    ],
    [
      108.69172548935603,
      185.85654093252163
    ],
    [
      109.75133418952231,
      185.84393476248468
    ],
    [
      110.81538287356614,
      185.77762030299237
    ],
    [
      111.87999668416396,
      185.65850071307716
    ],
    [
      112.94130076399209,
      185.48747915177154
    ],
    [
      113.99542025572696,
      185.26545877810787
    ],
    [
      115.03848030204497,
      184.99334275111877
    ],
    [
      116.06660604562249,
      184.67203422983658
    ],
    [
      117.07592262913597,
      184.3024363732938
    ],
    [
      118.0625551952617,
      183.88545234052282
    ],
    [
      119.02262888667616,
      183.42198529055628
    ],
    [
      119.95226884605574,
      182.9129383824265
    ],
    [
      120.84760021607678,
      182.35921477516598
    ],
    [
      121.70474813941574,
      181.76171762780714
    ],
    [
      122.51983775874893,
      181.1213500993825
    ],
    [
      123.28899421675281,
      180.43901534892456
    ],
    [
      124.00849221367292,
      179.71567483155013
    ],
    [
      124.67759964440343,
      178.95345672051067
    ],
    [
      125.29834867872174,
      178.15556667649594
    ],
    [
      125.87287516914816,
      177.32525077471968
    ],
    [
      126.40331496820289,
      176.46575509039536
    ],
    [
      126.89180392840632,
      175.58032569873671
