{
  "test_id": 683,
  "test_outcome": "NOT_EXECUTED",
  "predicted_test_outcome": null,
  "test_duration": null,
  "road_points": [
    [
      100.00000000000001,
      100.00000000000001
    ],
    [
      100.31765830505057,
      98.95526595602314
    ],
    [
      100.5942438115354,
      97.91511318797616
    ],
    [
      100.83076709217232,
      96.87957961195252
    ],
    [
      101.02823871967908,
      95.84870314404561
    ],
    [
      101.1876692667735,
      94.82252170034886
    ],
    [
      101.3100693061734,
      93.80107319695574
    ],
    [
      101.39644941059647,
      92.78439554995954
    ],
    [
      101.44782015276061,
      91.77252667545385
    ],
    [
      101.46519210538355,
      90.76550448953195
    ],
    [
      101.44957584118313,
      89.76336690828735
    ],
    [
      101.40198193287708,
      88.76615184781343
    ],
    [
      101.32342095318322,
      87.77389722420362
    ],
    [
      101.21490347481932,
      86.78664095355131
    ],
    [
      101.07744007050317,
      85.80442095194994
    ],
    [
      100.91204131295262,
      84.82727513549298
    ],
    [
      100.71971777488538,
      83.85524142027377
    ],
    [
      100.5014800290193,
      82.88835772238579
    ],
    [
      100.25833864807211,
      81.9266619579224
    ],
    [
      99.99130420476168,
      80.97019204297709
    ],
    [
      99.70138727180571,
      80.01898589364323
    ],
    [
      99.38959842192206,
      79.07308142601427
    ],
    [
      99.0569482278285,
      78.1325165561836
    ],
    [
      98.70444726224278,
      77.19732920024467
    ],
    [
      98.33310609788276,
      76.26755727429088
    ],
    [
      97.94393530746619,
      75.34323869441565
    ],
    [
      97.53794546371086,
      74.4244113767124
    ],
    [
      97.11614713933454,
      73.51111323727456
    ],
    [
      96.67955090705506,
      72.60338219219554
    ],
    [
      96.22916733959018,
      71.70125615756876
    ],
    [
      95.76600700965774,
      70.80477304948768
    ],
    [
      95.29108048997549,
      69.91397078404567
    ],
    [
      94.80539835326118,
      69.02888727733615
    ],
    [
      94.3099711722327,
      68.14956044545258
    ],
    [
      93.80580951960773,
      67.27602820448834
    ],
    [
      93.29392396810414,
      66.40832847053686
    ],
    [
      92.77532492302802,
      65.546498615865
    ],
    [
      92.25095339359103,
      64.69035058376258
    ],
    [
      91.72157417907908,
      63.83912391033132
    ],
    [
      91.18792452709387,
      62.99196863170852
    ],
    [
      90.65074168523704,
      62.14803478403148
    ],
    [
      90.11076290111036,
      61.30647240343753
    ],
    [
      89.56872542231545,
      60.466431526064
    ],
    [
      89.02536649645407,
      59.62706218804818
    ],
    [
      88.48142337112787,
      58.78751442552738
    ],
    [
      87.93763329393857,
      57.946938274638924
    ],
    [
      87.3947335124879,
      57.104483771520144
    ],
    [
      86.85346127437748,
      56.25930095230832
    ],
    [
      86.31455249670368,
      55.41054127593465
    ],
    [
      85.77810345563401,
      54.55804020998189
    ],
    [
      85.24254645533213,
      53.70341261293113
    ],
    [
      84.70604668139465,
      52.84855899010445
    ],
    [
      84.1667693194183,
      51.99537984682399
    ],
    [
      83.6228795549998,
      51.145775688411874
    ],
    [
      83.07254257373582,
      50.30164702019021
    ],
    [
      82.5139235612231,
      49.46489434748117
    ],
    [
      81.94518770305831,
      48.637418175606825
    ],
    [
      81.36450018483818,
      47.821119009889344
    ],
    [
      80.77002619215939,
      47.01789735565082
    ],
    [
      80.1599309106187,
      46.22965371821341
    ],
    [
      79.53237952581271,
      45.4582886028992
    ],
    [
      78.88553722333822,
      44.70570251503036
    ],
    [
      78.21762111681254,
      43.9737458374665
    ],
    [
      77.52811541872823,
      43.26304591172942
    ],
    [
      76.8178132280566,
      42.57296670337116
    ],
    [
      76.08756793206885,
      41.902813985892465
    ],
    [
      75.33823291803608,
      41.25189353279411
    ],
    [
      74.5706615732294,
      40.61951111757679
    ],
    [
      73.78570728491992,
      40.0049725137413
    ],
    [
      72.98422344037876,
      39.407583494788355
    ],
    [
      72.16706342687704,
      38.82664983421872
    ],
    [
      71.33508063168586,
      38.26147730553313
    ],
    [
      70.48912844207638,
      37.71137168223235
    ],
    [
      69.63006024531967,
      37.17563873781709
    ],
    [
      68.75872942868688,
      36.65358424578813
    ],
    [
      67.87598937944911,
      36.144513979646206
    ],
    [
      66.98269348487749,
      35.64773371289206
    ],
    [
      66.07969513224312,
      35.16254921902644
    ],
    [
      65.16784770881712,
      34.688266271550084
    ],
    [
      64.24800460187062,
      34.22419064396376
    ],
    [
      63.32100349229233,
      33.76974255831246
    ],
    [
      62.3873483472533,
      33.32677392640003
    ],
    [
      61.447224035447896,
      32.89946185212298
    ],
    [
      60.500802644074234,
      32.49207657499671
    ],
    [
      59.54825626033042,
      32.10888833453659
    ],
    [
      58.58975697141454,
      31.75416737025801
    ],
    [
      57.62547686452475,
      31.432183921676373
    ],
    [
      56.65558802685912,
      31.14720822830705
    ],
    [
      55.680262545615754,
      30.903510529665425
    ],
    [
      54.69967250799278,
      30.70536106526689
    ],
    [
      53.71399000118831,
      30.557030074626837
    ],
    [
      52.7233871124004,
      30.46278779726064
    ],
    [
      51.728035928827225,
      30.426904472683695
    ],
    [
      50.72810853766684,
      30.453650340411382
    ],
    [
      49.72410990151367,
      30.54659239594889
    ],
    [
      48.71858833542002,
      30.704980778125368
    ],
    [
      47.7148670322649,
      30.92642859222425
    ],
    [
      46.71627066223148,
      31.208545822525252
    ],
    [
      45.726123895503044,
      31.548942453308143
    ],
    [
      44.74775140226283,
      31.945228468852623
    ],
    [
      43.78447785269403,
      32.39501385343846
    ],
    [
      42.839627916979886,
      32.89590859134535
    ],
    [
      41.91652626530363,
      33.445522666853066
    ],
    [
      41.01849756784848,
      34.041466064241305
    ],
    [
      40.148866494797666,
      34.68134876778983
    ],
    [
      39.310957716334414,
      35.36278076177835
    ],
    [
      38.50809590264195,
      36.08337203048663
    ],
    [
      37.7436057239035,
      36.84073255819438
    ],
    [
      37.02081185030229,
      37.63247232918134
    ],
    [
      36.34303895202159,
      38.45620132772722
    ],
    [
      35.71361169924455,
      39.309529538111796
    ],
    [
      35.135854762154445,
      40.19006694461479
    ],
    [
      34.6130928109345,
      41.09542353151592
    ],
    [
      34.14865051576794,
      42.02320928309491
    ],
    [
      33.74585254683799,
      42.97103418363153
    ],
    [
      33.4079656698038,
      43.93651114042994
    ],
    [
      33.13603487478317,
      44.91736521617962
    ],
    [
      32.92823580269252,
      45.911466318519125
    ],
    [
      32.782554013230026,
      46.91669395040036
    ],
    [
      32.696975066093856,
      47.93092761477511
    ],
    [
      32.669484520982195,
      48.95204681459522
    ],
    [
      32.69806793759323,
      49.97793105281258
    ],
    [
      32.78071087562512,
      51.00645983237894
    ],
    [
      32.91539889477603,
      52.0355126562462
    ],
    [
      33.10011755474418,
      53.06296902736618
    ],
    [
      33.332852415227705,
      54.08670844869072
    ],
    [
