{
  "test_id": 725,
  "test_outcome": "NOT_EXECUTED",
  "predicted_test_outcome": null,
  "test_duration": null,
  "road_points": [
    [
      100.00000000000001,
      100.0
    ],
    [
      99.95013836900397,
      98.55052322010482
    ],
    [
      99.8402900273843,
      97.16863426289434
    ],
    [
      99.67234712162022,
      95.85302885327026
    ],
    [
      99.44820179819068,
      94.602402716134
    ],
    [
      99.16974620357482,
      93.41545157638717
    ],
    [
      98.83887248425174,
      92.29087115893131
    ],
    [
      98.45747278670055,
      91.22735718866798
    ],
    [
      98.02743925740035,
      90.2236053904988
    ],
    [
      97.5506640428302,
      89.2783114893253
    ],
    [
      97.02903928946915,
      88.39017121004898
    ],
    [
      96.46445714379641,
      87.55788027757146
    ],
    [
      95.85880975229095,
      86.78013441679424
    ],
    [
      95.21398926143195,
      86.05562935261898
    ],
    [
      94.53188781769845,
      85.38306080994714
    ],
    [
      93.81439756756954,
      84.76112451368033
    ],
    [
      93.06341065752436,
      84.1885161887201
    ],
    [
      92.28081923404197,
      83.66393155996799
    ],
    [
      91.46851544360146,
      83.18606635232561
    ],
    [
      90.62839143268192,
      82.75361629069445
    ],
    [
      89.76233934776248,
      82.36527709997613
    ],
    [
      88.87225133532215,
      82.01974450507217
    ],
    [
      87.96001954184013,
      81.71571423088416
    ],
    [
      87.02753611379542,
      81.45188200231362
    ],
    [
      86.07669319766715,
      81.22694354426213
    ],
    [
      85.10938293993442,
      81.03959458163126
    ],
    [
      84.1274974870763,
      80.88853083932256
    ],
    [
      83.13292898557191,
      80.77244804223758
    ],
    [
      82.1275695819003,
      80.69004191527787
    ],
    [
      81.11331142254059,
      80.64000818334503
    ],
    [
      80.09204665397189,
      80.6210425713406
    ],
    [
      79.06566742267326,
      80.63184080416613
    ],
    [
      78.03606587512382,
      80.67109860672318
    ],
    [
      77.00513415780262,
      80.7375117039133
    ],
    [
      75.9747644171888,
      80.82977582063808
    ],
    [
      74.9468487997614,
      80.94658668179905
    ],
    [
      73.92327945199958,
      81.0866400122978
    ],
    [
      72.90594441416725,
      81.24863540485654
    ],
    [
      71.89623489491844,
      81.43174043926851
    ],
    [
      70.89457719299381,
      81.63603158549206
    ],
    [
      69.90128674667667,
      81.86168973772037
    ],
    [
      68.91667899425038,
      82.10889579014672
    ],
    [
      67.94106937399816,
      82.37783063696423
    ],
    [
      66.9747733242034,
      82.66867517236625
    ],
    [
      66.01810628314938,
      82.98161029054587
    ],
    [
      65.0713836891194,
      83.31681688569635
    ],
    [
      64.1349209803968,
      83.6744758520109
    ],
    [
      63.20903359526486,
      84.05476808368276
    ],
    [
      62.294036972006914,
      84.45787447490514
    ],
    [
      61.39024654890627,
      84.88397591987123
    ],
    [
      60.49797776424623,
      85.33325331277427
    ],
    [
      59.6175460563101,
      85.80588754780743
    ],
    [
      58.74926686338121,
      86.30205951916399
    ],
    [
      57.893456079421526,
      86.82194685341402
    ],
    [
      57.050474601461,
      87.36540446494614
    ],
    [
      56.220765748391536,
      87.93169622980015
    ],
    [
      55.40478164885934,
      88.52002285021206
    ],
    [
      54.60297443151056,
      89.12958502841772
    ],
    [
      53.81579622499135,
      89.75958346665313
    ],
    [
      53.04369915794787,
      90.4092188671541
    ],
    [
      52.28713535902629,
      91.0776919321566
    ],
    [
      51.546556956872756,
      91.76420336389656
    ],
    [
      50.822416080133436,
      92.46795386460985
    ],
    [
      50.115164857454495,
      93.18814413653244
    ],
    [
      49.42525541748207,
      93.9239748819002
    ],
    [
      48.75313988886236,
      94.67464680294907
    ],
    [
      48.09927040024148,
      95.43936060191496
    ],
    [
      47.46409908026561,
      96.21731698103375
    ],
    [
      46.848078057580906,
      97.00771664254141
    ],
    [
      46.25157896051003,
      97.8098891469309
    ],
    [
      45.67463622002053,
      98.62370381232056
    ],
    [
      45.11719599114252,
      99.44917126164555
    ],
    [
      44.579204428599894,
      100.28630211833071
    ],
    [
      44.06060768711657,
      101.1351070058012
    ],
    [
      43.56135192141651,
      101.995596547482
    ],
    [
      43.081383286223605,
      102.86778136679816
    ],
    [
      42.62064793626179,
      103.75167208717473
    ],
    [
      42.17909202625502,
      104.64727933203676
    ],
    [
      41.75666171092718,
      105.55461372480923
    ],
    [
      41.353303145002215,
      106.47368588891717
    ],
    [
      40.96896248320407,
      107.40450644778568
    ],
    [
      40.603585880256645,
      108.34708602483978
    ],
    [
      40.25711949088389,
      109.30143524350447
    ],
    [
      39.929509469809695,
      110.26756472720479
    ],
    [
      39.62070197175803,
      111.2454850993658
    ],
    [
      39.33064315145279,
      112.2352069834125
    ],
    [
      39.05927916361793,
      113.23674100276996
    ],
    [
      38.80655616336161,
      114.25009778050051
    ],
    [
      38.57280480440248,
      115.27492496706729
    ],
    [
      38.35984784376189,
      116.30946164447839
    ],
    [
      38.16986993182741,
      117.35160526184082
    ],
    [
      38.005055718986604,
      118.39925326826148
    ],
    [
      37.86758985562706,
      119.45030311284744
    ],
    [
      37.759656992136385,
      120.50265224470577
    ],
    [
      37.68344177890213,
      121.5541981129434
    ],
    [
      37.64112886631188,
      122.60283816666737
    ],
    [
      37.63490290475322,
      123.64646985498462
    ],
    [
      37.66694854461373,
      124.68299062700218
    ],
    [
      37.73945043628099,
      125.71029793182711
    ],
    [
      37.8545932301426,
      126.72628921856638
    ],
    [
      38.0145615765861,
      127.728861936327
    ],
    [
      38.22154012599909,
      128.71591353421593
    ],
    [
      38.477713528769165,
      129.68534146134022
    ],
    [
      38.78526643528387,
      130.63504316680687
    ],
    [
      39.14638349593083,
      131.56291609972288
    ],
    [
      39.563249361097576,
      132.4668577091952
    ],
    [
      40.038048681171745,
      133.34476544433096
    ],
    [
      40.572966054841004,
      134.19453675774977
    ],
    [
      41.169039740720876,
      135.01414698907703
    ],
    [
      41.823202546264774,
      135.80185041898332
    ],
    [
      42.531468570341055,
      136.55596374893622
    ],
    [
      43.2898519118181,
      137.2748036804032
    ],
    [
      44.09436666956426,
      137.9566869148517
    ],
    [
      44.9410269424479,
      138.59993015374923
    ],
    [
      45.82584682933742,
      139.2028500985633
    ],
    [
      46.74484042910117,
      139.76376345076133
    ],
    [
      47.69402184060755,
      140.2809869118109
    ],
    [
      48.66940516272489,
      140.75283718317945
    ],
    [
      49.667004494321574,
      141.17763096633445
    ],
    [
      50.68283393426599,
      141.55368496274343
    ],
    [
      51.71290758142651,
      141.8793158738739
    ],
    [
      52.7532395346715,
      142.1528404011933
    ],
    [
      53.7998438928693,
      142.3725752461691
    ],
    [
      54.848734754888305,
      142.53683711026883
    ],
    [
      55.89592621959688,
      142.64394269495995
    ],
    [
      56.93743238586342,
      142.69220870171
    ],
    [
      57.96926735255628,
