{
  "test_id": 8,
  "test_outcome": "NOT_EXECUTED",
  "predicted_test_outcome": null,
  "test_duration": null,
  "road_points": [
    [
      99.99999999999997,
      99.99999999999999
    ],
    [
      99.6223799373803,
      100.88170508031492
    ],
    [
      99.23943068676726,
      101.77131410878275
    ],
    [
      98.8521303180816,
      102.66854760010474
    ],
    [
      98.46145690124409,
      103.57312606898228
    ],
    [
      98.06838850617547,
      104.48477003011654
    ],
    [
      97.67390320279645,
      105.40319999820886
    ],
    [
      97.27897906102775,
      106.32813648796046
    ],
    [
      96.88459415079014,
      107.25930001407261
    ],
    [
      96.49172654200433,
      108.19641109124663
    ],
    [
      96.10135430459104,
      109.13919023418379
    ],
    [
      95.71445550847105,
      110.08735795758533
    ],
    [
      95.33200822356504,
      111.04063477615253
    ],
    [
      94.9549905197938,
      111.99874120458665
    ],
    [
      94.58438046707798,
      112.96139775758898
    ],
    [
      94.22115613533839,
      113.92832494986081
    ],
    [
      93.86629559449575,
      114.89924329610339
    ],
    [
      93.52077691447076,
      115.873873311018
    ],
    [
      93.18557816518421,
      116.85193550930592
    ],
    [
      92.86167741655677,
      117.8331504056684
    ],
    [
      92.55005273850922,
      118.81723851480673
    ],
    [
      92.25168220096226,
      119.80392035142215
    ],
    [
      91.96754387383665,
      120.79291643021598
    ],
    [
      91.69861582705313,
      121.78394726588951
    ],
    [
      91.44587613053238,
      122.77673337314397
    ],
    [
      91.21030285419522,
      123.77099526668061
    ],
    [
      90.99287406796232,
      124.76645346120075
    ],
    [
      90.79456784175437,
      125.76282847140561
    ],
    [
      90.61636224549224,
      126.75984081199655
    ],
    [
      90.45923534909655,
      127.75721099767478
    ],
    [
      90.32416522248808,
      128.75465954314154
    ],
    [
      90.21212993558754,
      129.7519069630982
    ],
    [
      90.12410755831569,
      130.74867377224598
    ],
    [
      90.06107616059326,
      131.74468048528615
    ],
    [
      90.02401381234094,
      132.73964761691994
    ],
    [
      90.01389858347952,
      133.7332956818487
    ],
    [
      90.03170854392971,
      134.7253451947737
    ],
    [
      90.07842176361223,
      135.71551667039614
    ],
    [
      90.15501631244786,
      136.70353062341735
    ],
    [
      90.26166494930996,
      137.68928807804002
    ],
    [
      90.39497787321174,
      138.67348860196947
    ],
    [
      90.5505804627149,
      139.657052509229
    ],
    [
      90.72409806269528,
      140.64090012139286
    ],
    [
      90.91115601802862,
      141.62595176003504
    ],
    [
      91.10737967359067,
      142.6131277467297
    ],
    [
      91.30839437425726,
      143.60334840305103
    ],
    [
      91.50982546490413,
      144.59753405057302
    ],
    [
      91.70729829040705,
      145.5966050108698
    ],
    [
      91.8964381956418,
      146.60148160551552
    ],
    [
      92.07338350746791,
      147.61289509957604
    ],
    [
      92.24011398594688,
      148.62942393209448
    ],
    [
      92.40232093290619,
      149.64827867511565
    ],
    [
      92.56575499263077,
      150.66664803036898
    ],
    [
      92.73616680940543,
      151.68172069958393
    ],
    [
      92.91930702751502,
      152.69068538448988
    ],
    [
      93.12092629124447,
      153.69073078681637
    ],
    [
      93.34677524487863,
      154.67904560829282
    ],
    [
      93.60260453270234,
      155.6528185506487
    ],
    [
      93.8941647990005,
      156.60923831561345
    ],
    [
      94.22720668805796,
      157.54549360491643
    ],
    [
      94.6074808441596,
      158.4587731202872
    ],
    [
      95.0407379115903,
      159.3462655634552
    ],
    [
      95.53272797728089,
      160.2051596825798
    ],
    [
      96.08714191868569,
      161.03281576681567
    ],
    [
      96.70096993188494,
      161.82715230086015
    ],
    [
      97.36984158868472,
      162.58620111525752
    ],
    [
      98.08938646089109,
      163.30799404055202
    ],
    [
      98.85523412031014,
      163.99056290728794
    ],
    [
      99.6630141387479,
      164.6319395460096
    ],
    [
      100.50835608801042,
      165.23015578726105
    ],
    [
      101.38688953990382,
      165.7832434615868
    ],
    [
      102.29424406623411,
      166.28923439953098
    ],
    [
      103.22604923880738,
      166.74616043163795
    ],
    [
      104.1779346294297,
      167.15205338845186
    ],
    [
      105.1455304048053,
      167.50494588563276
    ],
    [
      106.1250895000714,
      167.80369243627646
    ],
    [
      107.11466682877122,
      168.049525710997
    ],
    [
      108.11264133256405,
      168.24410601588852
    ],
    [
      109.11739195310902,
      168.38909365704512
    ],
    [
      110.12729763206539,
      168.48614894056064
    ],
    [
      111.14073731109242,
      168.53693217252925
    ],
    [
      112.15608993184931,
      168.543103659045
    ],
    [
      113.17173443599529,
      168.50632370620187
    ],
    [
      114.18604976518957,
      168.42825262009387
    ],
    [
      115.19741486109143,
      168.3105507068151
    ],
    [
      116.20420866536,
      168.1548782724595
    ],
    [
      117.20481145762793,
      167.96289774856288
    ],
    [
      118.19821119809527,
      167.73723689949253
    ],
    [
      119.18496232605546,
      167.4830119247903
    ],
    [
      120.16586827207934,
      167.2057345598564
    ],
    [
      121.14173246673772,
      166.910916540091
    ],
    [
      122.11335834060147,
      166.60406960089432
    ],
    [
      123.08154932424151,
      166.29070547766662
    ],
    [
      124.0471088482286,
      165.97633590580804
    ],
    [
      125.01084034313368,
      165.66647262071888
    ],
    [
      125.97354723952758,
      165.3666273577993
    ],
    [
      126.93603296798115,
      165.08231185244952
    ],
    [
      127.89910095906527,
      164.81903784006985
    ],
    [
      128.86355464335074,
      164.5823170560604
    ],
    [
      129.83019745140845,
      164.37766123582134
    ],
    [
      130.79983281380927,
      164.21058211475304
    ],
    [
      131.7732606874486,
      164.08657708214767
    ],
    [
      132.7507859394121,
      164.009098830834
    ],
    [
      133.73170879998946,
      163.9774509532899
    ],
    [
      134.7152078216,
      163.99043451839756
    ],
    [
      135.70046155666284,
      164.04685059503902
    ],
    [
      136.6866485575974,
      164.14550025209672
    ],
    [
      137.67294737682295,
      164.28518455845273
    ],
    [
      138.65853656675864,
      164.46470458298919
    ],
    [
      139.64259467982384,
      164.68286139458834
    ],
    [
      140.62430026843774,
      164.93845606213233
    ],
    [
      141.6028318850197,
      165.2302896545034
    ],
    [
      142.57736808198894,
      165.55716324058372
    ],
    [
      143.54708741176472,
      165.91787788925546
    ],
    [
      144.51116842676632,
      166.31123466940085
    ],
    [
      145.46878967941302,
      166.73603464990205
    ],
    [
      146.4191297221241,
      167.19107889964124
    ],
    [
      147.36136710731878,
      167.6751684875007
    ],
    [
      148.29468038741638,
      168.18710448236243
    ],
    [
      149.21824811483614,
      168.7256879531088
    ],
    [
      150.13124884199732,
      169.28971996862185
    ],
    [
      151.03286112131926,
      169.87800159778394
    ],
    [
      151.92226350522117,
      170.48933390947715
    ],
    [
      152.79863454612223,
      171.1225179725836
    ],
    [
      153.66115279644194,
      171.77635485598572
    ],
