{
  "test_id": 5,
  "test_outcome": "NOT_EXECUTED",
  "predicted_test_outcome": null,
  "test_duration": null,
  "road_points": [
    [
      100.0,
      100.0
    ],
    [
      99.84577848645475,
      98.98861982070224
    ],
    [
      99.65031313460534,
      97.99286201218139
    ],
    [
      99.4165886804856,
      97.01161655453208
    ],
    [
      99.14758986012959,
      96.0437734278492
    ],
    [
      98.84630140957115,
      95.08822261222747
    ],
    [
      98.51570806484429,
      94.14385408776167
    ],
    [
      98.15879456198296,
      93.20955783454654
    ],
    [
      97.77854563702101,
      92.28422383267684
    ],
    [
      97.37794602599249,
      91.36674206224735
    ],
    [
      96.95998046493129,
      90.45600250335285
    ],
    [
      96.52763368987137,
      89.55089513608807
    ],
    [
      96.08389043684667,
      88.65030994054779
    ],
    [
      95.63173544189112,
      87.75313689682677
    ],
    [
      95.17415344103865,
      86.85826598501978
    ],
    [
      94.71412917032325,
      85.96458718522157
    ],
    [
      94.25464736577885,
      85.07099047752695
    ],
    [
      93.79869276343939,
      84.17636584203063
    ],
    [
      93.34925009933875,
      83.2796032588274
    ],
    [
      92.90930410951094,
      82.37959270801198
    ],
    [
      92.48183952998991,
      81.47522416967921
    ],
    [
      92.06984109680957,
      80.56538762392381
    ],
    [
      91.67629354600388,
      79.64897305084054
    ],
    [
      91.30418161360676,
      78.72487043052415
    ],
    [
      90.95649003565217,
      77.79196974306946
    ],
    [
      90.63560259410646,
      76.84943360825437
    ],
    [
      90.34125265425662,
      75.89762708178793
    ],
    [
      90.07244313119867,
      74.93724660861399
    ],
    [
      89.82817691717736,
      73.96898864404352
    ],
    [
      89.60745690443746,
      72.99354964338761
    ],
    [
      89.4092859852237,
      72.01162606195712
    ],
    [
      89.23266705178091,
      71.02391435506316
    ],
    [
      89.07660299635377,
      70.03111097801666
    ],
    [
      88.94009671118707,
      69.0339123861286
    ],
    [
      88.82215108852559,
      68.03301503471003
    ],
    [
      88.72176902061403,
      67.02911537907192
    ],
    [
      88.63795339969722,
      66.02290987452527
    ],
    [
      88.56970711801989,
      65.01509497638105
    ],
    [
      88.51603306782683,
      64.00636713995029
    ],
    [
      88.47646361434964,
      62.997447136037444
    ],
    [
      88.45286205800701,
      61.989162781209075
    ],
    [
      88.4477329445785,
      60.98237134055465
    ],
    [
      88.4635808388433,
      59.9779300800362
    ],
    [
      88.50291030558056,
      58.97669626561573
    ],
    [
      88.56822590956945,
      57.979527163255284
    ],
    [
      88.66203221558919,
      56.987280038916865
    ],
    [
      88.7868337884189,
      56.00081215856249
    ],
    [
      88.94509927122898,
      55.0209706656412
    ],
    [
      89.13674736224125,
      54.04788414305639
    ],
    [
      89.35749898897804,
      53.080498264877995
    ],
    [
      89.6026836988056,
      52.117648416387674
    ],
    [
      89.86763103909026,
      51.15816998286712
    ],
    [
      90.14767055719821,
      50.200898349598006
    ],
    [
      90.43813180049584,
      49.24466890186203
    ],
    [
      90.73434431634941,
      48.28831702494086
    ],
    [
      91.03163765212523,
      47.33067810411619
    ],
    [
      91.32534135518951,
      46.370587524669666
    ],
    [
      91.6107849729086,
      45.40688067188303
    ],
    [
      91.88329805264878,
      44.438392931037924
    ],
    [
      92.13821014177633,
      43.46395968741603
    ],
    [
      92.37085078765753,
      42.48241632629904
    ],
    [
      92.57656059836967,
      41.49261492320202
    ],
    [
      92.75146167498579,
      40.494586799759134
    ],
    [
      92.89296054571531,
      39.49030143408695
    ],
    [
      92.99858323750486,
      38.481908623796635
    ],
    [
      93.06585577730101,
      37.47155816649938
    ],
    [
      93.09230419205034,
      36.46139985980634
    ],
    [
      93.07545450869942,
      35.453583501328715
    ],
    [
      93.01283275419486,
      34.45025888867764
    ],
    [
      92.90196495548325,
      33.45357581946431
    ],
    [
      92.74037713951118,
      32.465684091299906
    ],
    [
      92.52559533322523,
      31.488733501795593
    ],
    [
      92.25578214272481,
      30.524853673428257
    ],
    [
      91.9319788625651,
      29.57608299426066
    ],
    [
      91.55604012000586,
      28.644434075362263
    ],
    [
      91.12982059150791,
      27.731919526243246
    ],
    [
      90.65517495353203,
      26.840551956413776
    ],
    [
      90.13395788253898,
      25.972343975384
    ],
    [
      89.56802405498955,
      25.12930819266408
    ],
    [
      88.95922814734449,
      24.313457217764185
    ],
    [
      88.30942483606464,
      23.52680366019449
    ],
    [
      87.62046879761068,
      22.771360129465126
    ],
    [
      86.8942408366224,
      22.049168255338824
    ],
    [
      86.13300233351602,
      21.362692368493633
    ],
    [
      85.33930241738801,
      20.714716398588944
    ],
    [
      84.51569732393796,
      20.108032168502373
    ],
    [
      83.66474328886545,
      19.545431501111523
    ],
    [
      82.78899654787014,
      19.029706219294024
    ],
    [
      81.89101333665157,
      18.563648145927466
    ],
    [
      80.97334989090936,
      18.150049103889465
    ],
    [
      80.0385624463431,
      17.791700916057643
    ],
    [
      79.08920723865243,
      17.491395405309614
    ],
    [
      78.12783598686475,
      17.25190111936285
    ],
    [
      77.15647757214893,
      17.073292335805306
    ],
    [
      76.1761579400262,
      16.95047503862705
    ],
    [
      75.18778952976682,
      16.877770295296777
    ],
    [
      74.192284780641,
      16.849499173283156
    ],
    [
      73.19055613191905,
      16.859982740054875
    ],
    [
      72.1835160228712,
      16.90354206308062
    ],
    [
      71.17207689276773,
      16.97449820982908
    ],
    [
      70.15715118087884,
      17.06717224776892
    ],
    [
      69.13965132647485,
      17.175885244368835
    ],
    [
      68.12048976882596,
      17.294958267097506
    ],
    [
      67.10055990809519,
      17.4195449989396
    ],
    [
      66.08065285344671,
      17.549272498214073
    ],
    [
      65.06152550899165,
      17.68526367372195
    ],
    [
      64.04393475458487,
      17.82864249503995
    ],
    [
      63.02863747008128,
      17.98053293174481
    ],
    [
      62.016390535335674,
      18.14205895341323
    ],
    [
      61.00795083020292,
      18.31434452962193
    ],
    [
      60.004075234537886,
      18.498513629947634
    ],
    [
      59.0055206281954,
      18.695690223967052
    ],
    [
      58.01304389103035,
      18.906998281256907
    ],
    [
      57.02740190289752,
      19.13356177139391
    ],
    [
      56.049351543651824,
      19.37650466395479
    ],
    [
      55.07964969314811,
      19.63695092851625
    ],
    [
      54.11905323124119,
      19.91602453465502
    ],
    [
      53.168319037785935,
      20.214849451947813
    ],
    [
      52.2282039926372,
      20.534549649971343
    ],
    [
      51.29946497564983,
      20.87624909830233
    ],
    [
      50.38285886667868,
      21.241071766517493
    ],
    [
      49.4791425455786,
      21.630141624193556
    ],
    [
      48.58907289220444,
      22.044582640907226
    ],
    [
      47.71340678641104,
      22.485518786235218
    ],
    [
      46.8529011080533,
      22.954074029754253
    ],
    [
      46.00809064416033,
      23.451011162742084
    ],
    [
      45.178320388515175,
      23.97515807606066
