{
  "test_id": 19,
  "test_outcome": "NOT_EXECUTED",
  "predicted_test_outcome": null,
  "test_duration": null,
  "road_points": [
    [
      100.00000000000003,
      100.00000000000001
    ],
    [
      99.82304466126604,
      99.01409584128162
    ],
    [
      99.62055022761855,
      98.03259241364708
    ],
    [
      99.39526492164836,
      97.05501616121568
    ],
    [
      99.14993696594657,
      96.0808935281069
    ],
    [
      98.88731458310414,
      95.1097509584401
    ],
    [
      98.61014599571203,
      94.14111489633474
    ],
    [
      98.32117942636131,
      93.17451178591025
    ],
    [
      98.02316309764288,
      92.20946807128595
    ],
    [
      97.71884523214776,
      91.24551019658132
    ],
    [
      97.41097405246694,
      90.28216460591574
    ],
    [
      97.10229778119142,
      89.31895774340863
    ],
    [
      96.79556464091215,
      88.35541605317938
    ],
    [
      96.49352285422016,
      87.3910659793474
    ],
    [
      96.1989206437064,
      86.42543396603212
    ],
    [
      95.91450623196187,
      85.45804645735292
    ],
    [
      95.6430278415776,
      84.48842989742926
    ],
    [
      95.38723369514453,
      83.51611073038052
    ],
    [
      95.14987201525365,
      82.54061540032606
    ],
    [
      94.93369102449594,
      81.56147035138535
    ],
    [
      94.74143894546242,
      80.57820202767778
    ],
    [
      94.57581916175417,
      79.59034847925666
    ],
    [
      94.43792882948826,
      78.59786350528245
    ],
    [
      94.32685446715942,
      77.60122132982713
    ],
    [
      94.24155559148787,
      76.60092904956315
    ],
    [
      94.18099171919383,
      75.59749376116298
    ],
    [
      94.14412236699744,
      74.59142256129908
    ],
    [
      94.12990705161893,
      73.58322254664395
    ],
    [
      94.13730528977852,
      72.57340081387004
    ],
    [
      94.16527659819636,
      71.56246445964977
    ],
    [
      94.21278049359263,
      70.55092058065567
    ],
    [
      94.27877649268757,
      69.53927627356018
    ],
    [
      94.36222411220136,
      68.52803863503578
    ],
    [
      94.46208286885422,
      67.51771476175492
    ],
    [
      94.57731227936631,
      66.5088117503901
    ],
    [
      94.70693972618788,
      65.50185200964366
    ],
    [
      94.8515908958851,
      64.49771856145274
    ],
    [
      95.01351083285537,
      63.49765979117928
    ],
    [
      95.19501665819543,
      62.50294034630422
    ],
    [
      95.39842549300192,
      61.51482487430846
    ],
    [
      95.62605445837156,
      60.534578022672896
    ],
    [
      95.880220675401,
      59.56346443887846
    ],
    [
      96.16324126518695,
      58.60274877040606
    ],
    [
      96.47743334882612,
      57.653695664736624
    ],
    [
      96.82432422212038,
      56.71720172868437
    ],
    [
      97.20100157270926,
      55.79209481239229
    ],
    [
      97.60300305531919,
      54.87648048583526
    ],
    [
      98.0258647119376,
      53.96846356748835
    ],
    [
      98.46512258455198,
      53.066148875826684
    ],
    [
      98.91631271514976,
      52.16764122932536
    ],
    [
      99.37497114571843,
      51.2710454464595
    ],
    [
      99.8366339182454,
      50.3744663457042
    ],
    [
      100.29683707471813,
      49.476008745534536
    ],
    [
      100.75111665712413,
      48.57377746442566
    ],
    [
      101.19500870745078,
      47.66587732085264
    ],
    [
      101.62404926768558,
      46.75041313329059
    ],
    [
      102.03377437981598,
      45.82548972021462
    ],
    [
      102.41972008582943,
      44.88921190009984
    ],
    [
      102.77766143694957,
      43.94015100352627
    ],
    [
      103.1044249605805,
      42.97893069333534
    ],
    [
      103.39712624769926,
      42.006738843434206
    ],
    [
      103.65288089766857,
      41.024763344097664
    ],
    [
      103.86880450985112,
      40.03419208560055
    ],
    [
      104.04201268360973,
      39.03621295821768
    ],
    [
      104.16962101830697,
      38.03201385222385
    ],
    [
      104.24874511330567,
      37.022782657893906
    ],
    [
      104.27650056796858,
      36.00970726550267
    ],
    [
      104.25000298165835,
      34.99397556532496
    ],
    [
      104.16658790203351,
      33.97690238109656
    ],
    [
      104.02606884488931,
      32.96123258660495
    ],
    [
      103.82982131670461,
      31.950612489689526
    ],
    [
      103.57924525693672,
      30.94870249860584
    ],
    [
      103.27574060504291,
      29.959163021609484
    ],
    [
      102.9207073004805,
      28.985654466956
    ],
    [
      102.51554528270681,
      28.031837242900995
    ],
    [
      102.06165449117916,
      27.10137175770003
    ],
    [
      101.56043486535478,
      26.197918419608666
    ],
    [
      101.01328634469098,
      25.32513763688248
    ],
    [
      100.42160886864514,
      24.486689817777055
    ],
    [
      99.78680237667449,
      23.686235370547955
    ],
    [
      99.11026680823635,
      22.927434703450757
    ],
    [
      98.3934022486872,
      22.21394775466256
    ],
    [
      97.63806131438247,
      21.54797643417709
    ],
    [
      96.84754990022063,
      20.927040274254068
    ],
    [
      96.02546505169668,
      20.347720737106627
    ],
    [
      95.17540381430545,
      19.806599284947854
    ],
    [
      94.30096323354205,
      19.300257379990885
    ],
    [
      93.40574035490135,
      18.825276484448818
    ],
    [
      92.49333222387827,
      18.378238060534752
    ],
    [
      91.56733588596786,
      17.955723570461817
    ],
    [
      90.63134838666502,
      17.55431447644311
    ],
    [
      89.68896677146475,
      17.170592240691754
    ],
    [
      88.7434868030672,
      16.801406708324325
    ],
    [
      87.79583371955243,
      16.445719389282697
    ],
    [
      86.84581125896851,
      16.103490826444066
    ],
    [
      85.89321647379892,
      15.77468751819074
    ],
    [
      84.93784641652707,
      15.459275962905044
    ],
    [
      83.97949813963646,
      15.157222658969305
    ],
    [
      83.01796869561052,
      14.868494104765835
    ],
    [
      82.05305513693274,
      14.59305679867696
    ],
    [
      81.0845545160865,
      14.33087723908499
    ],
    [
      80.11226388555532,
      14.08192192437226
    ],
    [
      79.13598029782267,
      13.84615735292109
    ],
    [
      78.15550080537194,
      13.623550023113788
    ],
    [
      77.17062246068662,
      13.414066433332684
    ],
    [
      76.18114231625016,
      13.217673081960097
    ],
    [
      75.18685742454603,
      13.03433646737835
    ],
    [
      74.1875648380577,
      12.864023087969766
    ],
    [
      73.18306160926855,
      12.706699442116655
    ],
    [
      72.1733600293713,
      12.562865128255236
    ],
    [
      71.15971449934895,
      12.436096183993547
    ],
    [
      70.14382402116138,
      12.331069828068063
    ],
    [
      69.12738816059974,
      12.252464675704395
    ],
    [
      68.11210648345511,
      12.204959342128149
    ],
    [
      67.09967855551872,
      12.193232442564936
    ],
    [
      66.09180394258165,
      12.221962592240368
    ],
    [
      65.09018221043512,
      12.29582840638005
    ],
    [
      64.09651292487025,
      12.419508500209597
    ],
    [
      63.112495651678216,
      12.597681488954613
    ],
    [
      62.13985020854904,
      12.834786625388247
    ],
    [
      61.18061703254969,
      13.131473678602381
    ],
    [
      60.23709269225962,
      13.485365132825734
    ],
    [
      59.311580906352724,
      13.893998963463257
    ],
    [
      58.40638539350293,
      14.354913145919891
    ],
    [
      57.52380987238414,
      14.865645655600593
    ],
    [
      56.66615806167026,
      15.423734467910322
