{
  "test_id": 37,
  "test_outcome": "NOT_EXECUTED",
  "predicted_test_outcome": null,
  "test_duration": null,
  "road_points": [
    [
      100.0,
      100.00000000000001
    ],
    [
      99.80843261542296,
      99.06463817222769
    ],
    [
      99.59421469246855,
      98.12116836244947
    ],
    [
      99.36031382119612,
      97.17014665219936
    ],
    [
      99.109697591665,
      96.21212912301147
    ],
    [
      98.84533359393454,
      95.24767185641987
    ],
    [
      98.57018941806405,
      94.27733093395858
    ],
    [
      98.28723265411284,
      93.30166243716168
    ],
    [
      97.99943089214031,
      92.32122244756326
    ],
    [
      97.70975172220577,
      91.33656704669734
    ],
    [
      97.42116273436855,
      90.34825231609807
    ],
    [
      97.13663151868796,
      89.35683433729942
    ],
    [
      96.85912566522339,
      88.36286919183551
    ],
    [
      96.59161276403411,
      87.36691296124039
    ],
    [
      96.33706040517951,
      86.36952172704812
    ],
    [
      96.09843617871886,
      85.37125157079274
    ],
    [
      95.87870767471159,
      84.37265857400838
    ],
    [
      95.68084248321696,
      83.37429881822906
    ],
    [
      95.50780819429431,
      82.37672838498885
    ],
    [
      95.36257239800301,
      81.38050335582182
    ],
    [
      95.24810268440235,
      80.38617981226201
    ],
    [
      95.16736664355172,
      79.39431383584352
    ],
    [
      95.12333186551041,
      78.4054615081004
    ],
    [
      95.11896594033777,
      77.42017891056672
    ],
    [
      95.15723645809312,
      76.43902212477654
    ],
    [
      95.24111100883584,
      75.46254723226393
    ],
    [
      95.37348424410645,
      74.49129776951726
    ],
    [
      95.55315839576575,
      73.5251133981362
    ],
    [
      95.77275051114502,
      72.56276996016776
    ],
    [
      96.024363633554,
      71.60295489164207
    ],
    [
      96.30010080630225,
      70.64435562858925
    ],
    [
      96.59206507269943,
      69.68565960703936
    ],
    [
      96.89235947605519,
      68.72555426302256
    ],
    [
      97.19308705967916,
      67.76272703256889
    ],
    [
      97.48635086688098,
      66.79586535170851
    ],
    [
      97.76425394097029,
      65.82365665647148
    ],
    [
      98.01889932525673,
      64.84478838288794
    ],
    [
      98.24243218493747,
      63.8579697010844
    ],
    [
      98.42934072044825,
      62.86311874300818
    ],
    [
      98.577642663057,
      61.86197481168883
    ],
    [
      98.68564772403123,
      60.85642786630743
    ],
    [
      98.75166561463834,
      59.848367866045024
    ],
    [
      98.77400604614583,
      58.83968477008269
    ],
    [
      98.75097872982121,
      57.83226853760152
    ],
    [
      98.68089337693198,
      56.82800912778257
    ],
    [
      98.56205969874559,
      55.82879649980693
    ],
    [
      98.39278740652952,
      54.83652061285562
    ],
    [
      98.17138621155128,
      53.853071426109786
    ],
    [
      97.8966875229879,
      52.88054786140056
    ],
    [
      97.56965742413603,
      51.92190387017103
    ],
    [
      97.19180791083846,
      50.980312065527045
    ],
    [
      96.7646509791688,
      50.05894506066689
    ],
    [
      96.28969862520067,
      49.160975468788905
    ],
    [
      95.7684628450076,
      48.289575903091325
    ],
    [
      95.20245563466321,
      47.447918976772456
    ],
    [
      94.5931889902411,
      46.63917730303061
    ],
    [
      93.94217490781487,
      45.86652349506407
    ],
    [
      93.25092538345811,
      45.13313016607114
    ],
    [
      92.5210240357078,
      44.44196121524951
    ],
    [
      91.75497024395239,
      43.79331193614273
    ],
    [
      90.95589624131908,
      43.185633432227576
    ],
    [
      90.12694686891928,
      42.61734006623357
    ],
    [
      89.27126696786442,
      42.08684620089022
    ],
    [
      88.39200137926595,
      41.59256619892709
    ],
    [
      87.49229494423527,
      41.13291442307368
    ],
    [
      86.57529250388383,
      40.706305236059535
    ],
    [
      85.64413889932305,
      40.31115300061419
    ],
    [
      84.70197897166439,
      39.94587207946715
    ],
    [
      83.75194703483996,
      39.608872885428866
    ],
    [
      82.79628731193621,
      39.29823185895658
    ],
    [
      81.83569077479008,
      39.011442642720965
    ],
    [
      80.87069220546162,
      38.745940275186555
    ],
    [
      79.90182638601077,
      38.499159794817906
    ],
    [
      78.92962809849752,
      38.26853624007954
    ],
    [
      77.95463212498184,
      38.05150464943603
    ],
    [
      76.97737324752369,
      37.845500061351906
    ],
    [
      75.99838624818312,
      37.64795751429173
    ],
    [
      75.01820590902007,
      37.45631204672005
    ],
    [
      74.03736701209449,
      37.26799869710138
    ],
    [
      73.0564043394664,
      37.0804525039003
    ],
    [
      72.0758526731958,
      36.89110850558134
    ],
    [
      71.09624679534265,
      36.69740174060909
    ],
    [
      70.11812148796689,
      36.49676724744802
    ],
    [
      69.14201153312855,
      36.28664006456273
    ],
    [
      68.16845171288762,
      36.06445523041777
    ],
    [
      67.19797680930404,
      35.82764778347765
    ],
    [
      66.2311216044378,
      35.57365276220694
    ],
    [
      65.2684208803489,
      35.2999052050702
    ],
    [
      64.31040941909734,
      35.00384015053197
    ],
    [
      63.35762200274305,
      34.682892637056774
    ],
    [
      62.41059341334605,
      34.33449770310918
    ],
    [
      61.46985843296628,
      33.95609038715372
    ],
    [
      60.53595184366377,
      33.54510572765496
    ],
    [
      59.609415358321236,
      33.09899468924631
    ],
    [
      58.69136302676361,
      32.61652339568602
    ],
    [
      57.7839000667173,
      32.098735551321006
    ],
    [
      56.88923039614914,
      31.546901661377778
    ],
    [
      56.009557933025974,
      30.96229223108286
    ],
    [
      55.14708659531468,
      30.346177765662787
    ],
    [
      54.30402030098213,
      29.699828770344077
    ],
    [
      53.48256296799515,
      29.02451575035326
    ],
    [
      52.68491851432067,
      28.321509210916858
    ],
    [
      51.913290857925475,
      27.592079657261383
    ],
    [
      51.16988391677651,
      26.8374975946134
    ],
    [
      50.45690160884058,
      26.0590335281994
    ],
    [
      49.77654785208457,
      25.257957963245925
    ],
    [
      49.13102656447533,
      24.43554140497949
    ],
    [
      48.52254166397974,
      23.59305435862662
    ],
    [
      47.95329706856463,
      22.73176732941385
    ],
    [
      47.425496696196916,
      21.852950822567706
    ],
    [
      46.941344464843425,
      20.9578753433147
    ],
    [
      46.50304429247103,
      20.04781139688137
    ],
    [
      46.1128000970466,
      19.12402948849425
    ],
    [
      45.77281579653699,
      18.18780012337985
    ],
    [
      45.48529530890906,
      17.240393806764697
    ],
    [
      45.252442552129686,
      16.283081043875313
    ],
    [
      45.076461444165716,
      15.317132339938235
    ],
    [
      44.95955590298402,
      14.343818200179989
    ],
    [
      44.90392984655146,
      13.364409129827077
    ],
    [
      44.91178719283491,
      12.38017563410606
    ],
    [
      44.985331859801235,
      11.392388218243449
    ],
    [
      45.126767765417284,
      10.402317387465764
    ],
    [
      45.33829882764992,
      9.411233646999538
    ],
    [
      45.622128964466015,
      8.420407502071274
    ],
    [
      45.98046209383243,
      7.431109457907532
    ],
    [
      46.41550213371602,
      6.444610019734823
    ],
    [
      46.92945300208366,
