{
  "test_id": 67,
  "test_outcome": "NOT_EXECUTED",
  "predicted_test_outcome": null,
  "test_duration": null,
  "road_points": [
    [
      100.00000000000001,
      100.00000000000001
    ],
    [
      99.90432638794472,
      98.81291830212656
    ],
    [
      99.75849587395831,
      97.66939137584446
    ],
    [
      99.56432357676812,
      96.56775391680004
    ],
    [
      99.3236246151015,
      95.50634062063966
    ],
    [
      99.03821410768586,
      94.48348618300975
    ],
    [
      98.70990717324861,
      93.49752529955671
    ],
    [
      98.34051893051708,
      92.54679266592686
    ],
    [
      97.93186449821872,
      91.6296229777666
    ],
    [
      97.48575899508081,
      90.7443509307223
    ],
    [
      97.00401753983087,
      89.88931122044038
    ],
    [
      96.48845525119619,
      89.06283854256722
    ],
    [
      95.94088724790413,
      88.2632675927491
    ],
    [
      95.36312864868214,
      87.48893306663251
    ],
    [
      94.75699457225758,
      86.73816965986383
    ],
    [
      94.12430013735785,
      86.00931206808939
    ],
    [
      93.46686046271024,
      85.30069498695553
    ],
    [
      92.78649066704223,
      84.61065311210872
    ],
    [
      92.08500586908121,
      83.93752113919531
    ],
    [
      91.36422118755452,
      83.2796337638617
    ],
    [
      90.62595174118951,
      82.63532568175418
    ],
    [
      89.87201264871362,
      82.00293158851922
    ],
    [
      89.10421902885422,
      81.38078617980317
    ],
    [
      88.3243860003387,
      80.76722415125244
    ],
    [
      87.53432868189442,
      80.16058019851336
    ],
    [
      86.73586219224875,
      79.5591890172323
    ],
    [
      85.93080165012913,
      78.96138530305574
    ],
    [
      85.12096217426289,
      78.36550375162993
    ],
    [
      84.30815888337742,
      77.76987905860132
    ],
    [
      83.49420689620013,
      77.17284591961631
    ],
    [
      82.68092133145834,
      76.57273903032123
    ],
    [
      81.87011730787951,
      75.96789308636248
    ],
    [
      81.06360994419097,
      75.35664278338645
    ],
    [
      80.26321435912016,
      74.73732281703951
    ],
    [
      79.47074567139438,
      74.10826788296804
    ],
    [
      78.68801899974108,
      73.46781267681841
    ],
    [
      77.91684946288761,
      72.81429189423702
    ],
    [
      77.15905217956134,
      72.14604023087023
    ],
    [
      76.4164422684897,
      71.46139238236444
    ],
    [
      75.69083484840003,
      70.75868304436601
    ],
    [
      74.98404503801973,
      70.03624691252132
    ],
    [
      74.29788795607617,
      69.29241868247675
    ],
    [
      73.63417852377772,
      68.52553368823054
    ],
    [
      72.99451849932925,
      67.73461617459498
    ],
    [
      72.37989066410904,
      66.92069082652667
    ],
    [
      71.79116608145192,
      66.08514338492078
    ],
    [
      71.22921581469271,
      65.2293595906724
    ],
    [
      70.69491092716625,
      64.35472518467671
    ],
    [
      70.1891224822074,
      63.46262590782883
    ],
    [
      69.71272154315093,
      62.55444750102387
    ],
    [
      69.26657917333169,
      61.631575705157
    ],
    [
      68.85156643608452,
      60.69539626112333
    ],
    [
      68.46855439474422,
      59.747294909817995
    ],
    [
      68.11841411264564,
      58.78865739213613
    ],
    [
      67.8020166531236,
      57.820869448972886
    ],
    [
      67.52023307951289,
      56.84531682122336
    ],
    [
      67.27393445514842,
      55.86338524978273
    ],
    [
      67.06399184336495,
      54.87646047554608
    ],
    [
      66.89127630749731,
      53.8859282394086
    ],
    [
      66.75665891088033,
      52.89317428226537
    ],
    [
      66.66101071684889,
      51.89958434501157
    ],
    [
      66.6049892840056,
      50.90647224186768
    ],
    [
      66.58654915919115,
      49.914241181254205
    ],
    [
      66.60178998085559,
      48.9226694796236
    ],
    [
      66.64677507821015,
      47.93152322136799
    ],
    [
      66.71756778046613,
      46.94056849087936
    ],
    [
      66.81023141683477,
      45.949571372549784
    ],
    [
      66.92082931652732,
      44.958297950771296
    ],
    [
      67.04542480875506,
      43.96651430993591
    ],
    [
      67.18008122272926,
      42.973986534435724
    ],
    [
      67.32086188766115,
      41.980480708662725
    ],
    [
      67.46383013276201,
      40.98576291700897
    ],
    [
      67.6050492872431,
      39.98959924386649
    ],
    [
      67.74058268031568,
      38.991755773627354
    ],
    [
      67.86649364119101,
      37.99199859068357
    ],
    [
      67.97884549908035,
      36.990093779427205
    ],
    [
      68.07370158319497,
      35.98580742425029
    ],
    [
      68.14712522274611,
      34.97890560954485
    ],
    [
      68.19517974694506,
      33.96915441970296
    ],
    [
      68.21400974979734,
      32.95644187775714
    ],
    [
      68.20076813617,
      31.94216898732096
    ],
    [
      68.15328986933623,
      30.928760187500867
    ],
    [
      68.06942278483875,
      29.918659232373173
    ],
    [
      67.9470147182203,
      28.91430987601423
    ],
    [
      67.78391350502363,
      27.918155872500346
    ],
    [
      67.57796698079152,
      26.93264097590786
    ],
    [
      67.32702298106666,
      25.960208940313102
    ],
    [
      67.02892934139186,
      25.003303519792393
    ],
    [
      66.6815338973098,
      24.06436846842205
    ],
    [
      66.28270468534396,
      23.14584552820236
    ],
    [
      65.83188217910481,
      22.25001982185552
    ],
    [
      65.3311776158102,
      21.378910456330132
    ],
    [
      64.78296161303186,
      20.534510703542026
    ],
    [
      64.18960478834146,
      19.71881383540695
    ],
    [
      63.5534777593107,
      18.93381312384072
    ],
    [
      62.8769511435113,
      18.18150184075913
    ],
    [
      62.16239555851493,
      17.463873258077967
    ],
    [
      61.41218162189331,
      16.78292064771302
    ],
    [
      60.62867479934086,
      16.14060223405625
    ],
    [
      59.814175523977575,
      15.538433833698944
    ],
    [
      58.970939694263905,
      14.977628299971258
    ],
    [
      58.1012223414901,
      14.459392586962323
    ],
    [
      57.20727849694644,
      13.984933648761265
    ],
    [
      56.291363191923196,
      13.555458439457217
    ],
    [
      55.355731457710675,
      13.17217391313932
    ],
    [
      54.40263832559914,
      12.8362870238967
    ],
    [
      53.434338826878864,
      12.549004725818495
    ],
    [
      52.45308799284012,
      12.311533972993836
    ],
    [
      51.46114188775419,
      12.125075295130298
    ],
    [
      50.46084008608279,
      11.990309849992114
    ],
    [
      49.454665787085474,
      11.907025554772407
    ],
    [
      48.44511636553697,
      11.874922165388877
    ],
    [
      47.434689196212055,
      11.893699437759233
    ],
    [
      46.42588165388548,
      11.96305712780117
    ],
    [
      45.42119111333203,
      12.082694991432401
    ],
    [
      44.42311494932645,
      12.252312784570623
    ],
    [
      43.43415053664347,
      12.471610263133542
    ],
    [
      42.45679525005792,
      12.74028718303885
    ],
    [
      41.493546464344504,
      13.05804330020427
    ],
    [
      40.546931723121396,
      13.42443572464584
    ],
    [
      39.61962094413998,
      13.838348385563698
    ],
    [
      38.714326004724676,
      14.298466816712606
    ],
    [
      37.833758788155066,
      14.803476523689586
    ],
    [
      36.98063117771077,
      15.352063012091651
    ],
    [
      36.15765505667139,
      15.942911787515811
    ],
    [
      35.367542308316494,
      16.574708355559107
    ],
    [
      34.613004815925706,
