{
  "test_id": 78,
  "test_outcome": "NOT_EXECUTED",
  "predicted_test_outcome": null,
  "test_duration": null,
  "road_points": [
    [
      100.00000000000001,
      100.00000000000001
    ],
    [
      99.9986519533479,
      98.96550976675243
    ],
    [
      99.93697948029936,
      97.93935438121403
    ],
    [
      99.81676903902986,
      96.92339597386949
    ],
    [
      99.63980708771466,
      95.91949667520323
    ],
    [
      99.4078800845292,
      94.92951861569992
    ],
    [
      99.12277448764883,
      93.95532392584406
    ],
    [
      98.78627675524888,
      92.99877473612014
    ],
    [
      98.4001733455048,
      92.06173317701285
    ],
    [
      97.9662507165919,
      91.14606137900664
    ],
    [
      97.48629532668558,
      90.25362147258612
    ],
    [
      96.9620936339612,
      89.38627558823582
    ],
    [
      96.3954320965941,
      88.54588585644026
    ],
    [
      95.78809717275973,
      87.73431440768407
    ],
    [
      95.14187532063337,
      86.95342337245175
    ],
    [
      94.45855299839043,
      86.20507488122787
    ],
    [
      93.73991666420628,
      85.49113106449695
    ],
    [
      92.98775277625626,
      84.8134540527436
    ],
    [
      92.2038477927158,
      84.17390597645235
    ],
    [
      91.38998817176024,
      83.57434896610775
    ],
    [
      90.54796037156491,
      83.01664515219434
    ],
    [
      89.67955085030526,
      82.50265666519672
    ],
    [
      88.78654606615657,
      82.03424563559939
    ],
    [
      87.87075681034943,
      81.61320687987711
    ],
    [
      86.93431515934961,
      81.24044642362465
    ],
    [
      85.97958030050775,
      80.91624202178842
    ],
    [
      85.0089162059868,
      80.64085819279752
    ],
    [
      84.02468684794965,
      80.41455945508099
    ],
    [
      83.02925619855935,
      80.2376103270679
    ],
    [
      82.02498822997882,
      80.11027532718734
    ],
    [
      81.01424691437101,
      80.03281897386837
    ],
    [
      79.99939622389888,
      80.00550578554008
    ],
    [
      78.98280013072538,
      80.02860028063151
    ],
    [
      77.96682724052984,
      80.10236474139533
    ],
    [
      76.95424990773091,
      80.22686659733276
    ],
    [
      75.94855185597778,
      80.40182996479416
    ],
    [
      74.953289224165,
      80.62694401188506
    ],
    [
      73.97201815118716,
      80.90189790671101
    ],
    [
      73.00829477593868,
      81.2263808173775
    ],
    [
      72.0656752373142,
      81.60008191199012
    ],
    [
      71.14771567420816,
      82.02269035865436
    ],
    [
      70.25797222551512,
      82.49389532547578
    ],
    [
      69.40000103012962,
      83.01338598055985
    ],
    [
      68.57735822694616,
      83.58085149201219
    ],
    [
      67.79276845263341,
      84.19544964155577
    ],
    [
      67.04496193571971,
      84.85378551288602
    ],
    [
      66.33147092607817,
      85.55169859999327
    ],
    [
      65.64982744669348,
      86.2850282518707
    ],
    [
      64.99756352055032,
      87.04961381751151
    ],
    [
      64.37221117063335,
      87.84129464590892
    ],
    [
      63.77130241992724,
      88.65591008605604
    ],
    [
      63.19236929141666,
      89.48929948694611
    ],
    [
      62.63294380808629,
      90.33730219757231
    ],
    [
      62.09055799292076,
      91.19575756692778
    ],
    [
      61.56282748380447,
      92.060653708012
    ],
    [
      61.04865707531581,
      92.93027234555079
    ],
    [
      60.54796377468681,
      93.80469608916071
    ],
    [
      60.06069179766727,
      94.68405595667417
    ],
    [
      59.58678536000702,
      95.56848296592361
    ],
    [
      59.12618867745591,
      96.45810813474135
    ],
    [
      58.678845965763735,
      97.35306248095986
    ],
    [
      58.24470144068035,
      98.25347702241156
    ],
    [
      57.82369931795558,
      99.1594827769288
    ],
    [
      57.41578381333919,
      100.07121076234397
    ],
    [
      57.020899142581094,
      100.98879199648955
    ],
    [
      56.63898952143106,
      101.9123574971979
    ],
    [
      56.269999165638936,
      102.84203828230143
    ],
    [
      55.91387229095453,
      103.7779653696325
    ],
    [
      55.57055311312768,
      104.72026977702357
    ],
    [
      55.23998584790824,
      105.66908252230706
    ],
    [
      54.922279448432526,
      106.62452173411893
    ],
    [
      54.6199885051167,
      107.58651419230708
    ],
    [
      54.33754043120853,
      108.554840145432
    ],
    [
      54.079410250874574,
      109.52927611693454
    ],
    [
      53.85007298828141,
      110.50959863025554
    ],
    [
      53.65400366759556,
      111.49558420883578
    ],
    [
      53.49567731298357,
      112.48700937611606
    ],
    [
      53.37956894861203,
      113.48365065553725
    ],
    [
      53.310153598647446,
      114.48528457054006
    ],
    [
      53.29190628725641,
      115.49168764456542
    ],
    [
      53.32928695771649,
      116.5026238899756
    ],
    [
      53.425024496323076,
      117.51642123735836
    ],
    [
      53.5785350890712,
      118.52865940706066
    ],
    [
      53.78886110108794,
      119.53460799830633
    ],
    [
      54.05504489750032,
      120.5295366103192
    ],
    [
      54.376128843435446,
      121.50871484232322
    ],
    [
      54.7511553040203,
      122.46741229354211
    ],
    [
      55.17916664438199,
      123.40089856319979
    ],
    [
      55.659205229647554,
      124.30444325052011
    ],
    [
      56.19031342494403,
      125.17331595472689
    ],
    [
      56.77153359539849,
      126.00278627504397
    ],
    [
      57.401908106137974,
      126.78812381069523
    ],
    [
      58.08046371939689,
      127.52462776513103
    ],
    [
      58.80400842092315,
      128.21180714848367
    ],
    [
      59.56485050016217,
      128.85770849220646
    ],
    [
      60.3547536418912,
      129.47141163614813
    ],
    [
      61.165481530887476,
      130.06199642015773
    ],
    [
      61.988797851928226,
      130.63854268408386
    ],
    [
      62.81646628979069,
      131.21013026777555
    ],
    [
      63.640250529252086,
      131.78583901108155
    ],
    [
      64.45191425508963,
      132.37474875385064
    ],
    [
      65.24354579354048,
      132.98558196587365
    ],
    [
      66.01245801641277,
      133.62130986090781
    ],
    [
      66.76018200655032,
      134.28026018442512
    ],
    [
      67.48836932872177,
      134.9606280536352
    ],
    [
      68.19867154769594,
      135.66060858574798
    ],
    [
      68.89274022824154,
      136.3783968979733
    ],
    [
      69.57222693512733,
      137.11218810752095
    ],
    [
      70.23878323312204,
      137.86017733160077
    ],
    [
      70.89406068699442,
      138.6205596874226
    ],
    [
      71.53971086151324,
      139.39153029219634
    ],
    [
      72.17738532144722,
      140.17128426313167
    ],
    [
      72.80873563156511,
      140.95801671743848
    ],
    [
      73.43541335663568,
      141.74992277232664
    ],
    [
      74.05907006142769,
      142.545197545006
    ],
    [
      74.68135731070981,
      143.34203615268635
    ],
    [
      75.30392448412088,
      144.13863600026775
    ],
    [
      75.92822712903182,
      144.9333974225348
    ],
    [
      76.55537734576197,
      145.7250803211874
    ],
    [
      77.18645202139264,
      146.51248146391484
    ],
    [
      77.82252804300516,
      147.29439761840632
    ],
    [
      78.46468229768082,
      148.06962555235108
    ],
    [
      79.11399167250094,
      148.8369620334384
    ],
    [
      79.77153305454686,
      149.59520382935753
    ],
    [
      80.43838333089985,
      150.3431477077976
    ],
    [
      81.11561938864125,
      151.079590436448
    ],
    [
