{
  "test_id": 70,
  "test_outcome": "NOT_EXECUTED",
  "predicted_test_outcome": null,
  "test_duration": null,
  "road_points": [
    [
      100.0,
      100.00000000000001
    ],
    [
      99.98512527086629,
      99.06221407666985
    ],
    [
      99.98472418522707,
      98.107011844065
    ],
    [
      99.99552139639728,
      97.13625439442556
    ],
    [
      100.01424155769173,
      96.15180281999159
    ],
    [
      100.03760932242528,
      95.15551821300308
    ],
    [
      100.0623493439129,
      94.14926166570025
    ],
    [
      100.08518627546938,
      93.13489427032306
    ],
    [
      100.1028447704096,
      92.11427711911158
    ],
    [
      100.11204948204848,
      91.08927130430594
    ],
    [
      100.1095250637008,
      90.06173791814614
    ],
    [
      100.09199616868155,
      89.03353805287232
    ],
    [
      100.05618745030549,
      88.00653280072447
    ],
    [
      99.99882356188756,
      86.98258325394275
    ],
    [
      99.91662915674264,
      85.96355050476717
    ],
    [
      99.80632888818555,
      84.9512956454378
    ],
    [
      99.66464740953123,
      83.94767976819473
    ],
    [
      99.48830937409447,
      82.95456396527801
    ],
    [
      99.27403943519022,
      81.97380932892773
    ],
    [
      99.01856224613333,
      81.00727695138397
    ],
    [
      98.71860246023861,
      80.05682792488673
    ],
    [
      98.37088473082103,
      79.12432334167616
    ],
    [
      97.97217888011377,
      78.21162553187612
    ],
    [
      97.52135605008053,
      77.32065441365485
    ],
    [
      97.02023560097861,
      76.45341070303522
    ],
    [
      96.47085755406144,
      75.61190116339927
    ],
    [
      95.87526193058243,
      74.79813255812901
    ],
    [
      95.23548875179503,
      74.01411165060658
    ],
    [
      94.5535780389527,
      73.26184520421394
    ],
    [
      93.83156981330889,
      72.54333998233318
    ],
    [
      93.071504096117,
      71.86060274834634
    ],
    [
      92.2754740425833,
      71.21561370933111
    ],
    [
      91.44607668898139,
      70.61010123303575
    ],
    [
      90.58618718648808,
      70.04565468561637
    ],
    [
      89.69868360448841,
      69.52386197471111
    ],
    [
      88.7864440123674,
      69.04631100795812
    ],
    [
      87.85234647950998,
      68.61458969299548
    ],
    [
      86.8992690753012,
      68.23028593746142
    ],
    [
      85.93008986912605,
      67.89498764899398
    ],
    [
      84.94768693036956,
      67.61028273523132
    ],
    [
      83.95493832841667,
      67.37775910381158
    ],
    [
      82.95472213265245,
      67.19900466237291
    ],
    [
      81.94991641246187,
      67.07560731855341
    ],
    [
      80.9433992372299,
      67.00915497999121
    ],
    [
      79.93804860070104,
      67.00123533979072
    ],
    [
      78.93635756005185,
      67.05234432333077
    ],
    [
      77.93953872023415,
      67.15934620202604
    ],
    [
      76.94853878077949,
      67.31835107899397
    ],
    [
      75.9643044412194,
      67.52546905735198
    ],
    [
      74.98778240108537,
      67.7768102402175
    ],
    [
      74.01991935990891,
      68.06848473070797
    ],
    [
      73.06166201722161,
      68.39660263194082
    ],
    [
      72.1139570725549,
      68.75727404703349
    ],
    [
      71.17775122544033,
      69.14660907910338
    ],
    [
      70.25399117540944,
      69.56071783126798
    ],
    [
      69.34347135092105,
      69.9958243288747
    ],
    [
      68.44553197597322,
      70.44924056632605
    ],
    [
      67.55870613041925,
      70.91888240624004
    ],
    [
      66.68151826911159,
      71.40267216406437
    ],
    [
      65.81249284690277,
      71.89853215524691
    ],
    [
      64.95015431864523,
      72.4043846952354
    ],
    [
      64.09302713919155,
      72.91815209947768
    ],
    [
      63.23963576339411,
      73.43775668342144
    ],
    [
      62.388504646105474,
      73.96112076251455
    ],
    [
      61.53815824217809,
      74.48616665220479
    ],
    [
      60.68712100646447,
      75.01081666793993
    ],
    [
      59.8339173938171,
      75.53299312516775
    ],
    [
      58.97707185908848,
      76.05061833933604
    ],
    [
      58.115108857131084,
      76.56161462589263
    ],
    [
      57.2465528427974,
      77.06390430028526
    ],
    [
      56.36992827093994,
      77.55540967796172
    ],
    [
      55.484132777701774,
      78.03454768060803
    ],
    [
      54.59138348286432,
      78.50413480019009
    ],
    [
      53.69563744274006,
      78.96929360211317
    ],
    [
      52.80086703687292,
      79.43516696085503
    ],
    [
      51.91104464480696,
      79.90689775089358
    ],
    [
      51.03014264608613,
      80.38962884670667
    ],
    [
      50.16213342025443,
      80.88850312277211
    ],
    [
      49.31098934685586,
      81.40866345356774
    ],
    [
      48.4806828054344,
      81.95525271357137
    ],
    [
      47.67518617553404,
      82.53341377726086
    ],
    [
      46.89804072323895,
      83.14769305399622
    ],
    [
      46.149117038156014,
      83.7975584049552
    ],
    [
      45.42642974451754,
      84.47990987864195
    ],
    [
      44.72797911538246,
      85.19162766805835
    ],
    [
      44.05176542380973,
      85.92959196620616
    ],
    [
      43.3957889428583,
      86.69068296608725
    ],
    [
      42.758049945587096,
      87.47178086070342
    ],
    [
      42.136548705055084,
      88.26976584305652
    ],
    [
      41.5292854943212,
      89.08151810614837
    ],
    [
      40.9342605864444,
      89.90391784298079
    ],
    [
      40.349474254483624,
      90.73384524655555
    ],
    [
      39.77292677149783,
      91.5681805098746
    ],
    [
      39.20261841054593,
      92.40380382593963
    ],
    [
      38.636549899237885,
      93.23759617257024
    ],
    [
      38.0734421519697,
      94.06768198618501
    ],
    [
      37.51419563039843,
      94.89594886136673
    ],
    [
      36.960121524183904,
      95.72499354659672
    ],
    [
      36.41253102298592,
      96.55741279035612
    ],
    [
      35.87273531646433,
      97.39580334112615
    ],
    [
      35.34204559427891,
      98.24276194738808
    ],
    [
      34.82177304608953,
      99.10088535762316
    ],
    [
      34.31322886155599,
      99.97277032031255
    ],
    [
      33.81773001269303,
      100.86095486985168
    ],
    [
      33.33676603123437,
      101.76622486764478
    ],
    [
      32.87202435445991,
      102.68735664033885
    ],
    [
      32.42520330103423,
      103.62301602489984
    ],
    [
      31.99800118962192,
      104.57186885829363
    ],
    [
      31.592116338887536,
      105.53258097748619
    ],
    [
      31.209247067495667,
      106.50381821944335
    ],
    [
      30.8510916941109,
      107.48424642113109
    ],
    [
      30.519348537397786,
      108.47253141951528
    ],
    [
      30.21571591602092,
      109.4673390515619
    ],
    [
      29.941892148644882,
      110.46733515423679
    ],
    [
      29.699575553934245,
      111.47118556450587
    ],
    [
      29.49046445055359,
      112.47755611933509
    ],
    [
      29.31625715716749,
      113.48511265569037
    ],
    [
      29.17865199244052,
      114.49252101053759
    ],
    [
      29.079347275037275,
      115.49844702084266
    ],
    [
      29.020041323622312,
      116.50155652357154
    ],
    [
      29.002432456860216,
      117.50051535569011
    ],
    [
      29.028218993415578,
      118.49398935416428
    ],
    [
      29.099099251952946,
      119.48064435595994
    ],
    [
      29.21677155113693,
      120.45914619804307
    ],
    [
      29.382934209632083,
      121.42816071737954
    ],
    [
      29.598040399700082,
      122.38682388057386
    ],
    [
      29.85731308535844,
