{
  "test_id": 71,
  "test_outcome": "NOT_EXECUTED",
  "predicted_test_outcome": null,
  "test_duration": null,
  "road_points": [
    [
      100.0,
      100.0
    ],
    [
      99.86555967142829,
      98.90645304559801
    ],
    [
      99.68998493226624,
      97.84093878659532
    ],
    [
      99.47471081152783,
      96.80246454838102
    ],
    [
      99.221172338227,
      95.79003765634423
    ],
    [
      98.93080454137765,
      94.80266543587398
    ],
    [
      98.60504244999382,
      93.83935521235944
    ],
    [
      98.24532109308936,
      92.8991143111896
    ],
    [
      97.85307549967833,
      91.98095005775372
    ],
    [
      97.42974069877458,
      91.08386977744078
    ],
    [
      96.9767517193921,
      90.20688079563988
    ],
    [
      96.49554359054484,
      89.34899043774014
    ],
    [
      95.98755134124676,
      88.50920602913065
    ],
    [
      95.4542100005118,
      87.6865348952005
    ],
    [
      94.89695459735393,
      86.87998436133884
    ],
    [
      94.31722016078706,
      86.08856175293468
    ],
    [
      93.71644171982516,
      85.31127439537717
    ],
    [
      93.09605430348216,
      84.5471296140554
    ],
    [
      92.45749294077203,
      83.79513473435844
    ],
    [
      91.80219266070873,
      83.05429708167541
    ],
    [
      91.13158849230622,
      82.32362398139541
    ],
    [
      90.44711546457839,
      81.60212275890751
    ],
    [
      89.75020860653926,
      80.88880073960084
    ],
    [
      89.04230294720271,
      80.18266524886448
    ],
    [
      88.32483351558275,
      79.48272361208751
    ],
    [
      87.59923534069331,
      78.78798315465905
    ],
    [
      86.86694345154832,
      78.09745120196817
    ],
    [
      86.12939287716178,
      77.41013507940399
    ],
    [
      85.38801864654755,
      76.7250421123556
    ],
    [
      84.6442557887197,
      76.04117962621211
    ],
    [
      83.89953933269207,
      75.35755494636257
    ],
    [
      83.15530430747869,
      74.67317539819615
    ],
    [
      82.41298574209345,
      73.98704830710186
    ],
    [
      81.67401866555034,
      73.29818099846887
    ],
    [
      80.93983810686328,
      72.60558079768622
    ],
    [
      80.21187909504624,
      71.90825503014304
    ],
    [
      79.49157665911318,
      71.20521102122842
    ],
    [
      78.78017814245878,
      70.49559637381428
    ],
    [
      78.07713533631141,
      69.77990069842959
    ],
    [
      77.38090204060812,
      69.05935951094656
    ],
    [
      76.68992134278983,
      68.33521633382824
    ],
    [
      76.00263633029753,
      67.6087146895377
    ],
    [
      75.31749009057222,
      66.88109810053805
    ],
    [
      74.6329257110549,
      66.15361008929237
    ],
    [
      73.94738627918647,
      65.42749417826373
    ],
    [
      73.25931488240799,
      64.70399388991524
    ],
    [
      72.5671546081604,
      63.98435274670993
    ],
    [
      71.86934854388467,
      63.26981427111092
    ],
    [
      71.16433977702181,
      62.56162198558129
    ],
    [
      70.45057139501277,
      61.861019412584106
    ],
    [
      69.72648648529854,
      61.16925007458246
    ],
    [
      68.9905281353201,
      60.48755749403944
    ],
    [
      68.24113943251844,
      59.817185193418126
    ],
    [
      67.4767634643345,
      59.15937669518158
    ],
    [
      66.69593842778616,
      58.51556804230672
    ],
    [
      65.89807088539366,
      57.888953020558155
    ],
    [
      65.08303231112275,
      57.28366648802274
    ],
    [
      64.25069858523378,
      56.70385222199544
    ],
    [
      63.40094558798708,
      56.15365399977134
    ],
    [
      62.53364919964305,
      55.63721559864544
    ],
    [
      61.648685300462,
      55.158680795912716
    ],
    [
      60.74592977070433,
      54.72219336886824
    ],
    [
      59.82525849063038,
      54.331897094807
    ],
    [
      58.88654734050049,
      53.991935751024
    ],
    [
      57.92970278172216,
      53.70640312975371
    ],
    [
      56.95588315184077,
      53.47734682449165
    ],
    [
      55.96791045573893,
      53.304095154914066
    ],
    [
      54.96872173126632,
      53.18578841865152
    ],
    [
      53.96125401627266,
      53.12156691333458
    ],
    [
      52.94844434860767,
      53.1105709365939
    ],
    [
      51.93322976612107,
      53.15194078606001
    ],
    [
      50.918547306662546,
      53.24481675936354
    ],
    [
      49.90733400808185,
      53.388339154135075
    ],
    [
      48.90252690822864,
      53.58164826800517
    ],
    [
      47.90706305315902,
      53.8238844012757
    ],
    [
      46.92397037792531,
      54.11421743938521
    ],
    [
      45.95659270217642,
      54.45192009087923
    ],
    [
      45.00834242638235,
      54.8362873879404
    ],
    [
      44.082631951012985,
      55.26661436275132
    ],
    [
      43.18287367653834,
      55.74219604749462
    ],
    [
      42.31248000342829,
      56.26232747435293
    ],
    [
      41.47486333215282,
      56.826303675508825
    ],
    [
      40.673436063181846,
      57.43341968314499
    ],
    [
      39.91161059698535,
      58.08297052944398
    ],
    [
      39.19279933403324,
      58.774251246588435
    ],
    [
      38.52001140826849,
      59.50637574500148
    ],
    [
      37.892129985910934,
      60.27660481196398
    ],
    [
      37.305620956550435,
      61.081113547333885
    ],
    [
      36.75691961266362,
      61.91606330868554
    ],
    [
      36.24246124672715,
      62.77761545359331
    ],
    [
      35.75868115121765,
      63.66193133963155
    ],
    [
      35.30201461861178,
      64.56517232437464
    ],
    [
      34.86889694138614,
      65.48349976539691
    ],
    [
      34.45576341201741,
      66.41307502027273
    ],
    [
      34.05904932298221,
      67.35005944657644
    ],
    [
      33.675216982914144,
      68.29064480058214
    ],
    [
      33.302093635767726,
      69.23255866984621
    ],
    [
      32.939486780857386,
      70.17575683404654
    ],
    [
      32.58735936471002,
      71.12036998275454
    ],
    [
      32.245674333852484,
      72.06652880554171
    ],
    [
      31.91439463481168,
      73.01436399197948
    ],
    [
      31.593483214114464,
      73.96400623163929
    ],
    [
      31.282903018287755,
      74.91558621409256
    ],
    [
      30.98261699385839,
      75.8692346289107
    ],
    [
      30.692588087353272,
      76.82508216566522
    ],
    [
      30.412779245299294,
      77.78325951392753
    ],
    [
      30.143153414223313,
      78.74389736326907
    ],
    [
      29.883673540652218,
      79.70712640326126
    ],
    [
      29.634302571112904,
      80.67307732347558
    ],
    [
      29.39500345213223,
      81.64188081348344
    ],
    [
      29.165739130237085,
      82.61366756285628
    ],
    [
      28.946472551954354,
      83.58856826116556
    ],
    [
      28.737166663810918,
      84.56671359798268
    ],
    [
      28.537784412333647,
      85.54823426287912
    ],
    [
      28.348288744049434,
      86.53326094542632
    ],
    [
      28.168642605485147,
      87.52192433519566
    ],
    [
      27.99880894316768,
      88.5143551217587
    ],
    [
      27.838750703623916,
      89.51068399468676
    ],
    [
      27.688430833380707,
      90.5110416435513
    ],
    [
      27.547857569765505,
      91.51554442843468
    ],
    [
      27.419057600108445,
      92.5236700950192
    ],
    [
      27.306839358809405,
      93.5340162761614
    ],
    [
      27.21621417088161,
      94.54511641245784
    ],
    [
      27.152193361338302,
      95.55550394450502
    ],
    [
      27.119788255192702,
      96.5637123128996
    ],
    [
      27.124010177458032,
      97.56827495823804
    ],
    [
      27.16987045314754,
      98.56772532111698
    ],
    [
