{
  "test_id": 79,
  "test_outcome": "NOT_EXECUTED",
  "predicted_test_outcome": null,
  "test_duration": null,
  "road_points": [
    [
      99.99999999999999,
      99.99999999999997
    ],
    [
      100.02252460515773,
      98.99664695170058
    ],
    [
      100.04107133318156,
      97.99298429846318
    ],
    [
      100.05587091678515,
      96.98902999860694
    ],
    [
      100.06715408868232,
      95.98480201045112
    ],
    [
      100.07515158158687,
      94.98031829231503
    ],
    [
      100.0800941282126,
      93.97559680251791
    ],
    [
      100.08221246127333,
      92.97065549937903
    ],
    [
      100.08173731348285,
      91.96551234121769
    ],
    [
      100.07889941755487,
      90.96018528635307
    ],
    [
      100.07392950620329,
      89.95469229310449
    ],
    [
      100.0670583121419,
      88.94905131979125
    ],
    [
      100.05851656808444,
      87.94328032473254
    ],
    [
      100.04853500674474,
      86.93739726624767
    ],
    [
      100.03734436083658,
      85.93142010265589
    ],
    [
      100.02517536307377,
      84.92536679227645
    ],
    [
      100.01225874617013,
      83.91925529342868
    ],
    [
      99.99882524283939,
      82.91310356443178
    ],
    [
      99.98510558579542,
      81.90692956360502
    ],
    [
      99.97133050775194,
      80.90075124926767
    ],
    [
      99.95773074142282,
      79.89458657973904
    ],
    [
      99.94453701952179,
      78.88845351333833
    ],
    [
      99.93198007476272,
      77.88237000838485
    ],
    [
      99.92029063985933,
      76.87635402319782
    ],
    [
      99.90969944752547,
      75.87042351609657
    ],
    [
      99.90043723047492,
      74.86459644540031
    ],
    [
      99.89273472142145,
      73.85889076942831
    ],
    [
      99.88682265307888,
      72.85332444649987
    ],
    [
      99.88293175816102,
      71.8479154349342
    ],
    [
      99.88129276938163,
      70.84268169305062
    ],
    [
      99.88213641945455,
      69.83764117916837
    ],
    [
      99.88569344109354,
      68.83281185160672
    ],
    [
      99.89219456701241,
      67.8282116686849
    ],
    [
      99.90187052992498,
      66.82385858872223
    ],
    [
      99.91495206254497,
      65.81977057003796
    ],
    [
      99.93166989758626,
      64.81596557095133
    ],
    [
      99.95225476776261,
      63.81246154978162
    ],
    [
      99.9769374057878,
      62.8092764648481
    ],
    [
      100.00594654355197,
      61.80642811874252
    ],
    [
      100.03904665622551,
      60.803898180167096
    ],
    [
      100.0749459887272,
      59.80158610962841
    ],
    [
      100.112206653107,
      58.79937999386349
    ],
    [
      100.14939076141499,
      57.7971679196094
    ],
    [
      100.18506042570117,
      56.794837973603165
    ],
    [
      100.21777775801546,
      55.79227824258181
    ],
    [
      100.24610487040799,
      54.7893768132824
    ],
    [
      100.2686038749287,
      53.78602177244195
    ],
    [
      100.2838368836276,
      52.782101206797506
    ],
    [
      100.29036600855477,
      51.77750320308611
    ],
    [
      100.28675336176012,
      50.77211584804479
    ],
    [
      100.27156105529377,
      49.765827228410615
    ],
    [
      100.24335120120564,
      48.75852543092058
    ],
    [
      100.20068591154582,
      47.750098542311754
    ],
    [
      100.14212729836424,
      46.74043464932117
    ],
    [
      100.06623747371098,
      45.729421838685866
    ],
    [
      99.9715716031596,
      44.716958861454664
    ],
    [
      99.85604574376346,
      43.703925635548345
    ],
    [
      99.71643052710975,
      42.69296054945402
    ],
    [
      99.5493774375059,
      41.68688490795574
    ],
    [
      99.35153795925918,
      40.68852001583756
    ],
    [
      99.11956357667707,
      39.70068717788354
    ],
    [
      98.85010577406689,
      38.72620769887775
    ],
    [
      98.53981603573602,
      37.767902883604236
    ],
    [
      98.18534584599185,
      36.828594036847065
    ],
    [
      97.78334668914172,
      35.91110246339029
    ],
    [
      97.330470049493,
      35.01824946801796
    ],
    [
      96.82432928865009,
      34.152650095633774
    ],
    [
      96.26663251387636,
      33.31604133553843
    ],
    [
      95.6601772486535,
      32.50992656838054
    ],
    [
      95.00776102562054,
      31.735809172845062
    ],
    [
      94.31218137741654,
      30.99519252761692
    ],
    [
      93.57623583668044,
      30.289580011381048
    ],
    [
      92.80272193605136,
      29.6204750028224
    ],
    [
      91.99443720816825,
      28.989380880625887
    ],
    [
      91.15417918567019,
      28.397801023476475
    ],
    [
      90.28474540119618,
      27.847238810059096
    ],
    [
      89.3889402122272,
      27.33922015120547
    ],
    [
      88.46964384507802,
      26.875521437939337
    ],
    [
      87.52978387487086,
      26.458075382895405
    ],
    [
      86.57228859705572,
      26.088817076863325
    ],
    [
      85.60008630708255,
      25.769681610632734
    ],
    [
      84.61610530040129,
      25.502604074993275
    ],
    [
      83.62327387246194,
      25.289519560734607
    ],
    [
      82.62452031871449,
      25.13236315864637
    ],
    [
      81.62277293460888,
      25.033069959518212
    ],
    [
      80.62096001559509,
      24.99357505413977
    ],
    [
      79.6219851312481,
      25.0157479179834
    ],
    [
      78.62765910451125,
      25.09855819316965
    ],
    [
      77.63829208544162,
      25.236993170229347
    ],
    [
      76.65408533068496,
      25.425751168090176
    ],
    [
      75.67524009688705,
      25.65953050567981
    ],
    [
      74.7019576406936,
      25.933029501925947
    ],
    [
      73.73443921875041,
      26.24094647575626
    ],
    [
      72.7728860877032,
      26.577979746098432
    ],
    [
      71.81749950419778,
      26.93882763188016
    ],
    [
      70.86848072487984,
      27.318188452029112
    ],
    [
      69.92603098020513,
      27.71076096235236
    ],
    [
      68.99028426982763,
      28.112365403355977
    ],
    [
      68.06116194995411,
      28.52236914522827
    ],
    [
      67.13854343652429,
      28.940839168556128
    ],
    [
      66.22230814547768,
      29.367842453926436
    ],
    [
      65.3123354927539,
      29.80344598192607
    ],
    [
      64.4085048942926,
      30.247716733141928
    ],
    [
      63.51069576603335,
      30.700721688160893
    ],
    [
      62.61878752391574,
      31.162527827569853
    ],
    [
      61.7326595838794,
      31.63320213195569
    ],
    [
      60.85219136186393,
      32.112811581905284
    ],
    [
      59.97726227380892,
      32.60142315800554
    ],
    [
      59.107751735653984,
      33.099103840843334
    ],
    [
      58.2435391633387,
      33.605920611005544
    ],
    [
      57.3845039728027,
      34.12194044907907
    ],
    [
      56.53052557998559,
      34.647230335650804
    ],
    [
      55.68148340082698,
      35.18185725130761
    ],
    [
      54.83725685126641,
      35.72588817663639
    ],
    [
      53.99772534724356,
      36.27939009222403
    ],
    [
      53.162768304698005,
      36.8424299786574
    ],
    [
      52.332265139569344,
      37.41507481652341
    ],
    [
      51.506095267797185,
      37.99739158640894
    ],
    [
      50.68413810532112,
      38.58944726890086
    ],
    [
      49.866273068080744,
      39.191308844586075
    ],
    [
      49.05238598361174,
      39.80304662330916
    ],
    [
      48.2437104216709,
      40.42543073772367
    ],
    [
      47.444481307030884,
      41.0607897911351
    ],
    [
      46.659338795443674,
      41.71166280533826
    ],
    [
      45.892923042661266,
      42.38058880212802
    ],
    [
      45.14987420443559,
      43.070106803299176
    ],
    [
