{
  "test_id": 96,
  "test_outcome": "NOT_EXECUTED",
  "predicted_test_outcome": null,
  "test_duration": null,
  "road_points": [
    [
      100.00000000000001,
      100.00000000000001
    ],
    [
      99.63061846955439,
      99.063385763637
    ],
    [
      99.2583793898526,
      98.12897814087302
    ],
    [
      98.88348291869627,
      97.19662256886866
    ],
    [
      98.50612921388701,
      96.26616448478453
    ],
    [
      98.12651843322632,
      95.337449325781
    ],
    [
      97.74485073451586,
      94.41032252901869
    ],
    [
      97.3613262755572,
      93.48462953165814
    ],
    [
      96.97614521415194,
      92.5602157708599
    ],
    [
      96.58950770810168,
      91.63692668378444
    ],
    [
      96.20161391520791,
      90.71460770759231
    ],
    [
      95.81266399327235,
      89.7931042794441
    ],
    [
      95.42285810009653,
      88.87226183650027
    ],
    [
      95.03239639348202,
      87.95192581592136
    ],
    [
      94.64147903123045,
      87.03194165486796
    ],
    [
      94.25030617114336,
      86.11215479050055
    ],
    [
      93.85907797102239,
      85.19241065997969
    ],
    [
      93.46799458866911,
      84.27255470046592
    ],
    [
      93.0772561818851,
      83.35243234911972
    ],
    [
      92.68706290847193,
      82.43188904310168
    ],
    [
      92.29761492623122,
      81.51077021957228
    ],
    [
      91.9091123929645,
      80.58892131569208
    ],
    [
      91.52175546647346,
      79.66618776862164
    ],
    [
      91.13574430455962,
      78.74241501552143
    ],
    [
      90.75127906502459,
      77.81744849355206
    ],
    [
      90.36855990566994,
      76.891133639874
    ],
    [
      89.98778698429724,
      75.96331589164778
    ],
    [
      89.60916045870815,
      75.033840686034
    ],
    [
      89.2328804867042,
      74.10255346019312
    ],
    [
      88.85914722608698,
      73.1692996512857
    ],
    [
      88.4881608346581,
      72.23392469647229
    ],
    [
      88.12009294689749,
      71.29629188638245
    ],
    [
      87.75426188027835,
      70.35679862436187
    ],
    [
      87.38900609188491,
      69.41645563317846
    ],
    [
      87.02261005500539,
      68.4763074254247
    ],
    [
      86.65335824292795,
      67.5373985136931
    ],
    [
      86.27953512894084,
      66.60077341057618
    ],
    [
      85.89942518633217,
      65.6674766286664
    ],
    [
      85.51131288839018,
      64.73855268055628
    ],
    [
      85.11348270840298,
      63.81504607883829
    ],
    [
      84.7042191196588,
      62.89800133610493
    ],
    [
      84.28180659544587,
      61.98846296494872
    ],
    [
      83.84452960905233,
      61.08747547796216
    ],
    [
      83.39067263376636,
      60.196083387737715
    ],
    [
      82.91852014287613,
      59.31533120686787
    ],
    [
      82.42635660966984,
      58.44626344794514
    ],
    [
      81.91246650743574,
      57.58992462356209
    ],
    [
      81.3751343094619,
      56.747359246311106
    ],
    [
      80.81271960860886,
      55.91959989931925
    ],
    [
      80.22481828711777,
      55.1074828351026
    ],
    [
      79.61203883109845,
      54.311683498247355
    ],
    [
      78.97501954972726,
      53.532872597247156
    ],
    [
      78.31439875218075,
      52.771720840595655
    ],
    [
      77.63081474763533,
      52.02889893678653
    ],
    [
      76.92490584526742,
      51.30507759431343
    ],
    [
      76.19731035425347,
      50.60092752166998
    ],
    [
      75.4486665837699,
      49.91711942734985
    ],
    [
      74.67961284299321,
      49.25432401984671
    ],
    [
      73.89078744109982,
      48.613212007654205
    ],
    [
      73.08282868726612,
      47.994454099265965
    ],
    [
      72.25637489066865,
      47.398721003175694
    ],
    [
      71.41206436048375,
      46.826683427877
    ],
    [
      70.55053540588793,
      46.279012081863556
    ],
    [
      69.67242633605763,
      45.75637767362902
    ],
    [
      68.77837546016926,
      45.25945091166702
    ],
    [
      67.86902108739928,
      44.788902504471245
    ],
    [
      66.94500152692413,
      44.345403160535334
    ],
    [
      66.00697293425073,
      43.9296026694234
    ],
    [
      65.0558435704257,
      43.54185531020055
    ],
    [
      64.09270840531153,
      43.18229650749727
    ],
    [
      63.118666804898076,
      42.85105653293644
    ],
    [
      62.134818135175124,
      42.54826565814089
    ],
    [
      61.14226176213245,
      42.27405415473349
    ],
    [
      60.14209705175991,
      42.02855229433712
    ],
    [
      59.13542337004731,
      41.811890348574615
    ],
    [
      58.123340082984434,
      41.624198589068854
    ],
    [
      57.10694655656109,
      41.46560728744269
    ],
    [
      56.087342156767136,
      41.33624671531898
    ],
    [
      55.06562624959233,
      41.2362471443206
    ],
    [
      54.0428982010265,
      41.165738846070404
    ],
    [
      53.020257377059465,
      41.12485209219125
    ],
    [
      51.99880314368102,
      41.113717154306
    ],
    [
      50.979634866880964,
      41.13246430403751
    ],
    [
      49.96385191264914,
      41.18122381300865
    ],
    [
      48.95255364697533,
      41.26012595284229
    ],
    [
      47.94683943584936,
      41.36930099516127
    ],
    [
      46.947808645261034,
      41.50887921158846
    ],
    [
      45.95656064120014,
      41.67899087374671
    ],
    [
      44.97419478965652,
      41.8797662532589
    ],
    [
      44.00181045661997,
      42.11133562174789
    ],
    [
      43.04041489432661,
      42.37374393707167
    ],
    [
      42.09012151906325,
      42.666208305579126
    ],
    [
      41.15054132178455,
      42.987480498151534
    ],
    [
      40.22127970174185,
      43.33630710675556
    ],
    [
      39.30194205818641,
      43.71143472335783
    ],
    [
      38.39213379036955,
      44.111609939925
    ],
    [
      37.49146029754253,
      44.535579348423724
    ],
    [
      36.59952697895668,
      44.98208954082061
    ],
    [
      35.71593923386327,
      45.44988710908234
    ],
    [
      34.8403024615136,
      45.93771864517552
    ],
    [
      33.972222061158966,
      46.44433074106684
    ],
    [
      33.11130343205064,
      46.96846998872289
    ],
    [
      32.25715197343997,
      47.50888298011035
    ],
    [
      31.40937308457819,
      48.06431630719586
    ],
    [
      30.567572164716612,
      48.63351656194604
    ],
    [
      29.731354613106557,
      49.215230336327565
    ],
    [
      28.900325828999275,
      49.80820422230704
    ],
    [
      28.074091211646085,
      50.41118481185115
    ],
    [
      27.252256160298288,
      51.022918696926496
    ],
    [
      26.434426074207156,
      51.64215246949977
    ],
    [
      25.620206352624,
      52.26763272153756
    ],
    [
      24.809202394800092,
      52.89810604500656
    ],
    [
      24.001019599986748,
      53.53231903187339
    ],
    [
      23.195651281135806,
      54.169366582309536
    ],
    [
      22.39631140383293,
      54.8112354245808
    ],
    [
      21.60780849321255,
      55.46134404399884
    ],
    [
      20.83496246452121,
      56.12312115307147
    ],
    [
      20.082593233005458,
      56.799995464306576
    ],
    [
      19.355520713911805,
      57.49539569021199
    ],
    [
      18.65856482248682,
      58.2127505432955
    ],
    [
      17.996545473977037,
      58.95548873606499
    ],
    [
      17.374282583628975,
      59.7270389810283
    ],
    [
      16.79659606668921,
      60.530829990693235
    ],
    [
      16.268238136059338,
      61.37019259447715
    ],
    [
      15.791769898438321,
      62.24528975151238
    ],
    [
      15.367137750357324,
      63.15250411003852
    ],
    [
      14.99413483468762,
