{
  "test_id": 106,
  "test_outcome": "NOT_EXECUTED",
  "predicted_test_outcome": null,
  "test_duration": null,
  "road_points": [
    [
      100.0,
      99.99999999999999
    ],
    [
      100.058485923655,
      99.14819984652556
    ],
    [
      100.11807691692708,
      98.26781981019992
    ],
    [
      100.17727202128229,
      97.36092190065193
    ],
    [
      100.23457027818674,
      96.4295681275104
    ],
    [
      100.28847072910635,
      95.47582050040407
    ],
    [
      100.3374724155072,
      94.50174102896179
    ],
    [
      100.3800743788553,
      93.50939172281238
    ],
    [
      100.41477566061673,
      92.50083459158462
    ],
    [
      100.44007530225751,
      91.47813164490734
    ],
    [
      100.45447234524366,
      90.4433448924093
    ],
    [
      100.45646583104124,
      89.3985363437194
    ],
    [
      100.44455480111625,
      88.34576800846638
    ],
    [
      100.41723829693476,
      87.28710189627905
    ],
    [
      100.37301535996276,
      86.22460001678623
    ],
    [
      100.31038503166636,
      85.16032437961672
    ],
    [
      100.22784635351154,
      84.09633699439937
    ],
    [
      100.12389836696431,
      83.03469987076292
    ],
    [
      99.99704011349077,
      81.97747501833622
    ],
    [
      99.84577063455693,
      80.9267244467481
    ],
    [
      99.6685889716288,
      79.88451016562729
    ],
    [
      99.46399416617247,
      78.85289418460268
    ],
    [
      99.2304852596539,
      77.83393851330302
    ],
    [
      98.9665612935392,
      76.82970516135715
    ],
    [
      98.67072130929436,
      75.84225613839388
    ],
    [
      98.34146434838543,
      74.87365345404201
    ],
    [
      97.97728945227844,
      73.92595911793033
    ],
    [
      97.57669566243942,
      73.00123513968768
    ],
    [
      97.1381820203344,
      72.10154352894284
    ],
    [
      96.66024756742948,
      71.22894629532465
    ],
    [
      96.14139134519058,
      70.38550544846188
    ],
    [
      95.58011239508384,
      69.57328299798336
    ],
    [
      94.97490975857522,
      68.79434095351789
    ],
    [
      94.32428247713082,
      68.05074132469429
    ],
    [
      93.62702771809293,
      67.34448320349556
    ],
    [
      92.88469755444784,
      66.67698427589063
    ],
    [
      92.10033339558444,
      66.04934791249492
    ],
    [
      91.27699123873172,
      65.46267440524916
    ],
    [
      90.41772708111863,
      64.91806404609416
    ],
    [
      89.52559691997412,
      64.41661712697062
    ],
    [
      88.60365675252727,
      63.95943393981942
    ],
    [
      87.65496257600704,
      63.54761477658129
    ],
    [
      86.68257038764239,
      63.18225992919699
    ],
    [
      85.6895361846623,
      62.86446968960734
    ],
    [
      84.67891596429578,
      62.59534434975308
    ],
    [
      83.65376572377187,
      62.37598420157503
    ],
    [
      82.6171414603195,
      62.207489537013956
    ],
    [
      81.57209917116765,
      62.090960648010615
    ],
    [
      80.52169485354533,
      62.02749782650581
    ],
    [
      79.46898450468153,
      62.0182013644403
    ],
    [
      78.41702412180526,
      62.0641715537549
    ],
    [
      77.368896182556,
      62.166260414207464
    ],
    [
      76.3278515506459,
      62.32374122954064
    ],
    [
      75.29720705571094,
      62.53526880728939
    ],
    [
      74.28027968157893,
      62.799496509332144
    ],
    [
      73.28038641207776,
      63.11507769754741
    ],
    [
      72.30084423103531,
      63.48066573381368
    ],
    [
      71.34497012227949,
      63.894913980009434
    ],
    [
      70.41608106963815,
      64.35647579801314
    ],
    [
      69.51749405693916,
      64.86400454970327
    ],
    [
      68.6525260680104,
      65.41615359695831
    ],
    [
      67.82449408667976,
      66.01157630165677
    ],
    [
      67.03671509677513,
      66.64892602567711
    ],
    [
      66.29250608212436,
      67.32685613089782
    ],
    [
      65.59518402655534,
      68.04401997919736
    ],
    [
      64.94806591389596,
      68.79907093245424
    ],
    [
      64.3543326069941,
      69.59063378684297
    ],
    [
      63.81475012463302,
      70.41682657080324
    ],
    [
      63.32801095090194,
      71.27533217060747
    ],
    [
      62.89274020803692,
      72.16381933628884
    ],
    [
      62.50756301827399,
      73.07995681788032
    ],
    [
      62.17110450384923,
      74.021413365415
    ],
    [
      61.881989786998645,
      74.98585772892599
    ],
    [
      61.638843989958325,
      75.97095865844632
    ],
    [
      61.440292234964296,
      76.97438490400909
    ],
    [
      61.28495964425262,
      77.99380521564737
    ],
    [
      61.17147134005935,
      79.02688834339422
    ],
    [
      61.098452444620506,
      80.0713030372827
    ],
    [
      61.064528080172174,
      81.12471804734591
    ],
    [
      61.068323368950395,
      82.18480212361692
    ],
    [
      61.10846343319121,
      83.24922401612879
    ],
    [
      61.183573395130665,
      84.31565247491457
    ],
    [
      61.29227837700481,
      85.38175625000736
    ],
    [
      61.43320350104972,
      86.44520409144022
    ],
    [
      61.60497388950141,
      87.50366474924625
    ],
    [
      61.806214664595956,
      88.55480697345851
    ],
    [
      62.03555094856937,
      89.59629951411003
    ],
    [
      62.29160786365776,
      90.62581112123392
    ],
    [
      62.57301053209713,
      91.64101054486326
    ],
    [
      62.87840907401206,
      92.63970309109443
    ],
    [
      63.206771224121105,
      93.62142910050818
    ],
    [
      63.55728323218071,
      94.58692259663677
    ],
    [
      63.92913565281299,
      95.53694111921935
    ],
    [
      64.32151904064008,
      96.472242207995
    ],
    [
      64.73362395028416,
      97.39358340270289
    ],
    [
      65.16464093636735,
      98.30172224308214
    ],
    [
      65.6137605535118,
      99.19741626887192
    ],
    [
      66.08017335633964,
      100.08142301981128
    ],
    [
      66.56306989947304,
      100.95450003563944
    ],
    [
      67.06164073753413,
      101.81740485609552
    ],
    [
      67.57507642514507,
      102.67089502091862
    ],
    [
      68.10256751692799,
      103.51572806984791
    ],
    [
      68.64330456750507,
      104.35266154262254
    ],
    [
      69.1964781314984,
      105.18245297898159
    ],
    [
      69.76127876353016,
      106.0058599186642
    ],
    [
      70.33689701822249,
      106.82363990140956
    ],
    [
      70.92252345019755,
      107.63655046695678
    ],
    [
      71.51734861407743,
      108.44534915504495
    ],
    [
      72.12056306448434,
      109.2507935054133
    ],
    [
      72.73135735604039,
      110.05364105780087
    ],
    [
      73.34892204336775,
      110.85464935194685
    ],
    [
      73.97244768108854,
      111.65457592759036
    ],
    [
      74.60131939191551,
      112.45388393358682
    ],
    [
      75.23715843253578,
      113.24965314048461
    ],
    [
      75.88301660699815,
      114.03679883183548
    ],
    [
      76.54196902316468,
      114.81020103140045
    ],
    [
      77.21709078889731,
      115.56473976294046
    ],
    [
      77.91145701205805,
      116.29529505021652
    ],
    [
      78.6281428005089,
      116.99674691698964
    ],
    [
      79.37022326211189,
      117.66397538702081
    ],
    [
      80.14077350472897,
      118.29186048407095
    ],
    [
      80.94286863622214,
      118.87528223190111
    ],
    [
      81.77954360924838,
      119.40915386501295
    ],
    [
      82.65135347384958,
      119.89043964473257
    ],
    [
      83.55496828261097,
      120.31931695613834
    ],
    [
      84.4867190387812,
      120.69624359825742
    ],
    [
      85.4429367456089,
