{
  "test_id": 197,
  "test_outcome": "NOT_EXECUTED",
  "predicted_test_outcome": null,
  "test_duration": null,
  "road_points": [
    [
      100.00000000000003,
      100.00000000000001
    ],
    [
      100.00593838337079,
      98.91192663969915
    ],
    [
      99.94836866918344,
      97.84106584430396
    ],
    [
      99.82932654881817,
      96.78867802838892
    ],
    [
      99.6508477136552,
      95.75602360652854
    ],
    [
      99.4149678550748,
      94.74436299329743
    ],
    [
      99.12372266445723,
      93.75495660327007
    ],
    [
      98.77914783318262,
      92.78906485102094
    ],
    [
      98.38327905263134,
      91.84794815112464
    ],
    [
      97.93815201418349,
      90.93286691815561
    ],
    [
      97.44580240921935,
      90.04508156668844
    ],
    [
      96.90826592911918,
      89.18585251129757
    ],
    [
      96.32757826526318,
      88.35644016655763
    ],
    [
      95.70577510903158,
      87.55810494704303
    ],
    [
      95.04489215180465,
      86.79210726732838
    ],
    [
      94.34696508496256,
      86.05970754198816
    ],
    [
      93.6140295998856,
      85.36216618559688
    ],
    [
      92.84812138795397,
      84.70074361272908
    ],
    [
      92.05127614054788,
      84.07670023795932
    ],
    [
      91.22552954904761,
      83.49129647586204
    ],
    [
      90.37291730483338,
      82.94579274101181
    ],
    [
      89.4954750992854,
      82.44144944798316
    ],
    [
      88.59523862378393,
      81.9795270113506
    ],
    [
      87.67424356970918,
      81.56128584568864
    ],
    [
      86.73452562844139,
      81.18798636557185
    ],
    [
      85.77812049136077,
      80.86088898557466
    ],
    [
      84.80706598548957,
      80.58125515505995
    ],
    [
      83.82349445613488,
      80.35039212058581
    ],
    [
      82.8296681290317,
      80.16967006001862
    ],
    [
      81.82785866269073,
      80.04046372171257
    ],
    [
      80.82033771562256,
      79.96414785402189
    ],
    [
      79.80937694633786,
      79.94209720530075
    ],
    [
      78.79724801334731,
      79.97568652390339
    ],
    [
      77.78622257516157,
      80.06629055818401
    ],
    [
      76.77857229029122,
      80.21528405649673
    ],
    [
      75.776568817247,
      80.42404176719582
    ],
    [
      74.78248381887813,
      80.69393838843828
    ],
    [
      73.79865719433056,
      81.0255591386055
    ],
    [
      72.82766984371966,
      81.41670090492963
    ],
    [
      71.87215584684711,
      81.86454529671964
    ],
    [
      70.93474928351465,
      82.36627392328447
    ],
    [
      70.01808423352404,
      82.91906839393319
    ],
    [
      69.12479477667695,
      83.52011031797471
    ],
    [
      68.25751499277517,
      84.16658130471808
    ],
    [
      67.4188789616204,
      84.85566296347226
    ],
    [
      66.61152076301435,
      85.58453690354624
    ],
    [
      65.83807447675873,
      86.35038473424898
    ],
    [
      65.10117418265534,
      87.15038806488954
    ],
    [
      64.40345396050584,
      87.98172850477685
    ],
    [
      63.74754789011198,
      88.84158766321991
    ],
    [
      63.136090051275495,
      89.72714714952771
    ],
    [
      62.57171452379807,
      90.63558857300919
    ],
    [
      62.05705538748149,
      91.56409354297344
    ],
    [
      61.59474672212742,
      92.50984366872936
    ],
    [
      61.18742260753765,
      93.470020559586
    ],
    [
      60.83771712351386,
      94.4418058248523
    ],
    [
      60.5482643498578,
      95.42238107383726
    ],
    [
      60.321698366371166,
      96.40892791584986
    ],
    [
      60.16065325285573,
      97.39862796019912
    ],
    [
      60.067760977241576,
      98.38866348439996
    ],
    [
      60.04436122115893,
      99.37662565133841
    ],
    [
      60.088306910933106,
      100.36120884942957
    ],
    [
      60.196868788667864,
      101.34129167287279
    ],
    [
      60.36731759646704,
      102.31575271586748
    ],
    [
      60.596924076434384,
      103.283470572613
    ],
    [
      60.88295897067372,
      104.24332383730872
    ],
    [
      61.22269302128881,
      105.19419110415403
    ],
    [
      61.613396970383484,
      106.13495096734835
    ],
    [
      62.052341560061514,
      107.06448202109102
    ],
    [
      62.53679753242669,
      107.98166285958143
    ],
    [
      63.06403562958282,
      108.885372077019
    ],
    [
      63.631326593633695,
      109.77448826760309
    ],
    [
      64.23594116668309,
      110.64789002553304
    ],
    [
      64.87515009083482,
      111.50445594500829
    ],
    [
      65.54622410819267,
      112.34306462022825
    ],
    [
      66.24643396086043,
      113.1625946453922
    ],
    [
      66.97305039094192,
      113.9619246146996
    ],
    [
      67.7233441405409,
      114.73993312234984
    ],
    [
      68.49458595176115,
      115.49549876254224
    ],
    [
      69.28404656670652,
      116.22750012947624
    ],
    [
      70.08899672748073,
      116.9348158173512
    ],
    [
      70.90670717618765,
      117.6163244203665
    ],
    [
      71.73445353531949,
      118.27090871182548
    ],
    [
      72.57028119566972,
      118.89811062193442
    ],
    [
      73.41383821880981,
      119.49884445685325
    ],
    [
      74.26497277598311,
      120.07419587777346
    ],
    [
      75.12353303843304,
      120.62525054588666
    ],
    [
      75.98936717740293,
      121.15309412238437
    ],
    [
      76.8623233641362,
      121.65881226845814
    ],
    [
      77.74224976987618,
      122.14349064529952
    ],
    [
      78.62899456586628,
      122.60821491410006
    ],
    [
      79.5224059233499,
      123.05407073605129
    ],
    [
      80.42233201357034,
      123.48214377234471
    ],
    [
      81.32862100777102,
      123.89351968417193
    ],
    [
      82.24112107719532,
      124.28928413272452
    ],
    [
      83.15968039308662,
      124.67052277919394
    ],
    [
      84.08414712668828,
      125.03832128477183
    ],
    [
      85.0143694492437,
      125.39376531064966
    ],
    [
      85.95019553199623,
      125.73794051801903
    ],
    [
      86.89147354618926,
      126.07193256807142
    ],
    [
      87.83805166306612,
      126.39682712199837
    ],
    [
      88.7897780538703,
      126.71370984099151
    ],
    [
      89.74650088984507,
      127.02366638624235
    ],
    [
      90.70806834223387,
      127.32778241894245
    ],
    [
      91.67432858228001,
      127.62714360028329
    ],
    [
      92.64512883796527,
      127.92281504511153
    ],
    [
      93.62021232804611,
      128.21359631508693
    ],
    [
      94.5991254990339,
      128.49400083296618
    ],
    [
      95.58139290265682,
      128.75806510423385
    ],
    [
      96.56653909064298,
      128.99982563437442
    ],
    [
      97.55408861472058,
      129.21331892887244
    ],
    [
      98.5435660266177,
      129.39258149321236
    ],
    [
      99.53449587806254,
      129.53164983287877
    ],
    [
      100.52640272078324,
      129.6245604533561
    ],
    [
      101.5188111065079,
      129.6653498601289
    ],
    [
      102.51124558696472,
      129.64805455868174
    ],
    [
      103.50293573069351,
      129.56781588563044
    ],
    [
      104.49162090995934,
      129.42535656426352
    ],
    [
      105.47457100620952,
      129.223157750526
    ],
    [
      106.44905572563528,
      128.96370125676734
    ],
    [
      107.41234477442795,
      128.64946889533675
    ],
    [
      108.36170785877886,
      128.28294247858355
    ],
    [
      109.29441468487923,
      127.86660381885702
    ],
    [
      110.20773495892044,
      127.40293472850658
    ],
    [
      111.0989383870937,
      126.89441701988144
    ],
    [
      111.96529467559037,
      126.34353250533097
    ],
