{
  "test_id": 298,
  "test_outcome": "NOT_EXECUTED",
  "predicted_test_outcome": null,
  "test_duration": null,
  "road_points": [
    [
      100.00000000000004,
      100.00000000000003
    ],
    [
      99.80844970195683,
      101.4487302747287
    ],
    [
      99.57290662826283,
      102.82264001595101
    ],
    [
      99.29465528587777,
      104.12423977397523
    ],
    [
      98.97498018176145,
      105.35604009910973
    ],
    [
      98.61516582287359,
      106.52055154166275
    ],
    [
      98.21649671617406,
      107.62028465194271
    ],
    [
      97.78025736862257,
      108.6577499802579
    ],
    [
      97.30773228717894,
      109.6354580769166
    ],
    [
      96.80020597880294,
      110.5559194922272
    ],
    [
      96.25896295045435,
      111.42164477649801
    ],
    [
      95.68528770909292,
      112.23514448003732
    ],
    [
      95.0804647616784,
      112.99892915315343
    ],
    [
      94.4457786151707,
      113.71550934615476
    ],
    [
      93.7825137765295,
      114.38739560934954
    ],
    [
      93.09195475271457,
      115.01709849304613
    ],
    [
      92.37538605068572,
      115.60712854755288
    ],
    [
      91.63409217740274,
      116.15999632317806
    ],
    [
      90.86935763982537,
      116.67821237023
    ],
    [
      90.08246694491342,
      117.16428723901706
    ],
    [
      89.27470459962666,
      117.62073147984755
    ],
    [
      88.44735511092487,
      118.05005564302976
    ],
    [
      87.60170298576786,
      118.4547702788721
    ],
    [
      86.7390327311153,
      118.83738593768275
    ],
    [
      85.8606288539271,
      119.20041316977016
    ],
    [
      84.967775861163,
      119.54636252544265
    ],
    [
      84.06175825978272,
      119.87774455500845
    ],
    [
      83.14386055674612,
      120.19706980877596
    ],
    [
      82.2153672590129,
      120.50684883705347
    ],
    [
      81.2775628735429,
      120.80959219014929
    ],
    [
      80.33173190729589,
      121.1078104183718
    ],
    [
      79.37915886723162,
      121.40401407202927
    ],
    [
      78.4211282603099,
      121.70071370143006
    ],
    [
      77.45892459349047,
      122.00041985688244
    ],
    [
      76.49383237373316,
      122.30564308869481
    ],
    [
      75.52713610799769,
      122.6188939471754
    ],
    [
      74.56012030324389,
      122.94268298263263
    ],
    [
      73.59406946643152,
      123.27952074537475
    ],
    [
      72.63026810452037,
      123.63191778571013
    ],
    [
      71.67000072447019,
      124.00238465394708
    ],
    [
      70.71455183324078,
      124.39343190039388
    ],
    [
      69.76520593779192,
      124.80757007535892
    ],
    [
      68.82324754508336,
      125.24730972915047
    ],
    [
      67.88996243715614,
      125.71515917671213
    ],
    [
      66.96705657502231,
      126.21289011066506
    ],
    [
      66.0572605831726,
      126.74047787006923
    ],
    [
      65.16345833419817,
      127.29762913234408
    ],
    [
      64.28853370069025,
      127.88405057490894
    ],
    [
      63.43537055524008,
      128.49944887518322
    ],
    [
      62.60685277043887,
      129.14353071058642
    ],
    [
      61.80586421887783,
      129.81600275853776
    ],
    [
      61.03528877314817,
      130.5165716964567
    ],
    [
      60.29801030584111,
      131.2449442017627
    ],
    [
      59.5969126895479,
      132.0008269518751
    ],
    [
      58.93487979685971,
      132.78392662421328
    ],
    [
      58.3147955003678,
      133.59394989619665
    ],
    [
      57.739543672663366,
      134.43060344524457
    ],
    [
      57.21200818633762,
      135.29359394877648
    ],
    [
      56.735072913981796,
      136.18262808421173
    ],
    [
      56.3116217281871,
      137.09741252896978
    ],
    [
      55.944538501544756,
      138.03765396046998
    ],
    [
      55.636707106645986,
      139.0030590561317
    ],
    [
      55.3907200887386,
      139.99309602331746
    ],
    [
      55.20660476232677,
      141.00513326401588
    ],
    [
      55.08305496646719,
      142.03544764530477
    ],
    [
      55.018753136472135,
      143.0803066995681
    ],
    [
      55.01238170765387,
      144.13597795918974
    ],
    [
      55.062623115324605,
      145.19872895655354
    ],
    [
      55.16815979479662,
      146.2648272240435
    ],
    [
      55.327674181382164,
      147.3305402940435
    ],
    [
      55.5398487103935,
      148.39213569893738
    ],
    [
      55.80336581714283,
      149.44588097110912
    ],
    [
      56.11690793694249,
      150.48804364294264
    ],
    [
      56.47915750510467,
      151.5148912468218
    ],
    [
      56.88879695694167,
      152.52269131513057
    ],
    [
      57.344508727765685,
      153.5077113802528
    ],
    [
      57.844975252889014,
      154.4662189745724
    ],
    [
      58.38887896762389,
      155.3944816304733
    ],
    [
      58.974902307282576,
      156.28876688033944
    ],
    [
      59.601727707177325,
      157.14534225655464
    ],
    [
      60.26803760262038,
      157.96047529150295
    ],
    [
      60.97251442892401,
      158.73043351756814
    ],
    [
      61.713840621400436,
      159.45148446713415
    ],
    [
      62.490698615361964,
      160.11989567258493
    ],
    [
      63.30177084612082,
      160.7319346663044
    ],
    [
      64.14552515739983,
      161.2847604428762
    ],
    [
      65.01912919242012,
      161.78093332506683
    ],
    [
      65.9192634687019,
      162.22503726643816
    ],
    [
      66.84260764669592,
      162.62165978101407
    ],
    [
      67.78584138685291,
      162.9753883828183
    ],
    [
      68.74564434962352,
      163.29081058587445
    ],
    [
      69.7186961954585,
      163.5725139042064
    ],
    [
      70.7016765848086,
      163.82508585183783
    ],
    [
      71.69126517812444,
      164.0531139427924
    ],
    [
      72.68414163585678,
      164.26118569109397
    ],
    [
      73.67708252669551,
      164.4537701251356
    ],
    [
      74.66874743076731,
      164.63303399437734
    ],
    [
      75.65950474097585,
      164.7990547547252
    ],
    [
      76.64978481578325,
      164.95183409940157
    ],
    [
      77.64001801365154,
      165.09137372162886
    ],
    [
      78.63063469304281,
      165.21767531462945
    ],
    [
      79.62206521241914,
      165.3307405716258
    ],
    [
      80.6147399302426,
      165.43057118584036
    ],
    [
      81.60908920497523,
      165.51716885049552
    ],
    [
      82.60554339507911,
      165.59053525881367
    ],
    [
      83.60453285901632,
      165.65067210401722
    ],
    [
      84.6064879552489,
      165.69758107932867
    ],
    [
      85.61183904223896,
      165.73126387797038
    ],
    [
      86.62101647844852,
      165.75172219316477
    ],
    [
      87.63445062233968,
      165.75895771813424
    ],
    [
      88.6525718323745,
      165.75297214610123
    ],
    [
      89.67568240448523,
      165.73360767994478
    ],
    [
      90.70199746224577,
      165.69810713740998
    ],
    [
      91.72803322212557,
      165.64159750050237
    ],
    [
      92.75025652381446,
      165.55914425689662
    ],
    [
      93.76513420700216,
      165.4458128942675
    ],
    [
      94.76913311137842,
      165.29666890028975
    ],
    [
      95.75872007663311,
      165.1067777626381
    ],
    [
      96.73036194245591,
      164.8712049689874
    ],
    [
      97.68052554853661,
      164.58501600701226
    ],
    [
      98.60567773456496,
      164.2432763643875
    ],
    [
      99.50230091378933,
      163.84108069277312
    ],
    [
      100.36870900571029,
      163.37695343292458
    ],
    [
      101.20674488718696,
      162.85602756403512
    ],
    [
      102.01865299534957,
      162.28418805128587
    ],
    [
      102.8066777673282,
