{
  "test_id": 376,
  "test_outcome": "NOT_EXECUTED",
  "predicted_test_outcome": null,
  "test_duration": null,
  "road_points": [
    [
      99.99999999999999,
      99.99999999999999
    ],
    [
      99.80063353086301,
      98.98383693524812
    ],
    [
      99.5764721215278,
      97.9802131006986
    ],
    [
      99.32806032954429,
      96.98892454499762
    ],
    [
      99.05594271246252,
      96.00976731679155
    ],
    [
      98.76066382783266,
      95.04253746472678
    ],
    [
      98.44276823320455,
      94.0870310374495
    ],
    [
      98.10280048612837,
      93.14304408360617
    ],
    [
      97.74130514415401,
      92.21037265184296
    ],
    [
      97.35882676483162,
      91.28881279080629
    ],
    [
      96.95590990571122,
      90.3781605491425
    ],
    [
      96.53309912434278,
      89.47821197549786
    ],
    [
      96.0909389782764,
      88.58876311851871
    ],
    [
      95.62997402506204,
      87.70961002685134
    ],
    [
      95.15074882224977,
      86.8405487491421
    ],
    [
      94.65380792738966,
      85.98137533403735
    ],
    [
      94.13969589803169,
      85.13188583018338
    ],
    [
      93.60895729172591,
      84.29187628622648
    ],
    [
      93.06213666602234,
      83.461142750813
    ],
    [
      92.49977857847105,
      82.63948127258928
    ],
    [
      91.92242758662202,
      81.8266879002016
    ],
    [
      91.3306282480253,
      81.0225586822963
    ],
    [
      90.72492512023094,
      80.22688966751971
    ],
    [
      90.10586276078897,
      79.43947690451816
    ],
    [
      89.47398572724939,
      78.66011644193794
    ],
    [
      88.82983857716228,
      77.8886043284254
    ],
    [
      88.17396586807763,
      77.12473661262685
    ],
    [
      87.50691215754549,
      76.36830934318863
    ],
    [
      86.8292220031159,
      75.61911856875702
    ],
    [
      86.1414399623389,
      74.87696033797839
    ],
    [
      85.44411059276449,
      74.14163069949902
    ],
    [
      84.7377784519427,
      73.41292570196526
    ],
    [
      84.02298809742359,
      72.6906413940234
    ],
    [
      83.30028408675719,
      71.9745738243198
    ],
    [
      82.5702109774935,
      71.26451904150078
    ],
    [
      81.8333133271826,
      70.56027309421263
    ],
    [
      81.09013569337449,
      69.8616320311017
    ],
    [
      80.34122263361922,
      69.1683919008143
    ],
    [
      79.58708667518788,
      68.48040531152881
    ],
    [
      78.82703922141808,
      67.79964583352327
    ],
    [
      78.05885639075714,
      67.13079806544971
    ],
    [
      77.28021417438836,
      66.47872341213807
    ],
    [
      76.48878856349513,
      65.84828327841844
    ],
    [
      75.68225554926079,
      65.24433906912084
    ],
    [
      74.85829112286866,
      64.67175218907528
    ],
    [
      74.01457127550215,
      64.13538404311183
    ],
    [
      73.14877199834451,
      63.64009603606047
    ],
    [
      72.25856928257915,
      63.19074957275128
    ],
    [
      71.34163964169986,
      62.79220569676153
    ],
    [
      70.39707264958231,
      62.44834811748083
    ],
    [
      69.42844665252926,
      62.15995591351989
    ],
    [
      68.44022928253678,
      61.92719309471947
    ],
    [
      67.4368881716011,
      61.75022367092043
    ],
    [
      66.42289095171827,
      61.629211651963466
    ],
    [
      65.4027052548845,
      61.56432104768944
    ],
    [
      64.38079871309588,
      61.555715867939114
    ],
    [
      63.3616389583486,
      61.603560122553326
    ],
    [
      62.34969362263878,
      61.70801782137283
    ],
    [
      61.34943033796257,
      61.86925297423844
    ],
    [
      60.36496969981137,
      62.08712463222022
    ],
    [
      59.39739564825655,
      62.358823381568754
    ],
    [
      58.446221695590204,
      62.68015979312259
    ],
    [
      57.510948168840095,
      63.046932851152484
    ],
    [
      56.591075395034004,
      63.45494153992918
    ],
    [
      55.68610370119965,
      63.89998484372336
    ],
    [
      54.79553341436483,
      64.37786174680583
    ],
    [
      53.91886486155728,
      64.88437123344727
    ],
    [
      53.05559836980477,
      65.4153122879184
    ],
    [
      52.20523426613505,
      65.96648389449001
    ],
    [
      51.36726923511459,
      66.53372549912561
    ],
    [
      50.54107342747603,
      67.11428212843718
    ],
    [
      49.72586084314933,
      67.70713338499829
    ],
    [
      48.920835833957376,
      68.31136604582149
    ],
    [
      48.125202751723016,
      68.92606688791932
    ],
    [
      47.33816594826912,
      69.55032268830438
    ],
    [
      46.55892977541858,
      70.18322022398917
    ],
    [
      45.78669858499419,
      70.82384627198626
    ],
    [
      45.02067672881889,
      71.47128760930819
    ],
    [
      44.26006855871549,
      72.12463101296751
    ],
    [
      43.50407842650687,
      72.78296325997678
    ],
    [
      42.75191068401591,
      73.44537112734855
    ],
    [
      42.00276968306547,
      74.11094139209537
    ],
    [
      41.255859775478385,
      74.77876083122977
    ],
    [
      40.510385313077556,
      75.44791622176432
    ],
    [
      39.76555064768584,
      76.11749434071157
    ],
    [
      39.02056013112608,
      76.78658196508407
    ],
    [
      38.27461811522116,
      77.45426587189438
    ],
    [
      37.526928951793906,
      78.11963283815498
    ],
    [
      36.77669699266724,
      78.78176964087851
    ],
    [
      36.023126589664,
      79.43976305707747
    ],
    [
      35.26542209460704,
      80.09269986376445
    ],
    [
      34.50278785931924,
      80.73966683795194
    ],
    [
      33.734459542362785,
      81.37978860756418
    ],
    [
      32.96049468743011,
      82.01318348757498
    ],
    [
      32.18183362250749,
      82.6410371091658
    ],
    [
      31.399460181665052,
      83.26458770385193
    ],
    [
      30.61435819897296,
      83.88507350314863
    ],
    [
      29.827511508501363,
      84.50373273857116
    ],
    [
      29.0399039443204,
      85.12180364163474
    ],
    [
      28.252519340500243,
      85.74052444385462
    ],
    [
      27.466341531111006,
      86.36113337674611
    ],
    [
      26.68235435022286,
      86.98486867182439
    ],
    [
      25.90154163190595,
      87.61296856060474
    ],
    [
      25.124887210230433,
      88.24667127460245
    ],
    [
      24.353374919266447,
      88.88721504533268
    ],
    [
      23.58798859308414,
      89.53583810431078
    ],
    [
      22.829712065753668,
      90.19377868305193
    ],
    [
      22.079529171345175,
      90.86227501307144
    ],
    [
      21.338423743928804,
      91.54256532588451
    ],
    [
      20.60737961757472,
      92.23588785300642
    ],
    [
      19.887380626353067,
      92.94348082595242
    ],
    [
      19.17947676369484,
      93.66657351444752
    ],
    [
      18.48612829653043,
      94.40620415591049
    ],
    [
      17.811146523855413,
      95.16322798015815
    ],
    [
      17.15839704889856,
      95.93849286108464
    ],
    [
      16.53174547488864,
      96.73284667258402
    ],
    [
      15.935057405054412,
      97.54713728855042
    ],
    [
      15.372198442624635,
      98.38221258287791
    ],
    [
      14.847034190828087,
      99.23892042946056
    ],
    [
      14.363430252893524,
      100.11810870219253
    ],
    [
      13.925252232049719,
      101.02062527496784
    ],
    [
      13.536362389771343,
      101.94731311121954
    ],
    [
      13.19978831160482,
      102.89778867968154
    ],
    [
      12.916629137927641,
      103.86883474118133
    ],
    [
      12.687712504228278,
      104.85683510014213
    ],
    [
      12.513866045995213,
      105.85817356098707
    ],
    [
      12.395917398716936,
