{
  "test_id": 404,
  "test_outcome": "NOT_EXECUTED",
  "predicted_test_outcome": null,
  "test_duration": null,
  "road_points": [
    [
      100.00000000000001,
      100.00000000000003
    ],
    [
      99.89361012766949,
      100.96335946541393
    ],
    [
      99.73590014483725,
      101.92471171411309
    ],
    [
      99.53160336952952,
      102.8843136569592
    ],
    [
      99.28545311977264,
      103.8424222048141
    ],
    [
      99.00218271359284,
      104.79929426853957
    ],
    [
      98.68652546901647,
      105.75518675899734
    ],
    [
      98.3432147040698,
      106.71035658704925
    ],
    [
      97.97698373677906,
      107.66506066355701
    ],
    [
      97.59256588517057,
      108.61955589938243
    ],
    [
      97.19469446727065,
      109.57409920538728
    ],
    [
      96.78810280110555,
      110.52894749243333
    ],
    [
      96.37752420470157,
      111.48435767138237
    ],
    [
      95.967691996085,
      112.44058665309616
    ],
    [
      95.56333949328209,
      113.39789134843646
    ],
    [
      95.16920001431919,
      114.35652866826511
    ],
    [
      94.79000687722252,
      115.3167555234438
    ],
    [
      94.4304934000184,
      116.27882882483436
    ],
    [
      94.09539290073315,
      117.24300548329856
    ],
    [
      93.78943869739298,
      118.20954240969816
    ],
    [
      93.51736410802424,
      119.17869651489494
    ],
    [
      93.28390245065319,
      120.15072470975072
    ],
    [
      93.09378704330611,
      121.12588390512717
    ],
    [
      92.9517512040093,
      122.10443101188615
    ],
    [
      92.86252825078904,
      123.08662294088943
    ],
    [
      92.83085150167162,
      124.07271660299875
    ],
    [
      92.86139492272552,
      125.0629367304955
    ],
    [
      92.95622715970748,
      126.05609554102361
    ],
    [
      93.11384918737457,
      127.04907098430382
    ],
    [
      93.33250417623718,
      128.03860123750374
    ],
    [
      93.61043529680569,
      129.02142447779076
    ],
    [
      93.94588571959054,
      129.9942788823325
    ],
    [
      94.33709861510216,
      130.95390262829648
    ],
    [
      94.78231715385091,
      131.8970338928502
    ],
    [
      95.27978450634726,
      132.8204108531612
    ],
    [
      95.82774384310157,
      133.7207716863971
    ],
    [
      96.42443833462428,
      134.59485456972521
    ],
    [
      97.06811115142581,
      135.43939768031328
    ],
    [
      97.75700546401654,
      136.25113919532873
    ],
    [
      98.48936444290693,
      137.02681729193915
    ],
    [
      99.26343125860733,
      137.763170147312
    ],
    [
      100.0774490816282,
      138.45693593861483
    ],
    [
      100.92966108247991,
      139.1048528430152
    ],
    [
      101.81831043167293,
      139.70365903768064
    ],
    [
      102.7416402997176,
      140.25009269977863
    ],
    [
      103.6976038228092,
      140.74145056133938
    ],
    [
      104.68289989551235,
      141.17744480223902
    ],
    [
      105.69388844842742,
      141.5584403870779
    ],
    [
      106.72692940664602,
      141.88480229106506
    ],
    [
      107.77838269525999,
      142.1568954894096
    ],
    [
      108.84460823936104,
      142.37508495732067
    ],
    [
      109.92196596404087,
      142.5397356700073
    ],
    [
      111.00681579439122,
      142.65121260267856
    ],
    [
      112.09551765550384,
      142.7098807305436
    ],
    [
      113.18443147247041,
      142.71610502881143
    ],
    [
      114.2699171703827,
      142.67025047269118
    ],
    [
      115.3483346743324,
      142.57268203739187
    ],
    [
      116.4160439094113,
      142.42376469812265
    ],
    [
      117.46940480071105,
      142.2238634300926
    ],
    [
      118.50477727332341,
      141.97334320851076
    ],
    [
      119.51852125234016,
      141.67256900858627
    ],
    [
      120.50699666285291,
      141.3219058055281
    ],
    [
      121.4665634299535,
      140.92171857454545
    ],
    [
      122.39358147873361,
      140.4723722908474
    ],
    [
      123.28441073428499,
      139.974231929643
    ],
    [
      124.13541112169935,
      139.4276624661413
    ],
    [
      124.94294256606838,
      138.83302887555143
    ],
    [
      125.70336605112945,
      138.19069665142987
    ],
    [
      126.41411526539515,
      137.5015565186239
    ],
    [
      127.07571586266225,
      136.76801312916174
    ],
    [
      127.68924724801893,
      135.99274226978875
    ],
    [
      128.2557888265534,
      135.1784197272501
    ],
    [
      128.7764200033538,
      134.32772128829086
    ],
    [
      129.2522201835083,
      133.44332273965645
    ],
    [
      129.68426877210518,
      132.52789986809194
    ],
    [
      130.0736451742324,
      131.58412846034253
    ],
    [
      130.42142879497834,
      130.6146843031535
    ],
    [
      130.7286990394311,
      129.62224318326997
    ],
    [
      130.99653531267876,
      128.6094808874372
    ],
    [
      131.22601701980963,
      127.57907320240037
    ],
    [
      131.4182235659118,
      126.53369591490467
    ],
    [
      131.5742343560735,
      125.4760248116953
    ],
    [
      131.69512879538289,
      124.40873567951752
    ],
    [
      131.78198628892807,
      123.33450430511647
    ],
    [
      131.83588624179734,
      122.25600647523738
    ],
    [
      131.8579080590788,
      121.17591797662546
    ],
    [
      131.84913114586058,
      120.09691459602585
    ],
    [
      131.81063490723096,
      119.02167212018388
    ],
    [
      131.74349874827806,
      117.95286633584465
    ],
    [
      131.64880207409004,
      116.89317302975337
    ],
    [
      131.5276238375903,
      115.84525966619988
    ],
    [
      131.38098650515522,
      114.81075402922875
    ],
    [
      131.20980187021286,
      113.78924687842267
    ],
    [
      131.014968874476,
      112.78009242723296
    ],
    [
      130.7973864596579,
      111.78264488911105
    ],
    [
      130.5579535674714,
      110.79625847750829
    ],
    [
      130.2975691396295,
      109.82028740587599
    ],
    [
      130.01713211784525,
      108.85408588766558
    ],
    [
      129.7175414438316,
      107.89700813632837
    ],
    [
      129.3996960593016,
      106.94840836531579
    ],
    [
      129.06449490596822,
      106.00764078807913
    ],
    [
      128.71283692554448,
      105.07405961806981
    ],
    [
      128.3456210597433,
      104.14701906873918
    ],
    [
      127.96374625027782,
      103.22587335353863
    ],
    [
      127.56811143886088,
      102.30997668591945
    ],
    [
      127.1596155672056,
      101.3986832793331
    ],
    [
      126.73915757702494,
      100.49134734723086
    ],
    [
      126.30763641003186,
      99.58732310306418
    ],
    [
      125.8659510079394,
      98.68596476028434
    ],
    [
      125.41500031246053,
      97.78662653234275
    ],
    [
      124.95568326530828,
      96.88866263269078
    ],
    [
      124.48889880819561,
      95.99142727477977
    ],
    [
      124.0155458828356,
      95.09427467206115
    ],
    [
      123.5364955028756,
      94.19658925935126
    ],
    [
      123.05085691699212,
      93.29966190290776
    ],
    [
      122.55495795670417,
      92.40779328085782
    ],
    [
      122.04488116870512,
      91.5255494975979
    ],
    [
      121.51670909968821,
      90.65749665752439
    ],
    [
      120.9665242963468,
      89.8082008650338
    ],
    [
      120.39040930537422,
      88.9822282245225
    ],
    [
      119.78444667346378,
      88.18414484038698
    ],
    [
      119.14471894730885,
      87.41851681702371
    ],
    [
      118.4673086736027,
      86.68991025882912
    ],
    [
      117.7482984001445,
      86.00289126956389
    ],
    [
      116.9850788272384,
      85.36127386818912
