{
  "test_id": 490,
  "test_outcome": "NOT_EXECUTED",
  "predicted_test_outcome": null,
  "test_duration": null,
  "road_points": [
    [
      100.00000000000001,
      100.00000000000001
    ],
    [
      99.90073333568876,
      100.97700510855437
    ],
    [
      99.74823062641099,
      101.94867781991306
    ],
    [
      99.54739538550253,
      102.91556382884447
    ],
    [
      99.3031311262991,
      103.87820883011688
    ],
    [
      99.02034136213675,
      104.83715851849878
    ],
    [
      98.70392960635115,
      105.79295858875852
    ],
    [
      98.35879937227827,
      106.74615473566452
    ],
    [
      97.98985417325385,
      107.6972926539851
    ],
    [
      97.60199752261374,
      108.64691803848866
    ],
    [
      97.20013293369388,
      109.59557658394361
    ],
    [
      96.78916391982996,
      110.54381398511829
    ],
    [
      96.37399399435793,
      111.4921759367811
    ],
    [
      95.95952667061358,
      112.44120813370046
    ],
    [
      95.55066546193277,
      113.39145627064467
    ],
    [
      95.15231388165134,
      114.34346604238216
    ],
    [
      94.7693754431051,
      115.2977831436813
    ],
    [
      94.40675365962993,
      116.2549532693105
    ],
    [
      94.06935204456163,
      117.2155221140381
    ],
    [
      93.76207411123607,
      118.18003537263252
    ],
    [
      93.48982337298908,
      119.1490387398621
    ],
    [
      93.2575033431565,
      120.12307791049523
    ],
    [
      93.07001753507417,
      121.10269857930031
    ],
    [
      92.93226946207794,
      122.0884464410457
    ],
    [
      92.84916263750364,
      123.08086719049982
    ],
    [
      92.82560057468709,
      124.08050652243102
    ],
    [
      92.86641027273463,
      125.08785848607522
    ],
    [
      92.9734057021817,
      126.10138339830353
    ],
    [
      93.14446436101083,
      127.11688453791206
    ],
    [
      93.37719839646194,
      128.12998607739894
    ],
    [
      93.66921995577478,
      129.13631218926213
    ],
    [
      94.01814118618933,
      130.13148704599976
    ],
    [
      94.42157423494531,
      131.11113482010978
    ],
    [
      94.87713124928264,
      132.07087968409027
    ],
    [
      95.38242437644114,
      133.00634581043926
    ],
    [
      95.93506576366067,
      133.9131573716548
    ],
    [
      96.53266755818105,
      134.78693854023487
    ],
    [
      97.17284190724216,
      135.62331348867758
    ],
    [
      97.85320095808385,
      136.41790638948095
    ],
    [
      98.57135685794591,
      137.16634141514294
    ],
    [
      99.32492175406827,
      137.86424273816175
    ],
    [
      100.11150779369072,
      138.50723453103524
    ],
    [
      100.92872712405317,
      139.09094096626157
    ],
    [
      101.77421152490334,
      139.6111935779473
    ],
    [
      102.64593379902888,
      140.06742583868856
    ],
    [
      103.54215575816653,
      140.46212377863986
    ],
    [
      104.46114835434852,
      140.79786996918108
    ],
    [
      105.40118253960702,
      141.07724698169196
    ],
    [
      106.36052926597435,
      141.30283738755244
    ],
    [
      107.33745948548263,
      141.47722375814237
    ],
    [
      108.33024415016413,
      141.6029886648416
    ],
    [
      109.33715421205108,
      141.68271467902997
    ],
    [
      110.35646062317574,
      141.71898437208736
    ],
    [
      111.38643433557021,
      141.71438031539358
    ],
    [
      112.42534630126684,
      141.67148508032858
    ],
    [
      113.4714674722978,
      141.5928812382721
    ],
    [
      114.52306880069531,
      141.48115136060403
    ],
    [
      115.57842123849163,
      141.33887801870432
    ],
    [
      116.63579573771895,
      141.16864378395272
    ],
    [
      117.6934632504095,
      140.97303122772908
    ],
    [
      118.7496947285955,
      140.75462292141333
    ],
    [
      119.80276112430917,
      140.5160014363853
    ],
    [
      120.85093338958278,
      140.2597493440248
    ],
    [
      121.89248247644849,
      139.98844921571177
    ],
    [
      122.92567933693854,
      139.70468362282597
    ],
    [
      123.94879492308516,
      139.4110351367473
    ],
    [
      124.96028419930005,
      139.11009548449167
    ],
    [
      125.96040123143094,
      138.80454590834535
    ],
    [
      126.95041739514076,
      138.49711826739784
    ],
    [
      127.93161560434775,
      138.1905449948308
    ],
    [
      128.90527877297006,
      137.88755852382585
    ],
    [
      129.87268981492582,
      137.59089128756455
    ],
    [
      130.8351316441333,
      137.30327571922865
    ],
    [
      131.79388717451062,
      137.02744425199975
    ],
    [
      132.75023931997606,
      136.76612931905947
    ],
    [
      133.7054709944477,
      136.52206335358952
    ],
    [
      134.66086511184383,
      136.29797878877147
    ],
    [
      135.6177045860825,
      136.0966080577869
    ],
    [
      136.57727233108207,
      135.92068359381764
    ],
    [
      137.54085105968832,
      135.77293729002764
    ],
    [
      138.5093853906511,
      135.65519302416683
    ],
    [
      139.48279071263562,
      135.5665104826182
    ],
    [
      140.46078727280576,
      135.50542526248535
    ],
    [
      141.44309531832548,
      135.47047296087177
    ],
    [
      142.4294350963585,
      135.4601891748811
    ],
    [
      143.41952685406883,
      135.4731095016168
    ],
    [
      144.41309083862026,
      135.50776953818246
    ],
    [
      145.40984729717667,
      135.56270488168167
    ],
    [
      146.4095164769019,
      135.6364511292179
    ],
    [
      147.41181862495986,
      135.72754387789476
    ],
    [
      148.41647398851444,
      135.8345187248158
    ],
    [
      149.42320281472945,
      135.9559112670846
    ],
    [
      150.43172535076872,
      136.09025710180458
    ],
    [
      151.4417618437963,
      136.23609182607947
    ],
    [
      152.45303254097584,
      136.3919510370127
    ],
    [
      153.46525768947137,
      136.55637033170785
    ],
    [
      154.47815753644662,
      136.72788530726848
    ],
    [
      155.49145232906557,
      136.90503156079814
    ],
    [
      156.50486231449207,
      137.08634468940036
    ],
    [
      157.5181077398899,
      137.27036029017873
    ],
    [
      158.53090885242307,
      137.45561396023678
    ],
    [
      159.54298589925537,
      137.64064129667807
    ],
    [
      160.5540593739597,
      137.8239769654481
    ],
    [
      161.5639115151294,
      138.00392230347384
    ],
    [
      162.57246731261006,
      138.17823920321914
    ],
    [
      163.57967186922335,
      138.34461355197297
    ],
    [
      164.58547028779128,
      138.50073123702452
    ],
    [
      165.58980767113573,
      138.6442781456628
    ],
    [
      166.5926291220786,
      138.77294016517695
    ],
    [
      167.5938797434417,
      138.88440318285598
    ],
    [
      168.59350463804702,
      138.97635308598896
    ],
    [
      169.59144890871636,
      139.04647576186505
    ],
    [
      170.58765765827175,
      139.09245709777326
    ],
    [
      171.58207598953496,
      139.1119829810027
    ],
    [
      172.5746490053279,
      139.10273929884244
    ],
    [
      173.5653218084725,
      139.06241193858156
    ],
    [
      174.55403926592524,
      138.9886974409546
    ],
    [
      175.54071639963854,
      138.88064037055565
    ],
    [
      176.5252095524609,
      138.73993567967088
    ],
    [
      177.5073682244209,
      138.5685873935828
    ],
    [
      178.48704191554677,
      138.36859953757371
    ],
    [
      179.46408012586707,
      138.1419761369262
    ],
    [
      180.43833235541027,
      137.8907212169226
    ],
    [
      181.40964810420462,
      137.61683880284536
    ],
    [
