{
  "test_id": 726,
  "test_outcome": "NOT_EXECUTED",
  "predicted_test_outcome": null,
  "test_duration": null,
  "road_points": [
    [
      99.99999999999999,
      99.99999999999997
    ],
    [
      99.9901425888003,
      99.0871391433434
    ],
    [
      99.99339588553084,
      98.15320292813372
    ],
    [
      100.00705305919782,
      97.2001055543143
    ],
    [
      100.02840727880753,
      96.22976122182868
    ],
    [
      100.05475171336636,
      95.24408413062031
    ],
    [
      100.0833795318805,
      94.24498848063261
    ],
    [
      100.1115839033563,
      93.23438847180914
    ],
    [
      100.13665799680003,
      92.21419830409323
    ],
    [
      100.15589498121793,
      91.18633217742843
    ],
    [
      100.16658802561633,
      90.15270429175816
    ],
    [
      100.1660302990015,
      89.1152288470259
    ],
    [
      100.15151497037976,
      88.07582004317514
    ],
    [
      100.1203352087574,
      87.03639208014931
    ],
    [
      100.06978418314067,
      85.99885915789184
    ],
    [
      99.99715506253582,
      84.96513547634623
    ],
    [
      99.89974101594925,
      83.93713523545595
    ],
    [
      99.77483521238713,
      82.91677263516443
    ],
    [
      99.61973082085586,
      81.90596187541516
    ],
    [
      99.43172101036163,
      80.9066171561516
    ],
    [
      99.20809894991078,
      79.92065267731718
    ],
    [
      98.9461578085096,
      78.94998263885539
    ],
    [
      98.64319075516431,
      77.99652124070968
    ],
    [
      98.29649095888132,
      77.06218268282352
    ],
    [
      97.90335158866682,
      76.14888116514038
    ],
    [
      97.46106581352711,
      75.25853088760368
    ],
    [
      96.96723658909914,
      74.39303528289594
    ],
    [
      96.42261649204677,
      73.55418831224975
    ],
    [
      95.82979437072228,
      72.74372011356073
    ],
    [
      95.19138197438504,
      71.96336002875722
    ],
    [
      94.50999105229417,
      71.2148373997675
    ],
    [
      93.78823335370897,
      70.49988156851987
    ],
    [
      93.02872062788866,
      69.8202218769426
    ],
    [
      92.23406462409245,
      69.17758766696403
    ],
    [
      91.40687709157967,
      68.57370828051245
    ],
    [
      90.54976977960952,
      68.01031305951616
    ],
    [
      89.66535730790899,
      67.48913238024504
    ],
    [
      88.75638435910412,
      67.01194348570758
    ],
    [
      87.825776111353,
      66.58058865849692
    ],
    [
      86.87647104055871,
      66.19691497290275
    ],
    [
      85.91140762262428,
      65.86276950321468
    ],
    [
      84.93352433345281,
      65.57999932372239
    ],
    [
      83.94575964894732,
      65.35045150871548
    ],
    [
      82.95105204501084,
      65.17597313248362
    ],
    [
      81.95233999754647,
      65.05841126931645
    ],
    [
      80.95256198245725,
      64.99961299350362
    ],
    [
      79.95465643293414,
      65.00142526840447
    ],
    [
      78.96104445334272,
      65.06435146970469
    ],
    [
      77.97234142792982,
      65.18420522224963
    ],
    [
      76.98876900000063,
      65.3557775411827
    ],
    [
      76.0105488128602,
      65.57385944164729
    ],
    [
      75.03790250981366,
      65.83324193878676
    ],
    [
      74.07105173416615,
      66.12871604774452
    ],
    [
      73.11021812922273,
      66.45507278366392
    ],
    [
      72.15562333828858,
      66.80710316168842
    ],
    [
      71.20748900466874,
      67.17959819696132
    ],
    [
      70.26603677166835,
      67.56734890462604
    ],
    [
      69.33146645540191,
      67.96546965128132
    ],
    [
      68.40376477199901,
      68.3722317004093
    ],
    [
      67.4827980754031,
      68.78768937995919
    ],
    [
      66.5684313592997,
      69.21191716895478
    ],
    [
      65.66052961737438,
      69.64498954641986
    ],
    [
      64.7589578433127,
      70.0869809913782
    ],
    [
      63.86358103080025,
      70.53796598285359
    ],
    [
      62.974264173522585,
      70.9980189998698
    ],
    [
      62.09087226516523,
      71.46721452145061
    ],
    [
      61.21327029941379,
      71.9456270266198
    ],
    [
      60.341323269953804,
      72.43333099440113
    ],
    [
      59.47489617047086,
      72.93040090381844
    ],
    [
      58.6138539946505,
      73.43691123389544
    ],
    [
      57.7580617361783,
      73.95293646365594
    ],
    [
      56.9073843887398,
      74.47855107212374
    ],
    [
      56.06168694602058,
      75.01382953832257
    ],
    [
      55.22083440170622,
      75.55884634127624
    ],
    [
      54.38469174948224,
      76.11367596000852
    ],
    [
      53.55312398303424,
      76.6783928735432
    ],
    [
      52.72599609604777,
      77.25307156090408
    ],
    [
      51.90317308220838,
      77.83778650111489
    ],
    [
      51.08451993520166,
      78.43261217319943
    ],
    [
      50.26990164871315,
      79.0376230561815
    ],
    [
      49.459545945415066,
      79.65307100391178
    ],
    [
      48.65665564307643,
      80.2806626946343
    ],
    [
      47.865891555511396,
      80.92281776807584
    ],
    [
      47.091924507451644,
      81.58196075931166
    ],
    [
      46.33942532362886,
      82.26051620341696
    ],
    [
      45.613064828774725,
      82.96090863546694
    ],
    [
      44.91751384762092,
      83.68556259053682
    ],
    [
      44.25744320489914,
      84.43690260370184
    ],
    [
      43.6375237253411,
      85.21735321003723
    ],
    [
      43.06242623367841,
      86.02933894461815
    ],
    [
      42.53675120512574,
      86.8752010174314
    ],
    [
      42.06289692796723,
      87.75467227058134
    ],
    [
      41.640675832878834,
      88.66442274172095
    ],
    [
      41.2697526458808,
      89.6009475205574
    ],
    [
      40.949792092993356,
      90.56074169679773
    ],
    [
      40.680458900236744,
      91.54030036014902
    ],
    [
      40.46141779363123,
      92.53611860031836
    ],
    [
      40.29233349919702,
      93.54469150701281
    ],
    [
      40.17287074295439,
      94.5625141699395
    ],
    [
      40.102694250923584,
      95.58608167880551
    ],
    [
      40.08146894683924,
      96.61188923420417
    ],
    [
      40.10906682302799,
      97.63654816921904
    ],
    [
      40.185959055119916,
      98.65700586330581
    ],
    [
      40.31272456853265,
      99.67027012638428
    ],
    [
      40.4899422886838,
      100.67334876837438
    ],
    [
      40.71819114099096,
      101.66324959919591
    ],
    [
      40.99805005087176,
      102.63698042876882
    ],
    [
      41.33009794374378,
      103.59154906701292
    ],
    [
      41.71491374502465,
      104.5239633238481
    ],
    [
      42.15307638013198,
      105.43123100919426
    ],
    [
      42.64516477448337,
      106.31035993297122
    ],
    [
      43.19147713870795,
      107.15853911245543
    ],
    [
      43.79009585639481,
      107.97438792832821
    ],
    [
      44.438052109364826,
      108.75720433433307
    ],
    [
      45.132370741466836,
      109.50629037550921
    ],
    [
      45.870076596549616,
      110.22094809689578
    ],
    [
      46.64819451846196,
      110.90047954353196
    ],
    [
      47.46374935105269,
      111.54418676045687
    ],
    [
      48.31376593817057,
      112.1513717927097
    ],
    [
      49.195269123664445,
      112.72133668532969
    ],
    [
      50.105283751383055,
      113.25338348335586
    ],
    [
      51.040834665175225,
      113.74681423182747
    ],
    [
      51.99894670888976,
      114.20093097578366
    ],
    [
      52.976644726375454,
      114.61503576026362
    ],
    [
      53.9709535614811,
      114.98843063030648
    ],
    [
      54.97889805805549,
      115.32041763095141
    ],
    [
      55.99750305994744,
