{
  "test_id": 787,
  "test_outcome": "NOT_EXECUTED",
  "predicted_test_outcome": null,
  "test_duration": null,
  "road_points": [
    [
      100.00000000000003,
      100.00000000000003
    ],
    [
      99.72379711652246,
      101.10311119624123
    ],
    [
      99.41527431858584,
      102.17869131927417
    ],
    [
      99.07515835848888,
      103.22699013524787
    ],
    [
      98.70417598853065,
      104.2482574103117
    ],
    [
      98.30305396100995,
      105.24274291061475
    ],
    [
      97.87251902822577,
      106.21069640230631
    ],
    [
      97.4132979424769,
      107.15236765153551
    ],
    [
      96.92611745606233,
      108.06800642445164
    ],
    [
      96.41170432128082,
      108.95786248720373
    ],
    [
      95.87078529043146,
      109.8221856059412
    ],
    [
      95.30408711581299,
      110.66122554681307
    ],
    [
      94.7123365497244,
      111.47523207596869
    ],
    [
      94.09626034446453,
      112.26445495955713
    ],
    [
      93.4565852523323,
      113.02914396372765
    ],
    [
      92.79403802562662,
      113.76954885462946
    ],
    [
      92.10934541664638,
      114.48591939841178
    ],
    [
      91.40323417769046,
      115.17850536122371
    ],
    [
      90.67643106105781,
      115.84755650921461
    ],
    [
      89.92966281904727,
      116.49332260853357
    ],
    [
      89.16365620395777,
      117.11605342532984
    ],
    [
      88.37913796808816,
      117.71599872575253
    ],
    [
      87.5768348637374,
      118.29340827595097
    ],
    [
      86.75747364320438,
      118.84853184207431
    ],
    [
      85.92178105878797,
      119.38161919027175
    ],
    [
      85.07048386278704,
      119.89292008669243
    ],
    [
      84.20430880750058,
      120.38268429748567
    ],
    [
      83.3239826452274,
      120.85116158880055
    ],
    [
      82.43023212826645,
      121.29860172678643
    ],
    [
      81.52378400891659,
      121.7252544775923
    ],
    [
      80.60536503947672,
      122.13136960736752
    ],
    [
      79.67570197224578,
      122.51719688226125
    ],
    [
      78.73552155952265,
      122.8829860684227
    ],
    [
      77.78555055360619,
      123.22898693200102
    ],
    [
      76.82651570679536,
      123.5554492391455
    ],
    [
      75.859143771389,
      123.8626227560053
    ],
    [
      74.88416149968606,
      124.15075724872958
    ],
    [
      73.90229564398538,
      124.42010248346759
    ],
    [
      72.9142729565859,
      124.6709082263685
    ],
    [
      71.9208201897865,
      124.90342424358153
    ],
    [
      70.92266409588609,
      125.1179003012559
    ],
    [
      69.92053142718356,
      125.31458616554079
    ],
    [
      68.91514893597781,
      125.4937316025854
    ],
    [
      67.90724333419486,
      125.65558571718451
    ],
    [
      66.8975188948713,
      125.8000300392697
    ],
    [
      65.8866201982504,
      125.92596826203753
    ],
    [
      64.87518200786023,
      126.03214326957837
    ],
    [
      63.863839087228854,
      126.11729794598271
    ],
    [
      62.85322619988437,
      126.18017517534102
    ],
    [
      61.84397810935482,
      126.21951784174367
    ],
    [
      60.83672957916829,
      126.23406882928117
    ],
    [
      59.83211537285281,
      126.22257102204385
    ],
    [
      58.83077025393649,
      126.18376730412223
    ],
    [
      57.83332898594737,
      126.11640055960672
    ],
    [
      56.840426332413536,
      126.01921367258774
    ],
    [
      55.85269705686305,
      125.89094952715575
    ],
    [
      54.87077592282397,
      125.73035100740114
    ],
    [
      53.89528590761984,
      125.5362105834372
    ],
    [
      52.926556173488365,
      125.30855684184557
    ],
    [
      51.96460885449063,
      125.0487100747866
    ],
    [
      51.00945165426193,
      124.7580512850098
    ],
    [
      50.0610922764376,
      124.43796147526476
    ],
    [
      49.11953842465289,
      124.08982164830095
    ],
    [
      48.184797802543095,
      123.71501280686789
    ],
    [
      47.25687811374354,
      123.3149159537152
    ],
    [
      46.335787061889505,
      122.89091209159236
    ],
    [
      45.42153235061626,
      122.44438222324884
    ],
    [
      44.514184752099474,
      121.97665336180974
    ],
    [
      43.61525184064905,
      121.4878225504754
    ],
    [
      42.72767038173193,
      120.97676337787468
    ],
    [
      41.854438687146505,
      120.44229674609397
    ],
    [
      40.998555068691196,
      119.88324355721973
    ],
    [
      40.16301783816436,
      119.29842471333829
    ],
    [
      39.35082530736443,
      118.68666111653611
    ],
    [
      38.564975788089754,
      118.04677366889958
    ],
    [
      37.80846759213879,
      117.37758327251511
    ],
    [
      37.08429903130989,
      116.67791082946907
    ],
    [
      36.39546841740146,
      115.94657724184789
    ],
    [
      35.74497406221189,
      115.18240341173797
    ],
    [
      35.13581427753959,
      114.3842102412257
    ],
    [
      34.57098737518295,
      113.55081863239752
    ],
    [
      34.05340471511982,
      112.68165237262485
    ],
    [
      33.58542397625038,
      111.77997422783307
    ],
    [
      33.16918565597247,
      110.85055280397646
    ],
    [
      32.806829740155926,
      109.89816025371692
    ],
    [
      32.5004962146706,
      108.92756872971647
    ],
    [
      32.25232506538633,
      107.94355038463705
    ],
    [
      32.064456278172955,
      106.95087737114058
    ],
    [
      31.939029838900318,
      105.95432184188901
    ],
    [
      31.878177259969608,
      104.95864943219024
    ],
    [
      31.882360834242924,
      103.96734189996647
    ],
    [
      31.948379194208705,
      102.98106310495929
    ],
    [
      32.072544511335835,
      102.00010274623969
    ],
    [
      32.251168957093206,
      101.02475052287878
    ],
    [
      32.480564702949714,
      100.05529613394754
    ],
    [
      32.75704392037428,
      99.09202927851705
    ],
    [
      33.076918780835776,
      98.13523965565834
    ],
    [
      33.43650145580311,
      97.18521696444245
    ],
    [
      33.83210411674519,
      96.24225090394046
    ],
    [
      34.260038935130915,
      95.3066311732234
    ],
    [
      34.716618082429164,
      94.37864747136226
    ],
    [
      35.19815373010886,
      93.45858949742815
    ],
    [
      35.70095804963888,
      92.5467469504921
    ],
    [
      36.22134321248813,
      91.64340952962515
    ],
    [
      36.755621390125526,
      90.74886693389833
    ],
    [
      37.30010475401995,
      89.86340886238271
    ],
    [
      37.8511033045523,
      88.9873084903542
    ],
    [
      38.40479653229032,
      88.11984570427441
    ],
    [
      38.95716149685882,
      87.25875972185113
    ],
    [
      39.50415782800938,
      86.40165710488162
    ],
    [
      40.04174515549361,
      85.5461444151631
    ],
    [
      40.5658831090631,
      84.68982821449276
    ],
    [
      41.07253131846945,
      83.83031506466783
    ],
    [
      41.55764941346425,
      82.96521152748554
    ],
    [
      42.017197023799085,
      82.09212416474311
    ],
    [
      42.44713377922557,
      81.20865953823775
    ],
    [
      42.843419309495275,
      80.3124242097667
    ],
    [
      43.203367061440176,
      79.4016461310373
    ],
    [
      43.529707784818875,
      78.47703974726284
    ],
    [
      43.82652706396406,
      77.53994136058729
    ],
    [
      44.097910483208416,
      76.59168727315462
    ],
    [
      44.34794362688462,
      75.63361378710877
    ],
    [
      44.58071207932535,
      74.66705720459366
    ],
    [
      44.80030142486332,
      73.6933538277533
    ],
    [
      45.010797247831164,
      72.71383995873157
    ],
    [
      45.2162851325616,
