{
  "test_id": 816,
  "test_outcome": "NOT_EXECUTED",
  "predicted_test_outcome": null,
  "test_duration": null,
  "road_points": [
    [
      100.00000000000003,
      100.00000000000001
    ],
    [
      99.74160551073405,
      99.0002776003542
    ],
    [
      99.48481662194956,
      98.00938604546802
    ],
    [
      99.22894220427197,
      97.02646398883853
    ],
    [
      98.97329112832658,
      96.05065008396268
    ],
    [
      98.71717226473878,
      95.0810829843375
    ],
    [
      98.45989448413386,
      94.11690134346001
    ],
    [
      98.20076665713718,
      93.1572438148272
    ],
    [
      97.93909765437408,
      92.20124905193606
    ],
    [
      97.67419634646994,
      91.24805570828364
    ],
    [
      97.40537160405002,
      90.29680243736689
    ],
    [
      97.13193229773975,
      89.34662789268287
    ],
    [
      96.85318729816443,
      88.39667072772855
    ],
    [
      96.56844547594942,
      87.44606959600095
    ],
    [
      96.27701570172003,
      86.49396315099706
    ],
    [
      95.97820684610164,
      85.53949004621393
    ],
    [
      95.6713277797196,
      84.58178893514852
    ],
    [
      95.35568737319922,
      83.61999847129785
    ],
    [
      95.03059449716585,
      82.65325730815893
    ],
    [
      94.69535797481272,
      81.6807042834189
    ],
    [
      94.34906863845127,
      80.70232474513843
    ],
    [
      93.99009705607888,
      79.72090099879377
    ],
    [
      93.61666524265479,
      78.73979221659448
    ],
    [
      93.2269952131382,
      77.76235757075005
    ],
    [
      92.81930898248834,
      76.79195623347002
    ],
    [
      92.39182856566434,
      75.83194737696381
    ],
    [
      91.94277597762549,
      74.88569017344102
    ],
    [
      91.47037323333093,
      73.9565437951111
    ],
    [
      90.97284234773993,
      73.0478674141836
    ],
    [
      90.44840533581166,
      72.16302020286795
    ],
    [
      89.89528421250532,
      71.30536133337372
    ],
    [
      89.31170099278013,
      70.47824997791041
    ],
    [
      88.69587769159529,
      69.68504530868752
    ],
    [
      88.04603632391004,
      68.92910649791455
    ],
    [
      87.3603989046835,
      68.213792717801
    ],
    [
      86.63718744887498,
      67.54246314055636
    ],
    [
      85.87462397144365,
      66.9184769383902
    ],
    [
      85.07093048734865,
      66.34519328351193
    ],
    [
      84.22460703678907,
      65.82579758306254
    ],
    [
      83.33739069950164,
      65.36145210269402
    ],
    [
      82.41310934263274,
      64.95201237123841
    ],
    [
      81.45562578663517,
      64.59731207179993
    ],
    [
      80.46880285196168,
      64.29718488748284
    ],
    [
      79.45650335906511,
      64.05146450139137
    ],
    [
      78.4225901283982,
      63.85998459662972
    ],
    [
      77.37092598041373,
      63.722578856302164
    ],
    [
      76.30537373556454,
      63.63908096351293
    ],
    [
      75.22979621430333,
      63.60932460136626
    ],
    [
      74.14805623708298,
      63.633143452966394
    ],
    [
      73.06401662435621,
      63.71037120141756
    ],
    [
      71.98154019657582,
      63.840841529824
    ],
    [
      70.90448977419462,
      64.02438812128995
    ],
    [
      69.83672817766536,
      64.26084465891965
    ],
    [
      68.78211822744085,
      64.55004482581732
    ],
    [
      67.74452274397386,
      64.89182230508725
    ],
    [
      66.72780454771718,
      65.2860107798336
    ],
    [
      65.7358264591236,
      65.73244393316067
    ],
    [
      64.77245129864589,
      66.23095544817267
    ],
    [
      63.84154188673687,
      66.78137900797385
    ],
    [
      62.94696104384927,
      67.38354829566842
    ],
    [
      62.09257159043594,
      68.03729699436066
    ],
    [
      61.28194526039005,
      68.74215844862404
    ],
    [
      60.516589276544366,
      69.49553587301337
    ],
    [
      59.79711844827575,
      70.29391170392546
    ],
    [
      59.12414403443887,
      71.13376471438416
    ],
    [
      58.498277293888414,
      72.01157367741334
    ],
    [
      57.920129485479066,
      72.92381736603689
    ],
    [
      57.390311868065496,
      73.86697455327865
    ],
    [
      56.90943570050242,
      74.83752401216255
    ],
    [
      56.47811224164449,
      75.83194451571244
    ],
    [
      56.096952750346404,
      76.8467148369522
    ],
    [
      55.766568485462834,
      77.87831374890571
    ],
    [
      55.48757070584847,
      78.92322002459687
    ],
    [
      55.26057067035799,
      79.97791243704953
    ],
    [
      55.0861796378461,
      81.03886975928756
    ],
    [
      54.965008867167455,
      82.10257076433486
    ],
    [
      54.89766961717676,
      83.16549422521531
    ],
    [
      54.884773146728676,
      84.22411891495277
    ],
    [
      54.9269307146779,
      85.27492360657115
    ],
    [
      55.02475357987912,
      86.31438707309427
    ],
    [
      55.17885300118702,
      87.33898808754606
    ],
    [
      55.38984023745627,
      88.34520542295039
    ],
    [
      55.658326547541556,
      89.32951785233112
    ],
    [
      55.984923190297565,
      90.28840414871213
    ],
    [
      56.36944274019572,
      91.21909857213718
    ],
    [
      56.80809012476232,
      92.12224790766811
    ],
    [
      57.29605212999954,
      92.9994620150454
    ],
    [
      57.82851548194636,
      93.8523508107297
    ],
    [
      58.40066690664177,
      94.6825242111817
    ],
    [
      59.00769313012474,
      95.49159213286198
    ],
    [
      59.64478087843427,
      96.28116449223124
    ],
    [
      60.30711687760931,
      97.05285120575003
    ],
    [
      60.98988785368884,
      97.80826218987902
    ],
    [
      61.688280532711865,
      98.54900736107889
    ],
    [
      62.397677193937156,
      99.27665363834713
    ],
    [
      63.11590154113843,
      99.99223112998334
    ],
    [
      63.84243607866212,
      100.69640521382429
    ],
    [
      64.57679497281855,
      101.38983430600021
    ],
    [
      65.31849238991796,
      102.07317682264139
    ],
    [
      66.06704249627069,
      102.74709117987805
    ],
    [
      66.82195945818698,
      103.41223579384048
    ],
    [
      67.58275744197712,
      104.06926908065894
    ],
    [
      68.3489506139514,
      104.71884945646363
    ],
    [
      69.12005314042013,
      105.36163533738485
    ],
    [
      69.89557918769354,
      105.99828513955285
    ],
    [
      70.67504292208197,
      106.62945727909789
    ],
    [
      71.45795850989566,
      107.25581017215022
    ],
    [
      72.24384011744493,
      107.8780022348401
    ],
    [
      73.03220191104006,
      108.49669188329779
    ],
    [
      73.8225580569913,
      109.11253753365354
    ],
    [
      74.61442272160897,
      109.72619760203759
    ],
    [
      75.40731007120334,
      110.33833050458023
    ],
    [
      76.20073427208469,
      110.94959465741167
    ],
    [
      76.9942094905633,
      111.56064847666221
    ],
    [
      77.7872498929495,
      112.1721503784621
    ],
    [
      78.57936964555356,
      112.78475877894162
    ],
    [
      79.37011054849147,
      113.39909718411748
    ],
    [
      80.15926884994892,
      114.01546765275286
    ],
    [
      80.94677796139634,
      114.6339989636122
    ],
    [
      81.7325726248486,
      115.2548182145671
    ],
    [
      82.51658758232062,
      115.87805250348924
    ],
    [
      83.29875757582737,
      116.50382892825031
    ],
    [
      84.0790173473838,
      117.13227458672205
    ],
    [
      84.85730163900485,
      117.76351657677611
    ],
    [
      85.6335451927054,
      118.39768199628415
    ],
    [
      86.40768275050043,
      119.03489794311787
    ],
    [
      87.17964905440489,
