{
  "test_id": 914,
  "test_outcome": "NOT_EXECUTED",
  "predicted_test_outcome": null,
  "test_duration": null,
  "road_points": [
    [
      99.99999999999999,
      100.0
    ],
    [
      100.03817398636198,
      99.17175079588505
    ],
    [
      100.0816357559659,
      98.31316511941002
    ],
    [
      100.12882789031246,
      97.42623701126867
    ],
    [
      100.17819297090216,
      96.51296051215449
    ],
    [
      100.22817357923574,
      95.57532966276128
    ],
    [
      100.27721229681383,
      94.6153385037827
    ],
    [
      100.32375170513698,
      93.63498107591234
    ],
    [
      100.3662343857059,
      92.63625141984387
    ],
    [
      100.40310292002118,
      91.62114357627098
    ],
    [
      100.43279988958349,
      90.59165158588733
    ],
    [
      100.45376787589353,
      89.54976948938665
    ],
    [
      100.46444946045179,
      88.49749132746243
    ],
    [
      100.463287224759,
      87.43681114080846
    ],
    [
      100.44872375031576,
      86.36972297011837
    ],
    [
      100.41920161862274,
      85.29822085608583
    ],
    [
      100.37316341118051,
      84.22429883940448
    ],
    [
      100.30905170948978,
      83.14995096076798
    ],
    [
      100.22530909505114,
      82.07717126087003
    ],
    [
      100.12037814936525,
      81.00795378040424
    ],
    [
      99.99270145393271,
      79.94429256006431
    ],
    [
      99.84072159025422,
      78.88818164054389
    ],
    [
      99.66288113983033,
      77.84161506253663
    ],
    [
      99.45762268416175,
      76.80658686673618
    ],
    [
      99.22338880474908,
      75.78509109383626
    ],
    [
      98.95862208309296,
      74.77912178453047
    ],
    [
      98.661765100694,
      73.7906729795125
    ],
    [
      98.33126043905287,
      72.82173871947599
    ],
    [
      97.96555067967023,
      71.87431304511462
    ],
    [
      97.56307840404664,
      70.95038999712204
    ],
    [
      97.1222861936828,
      70.05196361619194
    ],
    [
      96.6416166300793,
      69.18102794301792
    ],
    [
      96.11951229473681,
      68.33957701829372
    ],
    [
      95.55441576915594,
      67.52960488271293
    ],
    [
      94.94476963483734,
      66.75310557696923
    ],
    [
      94.28901647328163,
      66.01207314175632
    ],
    [
      93.58600660611485,
      65.30842471817482
    ],
    [
      92.83774915575357,
      64.64348169900401
    ],
    [
      92.04772797285719,
      64.01828734398055
    ],
    [
      91.21943522516632,
      63.43388334424346
    ],
    [
      90.35636308042162,
      62.89131139093189
    ],
    [
      89.46200370636369,
      62.39161317518491
    ],
    [
      88.53984927073309,
      61.935830388141596
    ],
    [
      87.59339194127047,
      61.52500472094105
    ],
    [
      86.62612388571635,
      61.16017786472232
    ],
    [
      85.64153727181142,
      60.84239151062453
    ],
    [
      84.64312426729623,
      60.572687349786754
    ],
    [
      83.63437703991143,
      60.35210707334807
    ],
    [
      82.61878775739758,
      60.18169237244757
    ],
    [
      81.59984785284801,
      60.062484604748676
    ],
    [
      80.58065899271587,
      59.99534820262273
    ],
    [
      79.56329323163015,
      59.98068023065234
    ],
    [
      78.54965457733431,
      60.01880147253501
    ],
    [
      77.5416470375718,
      60.11003271196818
    ],
    [
      76.54117462008611,
      60.25469473264938
    ],
    [
      75.55014133262065,
      60.45310831827605
    ],
    [
      74.5704511829189,
      60.7055942525457
    ],
    [
      73.6040081787243,
      61.01247331915577
    ],
    [
      72.65271632778033,
      61.37406630180376
    ],
    [
      71.71847963783043,
      61.79069398418717
    ],
    [
      70.80323962239653,
      62.26239535030159
    ],
    [
      69.90920204462732,
      62.787223944325994
    ],
    [
      69.03868622406709,
      63.362380104353846
    ],
    [
      68.19401191924129,
      63.98506087019436
    ],
    [
      67.37749888867526,
      64.65246328165676
    ],
    [
      66.59146689089438,
      65.36178437855025
    ],
    [
      65.83823568442403,
      66.11022120068404
    ],
    [
      65.12012502778961,
      66.89497078786736
    ],
    [
      64.43945467951649,
      67.71323017990943
    ],
    [
      63.79854439813002,
      68.56219641661943
    ],
    [
      63.19971394215564,
      69.43906653780661
    ],
    [
      62.64528307011867,
      70.34103758328017
    ],
    [
      62.13757154054453,
      71.26530659284933
    ],
    [
      61.67889911195856,
      72.2090706063233
    ],
    [
      61.27158554288617,
      73.16952666351129
    ],
    [
      60.91795059185274,
      74.14387180422253
    ],
    [
      60.62031401738362,
      75.12930306826622
    ],
    [
      60.38099557800422,
      76.12301749545159
    ],
    [
      60.20231503223992,
      77.12221212558785
    ],
    [
      60.08659213861607,
      78.1240839984842
    ],
    [
      60.035345040430585,
      79.1260600203908
    ],
    [
      60.04530109067274,
      80.12694087624848
    ],
    [
      60.111415553132396,
      81.12603540481464
    ],
    [
      60.228640835161045,
      82.12265326394214
    ],
    [
      60.39192934411012,
      83.11610411148371
    ],
    [
      60.596233487331105,
      84.10569760529219
    ],
    [
      60.83650567217546,
      85.09074340322042
    ],
    [
      61.10769830599468,
      86.07055116312117
    ],
    [
      61.40476379614018,
      87.04443054284727
    ],
    [
      61.72265454996347,
      88.01169120025152
    ],
    [
      62.05643792102293,
      88.9716717009491
    ],
    [
      62.40336912023115,
      89.92426083367461
    ],
    [
      62.76266441815466,
      90.869840573045
    ],
    [
      63.13360950166024,
      91.80881035114695
    ],
    [
      63.51549005761466,
      92.7415696000671
    ],
    [
      63.90759177288468,
      93.66851775189204
    ],
    [
      64.30920033433705,
      94.59005423870845
    ],
    [
      64.7196014288385,
      95.5065784926029
    ],
    [
      65.13808074325586,
      96.41848994566209
    ],
    [
      65.5639239644558,
      97.3261880299726
    ],
    [
      65.99641677930516,
      98.23007217762108
    ],
    [
      66.43484487467065,
      99.13054182069415
    ],
    [
      66.87849393741902,
      100.02799639127844
    ],
    [
      67.32664965441707,
      100.9228353214606
    ],
    [
      67.77859771253151,
      101.81545804332721
    ],
    [
      68.23362379862914,
      102.70626398896495
    ],
    [
      68.6910135995767,
      103.59565259046043
    ],
    [
      69.15005280224095,
      104.4840232799003
    ],
    [
      69.61002709348864,
      105.37177548937116
    ],
    [
      70.07022216018653,
      106.25930865095964
    ],
    [
      70.52992368920138,
      107.1470221967524
    ],
    [
      70.98841736739996,
      108.03531555883606
    ],
    [
      71.445010587421,
      108.92457697148674
    ],
    [
      71.8993358891453,
      109.81502692847397
    ],
    [
      72.35127629803925,
      110.70675670033046
    ],
    [
      72.80072129371545,
      111.59985422795349
    ],
    [
      73.24756035578656,
      112.49440745224047
    ],
    [
      73.6916829638652,
      113.39050431408867
    ],
    [
      74.13297859756398,
      114.28823275439548
    ],
    [
      74.57133673649557,
      115.18768071405819
    ],
    [
      75.00664686027254,
      116.08893613397419
    ],
    [
      75.43879844850753,
      116.99208695504075
    ],
    [
      75.8676809808132,
      117.89722111815519
    ],
    [
      76.2931839368022,
      118.8044265642149
    ],
    [
      76.71519679608707,
      119.71379123411722
    ],
    [
      77.13360903828053,
      120.62540306875945
    ],
    [
      77.54831014299516,
