{
  "test_id": 0,
  "test_outcome": "NOT_EXECUTED",
  "predicted_test_outcome": null,
  "test_duration": null,
  "road_points": [
    [
      100.0,
      100.00000000000001
    ],
    [
      99.97841225732,
      98.99980346771024
    ],
    [
      99.96115378644625,
      97.99912494737443
    ],
    [
      99.94797413475291,
      96.99799232247429
    ],
    [
      99.93862284961435,
      95.9964334764917
    ],
    [
      99.93284947840499,
      94.99447629290854
    ],
    [
      99.93040356849896,
      93.99214865520648
    ],
    [
      99.93103466727074,
      92.98947844686752
    ],
    [
      99.93449232209453,
      91.98649355137333
    ],
    [
      99.94052608034471,
      90.98322185220577
    ],
    [
      99.94888548939552,
      89.97969123284665
    ],
    [
      99.95932009662133,
      88.97592957677782
    ],
    [
      99.97157944939644,
      87.97196476748108
    ],
    [
      99.98541309509515,
      86.96782468843824
    ],
    [
      100.0005705810918,
      85.96353722313113
    ],
    [
      100.01680145476071,
      84.95913025504161
    ],
    [
      100.03385526347614,
      83.95463166765141
    ],
    [
      100.05148155461245,
      82.95006934444241
    ],
    [
      100.06942987554392,
      81.94547116889638
    ],
    [
      100.0874497736449,
      80.94086502449521
    ],
    [
      100.10529079628967,
      79.93627879472066
    ],
    [
      100.12270249085255,
      78.93174036305454
    ],
    [
      100.13943440470787,
      77.92727761297874
    ],
    [
      100.15523608522992,
      76.922918427975
    ],
    [
      100.16985707979302,
      75.91869069152516
    ],
    [
      100.18304693577147,
      74.91462228711106
    ],
    [
      100.19455520053964,
      73.91074109821449
    ],
    [
      100.20413142147177,
      72.90707500831729
    ],
    [
      100.21152514594222,
      71.90365190090128
    ],
    [
      100.21648592132527,
      70.90049965944827
    ],
    [
      100.21876329499527,
      69.89764616744006
    ],
    [
      100.2181068143265,
      68.89511930835849
    ],
    [
      100.2142660266933,
      67.89294696568538
    ],
    [
      100.20699047946995,
      66.89115702290253
    ],
    [
      100.1960297200308,
      65.88977736349177
    ],
    [
      100.18113329575013,
      64.88883587093494
    ],
    [
      100.16205075400228,
      63.88836042871381
    ],
    [
      100.13853164216152,
      62.888378920310224
    ],
    [
      100.11032550760223,
      61.888919229205996
    ],
    [
      100.07718189769868,
      60.89000923888296
    ],
    [
      100.03885035982516,
      59.89167683282291
    ],
    [
      99.99508260280739,
      58.89394965386818
    ],
    [
      99.94805684995893,
      57.89658519527729
    ],
    [
      99.90702938843488,
      56.89855293275891
    ],
    [
      99.88254009956621,
      55.8986794364532
    ],
    [
      99.88512886468398,
      54.89579127650033
    ],
    [
      99.92533556511913,
      53.88871502304044
    ],
    [
      100.01369639017568,
      52.87627850163369
    ],
    [
      100.15788290417954,
      51.85828361181379
    ],
    [
      100.35758052559437,
      50.837247825621745
    ],
    [
      100.61109390162837,
      49.81615812623999
    ],
    [
      100.91672767948982,
      48.79800149685099
    ],
    [
      101.27278650638696,
      47.785764920637206
    ],
    [
      101.67757502952806,
      46.78243538078111
    ],
    [
      102.1293978961213,
      45.7909998604651
    ],
    [
      102.62655975337498,
      44.81444534287168
    ],
    [
      103.16736524849736,
      43.85575881118328
    ],
    [
      103.75011902869666,
      42.917927248582366
    ],
    [
      104.37312574118116,
      42.003937638251415
    ],
    [
      105.03469003315905,
      41.116776963372835
    ],
    [
      105.73311655183863,
      40.259432207129095
    ],
    [
      106.46670994442812,
      39.43489035270269
    ],
    [
      107.23377485813579,
      38.646138383276025
    ],
    [
      108.03261594016988,
      37.89616328203157
    ],
    [
      108.86153783773867,
      37.187952032151806
    ],
    [
      109.7188451980503,
      36.52449161681914
    ],
    [
      110.60284266831317,
      35.90876901921608
    ],
    [
      111.51183489573542,
      35.34377122252504
    ],
    [
      112.44412652752533,
      34.8324852099285
    ],
    [
      113.39802221089117,
      34.37789796460889
    ],
    [
      114.37182659304112,
      33.98299646974868
    ],
    [
      115.3638443211835,
      33.650767708530324
    ],
    [
      116.37238004252656,
      33.3841986641363
    ],
    [
      117.39573840427852,
      33.18627631974902
    ],
    [
      118.43222272110174,
      33.05998330039348
    ],
    [
      119.47969622637231,
      33.00686292337099
    ],
    [
      120.53494852105267,
      33.02494713780314
    ],
    [
      121.594608562233,
      33.11174249904149
    ],
    [
      122.65530530700347,
      33.26475556243763
    ],
    [
      123.71366771245413,
      33.48149288334306
    ],
    [
      124.76632473567521,
      33.759461017109366
    ],
    [
      125.80990533375684,
      34.0961665190881
    ],
    [
      126.84103846378919,
      34.48911594463083
    ],
    [
      127.85635308286237,
      34.935815849089096
    ],
    [
      128.8524781480666,
      35.43377278781448
    ],
    [
      129.826042616492,
      35.980493316158515
    ],
    [
      130.77367544522872,
      36.57348398947277
    ],
    [
      131.69200559136686,
      37.21025136310878
    ],
    [
      132.5776620119967,
      37.88830199241815
    ],
    [
      133.42727366420826,
      38.60514243275239
    ],
    [
      134.23746950509178,
      39.35827923946307
    ],
    [
      135.00487849173732,
      40.14521896790175
    ],
    [
      135.72612958123517,
      40.96346817342001
    ],
    [
      136.39785173067537,
      41.81053341136936
    ],
    [
      137.0166738971481,
      42.68392123710139
    ],
    [
      137.57922503774353,
      43.581138205967655
    ],
    [
      138.08213410955176,
      44.4996908733197
    ],
    [
      138.52203006966303,
      45.43708579450909
    ],
    [
      138.89554187516748,
      46.39082952488739
    ],
    [
      139.1992984831552,
      47.358428619806126
    ],
    [
      139.43050111538727,
      48.337389505885085
    ],
    [
      139.59816586686398,
      49.32521595197035
    ],
    [
      139.72242044421145,
      50.319409227334205
    ],
    [
      139.8238240003291,
      51.317470504194326
    ],
    [
      139.92293568811638,
      52.316900954768485
    ],
    [
      140.040203332108,
      53.31520947866792
    ],
    [
      140.18847974898097,
      54.310432151250296
    ],
    [
      140.3682866580753,
      55.30146095948882
    ],
    [
      140.57901692376348,
      56.28726624510917
    ],
    [
      140.82006341041784,
      57.2668183498369
    ],
    [
      141.09081898241095,
      58.23908761539764
    ],
    [
      141.39067650411522,
      59.203044383516996
    ],
    [
      141.71902883990305,
      60.15765899592058
    ],
    [
      142.07526885414686,
      61.101901794334
    ],
    [
      142.45878941121921,
      62.03474312048291
    ],
    [
      142.86898337549246,
      62.95515331609286
    ],
    [
      143.30524361133902,
      63.86210272288949
    ],
    [
      143.7669564361215,
      64.75457311772756
    ],
    [
      144.25307145032895,
      65.63230905525208
    ],
    [
      144.76183481852763,
      66.49628372433793
    ],
    [
      145.2914289847032,
      67.3475816094077
    ],
    [
      145.84003639284134,
      68.1872871948839
    ],
    [
      146.4058394869277,
      69.01648496518911
    ],
    [
      146.98702071094792,
      69.83625940474587
    ],
    [
      147.5817625088877,
      70.64769499797679
    ],
    [
      148.18824732473269,
