{
  "test_id": 4,
  "test_outcome": "NOT_EXECUTED",
  "predicted_test_outcome": null,
  "test_duration": null,
  "road_points": [
    [
      99.99999999999997,
      99.99999999999999
    ],
    [
      99.9304060688669,
      98.98718974570497
    ],
    [
      99.89739017516193,
      97.97836805038214
    ],
    [
      99.89939627460225,
      96.97322804784524
    ],
    [
      99.93486832290527,
      95.97146287190822
    ],
    [
      100.00225027578821,
      94.97276565638477
    ],
    [
      100.09998608896827,
      93.9768295350887
    ],
    [
      100.22651971816278,
      92.9833476418338
    ],
    [
      100.38029511908897,
      91.99201311043389
    ],
    [
      100.5597562474641,
      91.00251907470275
    ],
    [
      100.76334705900547,
      90.0145586684542
    ],
    [
      100.98951150943029,
      89.02782502550201
    ],
    [
      101.23669544709104,
      88.04201321460964
    ],
    [
      101.50489965617587,
      87.05840800477708
    ],
    [
      101.79849222155035,
      86.08275910738975
    ],
    [
      102.12260229358348,
      85.12159431482078
    ],
    [
      102.48235902264423,
      84.18144141944326
    ],
    [
      102.88289155910167,
      83.26882821363031
    ],
    [
      103.3293248440161,
      82.39027802439132
    ],
    [
      103.82497089041885,
      81.55039096906226
    ],
    [
      104.3685088416686,
      80.74885247469554
    ],
    [
      104.95788839159465,
      79.98457414590332
    ],
    [
      105.59105923402619,
      79.25646758729775
    ],
    [
      106.26597106279246,
      78.563444403491
    ],
    [
      106.98057357172272,
      77.90441619909528
    ],
    [
      107.73281645464613,
      77.27829457872271
    ],
    [
      108.52064940539196,
      76.68399114698549
    ],
    [
      109.34202211778953,
      76.12041750849578
    ],
    [
      110.19488428566788,
      75.58648526786571
    ],
    [
      111.07718560285643,
      75.08110602970754
    ],
    [
      111.9868757631843,
      74.60319139863336
    ],
    [
      112.92190446048079,
      74.15165297925539
    ],
    [
      113.88022138857504,
      73.72540237618576
    ],
    [
      114.85977624129643,
      73.32335119403669
    ],
    [
      115.85851871247404,
      72.94441103742028
    ],
    [
      116.87439849593717,
      72.58749351094876
    ],
    [
      117.90536528551509,
      72.25151021923428
    ],
    [
      118.94936877503693,
      71.935372766889
    ],
    [
      120.00435865833204,
      71.6379927585251
    ],
    [
      121.06828462922958,
      71.35828179875476
    ],
    [
      122.1390963815588,
      71.09515149219014
    ],
    [
      123.21474360914888,
      70.84751344344339
    ],
    [
      124.29317600582917,
      70.61427925712671
    ],
    [
      125.37234326542884,
      70.39436053785228
    ],
    [
      126.45019508177705,
      70.18666889023221
    ],
    [
      127.52468546309917,
      69.99011074700093
    ],
    [
      128.59417723455695,
      69.80310247200468
    ],
    [
      129.65777260127393,
      69.62317409811126
    ],
    [
      130.714651563353,
      69.44776240153575
    ],
    [
      131.76399412089688,
      69.27430415849324
    ],
    [
      132.80498027400856,
      69.1002361451987
    ],
    [
      133.83679002279078,
      68.92299513786726
    ],
    [
      134.85860336734652,
      68.74001791271398
    ],
    [
      135.86960030777863,
      68.54874124595395
    ],
    [
      136.86896084418998,
      68.34660191380222
    ],
    [
      137.85586497668334,
      68.13103669247383
    ],
    [
      138.82949270536162,
      67.89948235818385
    ],
    [
      139.78902403032782,
      67.6493756871474
    ],
    [
      140.73363895168464,
      67.3781534555795
    ],
    [
      141.66251746953498,
      67.08325243969522
    ],
    [
      142.5748395839817,
      66.76210941570963
    ],
    [
      143.46978529512774,
      66.41216115983781
    ],
    [
      144.34653460307587,
      66.03084444829481
    ],
    [
      145.20426750792905,
      65.6155960572957
    ],
    [
      146.04216400979007,
      65.16385276305559
    ],
    [
      146.85942717630292,
      64.6731031259541
    ],
    [
      147.65623989395354,
      64.1430352949562
    ],
    [
      148.4341081251507,
      63.57630758307533
    ],
    [
      149.1946314984794,
      62.97578857387975
    ],
    [
      149.93940964252445,
      62.34434685093773
    ],
    [
      150.6700421858708,
      61.68485099781754
    ],
    [
      151.38812875710343,
      61.00016959808745
    ],
    [
      152.09526898480715,
      60.29317123531571
    ],
    [
      152.79306249756678,
      59.56672449307061
    ],
    [
      153.4831089239674,
      58.82369795492039
    ],
    [
      154.16700789259374,
      58.066960204433336
    ],
    [
      154.84635903203082,
      57.29937982517771
    ],
    [
      155.52276197086348,
      56.52382540072177
    ],
    [
      156.1978163376766,
      55.74316551463377
    ],
    [
      156.87312176105513,
      54.960268750482015
    ],
    [
      157.5502778695839,
      54.178003691834746
    ],
    [
      158.23088429184793,
      53.399238922260224
    ],
    [
      158.91654065643195,
      52.626843025326714
    ],
    [
      159.608846591921,
      51.86368458460251
    ],
    [
      160.30940172689992,
      51.112632183655855
    ],
    [
      161.0198056899536,
      50.376554406055014
    ],
    [
      161.741658109667,
      49.65831983536826
    ],
    [
      162.4766477378611,
      48.960875828461184
    ],
    [
      163.22846157411914,
      48.28893593216009
    ],
    [
      164.00275661987405,
      47.64895491755595
    ],
    [
      164.8052732735143,
      47.04746128131349
    ],
    [
      165.64021958600134,
      46.48989990380209
    ],
    [
      166.50633799023888,
      45.97785059361542
    ],
    [
      167.4011528317106,
      45.512031775463576
    ],
    [
      168.32218845590003,
      45.09316187405667
    ],
    [
      169.26696920829087,
      44.7219593141048
    ],
    [
      170.23301943436655,
      44.39914252031809
    ],
    [
      171.21786347961077,
      44.12542991740665
    ],
    [
      172.2190256895071,
      43.90153993008058
    ],
    [
      173.2340304095391,
      43.72819098304999
    ],
    [
      174.26040198519038,
      43.60610150102499
    ],
    [
      175.29566476194452,
      43.5359899087157
    ],
    [
      176.3373430852851,
      43.51857463083223
    ],
    [
      177.3829613006957,
      43.55457409208466
    ],
    [
      178.43004375366002,
      43.64470671718313
    ],
    [
      179.47611478966152,
      43.78969093083775
    ],
    [
      180.51869875418384,
      43.990245157758615
    ],
    [
      181.55531999271054,
      44.24708782265584
    ],
    [
      182.5835028507252,
      44.56093735023954
    ],
    [
      183.60077167371148,
      44.93251216521982
    ],
    [
      184.60465080715292,
      45.36253069230679
    ],
    [
      185.59266459653315,
      45.85171135621056
    ],
    [
      186.56233738733567,
      46.40077258164123
    ],
    [
      187.51119352504412,
      47.01043279330892
    ],
    [
      188.4367573551421,
      47.681410415923736
    ],
    [
      189.33655322311324,
      48.41442387419582
    ],
    [
      190.20810547444103,
      49.21019159283521
    ],
    [
      191.04893845460919,
      50.06943199655209
    ],
    [
      191.85657650910116,
      50.99286351005651
    ],
    [
      192.62854398340062,
      51.981204558058636
    ]
  ],