{
  "test_id": 15,
  "test_outcome": "NOT_EXECUTED",
  "predicted_test_outcome": null,
  "test_duration": null,
  "road_points": [
    [
      100.00000000000001,
      100.0
    ],
    [
      99.95071835226476,
      99.11434633184555
    ],
    [
      99.92133718662998,
      98.20574065343912
    ],
    [
      99.90921032096584,
      97.2759399134781
    ],
    [
      99.9116915731422,
      96.32670106065993
    ],
    [
      99.92613476102935,
      95.35978104368212
    ],
    [
      99.94989370249722,
      94.3769368112421
    ],
    [
      99.9803222154159,
      93.37992531203726
    ],
    [
      100.01477411765549,
      92.3705034947651
    ],
    [
      100.05060322708603,
      91.35042830812306
    ],
    [
      100.08516336157763,
      90.32145670080861
    ],
    [
      100.11580833900024,
      89.28534562151908
    ],
    [
      100.13989197722405,
      88.24385201895205
    ],
    [
      100.15476809411908,
      87.1987328418049
    ],
    [
      100.15779050755535,
      86.15174503877506
    ],
    [
      100.14631303540298,
      85.10464555856
    ],
    [
      100.11768949553202,
      84.05919134985717
    ],
    [
      100.06927370581256,
      83.01713936136403
    ],
    [
      99.9984194841146,
      81.98024654177796
    ],
    [
      99.9024806483083,
      80.95026983979649
    ],
    [
      99.77881101626365,
      79.928966204117
    ],
    [
      99.62476440585074,
      78.91809258343697
    ],
    [
      99.43769463493963,
      77.91940592645385
    ],
    [
      99.21495552140038,
      76.93466318186503
    ],
    [
      98.95390088310309,
      75.96562129836803
    ],
    [
      98.65188453791777,
      75.01403722466024
    ],
    [
      98.30626030371452,
      74.08166790943912
    ],
    [
      97.91438199836344,
      73.17027030140214
    ],
    [
      97.47360343973452,
      72.2816013492467
    ],
    [
      96.98154908646646,
      71.41741802128257
    ],
    [
      96.43887082781647,
      70.57947750520567
    ],
    [
      95.84811877844722,
      69.76953712626906
    ],
    [
      95.2118723102623,
      68.98935421184586
    ],
    [
      94.53271079516523,
      68.24068608930929
    ],
    [
      93.81321360505957,
      67.52529008603248
    ],
    [
      93.0559601118489,
      66.84492352938862
    ],
    [
      92.26352968743677,
      66.20134374675091
    ],
    [
      91.43850170372677,
      65.59630806549248
    ],
    [
      90.58345553262242,
      65.03157381298651
    ],
    [
      89.70097300066574,
      64.5088989266288
    ],
    [
      88.7937808748223,
      64.03007736416427
    ],
    [
      87.86482924564632,
      63.59695858333887
    ],
    [
      86.91708725924263,
      63.211396777551734
    ],
    [
      85.95352406171642,
      62.875246140202115
    ],
    [
      84.97710879917267,
      62.59036086468924
    ],
    [
      83.99081061771636,
      62.35859514441226
    ],
    [
      82.99759866345256,
      62.1818031727704
    ],
    [
      82.00044208248632,
      62.061839143162885
    ],
    [
      81.00231002092258,
      62.0005572489889
    ],
    [
      80.00617162486644,
      61.999811683647664
    ],
    [
      79.01452329282814,
      62.060289709741966
    ],
    [
      78.0279348841841,
      62.177923118094746
    ],
    [
      77.04648556990468,
      62.3474324836099
    ],
    [
      76.07025452084495,
      62.563538380906905
    ],
    [
      75.0993209078601,
      62.82096138460517
    ],
    [
      74.1337639018052,
      63.11442206932415
    ],
    [
      73.17366267353536,
      63.438641009683266
    ],
    [
      72.21909639390574,
      63.78833878030199
    ],
    [
      71.2701442337714,
      64.15823595579973
    ],
    [
      70.32688536398753,
      64.54305311079595
    ],
    [
      69.38940790577574,
      64.93778005881505
    ],
    [
      68.45790975962701,
      65.34070891949924
    ],
    [
      67.53266247133098,
      65.75234716081927
    ],
    [
      66.61393894724654,
      66.17324317847196
    ],
    [
      65.7020120937325,
      66.60394536815426
    ],
    [
      64.79715481714774,
      67.04500212556297
    ],
    [
      63.89964002385109,
      67.49696184639497
    ],
    [
      63.00974062020142,
      67.96037292634712
    ],
    [
      62.12772951255758,
      68.43578376111631
    ],
    [
      61.25387960727842,
      68.9237427463994
    ],
    [
      60.388463810722754,
      69.42479827789323
    ],
    [
      59.53175502924949,
      69.9394987512947
    ],
    [
      58.68402616921744,
      70.46839256230064
    ],
    [
      57.84555013698545,
      71.01202810660796
    ],
    [
      57.016599838912384,
      71.57095377991347
    ],
    [
      56.197448181357075,
      72.14571797791406
    ],
    [
      55.38836807067841,
      72.73686909630662
    ],
    [
      54.58963241323522,
      73.34495553078798
    ],
    [
      53.801514115386325,
      73.97052567705502
    ],
    [
      53.02437087736423,
      74.61410338880775
    ],
    [
      52.25952663101355,
      75.27593286212276
    ],
    [
      51.508919548577886,
      75.95608051271007
    ],
    [
      50.7744976369499,
      76.65460990982487
    ],
    [
      50.05820890302233,
      77.37158462272241
    ],
    [
      49.362001353687845,
      78.10706822065792
    ],
    [
      48.6878229958392,
      78.86112427288658
    ],
    [
      48.03762183636905,
      79.63381634866366
    ],
    [
      47.41334588217014,
      80.42520801724437
    ],
    [
      46.81694314013517,
      81.23536284788392
    ],
    [
      46.250361617156834,
      82.06434440983752
    ],
    [
      45.71554932012785,
      82.91221627236042
    ],
    [
      45.214454255940915,
      83.77904200470786
    ],
    [
      44.749024431273185,
      84.66488517605244
    ],
    [
      44.32014303885278,
      85.5694015556654
    ],
    [
      43.92450881755206,
      86.49064436068011
    ],
    [
      43.55779276599166,
      87.42627320672453
    ],
    [
      43.21566588279218,
      88.37394770942662
    ],
    [
      42.89379916657422,
      89.33132748441423
    ],
    [
      42.5878636159584,
      90.29607214731533
    ],
    [
      42.29353022956533,
      91.2658413137578
    ],
    [
      42.0064700060156,
      92.2382945993696
    ],
    [
      41.722353943929846,
      93.21109161977859
    ],
    [
      41.43685304192867,
      94.18189199061275
    ],
    [
      41.14563829863266,
      95.14835532749996
    ],
    [
      40.844380712662456,
      96.10814124606817
    ],
    [
      40.52875128263865,
      97.05890936194527
    ],
    [
      40.19442100718186,
      97.9983192907592
    ],
    [
      39.837060884912674,
      98.92403064813789
    ],
    [
      39.452341914451736,
      99.83370304970923
    ],
    [
      39.03593509441963,
      100.7249961111011
    ],
    [
      38.583511439511334,
      101.59556945535657
    ],
    [
      38.0918479378995,
      102.4435928867356
    ],
    [
      37.56182586514692,
      103.26912950113491
    ],
    [
      36.99527836214087,
      104.0726814861832
    ],
    [
      36.39403856976861,
      104.85475102950912
    ],
    [
      35.75993962891743,
      105.61584031874126
    ],
    [
      35.0948146804746,
      106.35645154150839
    ],
    [
      34.40049686532741,
      107.07708688543903
    ],
    [
      33.678819324363104,
      107.77824853816186
    ],
    [
      32.93161519846898,
      108.46043868730557
    ],
    [
      32.16071762853231,
      109.12415952049876
    ],
    [
      31.367959755440378,
      109.7699132253701
    ],
    [
      30.555174720080466,
      110.39820198954824
    ],
    [
      29.724195663339817,
      111.00952800066179
    ],
    [
      28.87685572610572,
      111.60439344633942
    ],
    [
      28.01498804926548,
      112.18330051420982
    ],
    [
      27.140425773706347,
      112.74675139190154
