{
  "test_id": 43,
  "test_outcome": "NOT_EXECUTED",
  "predicted_test_outcome": null,
  "test_duration": null,
  "road_points": [
    [
      100.0,
      100.0
    ],
    [
      99.75667385581981,
      98.8985260683016
    ],
    [
      99.47691660401279,
      97.8237735211625
    ],
    [
      99.16163491452308,
      96.77560057860487
    ],
    [
      98.81173545729474,
      95.75386546065094
    ],
    [
      98.4281249022719,
      94.7584263873229
    ],
    [
      98.01170991939858,
      93.78914157864283
    ],
    [
      97.56339717861891,
      92.84586925463299
    ],
    [
      97.08409334987697,
      91.92846763531553
    ],
    [
      96.57470510311686,
      91.03679494071264
    ],
    [
      96.03613910828261,
      90.17070939084648
    ],
    [
      95.46930203531836,
      89.33006920573925
    ],
    [
      94.87510055416824,
      88.51473260541313
    ],
    [
      94.25444133477619,
      87.72455780989024
    ],
    [
      93.60823104708638,
      86.95940303919276
    ],
    [
      92.93737636104295,
      86.21912651334299
    ],
    [
      92.24278394658991,
      85.50358645236298
    ],
    [
      91.52536047367137,
      84.81264107627493
    ],
    [
      90.78601261223143,
      84.14614860510106
    ],
    [
      90.02564703221415,
      83.50396725886353
    ],
    [
      89.24517040356362,
      82.88595525758447
    ],
    [
      88.44548939622395,
      82.29197082128613
    ],
    [
      87.62751068013918,
      81.72187216999062
    ],
    [
      86.79214092525346,
      81.17551752372019
    ],
    [
      85.94028680151085,
      80.65276510249699
    ],
    [
      85.07285497885539,
      80.15347312634313
    ],
    [
      84.19075212723124,
      79.67749981528088
    ],
    [
      83.29488491658242,
      79.22470338933235
    ],
    [
      82.38616001685307,
      78.79494206851976
    ],
    [
      81.46548409798724,
      78.3880740728653
    ],
    [
      80.53376382992903,
      78.00395762239108
    ],
    [
      79.59190588262256,
      77.64245093711935
    ],
    [
      78.64081692601184,
      77.30341223707224
    ],
    [
      77.68140363004099,
      76.98669974227192
    ],
    [
      76.71457266465413,
      76.69217167274063
    ],
    [
      75.7412306997953,
      76.41968624850048
    ],
    [
      74.76228440540862,
      76.16910168957368
    ],
    [
      73.77864045143814,
      75.9402762159824
    ],
    [
      72.79120550782798,
      75.73306804774882
    ],
    [
      71.80088624452222,
      75.54733540489508
    ],
    [
      70.80858930728986,
      75.38293643782116
    ],
    [
      69.81507063582816,
      75.23929527528931
    ],
    [
      68.82057847297682,
      75.11437391902976
    ],
    [
      67.82525426455886,
      75.00582680376148
    ],
    [
      66.82923945639727,
      74.91130836420332
    ],
    [
      65.83267549431508,
      74.82847303507427
    ],
    [
      64.8357038241353,
      74.75497525109323
    ],
    [
      63.838465891680876,
      74.68846944697907
    ],
    [
      62.84110314277487,
      74.62661005745078
    ],
    [
      61.84375702324025,
      74.56705151722721
    ],
    [
      60.846568978900045,
      74.50744826102735
    ],
    [
      59.84966891380804,
      74.44555897816758
    ],
    [
      58.85306956304545,
      74.38020072292322
    ],
    [
      57.85671543056169,
      74.31080686835544
    ],
    [
      56.860550172397865,
      74.23681844651938
    ],
    [
      55.864517444595116,
      74.15767648947028
    ],
    [
      54.86856090319452,
      74.07282202926334
    ],
    [
      53.87262420423722,
      73.9816960979537
    ],
    [
      52.87665100376431,
      73.88373972759663
    ],
    [
      51.88058495781689,
      73.77839395024726
    ],
    [
      50.8843697224361,
      73.66509979796079
    ],
    [
      49.88794997488509,
      73.54333572595104
    ],
    [
      48.89132410775207,
      73.41454861252909
    ],
    [
      47.8945696949785,
      73.28308697357207
    ],
    [
      46.897770666576974,
      73.1535322461403
    ],
    [
      45.90101095256001,
      73.0304658672941
    ],
    [
      44.904374482940185,
      72.9184692740938
    ],
    [
      43.90794518773004,
      72.82212390359966
    ],
    [
      42.91180699694212,
      72.74601119287203
    ],
    [
      41.91604384058899,
      72.6947125789712
    ],
    [
      40.9207396486832,
      72.6728094989575
    ],
    [
      39.925978351237305,
      72.68488338989124
    ],
    [
      38.93184795766675,
      72.7341077733056
    ],
    [
      37.93845281713038,
      72.81801687029684
    ],
    [
      36.94590136926346,
      72.93273316468085
    ],
    [
      35.954302053701184,
      73.07437914027327
    ],
    [
      34.963763310078754,
      73.23907728088977
    ],
    [
      33.97439357803141,
      73.42295007034608
    ],
    [
      32.98630129719434,
      73.62211999245785
    ],
    [
      31.99959490720278,
      73.83270953104079
    ],
    [
      31.014382847691927,
      74.05084116991057
    ],
    [
      30.030773558297007,
      74.27263739288284
    ],
    [
      29.048875478653233,
      74.49422068377335
    ],
    [
      28.068797048395815,
      74.71171352639773
    ],
    [
      27.090646707159976,
      74.9212384045717
    ],
    [
      26.11453289458092,
      75.11891780211089
    ],
    [
      25.140564050293868,
      75.30087420283104
    ],
    [
      24.16884861393404,
      75.4632300905478
    ],
    [
      23.19949502513664,
      75.60210794907687
    ],
    [
      22.232611723536888,
      75.71363026223392
    ],
    [
      21.26830714876999,
      75.79391951383464
    ],
    [
      20.30668974047117,
      75.8390981876947
    ],
    [
      19.347867938275648,
      75.84528876762981
    ],
    [
      18.391950181818622,
      75.80861373745562
    ],
    [
      17.43904491073532,
      75.72519558098787
    ],
    [
      16.48926056466095,
      75.59115678204215
    ],
    [
      15.542705583230743,
      75.40261982443424
    ],
    [
      14.599488406079885,
      75.15570719197976
    ],
    [
      13.659717472843607,
      74.84654136849443
    ],
    [
      12.723501223157122,
      74.47124483779392
    ],
    [
      11.790948096655638,
      74.02594008369385
    ],
    [
      10.862166532974381,
      73.50674959001003
    ],
    [
      9.937264971748558,
      72.90979584055806
    ],
    [
      9.016351852613386,
      72.23120131915364
    ],
    [
      8.09953561520408,
      71.46708850961244
    ],
    [
      7.186924699155851,
      70.61357989575016
    ],
    [
      6.278627544103918,
      69.66679796138247
    ],
    [
      5.374752589683493,
      68.62286519032506
    ]
  ],