{
  "test_id": 50,
  "test_outcome": "NOT_EXECUTED",
  "predicted_test_outcome": null,
  "test_duration": null,
  "road_points": [
    [
      99.99999999999999,
      99.99999999999999
    ],
    [
      99.96427536036022,
      99.10138670040168
    ],
    [
      99.94647816442644,
      98.18029195276918
    ],
    [
      99.94390483823057,
      97.2385397769214
    ],
    [
      99.95385180780448,
      96.27795419267731
    ],
    [
      99.97361549918016,
      95.30035921985589
    ],
    [
      100.00049233838949,
      94.3075788782761
    ],
    [
      100.0317787514644,
      93.30143718775689
    ],
    [
      100.06477116443679,
      92.28375816811726
    ],
    [
      100.09676600333864,
      91.25636583917614
    ],
    [
      100.12505969420184,
      90.22108422075253
    ],
    [
      100.1469486630583,
      89.17973733266537
    ],
    [
      100.15972933593996,
      88.13414919473364
    ],
    [
      100.16069813887873,
      87.08614382677631
    ],
    [
      100.14715149790659,
      86.03754524861233
    ],
    [
      100.11638583905535,
      84.99017748006064
    ],
    [
      100.06569758835704,
      83.94586454094028
    ],
    [
      99.99238317184356,
      82.90643045107016
    ],
    [
      99.89373901554677,
      81.87369923026927
    ],
    [
      99.76706154549868,
      80.84949489835657
    ],
    [
      99.60964718773114,
      79.83564147515101
    ],
    [
      99.41879236827612,
      78.83396298047158
    ],
    [
      99.19179351316552,
      77.84628343413722
    ],
    [
      98.92594704843127,
      76.87442685596693
    ],
    [
      98.6185494001053,
      75.92021726577966
    ],
    [
      98.26689699421951,
      74.98547868339435
    ],
    [
      97.86828625680587,
      74.07203512863002
    ],
    [
      97.42001361389623,
      73.18171062130557
    ],
    [
      96.91981825661342,
      72.31632657035902
    ],
    [
      96.36879206009169,
      71.47768461474382
    ],
    [
      95.7695616191854,
      70.66757734353419
    ],
    [
      95.12476148167623,
      69.88779729890794
    ],
    [
      94.43702619534601,
      69.14013702304288
    ],
    [
      93.70899030797634,
      68.42638905811667
    ],
    [
      92.94328836734901,
      67.74834594630715
    ],
    [
      92.14255492124575,
      67.10780022979209
    ],
    [
      91.30942451744824,
      66.5065444507492
    ],
    [
      90.44653170373826,
      65.9463711513563
    ],
    [
      89.5565172452059,
      65.4290726846046
    ],
    [
      88.6421685508655,
      64.95643694125715
    ],
    [
      87.7064217281774,
      64.53024728733149
    ],
    [
      86.75221951283974,
      64.1522868871546
    ],
    [
      85.78250464055071,
      63.82433890505342
    ],
    [
      84.80021984700842,
      63.548186505354906
    ],
    [
      83.8083078679111,
      63.325612852386016
    ],
    [
      82.80971143895681,
      63.15840111047368
    ],
    [
      81.8073732958438,
      63.048334443944874
    ],
    [
      80.80423617427019,
      62.99719601712654
    ],
    [
      79.8032394702692,
      63.00676039292677
    ],
    [
      78.80658552602891,
      63.07690382737938
    ],
    [
      77.8148177214531,
      63.203229863570215
    ],
    [
      76.82825270375567,
      63.380758086944915
    ],
    [
      75.84720712015041,
      63.604508082949124
    ],
    [
      74.87199761785118,
      63.8694994370285
    ],
    [
      73.90294084407176,
      64.17075173462865
    ],
    [
      72.940353446026,
      64.50328456119523
    ],
    [
      71.98455207092772,
      64.86211750217386
    ],
    [
      71.0358533659907,
      65.24227014301017
    ],
    [
      70.09457397842884,
      65.63876206914985
    ],
    [
      69.16101859155145,
      66.04727343929332
    ],
    [
      68.23542699562135,
      66.46706740723809
    ],
    [
      67.31801708223962,
      66.89861623625171
    ],
    [
      66.4090067260844,
      67.34239312398999
    ],
    [
      65.50861380183373,
      67.79887126810866
    ],
    [
      64.61705618416572,
      68.26852386626346
    ],
    [
      63.73455174775845,
      68.75182411611017
    ],
    [
      62.86131836728998,
      69.24924521530457
    ],
    [
      61.9975739174384,
      69.76126036150238
    ],
    [
      61.1435362728818,
      70.28834275235941
    ],
    [
      60.299423308298245,
      70.83096558553137
    ],
    [
      59.46545289836581,
      71.38960205867406
    ],
    [
      58.64184291776259,
      71.96472536944319
    ],
    [
      57.82881124116666,
      72.55680871549458
    ],
    [
      57.02657574325609,
      73.16632529448395
    ],
    [
      56.23557588190128,
      73.79367311779048
    ],
    [
      55.457195907035214,
      74.43892961563105
    ],
    [
      54.69307183264771,
      75.10208679115635
    ],
    [
      53.944839675007906,
      75.7831366467438
    ],
    [
      53.21413545038489,
      76.48207118477072
    ],
    [
      52.50259517504784,
      77.19888240761448
    ],
    [
      51.81185486526588,
      77.93356231765246
    ],
    [
      51.14355053730813,
      78.68610291726202
    ],
    [
      50.4993182074437,
      79.45649620882047
    ],
    [
      49.88079389194174,
      80.24473419470525
    ],
    [
      49.28936785826506,
      81.05071691677871
    ],
    [
      48.72371640365038,
      81.87332883475987
    ],
    [
      48.18083040843642,
      82.71082371636919
    ],
    [
      47.65767546535345,
      83.56144586656896
    ],
    [
      47.15121716713179,
      84.42343959032162
    ],
    [
      46.658421106501706,
      85.29504919258953
    ],
    [
      46.176252876193495,
      86.17451897833507
    ],
    [
      45.70167806893743,
      87.06009325252063
    ],
    [
      45.231662277463855,
      87.95001632010862
    ],
    [
      44.76317109450298,
      88.84253248606133
    ],
    [
      44.29317011278514,
      89.73588605534124
    ],
    [
      43.818624925040616,
      90.62832133291066
    ],
    [
      43.33650112399971,
      91.51808262373203
    ],
    [
      42.84376430239271,
      92.4034142327677
    ],
    [
      42.33738005294987,
      93.28256046498001
    ],
    [
      41.81431396840149,
      94.1537656253314
    ],
    [
      41.271394867643366,
      95.01473096228187
    ],
    [
      40.704322116973955,
      95.85867326584793
    ],
    [
      40.10823841043608,
      96.67659907516617
    ],
    [
      39.478282534350384,
      97.45949941387651
    ],
    [
      38.809593275037464,
      98.198365305619
    ],
    [
      38.09757978149398,
      98.88461932663228
    ],
    [
      37.34217163040056,
      99.5168995547265
    ],
    [
      36.54703838949488,
      100.09981383721977
    ],
    [
      35.71596214224468,
      100.63814961891151
    ],
    [
      34.8527249721176,
      101.1366943446011
    ],
    [
      33.96110896258131,
      101.60023545908793
    ],
    [
      33.04489619710353,
      102.03356040717136
    ],
    [
      32.107868759151906,
      102.44145663365084
    ],
    [
      31.15380873219415,
      102.82871158332574
    ],
    [
      30.186498199697922,
      103.20011270099546
    ],
    [
      29.20971924513088,
      103.56044743145935
    ],
    [
      28.227253951960748,
      103.91450321951683
    ],
    [
      27.242884403655193,
      104.2670675099673
    ],
    [
      26.26039268368187,
      104.62292774761016
    ],
    [
      25.2835608755085,
      104.98687137724478
    ],
    [
      24.31617106260274,
      105.36368584367058
    ],
    [
      23.36200532843227,
      105.75815859168691
    ],
    [
      22.42484575646478,
      106.1750770660932
    ],
    [
      21.50847443016793,
      106.61922871168883
    ],
    [
      20.616673433009428,
      107.09540097327317
    ],
    [
      19.75322484845694,
      107.60838129564567
    ],
    [
      18.921910759978136,
