{
  "test_id": 60,
  "test_outcome": "NOT_EXECUTED",
  "predicted_test_outcome": null,
  "test_duration": null,
  "road_points": [
    [
      100.0,
      99.99999999999999
    ],
    [
      99.81826506527595,
      101.54386035321149
    ],
    [
      99.5888758810923,
      103.00190710613725
    ],
    [
      99.313289709962,
      104.37703965913796
    ],
    [
      98.99296381439773,
      105.67215741257397
    ],
    [
      98.62935545691242,
      106.89015976680592
    ],
    [
      98.22392190001881,
      108.03394612219431
    ],
    [
      97.77812040622972,
      109.1064158790996
    ],
    [
      97.293408238058,
      110.11046843788237
    ],
    [
      96.77124265801639,
      111.04900319890307
    ],
    [
      96.21308092861779,
      111.92491956252226
    ],
    [
      95.62038031237496,
      112.74111692910046
    ],
    [
      94.99459807180077,
      113.50049469899821
    ],
    [
      94.33719146940793,
      114.20595227257594
    ],
    [
      93.64961776770936,
      114.86038905019431
    ],
    [
      92.9333342292178,
      115.4667044322137
    ],
    [
      92.18979811644608,
      116.02779781899467
    ],
    [
      91.42046669190705,
      116.54656861089778
    ],
    [
      90.62679721811348,
      117.02591620828349
    ],
    [
      89.81024695757822,
      117.46874001151237
    ],
    [
      88.97227317281406,
      117.8779394209449
    ],
    [
      88.11433312633379,
      118.2564138369416
    ],
    [
      87.23788408065028,
      118.60706265986303
    ],
    [
      86.34438329827627,
      118.93278529006965
    ],
    [
      85.43528804172463,
      119.23648112792199
    ],
    [
      84.51205557350819,
      119.52104957378063
    ],
    [
      83.57614315613971,
      119.789390028006
    ],
    [
      82.62900805213201,
      120.04440189095862
    ],
    [
      81.67210752399795,
      120.28898456299912
    ],
    [
      80.70689883425027,
      120.5260374444879
    ],
    [
      79.73483924540184,
      120.75845993578551
    ],
    [
      78.75738601996548,
      120.98915143725247
    ],
    [
      77.77599642045396,
      121.22101134924935
    ],
    [
      76.79212770938014,
      121.45693907213662
    ],
    [
      75.80723714925678,
      121.69983400627478
    ],
    [
      74.82278200259671,
      121.95259555202435
    ],
    [
      73.84021953191277,
      122.21812310974587
    ],
    [
      72.86100699971774,
      122.49931607979984
    ],
    [
      71.88660166852446,
      122.79907386254683
    ],
    [
      70.91846080084574,
      123.1202958583473
    ],
    [
      69.95815140984612,
      123.46580607743007
    ],
    [
      69.00816360452303,
      123.83779443523427
    ],
    [
      68.07144950179134,
      124.23813348381947
    ],
    [
      67.15096465754083,
      124.6686934129377
    ],
    [
      66.24966462766137,
      125.13134441234119
    ],
    [
      65.37050496804278,
      125.62795667178206
    ],
    [
      64.51644123457487,
      126.16040038101244
    ],
    [
      63.690428983147434,
      126.73054572978448
    ],
    [
      62.89542376965033,
      127.34026290785029
    ],
    [
      62.13438114997335,
      127.99142210496206
    ],
    [
      61.410232256991094,
      128.68582244429803
    ],
    [
      60.72513618485383,
      129.4230165554517
    ],
    [
      60.08034115549357,
      130.19990659397897
    ],
    [
      59.477042962880454,
      131.01324215951277
    ],
    [
      58.91643740098458,
      131.8597728516862
    ],
    [
      58.39972026377608,
      132.7362482701321
    ],
    [
      57.928087345225045,
      133.6394180144836
    ],
    [
      57.50273443930159,
      134.5660316843736
    ],
    [
      57.12485733997585,
      135.51283887943512
    ],
    [
      56.795651841217925,
      136.4765891993012
    ],
    [
      56.51631340680394,
      137.45403255218812
    ],
    [
      56.287723763069266,
      138.44221205019613
    ],
    [
      56.10986727805961,
      139.43900943321287
    ],
    [
      55.982568909663954,
      140.44245541817165
    ],
    [
      55.905653615771314,
      141.45058072200584
    ],
    [
      55.87894635427069,
      142.46141606164872
    ],
    [
      55.90227208305111,
      143.47299215403368
    ],
    [
      55.975455760001566,
      144.48333971609406
    ],
    [
      56.09832234301109,
      145.49048946476324
    ],
    [
      56.27069678996866,
      146.4924721169745
    ],
    [
      56.492404058763306,
      147.48731838966128
    ],
    [
      56.76324281999822,
      148.47289249705062
    ],
    [
      57.082810738960255,
      149.44578549305288
    ],
    [
      57.45061268891913,
      150.4020006903376
    ],
    [
      57.86615304434867,
      151.33753824221984
    ],
    [
      58.3289361797227,
      152.24839830201464
    ],
    [
      58.838466469515154,
      153.13058102303714
    ],
    [
      59.394248288199805,
      153.98008655860232
    ],
    [
      59.99578601025054,
      154.79291506202532
    ],
    [
      60.64258401014121,
      155.56506668662115
    ],
    [
      61.33414666234568,
      156.2925415857049
    ],
    [
      62.06993914210136,
      156.97141939425316
    ],
    [
      62.84836198822083,
      157.59993843908748
    ],
    [
      63.666651771345755,
      158.17869714719077
    ],
    [
      64.52198594696561,
      158.70841380937372
    ],
    [
      65.41154197056989,
      159.18980671644712
    ],
    [
      66.332497297648,
      159.62359415922154
    ],
    [
      67.28202938368945,
      160.0104944285076
    ],
    [
      68.25731568418368,
      160.35122581511607
    ],
    [
      69.25553365462021,
      160.64650660985762
    ],
    [
      70.27386075048848,
      160.89705510354287
    ],
    [
      71.30947442727793,
      161.10358958698245
    ],
    [
      72.35955214047804,
      161.26682835098714
    ],
    [
      73.4212713455783,
      161.38748968636753
    ],
    [
      74.49180949806818,
      161.4662918839343
    ],
    [
      75.56834405343713,
      161.50395323449817
    ],
    [
      76.64805246717461,
      161.50119202886975
    ],
    [
      77.72811219477012,
      161.4587265578598
    ],
    [
      78.80570069171308,
      161.37727511227882
    ],
    [
      79.87799541349303,
      161.25755598293762
    ],
    [
      80.94217381559936,
      161.1002874606469
    ],
    [
      81.99541335352158,
      160.9061878362172
    ],
    [
      83.03489148274916,
      160.67597540045932
    ],
    [
      84.05778565877155,
      160.41036844418383
    ],
    [
      85.06127333707823,
      160.11008525820142
    ],
    [
      86.04254184021045,
      159.77585861394263
    ],
    [
      87.00137162232944,
      159.41222689305835
    ],
    [
      87.94359680204354,
      159.03261267232241
    ],
    [
      88.8759138186855,
      158.65170404721067
    ],
    [
      89.8050191115881,
      158.28418911319915
    ],
    [
      90.73760912008402,
      157.94475596576365
    ],
    [
      91.68038028350607,
      157.64809270038012
    ],
    [
      92.63999944387861,
      157.40884035091875
    ],
    [
      93.61980558028665,
      157.23634843717858
    ],
    [
      94.61680647037493,
      157.12989946534736
    ],
    [
      95.62730056746321,
      157.0876480707494
    ],
    [
      96.64758632487117,
      157.10774888870893
    ],
    [
      97.67396219591866,
      157.18835655455038
    ],
    [
      98.70272663392535,
      157.327625703598
    ],
    [
      99.73017809221106,
      157.52371097117617
    ],
    [
      100.7526150240955,
      157.7747669926091
    ],
    [
      101.76633588289846,
      158.0789484032213
    ],
    [
      102.76763912193968,
      158.4344098383369
    ],
    [
      103.75282319453892,
      158.83930593328037
    ],
    [
      104.7181865540159,
      159.29179132337595
    ],
    [
