{
  "test_id": 114,
  "test_outcome": "NOT_EXECUTED",
  "predicted_test_outcome": null,
  "test_duration": null,
  "road_points": [
    [
      99.99999999999999,
      99.99999999999999
    ],
    [
      100.24856015402229,
      98.9914193454258
    ],
    [
      100.46769211413356,
      97.98194205770905
    ],
    [
      100.65793204921435,
      96.97183457520497
    ],
    [
      100.81981612814553,
      95.961363336269
    ],
    [
      100.95388051980783,
      94.9507947792565
    ],
    [
      101.06066139308193,
      93.94039534252279
    ],
    [
      101.14069491684853,
      92.9304314644232
    ],
    [
      101.19451725998844,
      91.9211695833131
    ],
    [
      101.22266459138237,
      90.91287613754783
    ],
    [
      101.22567307991096,
      89.90581756548276
    ],
    [
      101.20407889445504,
      88.90026030547318
    ],
    [
      101.15841820389534,
      87.89647079587455
    ],
    [
      101.08922717711249,
      86.89471547504209
    ],
    [
      100.9970419829873,
      85.89526078133125
    ],
    [
      100.88239879040052,
      84.89837315309731
    ],
    [
      100.74583376823279,
      83.90431902869567
    ],
    [
      100.5878830853649,
      82.91336484648163
    ],
    [
      100.40908291067757,
      81.92577704481059
    ],
    [
      100.2099694130515,
      80.94182206203784
    ],
    [
      99.99107876136746,
      79.96176633651879
    ],
    [
      99.75294712450615,
      78.98587630660877
    ],
    [
      99.49611067134833,
      78.01441841066311
    ],
    [
      99.22110557077468,
      77.04765908703715
    ],
    [
      98.928467991666,
      76.08586477408629
    ],
    [
      98.6187341029029,
      75.12930191016582
    ],
    [
      98.29244007336622,
      74.17823693363111
    ],
    [
      97.95012207193669,
      73.23293628283754
    ],
    [
      97.59231626749494,
      72.29366639614041
    ],
    [
      97.21955882892179,
      71.3606937118951
    ],
    [
      96.83238592509794,
      70.43428466845695
    ],
    [
      96.43133372490409,
      69.51470570418131
    ],
    [
      96.01693839722101,
      68.60222325742353
    ],
    [
      95.5897361109294,
      67.69710376653896
    ],
    [
      95.15023570412272,
      66.79961335958289
    ],
    [
      94.69778311578825,
      65.9100049616377
    ],
    [
      94.23015283446529,
      65.02851365632581
    ],
    [
      93.74500797861077,
      64.15537326282974
    ],
    [
      93.24001166668154,
      63.290817600331835
    ],
    [
      92.71282701713452,
      62.435080488014556
    ],
    [
      92.16111714842658,
      61.588395745060346
    ],
    [
      91.58259567804049,
      60.75102090451249
    ],
    [
      90.97644314711616,
      59.92390235277154
    ],
    [
      90.3434999223774,
      59.10876591450017
    ],
    [
      89.68469563465058,
      58.307379331932125
    ],
    [
      89.00095991476208,
      57.52151034730118
    ],
    [
      88.29322239353827,
      56.7529267028411
    ],
    [
      87.5624127018055,
      56.00339614078567
    ],
    [
      86.80946047039018,
      55.274686403368634
    ],
    [
      86.03529533011869,
      54.56856523282379
    ],
    [
      85.24084691181734,
      53.88680037138486
    ],
    [
      84.42704484631255,
      53.23115956128565
    ],
    [
      83.59481876443068,
      52.60341054475991
    ],
    [
      82.74509829699811,
      52.005321064041425
    ],
    [
      81.8788130748412,
      51.438658861363955
    ],
    [
      80.99689272878632,
      50.90519167896125
    ],
    [
      80.10026688965986,
      50.406687259067105
    ],
    [
      79.18986518828818,
      49.944913343915275
    ],
    [
      78.26661725549768,
      49.52163767573955
    ],
    [
      77.33145272211466,
      49.13862799677366
    ],
    [
      76.38530121896557,
      48.79765204925138
    ],
    [
      75.42909237687674,
      48.50047757540651
    ],
    [
      74.46375582667454,
      48.24887231747279
    ],
    [
      73.49022119918536,
      48.04460401768398
    ],
    [
      72.50941342183496,
      47.88923311271388
    ],
    [
      71.522172591274,
      47.780581065487276
    ],
    [
      70.52926521650551,
      47.71322591362832
    ],
    [
      69.5314553660169,
      47.6816381273841
    ],
    [
      68.52950710829559,
      47.680288177001714
    ],
    [
      67.52418451182893,
      47.70364653272826
    ],
    [
      66.51625164510443,
      47.74618366481082
    ],
    [
      65.50647257660944,
      47.80237004349651
    ],
    [
      64.4956113748314,
      47.86667613903242
    ],
    [
      63.484432108257664,
      47.93357242166562
    ],
    [
      62.473698845375715,
      47.99752936164324
    ],
    [
      61.46417565467287,
      48.05301742921233
    ],
    [
      60.45662660463662,
      48.094507094620006
    ],
    [
      59.451815763754325,
      48.11646882811338
    ],
    [
      58.45050720051342,
      48.11337309993952
    ],
    [
      57.4534649834013,
      48.079690380345525
    ],
    [
      56.461453180905394,
      48.009891139578514
    ],
    [
      55.47520231290772,
      47.8987310759706
    ],
    [
      54.49491558253525,
      47.74544910099215
    ],
    [
      53.52037690530495,
      47.55284888240671
    ],
    [
      52.551358610519365,
      47.32383259322864
    ],
    [
      51.58763302748093,
      47.061302406472265
    ],
    [
      50.628972485492156,
      46.768160495151946
    ],
    [
      49.67514931385555,
      46.44730903228204
    ],
    [
      48.725935841873586,
      46.10165019087688
    ],
    [
      47.78110439884873,
      45.734086143950805
    ],
    [
      46.84042731408353,
      45.34751906451818
    ],
    [
      45.903676916880414,
      44.94485112559333
    ],
    [
      44.9706255365419,
      44.52898450019063
    ],
    [
      44.04099897079781,
      44.102966386325
    ],
    [
      43.113777517004266,
      43.672167483795086
    ],
    [
      42.18734130452159,
      43.24382903661155
    ],
    [
      41.26005342673585,
      42.82524538482342
    ],
    [
      40.330276977033144,
      42.423710868479766
    ],
    [
      39.396375048799484,
      42.04651982762962
    ],
    [
      38.45671073542101,
      41.700966602322104
    ],
    [
      37.509647130283774,
      41.39434553260623
    ],
    [
      36.55354732677382,
      41.133950958531045
    ],
    [
      35.586774418277265,
      40.92707722014565
    ],
    [
      34.6077054252293,
      40.78099391416049
    ],
    [
      33.616395341746404,
      40.69998948380967
    ],
    [
      32.61615417147522,
      40.68256939546401
    ],
    [
      31.61066535903936,
      40.72657564569185
    ],
    [
      30.603612349062423,
      40.829850231061535
    ],
    [
      29.59867858616806,
      40.99023514814137
    ],
    [
      28.599547514979886,
      41.20557239349972
    ],
    [
      27.609902580121513,
      41.473703963704935
    ],
    [
      26.63342722621659,
      41.792471855325324
    ],
    [
      25.673804897888722,
      42.15971806492924
    ],
    [
      24.73471903976154,
      42.573284589085034
    ],
    [
      23.819605454534504,
      43.03112628904595
    ],
    [
      22.93063153210502,
      43.531776114818896
    ],
    [
      22.06955964956519,
      44.07395160406811
    ],
    [
      21.238152006838472,
      44.656370375203885
    ],
    [
      20.43817080384833,
      45.27775004663645
    ],
    [
      19.671378240518237,
      45.9368082367761
    ],
    [
      18.93953651677163,
      46.632262564033056
    ],
    [
      18.244407832532023,
      47.362830646817564
    ],
    [
      17.58775438772286,
      48.12723010353987
    ],
    [
      16.971338382267604,
      48.92417855261023
    ],
    [
      16.396890719559465,
      49.75235587964673
    ],
    [
      15.865645780948963,
      50.60984333639667
    ],
    [
