{
  "test_id": 126,
  "test_outcome": "NOT_EXECUTED",
  "predicted_test_outcome": null,
  "test_duration": null,
  "road_points": [
    [
      99.99999999999999,
      99.99999999999999
    ],
    [
      99.93425239395424,
      99.14470173369827
    ],
    [
      99.89226419417786,
      98.25898551278091
    ],
    [
      99.87092243020795,
      97.34524668945905
    ],
    [
      99.86711413158159,
      96.40588061594376
    ],
    [
      99.87772632783584,
      95.44328264444611
    ],
    [
      99.89964604850782,
      94.45984812717724
    ],
    [
      99.92976032313452,
      93.45797241634817
    ],
    [
      99.96495618125307,
      92.44005086417008
    ],
    [
      100.00212065240052,
      91.40847882285397
    ],
    [
      100.03814076611401,
      90.36565164461098
    ],
    [
      100.06990355193054,
      89.31396468165221
    ],
    [
      100.09429603938722,
      88.25581328618874
    ],
    [
      100.10820525802109,
      87.19359281043165
    ],
    [
      100.1085182373693,
      86.12969860659207
    ],
    [
      100.09212200696884,
      85.06652602688102
    ],
    [
      100.05590359635681,
      84.00647042350965
    ],
    [
      99.9967500350703,
      82.95192714868904
    ],
    [
      99.9115483526464,
      81.90529155463025
    ],
    [
      99.79718557862216,
      80.86895899354444
    ],
    [
      99.65054874253464,
      79.84532481764262
    ],
    [
      99.46852487392097,
      78.83678437913595
    ],
    [
      99.24800100231816,
      77.84573303023546
    ],
    [
      98.98586415726334,
      76.8745661231523
    ],
    [
      98.67900136829351,
      75.9256790100975
    ],
    [
      98.32429966494584,
      75.0014670432822
    ],
    [
      97.91864607675734,
      74.10432557491748
    ],
    [
      97.4589276332651,
      73.23664995721442
    ],
    [
      96.94255776371821,
      72.40056729951749
    ],
    [
      96.37200638953355,
      71.59562802291804
    ],
    [
      95.7525629856802,
      70.81994575986518
    ],
    [
      95.08954760996969,
      70.07161855839723
    ],
    [
      94.38828032021361,
      69.3487444665525
    ],
    [
      93.65408117422359,
      68.64942153236927
    ],
    [
      92.89227022981126,
      67.97174780388588
    ],
    [
      92.10816754478816,
      67.31382132914057
    ],
    [
      91.30709317696588,
      66.67374015617165
    ],
    [
      90.49436718415608,
      66.04960233301743
    ],
    [
      89.67525128312687,
      65.43952301574535
    ],
    [
      88.85268340533236,
      64.84229879127345
    ],
    [
      88.02655013258403,
      64.25762102960066
    ],
    [
      87.19653080000464,
      63.68524187410558
    ],
    [
      86.36230474271693,
      63.12491346816692
    ],
    [
      85.52355129584373,
      62.57638795516335
    ],
    [
      84.6799497945077,
      62.03941747847349
    ],
    [
      83.83117957383169,
      61.513754181476024
    ],
    [
      82.97691996893842,
      60.9991502075496
    ],
    [
      82.11685031495068,
      60.4953577000729
    ],
    [
      81.25064994699119,
      60.002128802424565
    ],
    [
      80.37799820018276,
      59.51921565798327
    ],
    [
      79.49857440964813,
      59.046370410127636
    ],
    [
      78.61205791051007,
      58.58334520223638
    ],
    [
      77.71812803789135,
      58.12989217768811
    ],
    [
      76.81646412691474,
      57.68576347986155
    ],
    [
      75.90674551270294,
      57.250711252135275
    ],
    [
      74.9886515303788,
      56.82448763788802
    ],
    [
      74.06186151506503,
      56.40684478049841
    ],
    [
      73.1260723231731,
      55.997628205370894
    ],
    [
      72.18150502054122,
      55.599477281394144
    ],
    [
      71.22898264015676,
      55.21823964100799
    ],
    [
      70.26936138116025,
      54.8599396800533
    ],
    [
      69.3034974426923,
      54.530601794370995
    ],
    [
      68.33224702389349,
      54.236250379801945
    ],
    [
      67.35646632390434,
      53.98290983218703
    ],
    [
      66.3770115418655,
      53.77660454736715
    ],
    [
      65.39473887691749,
      53.623358921183204
    ],
    [
      64.41050452820087,
      53.52919734947605
    ],
    [
      63.425164757257946,
      53.500140678540944
    ],
    [
      62.439623996273134,
      53.53946970149409
    ],
    [
      61.45492087977125,
      53.64283148409377
    ],
    [
      60.472117228764546,
      53.804554193165636
    ],
    [
      59.49227486426522,
      54.01896599553529
    ],
    [
      58.51645560728551,
      54.280395058028375
    ],
    [
      57.54572127883768,
      54.58316954747051
    ],
    [
      56.58113369993395,
      54.92161763068733
    ],
    [
      55.623754691586534,
      55.29006747450447
    ],
    [
      54.674646074807704,
      55.682847245747524
    ],
    [
      53.73486967060968,
      56.09428511124217
    ],
    [
      52.80499837361305,
      56.51790828327574
    ],
    [
      51.88195895513781,
      56.941270929818934
    ],
    [
      50.96103111851806,
      57.34922900782201
    ],
    [
      50.037486518187166,
      57.72662528860289
    ],
    [
      49.106596808578445,
      58.058302543479485
    ],
    [
      48.16383782869794,
      58.329725312293675
    ],
    [
      47.20786244060291,
      58.53603258240673
    ],
    [
      46.23983302477802,
      58.68000515048852
    ],
    [
      45.260980313073055,
      58.764631951986416
    ],
    [
      44.2725350373378,
      58.79290192234785
    ],
    [
      43.27572792942199,
      58.767803997020174
    ],
    [
      42.27178972117543,
      58.69232711145085
    ],
    [
      41.26195114444787,
      58.56946020108726
    ],
    [
      40.24744293108909,
      58.40219220137681
    ],
    [
      39.229495812948855,
      58.19351204776691
    ],
    [
      38.209340521876925,
      57.94640867570493
    ],
    [
      37.1882077897231,
      57.66387102063832
    ],
    [
      36.1673283483371,
      57.34888801801444
    ],
    [
      35.14793292956875,
      57.00444860328074
    ],
    [
      34.13125226526779,
      56.6335417118846
    ],
    [
      33.11851708728399,
      56.239156279273395
    ],
    [
      32.110958127467136,
      55.82428124089459
    ],
    [
      31.109806117666984,
      55.39190553219555
    ],
    [
      30.11629178973329,
      54.94501808862368
    ],
    [
      29.131645875515854,
      54.48660784562638
    ],
    [
      28.157099106864443,
      54.01966373865109
    ],
    [
      27.193882215628804,
      53.54717470314516
    ],
    [
      26.24322593365872,
      53.07212967455604
    ],
    [
      25.306360992803967,
      52.5975175883311
    ],
    [
      24.3845181249143,
      52.12632737991777
    ],
    [
      23.478928061839515,
      51.66154798476345
    ],
    [
      22.59082153542935,
      51.20616833831552
    ],
    [
      21.721429277533588,
      50.76317737602141
    ],
    [
      20.871982020002008,
      50.3355640333285
    ],
    [
      20.04371049468438,
      49.92631724568423
    ],
    [
      19.23784543343045,
      49.53842594853597
    ],
    [
      18.455617568090016,
      49.17487907733114
    ],
    [
      17.698257630512828,
      48.83866556751713
    ],
    [
      16.966996352548673,
      48.53277435454137
    ]
  ],