{
  "test_id": 176,
  "test_outcome": "NOT_EXECUTED",
  "predicted_test_outcome": null,
  "test_duration": null,
  "road_points": [
    [
      100.0,
      100.0
    ],
    [
      99.80401748386981,
      101.48791243000666
    ],
    [
      99.56263208708427,
      102.89812816450831
    ],
    [
      99.27718144904584,
      104.23309464982346
    ],
    [
      98.94900320915686,
      105.49525933227048
    ],
    [
      98.57943500681986,
      106.68706965816797
    ],
    [
      98.16981448143711,
      107.81097307383419
    ],
    [
      97.72147927241119,
      108.8694170255878
    ],
    [
      97.23576701914438,
      109.86484895974706
    ],
    [
      96.71401536103916,
      110.7997163226305
    ],
    [
      96.15756193749793,
      111.67646656055658
    ],
    [
      95.56774438792306,
      112.49754711984372
    ],
    [
      94.94590035171706,
      113.2654054468104
    ],
    [
      94.29336746828226,
      113.98248898777504
    ],
    [
      93.61148337702112,
      114.65124518905611
    ],
    [
      92.90158571733603,
      115.27412149697206
    ],
    [
      92.1650121286294,
      115.85356535784126
    ],
    [
      91.40310025030371,
      116.39202421798231
    ],
    [
      90.6171877217613,
      116.89194552371356
    ],
    [
      89.80861218240459,
      117.35577672135346
    ],
    [
      88.97871127163602,
      117.78596525722048
    ],
    [
      88.12882262885802,
      118.18495857763304
    ],
    [
      87.26028389347296,
      118.55520412890965
    ],
    [
      86.37443270488329,
      118.8991493573687
    ],
    [
      85.47260670249142,
      119.21924170932871
    ],
    [
      84.55614352569972,
      119.51792863110803
    ],
    [
      83.62638081391069,
      119.79765756902519
    ],
    [
      82.68465620652665,
      120.06087596939858
    ],
    [
      81.73230734295011,
      120.31003127854672
    ],
    [
      80.77067186258341,
      120.54757094278801
    ],
    [
      79.80108740482899,
      120.77594240844088
    ],
    [
      78.82489160908929,
      120.99759312182385
    ],
    [
      77.84342211476667,
      121.21497052925531
    ],
    [
      76.85801656126358,
      121.43052207705372
    ],
    [
      75.87001258798244,
      121.64669521153755
    ],
    [
      74.88074783432566,
      121.86593737902527
    ],
    [
      73.89155993969564,
      122.09069602583523
    ],
    [
      72.90378654349479,
      122.32341859828594
    ],
    [
      71.91876528512556,
      122.5665525426959
    ],
    [
      70.93783380399034,
      122.8225453053835
    ],
    [
      69.96232973949155,
      123.0938443326672
    ],
    [
      68.9935907310316,
      123.38289707086545
    ],
    [
      68.03295441801288,
      123.69215096629668
    ],
    [
      67.08175843983787,
      124.0240534652794
    ],
    [
      66.14134043590892,
      124.38105201413198
    ],
    [
      65.21296018406838,
      124.76537893400207
    ],
    [
      64.2970625188537,
      125.17701492383198
    ],
    [
      63.39360638895609,
      125.6145982194081
    ],
    [
      62.502544262012194,
      126.07674914988942
    ],
    [
      61.62382860565868,
      126.56208804443483
    ],
    [
      60.757411887532236,
      127.06923523220327
    ],
    [
      59.90324657526954,
      127.59681104235369
    ],
    [
      59.061285136507244,
      128.14343580404497
    ],
    [
      58.231480038882026,
      128.70772984643605
    ],
    [
      57.41378375003059,
      129.28831349868594
    ],
    [
      56.608149069566046,
      129.8838169940169
    ],
    [
      55.814546024695304,
      130.49338452732758
    ],
    [
      55.0329699033021,
      131.11691391123023
    ],
    [
      54.2634180060071,
      131.75436300558678
    ],
    [
      53.50588763343094,
      132.40568967025933
    ],
    [
      52.760376086194235,
      133.07085176510984
    ],
    [
      52.026880664917655,
      133.7498071500003
    ],
    [
      51.30539867022182,
      134.44251368479274
    ],
    [
      50.595927402727355,
      135.14892922934914
    ],
    [
      49.898464163054946,
      135.86901164353156
    ],
    [
      49.21300625182521,
      136.60271878720198
    ],
    [
      48.53955096965877,
      137.3500085202224
    ],
    [
      47.87809561717631,
      138.11083870245483
    ],
    [
      47.22863749499841,
      138.88516719376128
    ],
    [
      46.591173903745755,
      139.67295185400374
    ],
    [
      45.965702144038964,
      140.47415054304423
    ],
    [
      45.35224877492226,
      141.28872141724057
    ],
    [
      44.75220015819003,
      142.11663641277065
    ],
    [
      44.168849726766624,
      142.95788679148046
    ],
    [
      43.605633565991205,
      143.81246526081182
    ],
    [
      43.06598776120285,
      144.68036452820613
    ],
    [
      42.553348397740706,
      145.56157730110496
    ],
    [
      42.07115156094388,
      146.45609628695001
    ],
    [
      41.62283333615148,
      147.36391419318272
    ],
    [
      41.21182980870263,
      148.28502372724472
    ],
    [
      40.84157706393646,
      149.2194175965776
    ],
    [
      40.515511187192075,
      150.1670885086229
    ],
    [
      40.23706826380859,
      151.12802917082215
    ],
    [
      40.009684379125126,
      152.102232290617
    ],
    [
      39.83679561848081,
      153.08969057544903
    ],
    [
      39.72162555021667,
      154.09013348649248
    ],
    [
      39.66523808052375,
      155.10061529656187
    ],
    [
      39.66743846104146,
      156.1166311744216
    ],
    [
      39.72801626357113,
      157.1336568661124
    ],
    [
      39.846761059914,
      158.1471681176752
    ],
    [
      40.02346242187134,
      159.15264067515068
    ],
    [
      40.257909921244476,
      160.14555028457988
    ],
    [
      40.54989312983464,
      161.12137269200358
    ],
    [
      40.89920161944314,
      162.0755836434626
    ],
    [
      41.30562496187123,
      163.0036588849978
    ],
    [
      41.768932349319776,
      163.90110827530762
    ],
    [
      42.287893104310676,
      164.76511531786844
    ],
    [
      42.85984290861165,
      165.59526323425314
    ],
    [
      43.482006763309464,
      166.39132051032198
    ],
    [
      44.15160966949087,
      167.15305563193536
    ],
    [
      44.86587662824258,
      167.88023708495345
    ],
    [
      45.62203264065138,
      168.57263335523663
    ],
    [
      46.41730270780403,
      169.23001292864524
    ],
    [
      47.248911830787264,
      169.85214429103956
    ],
    [
      48.1140850106878,
      170.4387959282799
    ],
    [
      49.01004724859244,
      170.98973632622653
    ],
    [
      49.93402354558791,
      171.5047339707398
    ],
    [
      50.88323890276101,
      171.9835573476801
    ],
    [
      51.854918321198404,
      172.4259749429076
    ],
    [
      52.846286801986906,
      172.8317552422827
    ],
    [
      53.854569346213246,
      173.20066673166573
    ],
    [
      54.87699095496417,
      173.53247789691693
    ],
    [
      55.91077662932647,
      173.82695722389664
    ],
    [
      56.95315137038683,
      174.08387319846514
    ],
    [
      58.00134017923206,
      174.30299430648284
    ],
    [
      59.052568056948864,
      174.48408903380994
    ],
    [
      60.10406000462403,
      174.6269258663068
    ],
    [
      61.153041023344315,
      174.73127328983378
    ],
    [
      62.196736114196426,
      174.7968997902511
    ],
    [
      63.2323703110715,
      174.82357399724307
    ],
    [
      64.2578523328263,
      174.81406201693844
    ],
    [
      65.27353358264544,
      174.78183940367882
    ],
    [
      66.28031077062155,
      174.7427724980512
    ],
    [
      67.2790806068474,
      174.71272764064278
    ],
    [
      68.27073980141569,
      174.70757117204062
    ],
    [
      69.25618506441913,
