{
  "test_id": 175,
  "test_outcome": "NOT_EXECUTED",
  "predicted_test_outcome": null,
  "test_duration": null,
  "road_points": [
    [
      100.00000000000001,
      100.00000000000003
    ],
    [
      99.95068110947103,
      99.11326760849933
    ],
    [
      99.92130399412297,
      98.20354154908989
    ],
    [
      99.90921344338807,
      97.27258420078974
    ],
    [
      99.9117542466988,
      96.32215794261694
    ],
    [
      99.9262711934873,
      95.35402515358939
    ],
    [
      99.95010907318584,
      94.3699482127251
    ],
    [
      99.98061267522677,
      93.3716894990421
    ],
    [
      100.01512678904238,
      92.36101139155845
    ],
    [
      100.05099620406494,
      91.33967626929206
    ],
    [
      100.08556570972671,
      90.30944651126089
    ],
    [
      100.11618009546001,
      89.27208449648303
    ],
    [
      100.14018415069718,
      88.22935260397647
    ],
    [
      100.15492266487037,
      87.18301321275915
    ],
    [
      100.15774042741201,
      86.1348287018491
    ],
    [
      100.14598222775427,
      85.08656145026431
    ],
    [
      100.11699285532951,
      84.03997383702281
    ],
    [
      100.06811709957,
      82.99682824114255
    ],
    [
      99.99669974990803,
      81.95888704164156
    ],
    [
      99.90008559577589,
      80.92791261753784
    ],
    [
      99.77561942660584,
      79.90566734784935
    ],
    [
      99.6206460318302,
      78.89391361159413
    ],
    [
      99.43251020088125,
      77.89441378779016
    ],
    [
      99.20855672319126,
      76.90893025545545
    ],
    [
      98.94613038819254,
      75.93922539360798
    ],
    [
      98.64257598531736,
      74.98706158126575
    ],
    [
      98.29523830399802,
      74.05420119744674
    ],
    [
      97.90146213366683,
      73.14240662116902
    ],
    [
      97.45859226375603,
      72.25344023145053
    ],
    [
      96.96428598415032,
      71.38906470975456
    ],
    [
      96.41931838942384,
      70.55104575502936
    ],
    [
      95.82625577236772,
      69.74115079978706
    ],
    [
      95.18768577810198,
      68.96114729720497
    ],
    [
      94.50619605174684,
      68.21280270046057
    ],
    [
      93.78437423842236,
      67.49788446273124
    ],
    [
      93.02480798324868,
      66.8181600371943
    ],
    [
      92.23008493134587,
      66.17539687702721
    ],
    [
      91.40279272783405,
      65.57136243540732
    ],
    [
      90.54551901783336,
      65.00782416551206
    ],
    [
      89.6608550480711,
      64.48655022869295
    ],
    [
      88.75155025366051,
      64.00933989045096
    ],
    [
      87.82057074279139,
      63.578035020120964
    ],
    [
      86.87089828632091,
      63.19448056674533
    ],
    [
      85.9055146551062,
      62.86052147936637
    ],
    [
      84.92740162000447,
      62.57800270702645
    ],
    [
      83.93954095187289,
      62.34876919876792
    ],
    [
      82.94491442156861,
      62.174665903633084
    ],
    [
      81.94650379994881,
      62.057537770664325
    ],
    [
      80.94729085787064,
      61.99922974890394
    ],
    [
      79.9502573055813,
      62.00158663990909
    ],
    [
      78.95782342386106,
      62.06508709199832
    ],
    [
      77.97047575058852,
      62.18550428417809
    ],
    [
      76.98828480274649,
      62.357599071863206
    ],
    [
      76.01132109731756,
      62.57613231046849
    ],
    [
      75.03965515128445,
      62.835864855408765
    ],
    [
      74.07335748162984,
      63.1315575620988
    ],
    [
      73.11249860533641,
      63.45797128595345
    ],
    [
      72.15714903938685,
      63.809866882387524
    ],
    [
      71.20737930076382,
      64.18200520681583
    ],
    [
      70.26325990645,
      64.56914711465318
    ],
    [
      69.32487052938492,
      64.96640093698667
    ],
    [
      68.39237901784517,
      65.37222132741783
    ],
    [
      67.46600248730212,
      65.78693266785434
    ],
    [
      66.54595859111222,
      66.21087975335514
    ],
    [
      65.63246498263183,
      66.6444073789791
    ],
    [
      64.72573931521738,
      67.08786033978508
    ],
    [
      63.825999242225215,
      67.54158343083198
    ],
    [
      62.933462417011775,
      68.00592144717871
    ],
    [
      62.04834649293343,
      68.48121918388412
    ],
    [
      61.17086912334657,
      68.96782143600711
    ],
    [
      60.30124796160758,
      69.46607299860655
    ],
    [
      59.439700661072884,
      69.97631866674135
    ],
    [
      58.58644487509884,
      70.49890323547035
    ],
    [
      57.741698257041875,
      71.03417149985249
    ],
    [
      56.905678460258336,
      71.58246825494659
    ],
    [
      56.07860313810465,
      72.14413829581159
    ],
    [
      55.26068994393719,
      72.71952641750634
    ],
    [
      54.45215653111238,
      73.30897741508976
    ],
    [
      53.653220552986575,
      73.91283608362068
    ],
    [
      52.86409966291619,
      74.53144721815804
    ],
    [
      52.085083221421044,
      75.16513248631342
    ],
    [
      51.31705596329916,
      75.81402153182597
    ],
    [
      50.561197406486116,
      76.47814892311538
    ],
    [
      49.81868917487764,
      77.15754854937384
    ],
    [
      49.090712892369424,
      77.8522542997935
    ],
    [
      48.37845018285717,
      78.56230006356658
    ],
    [
      47.68308267023663,
      79.28771972988521
    ],
    [
      47.00579197840349,
      80.02854718794158
    ],
    [
      46.347759731253426,
      80.78481632692785
    ],
    [
      45.7101675526822,
      81.55656103603623
    ],
    [
      45.09415852086184,
      82.34379925735888
    ],
    [
      44.499641486466246,
      83.14603830956713
    ],
    [
      43.92506003087192,
      83.96217930151884
    ],
    [
      43.36877255444241,
      84.79108810106472
    ],
    [
      42.8291374575412,
      85.63163057605533
    ],
    [
      42.304513140531775,
      86.48267259434134
    ],
    [
      41.793258003777694,
      87.34308002377341
    ],
    [
      41.29373044764243,
      88.21171873220214
    ],
    [
      40.8042888724895,
      89.0874545874782
    ],
    [
      40.323291678682395,
      89.96915345745218
    ],
    [
      39.84909726658464,
      90.85568120997476
    ],
    [
      39.380064036559745,
      91.74590371289656
    ],
    [
      38.91455038897122,
      92.63868683406822
    ],
    [
      38.45091472418256,
      93.5328964413404
    ],
    [
      37.98751544255726,
      94.42739840256365
    ],
    [
      37.52271094445885,
      95.3210585855887
    ],
    [
      37.054859630250846,
      96.21274285826615
    ],
    [
      36.58231990029673,
      97.10131708844665
    ],
    [
      36.10345015496002,
      97.9856471439808
    ],
    [
      35.61660879460423,
      98.86459889271929
    ],
    [
      35.1202181641942,
      99.7370813840034
    ],
    [
      34.61433161737628,
      100.6031050797215
    ],
    [
      34.10072786826283,
      101.46384556962835
    ],
    [
      33.58126846463503,
      102.3205343806685
    ],
    [
      33.05781495427405,
      103.17440303978658
    ],
    [
      32.53222888496106,
      104.02668307392709
    ],
    [
      32.00637180447724,
      104.87860601003466
    ],
    [
      31.48210526060375,
      105.73140337505379
    ],
    [
      30.96129080112178,
      106.58630669592907
    ],
    [
      30.445789973812506,
      107.44454749960506
    ],
    [
      29.937464326457093,
      108.30735731302634
    ],
    [
      29.438175406836706,
      109.17596766313747
    ],
    [
      28.94978476273254,
      110.05161007688307
    ],
    [
      28.474153941925756,
      110.93551608120762
    ],
    [
      28.01314449219751,
      111.82891720305571
    ],
    [
      27.568617961329025,
      112.73304496937196
    ],
    [
      27.142479870995132,
