{
  "test_id": 189,
  "test_outcome": "NOT_EXECUTED",
  "predicted_test_outcome": null,
  "test_duration": null,
  "road_points": [
    [
      100.00000000000001,
      100.0
    ],
    [
      100.11802385532826,
      99.02845865967991
    ],
    [
      100.2247146355818,
      98.04972740352954
    ],
    [
      100.31958574113158,
      97.06447265421451
    ],
    [
      100.40215057234832,
      96.07336083440023
    ],
    [
      100.47192252960295,
      95.07705836675225
    ],
    [
      100.52841501326638,
      94.07623167393615
    ],
    [
      100.57114142370956,
      93.07154717861748
    ],
    [
      100.59961516130328,
      92.0636713034617
    ],
    [
      100.61334962641837,
      91.0532704711344
    ],
    [
      100.6118582194258,
      90.04101110430109
    ],
    [
      100.59465434069642,
      89.02755962562729
    ],
    [
      100.56125139060107,
      88.01358245777853
    ],
    [
      100.51116276951069,
      86.99974602342041
    ],
    [
      100.4439018777962,
      85.98671674521843
    ],
    [
      100.35898211582833,
      84.97516104583806
    ],
    [
      100.25591688397805,
      83.9657453479449
    ],
    [
      100.13421958261623,
      82.95913607420448
    ],
    [
      99.99340361211374,
      81.9559996472823
    ],
    [
      99.83298237284144,
      80.95700248984387
    ],
    [
      99.65246926517027,
      79.96281102455481
    ],
    [
      99.45137768947104,
      78.9740916740806
    ],
    [
      99.22922104611465,
      77.99151086108674
    ],
    [
      98.98551273547201,
      77.01573500823883
    ],
    [
      98.71976615791398,
      76.04743053820239
    ],
    [
      98.4314947138114,
      75.08726387364291
    ],
    [
      98.12021180353521,
      74.13590143722597
    ],
    [
      97.78543082745627,
      73.19400965161708
    ],
    [
      97.42666518594541,
      72.26225493948175
    ],
    [
      97.04356721420432,
      71.34121430911705
    ],
    [
      96.63714397184701,
      70.43059290805601
    ],
    [
      96.20916693021255,
      69.52960393094074
    ],
    [
      95.76141617242362,
      68.63745503012296
    ],
    [
      95.29567178160282,
      67.75335385795434
    ],
    [
      94.81371384087292,
      66.87650806678663
    ],
    [
      94.3173224333565,
      66.00612530897152
    ],
    [
      93.80827764217622,
      65.1414132368607
    ],
    [
      93.28835955045479,
      64.28157950280591
    ],
    [
      92.75934824131485,
      63.42583175915885
    ],
    [
      92.22302379787905,
      62.5733776582712
    ],
    [
      91.68116630327009,
      61.72342485249468
    ],
    [
      91.13555584061058,
      60.875180994180994
    ],
    [
      90.58797249302322,
      60.027853735681845
    ],
    [
      90.04019634363068,
      59.180650729348976
    ],
    [
      89.49400747555558,
      58.33277962753403
    ],
    [
      88.95118597192062,
      57.483448082588765
    ],
    [
      88.41337162420749,
      56.631925111950096
    ],
    [
      87.88101506426456,
      55.7779998843749
    ],
    [
      87.3539678956668,
      54.92172359008341
    ],
    [
      86.83207715376113,
      54.06314941748825
    ],
    [
      86.3151898738945,
      53.20233055500204
    ],
    [
      85.80315309141386,
      52.339320191037466
    ],
    [
      85.29581384166613,
      51.47417151400712
    ],
    [
      84.79301915999831,
      50.60693771232368
    ],
    [
      84.29461608175725,
      49.73767197439977
    ],
    [
      83.80045164228996,
      48.866427488648014
    ],
    [
      83.31037287694338,
      47.9932574434811
    ],
    [
      82.82422682106441,
      47.11821502731162
    ],
    [
      82.34186051000006,
      46.24135342855227
    ],
    [
      81.86312097909723,
      45.36272583561565
    ],
    [
      81.38785526370286,
      44.48238543691443
    ],
    [
      80.91591039916389,
      43.600385420861215
    ],
    [
      80.44705259461888,
      42.71682052623307
    ],
    [
      79.98044495937559,
      41.83209552760168
    ],
    [
      79.514978027637,
      40.94675532234244
    ],
    [
      79.04954099860458,
      40.0613454941155
    ],
    [
      78.58302307147994,
      39.17641162658102
    ],
    [
      78.11431344546446,
      38.29249930339919
    ],
    [
      77.64230131975977,
      37.41015410823017
    ],
    [
      77.16587589356725,
      36.529921624734136
    ],
    [
      76.68392636608851,
      35.65234743657123
    ],
    [
      76.19534193652501,
      34.77797712740164
    ],
    [
      75.6990118040783,
      33.90735628088556
    ],
    [
      75.19382516794985,
      33.04103048068312
    ],
    [
      74.6786712273412,
      32.179545310454515
    ],
    [
      74.15243918145381,
      31.323446353859904
    ],
    [
      73.61401822948925,
      30.473279194559456
    ],
    [
      73.06229757064901,
      29.629589416213346
    ],
    [
      72.49616640413457,
      28.79292260248175
    ],
    [
      71.91451392914746,
      27.96382433702481
    ],
    [
      71.31617440186892,
      27.143191243230422
    ],
    [
      70.6996254646753,
      26.33419840701645
    ],
    [
      70.06320241205528,
      25.540930397679087
    ],
    [
      69.40524016693385,
      24.767474158495475
    ],
    [
      68.72407365223583,
      24.017916632742722
    ],
    [
      68.0180377908861,
      23.296344763697952
    ],
    [
      67.28546750580959,
      22.606845494638293
    ],
    [
      66.52469771993117,
      21.953505768840873
    ],
    [
      65.7340633561757,
      21.340412529582807
    ],
    [
      64.91189933746806,
      20.77165272014121
    ],
    [
      64.05665702694897,
      20.251222892043906
    ],
    [
      63.16930371107399,
      19.781166502623435
    ],
    [
      62.25323565654335,
      19.361641408332524
    ],
    [
      61.31194817491685,
      18.99272857777155
    ],
    [
      60.34893657775428,
      18.67450897954091
    ],
    [
      59.367696176615446,
      18.407063582240987
    ],
    [
      58.37172228306013,
      18.190473354472168
    ],
    [
      57.36451020864816,
      18.024819264834843
    ],
    [
      56.34955526493927,
      17.910182281929387
    ],
    [
      55.330352763493316,
      17.846643374356205
    ],
    [
      54.3103967119226,
      17.83428288775
    ],
    [
      53.29284825846986,
      17.87302214296407
    ],
    [
      52.280096067145145,
      17.96241340368387
    ],
    [
      51.27441949451262,
      18.10195671156271
    ],
    [
      50.27809789713647,
      18.29115210825391
    ],
    [
      49.29341063158082,
      18.5294996354108
    ],
    [
      48.32263705440983,
      18.81649933468666
    ],
    [
      47.368056522187636,
      19.15165124773484
    ],
    [
      46.431948391478436,
      19.534455416208623
    ],
    [
      45.516592018846325,
      19.964411881761347
    ],
    [
      44.6242667608555,
      20.441020686046308
    ],
    [
      43.757220698516655,
      20.963624523480405
    ],
    [
      42.917509717765995,
      21.530599155508376
    ],
    [
      42.10711674653274,
      22.139953292011693
    ],
    [
      41.328024572728665,
      22.78969493844476
    ],
    [
      40.58221598426563,
      23.477832100261914
    ],
    [
      39.87167376905542,
      24.202372782917557
    ],
    [
      39.19838071500988,
      24.961324991866046
    ],
    [
      38.56431961004079,
      25.752696732561752
    ],
    [
      37.971473242060014,
      26.574496010459043
    ],
    [
      37.421824398979325,
      27.424730831012287
    ],
    [
      36.91731821884499,
      28.30140359110641
    ],
    [
      36.459148091728636,
      29.20240470234607
    ],
    [
      36.04781411134195,
      30.125521298389454
    ],
    [
      35.68379043586974,
      31.068536649369502
    ],
    [
      35.36755122349683,
      32.029234025419214
    ],
    [
