{
  "test_id": 233,
  "test_outcome": "NOT_EXECUTED",
  "predicted_test_outcome": null,
  "test_duration": null,
  "road_points": [
    [
      100.0,
      100.0
    ],
    [
      99.9499754791191,
      99.11051910589521
    ],
    [
      99.92008588929913,
      98.19812671210819
    ],
    [
      99.90765161931392,
      97.26458400571039
    ],
    [
      99.9099930579372,
      96.31165217377324
    ],
    [
      99.92443059394279,
      95.34109240336821
    ],
    [
      99.9482846161044,
      94.35466588156672
    ],
    [
      99.9788755131959,
      93.35413379544028
    ],
    [
      100.01352367399102,
      92.3412573320603
    ],
    [
      100.04954948726359,
      91.31779767849827
    ],
    [
      100.08427334178737,
      90.28551602182564
    ],
    [
      100.11501562633612,
      89.24617354911385
    ],
    [
      100.13909672968359,
      88.20153144743432
    ],
    [
      100.15383704060366,
      87.1533509038586
    ],
    [
      100.15655694787004,
      86.10339310545805
    ],
    [
      100.14457684025655,
      85.05341923930418
    ],
    [
      100.11521710653697,
      84.00519049246842
    ],
    [
      100.06579813548501,
      82.96046805202222
    ],
    [
      99.99364031587457,
      81.92101310503705
    ],
    [
      99.89606403647932,
      80.88858683858435
    ],
    [
      99.77038968607312,
      79.8649504397356
    ],
    [
      99.61393765342973,
      78.85186509556223
    ],
    [
      99.42402832732292,
      77.85109199313571
    ],
    [
      99.19798209652647,
      76.8643923195275
    ],
    [
      98.93311934981419,
      75.89352726180901
    ],
    [
      98.62676047595986,
      74.94025800705177
    ],
    [
      98.27622586373721,
      74.00634574232716
    ],
    [
      97.87883590192007,
      73.09355165470666
    ],
    [
      97.43191097928224,
      72.20363693126176
    ],
    [
      96.93317319045045,
      71.33836988392231
    ],
    [
      96.38364653491115,
      70.49957738887527
    ],
    [
      95.7859761084713,
      69.68911507489288
    ],
    [
      95.14281821669209,
      68.90883876956934
    ],
    [
      94.45682916513472,
      68.1606043004988
    ],
    [
      93.73066525936031,
      67.44626749527544
    ],
    [
      92.96698280493003,
      66.76768418149341
    ],
    [
      92.16843810740502,
      66.1267101867469
    ],
    [
      91.33768747234645,
      65.52520133863008
    ],
    [
      90.47738720531548,
      64.9650134647371
    ],
    [
      89.59019586734912,
      64.44799761264103
    ],
    [
      88.67883564976059,
      63.9758699785223
    ],
    [
      87.74609968273974,
      63.550196418079985
    ],
    [
      86.79478481909184,
      63.1725348976896
    ],
    [
      85.82768791162201,
      62.84444338372658
    ],
    [
      84.84760581313544,
      62.5674798425664
    ],
    [
      83.85733537643728,
      62.343202240584475
    ],
    [
      82.85967345433271,
      62.17316854415632
    ],
    [
      81.8574168996269,
      62.05893671965734
    ],
    [
      80.85336256512502,
      62.00206473346303
    ],
    [
      79.85030621071948,
      62.00410737584197
    ],
    [
      78.85055037234746,
      62.06518608207419
    ],
    [
      77.85512746914452,
      62.181731209107625
    ],
    [
      76.86486826281103,
      62.34958707850491
    ],
    [
      75.88060351504741,
      62.564598011828735
    ],
    [
      74.90316398755411,
      62.82260833064178
    ],
    [
      73.93338044203149,
      63.11946235650672
    ],
    [
      72.97208364018,
      63.45100441098621
    ],
    [
      72.02010434370004,
      63.813078815642946
    ],
    [
      71.07827331429205,
      64.20152989203959
    ],
    [
      70.14742131365644,
      64.61220196173882
    ],
    [
      69.22820187998818,
      65.0412146636809
    ],
    [
      68.32011649532079,
      65.48647736035663
    ],
    [
      67.42220613717762,
      65.94661480973323
    ],
    [
      66.5335105713384,
      66.42025365222636
    ],
    [
      65.65306956358282,
      66.90602052825162
    ],
    [
      64.77992287969063,
      67.40254207822464
    ],
    [
      63.91311028544154,
      67.90844494256103
    ],
    [
      63.05167154661522,
      68.42235576167637
    ],
    [
      62.194646428991426,
      68.94290117598635
    ],
    [
      61.34107469834987,
      69.46870782590656
    ],
    [
      60.48999612047024,
      69.99840235185259
    ],
    [
      59.64045046113228,
      70.5306113942401
    ],
    [
      58.79147748611567,
      71.06396159348465
    ],
    [
      57.942116961200135,
      71.5970795900019
    ],
    [
      57.09140865216543,
      72.12859202420749
    ],
    [
      56.23851708712958,
      72.65729074726765
    ],
    [
      55.38327346105398,
      73.18285041305224
    ],
    [
      54.525730731431494,
      73.7052393341968
    ],
    [
      53.66594200526325,
      74.22442602131633
    ],
    [
      52.80396038955038,
      74.7403789850258
    ],
    [
      51.93983899129406,
      75.25306673594022
    ],
    [
      51.073630917495386,
      75.76245778467454
    ],
    [
      50.205389275155554,
      76.2685206418438
    ],
    [
      49.33516717127567,
      76.77122381806295
    ],
    [
      48.463017712856924,
      77.270535823947
    ],
    [
      47.58899400690039,
      77.76642517011092
    ],
    [
      46.713149160407276,
      78.2588603671697
    ],
    [
      45.83553628037869,
      78.74780992573834
    ],
    [
      44.9562084738158,
      79.23324235643183
    ],
    [
      44.07521884771974,
      79.71512616986516
    ],
    [
      43.19262050909163,
      80.19342987665327
    ],
    [
      42.308466564932644,
      80.66812198741121
    ],
    [
      41.42290151010649,
      81.13938963081698
    ],
    [
      40.53646274557306,
      81.60835984559017
    ],
    [
      39.649793241577804,
      82.07641221331626
    ],
    [
      38.76353596973306,
      82.54492631885064
    ],
    [
      37.878333901651224,
      83.0152817470488
    ],
    [
      36.994830008944625,
      83.48885808276617
    ],
    [
      36.11366726322564,
      83.96703491085819
    ],
    [
      35.235488636106666,
      84.45119181618031
    ],
    [
      34.36093709920003,
      84.94270838358797
    ],
    [
      33.490655624118105,
      85.44296419793658
    ],
    [
      32.62528718247327,
      85.95333884408163
    ],
    [
      31.765474745877896,
      86.47521190687857
    ],
    [
      30.911861285944337,
      87.0099629711828
    ],
    [
      30.065089774284957,
      87.55897162184979
    ],
    [
      29.225803182512124,
      88.12361744373499
    ],
    [
      28.394644529874242,
      88.70528002274268
    ],
    [
      27.572905962119094,
      89.30535323764057
    ],
    [
      26.76415777357943,
      89.92528112886198
    ],
    [
      25.9724697568824,
      90.56651873509847
    ],
    [
      25.2019117046551,
      91.23052109504154
    ],
    [
      24.456553409524673,
      91.91874324738276
    ],
    [
      23.740464664118257,
      92.63264023081376
    ],
    [
      23.057715261062956,
      93.37366708402597
    ],
    [
      22.412374992985907,
      94.14327884571097
    ],
    [
      21.808513652514254,
      94.94293055456032
    ],
    [
      21.250201032275093,
      95.77407724926559
    ],
    [
      20.741236505816616,
      96.63786140758663
    ],
    [
      20.2829421935085,
      97.53256220131951
    ],
    [
      19.875310332050386,
      98.45492167078065
    ],
    [
      19.518320437169603,
      99.40166715288997
    ],
    [
      19.211952024593494,
      100.36952598456736
    ],
    [
      18.95618461004938,
      101.35522550273272
    ],
    [
      18.750997709264592,
      102.35549304430594
    ],
    [
      18.596370837966486,
      103.36705594620695
    ],
    [
      18.49228351188237,
      104.3866415453556
    ],
