{
  "test_id": 258,
  "test_outcome": "NOT_EXECUTED",
  "predicted_test_outcome": null,
  "test_duration": null,
  "road_points": [
    [
      100.00000000000001,
      100.0
    ],
    [
      99.64432238777867,
      101.2361511562556
    ],
    [
      99.26298985716593,
      102.42699145367337
    ],
    [
      98.85651121962242,
      103.57352512759854
    ],
    [
      98.42539528660875,
      104.67675641337645
    ],
    [
      97.97015086958555,
      105.73768954635239
    ],
    [
      97.49128678001343,
      106.75732876187158
    ],
    [
      96.98931182935296,
      107.73667829527932
    ],
    [
      96.4647348290648,
      108.67674238192087
    ],
    [
      95.91806459060957,
      109.57852525714154
    ],
    [
      95.34980992544789,
      110.44303115628658
    ],
    [
      94.76047964504032,
      111.27126431470127
    ],
    [
      94.15058256084754,
      112.06422896773094
    ],
    [
      93.52062748433012,
      112.82292935072077
    ],
    [
      92.87112322694867,
      113.54836969901608
    ],
    [
      92.20257860016385,
      114.24155424796217
    ],
    [
      91.51550241543625,
      114.90348723290427
    ],
    [
      90.81040348422646,
      115.53517288918769
    ],
    [
      90.08779061799513,
      116.13761545215772
    ],
    [
      89.34817262820287,
      116.71181915715962
    ],
    [
      88.59205832631027,
      117.25878823953866
    ],
    [
      87.81995652377796,
      117.7795269346401
    ],
    [
      87.03237603206657,
      118.27503947780923
    ],
    [
      86.22982566263669,
      118.74633010439135
    ],
    [
      85.41281422694895,
      119.1944030497317
    ],
    [
      84.58185053646397,
      119.62026254917562
    ],
    [
      83.73744340264234,
      120.02491283806829
    ],
    [
      82.88010163694469,
      120.40935815175507
    ],
    [
      82.01033405083164,
      120.77460272558119
    ],
    [
      81.12864945576378,
      121.12165079489195
    ],
    [
      80.23555666320175,
      121.45150659503261
    ],
    [
      79.33156448460616,
      121.76517436134843
    ],
    [
      78.41718173143765,
      122.06365832918476
    ],
    [
      77.49291721515677,
      122.34796273388679
    ],
    [
      76.55927974722418,
      122.61909181079983
    ],
    [
      75.61677813910048,
      122.87804979526916
    ],
    [
      74.6659212022463,
      123.12584092264007
    ],
    [
      73.70721774812223,
      123.36346942825782
    ],
    [
      72.74117658818892,
      123.59193954746769
    ],
    [
      71.76830653390695,
      123.81225551561496
    ],
    [
      70.78911639673696,
      124.02542156804488
    ],
    [
      69.80411498813956,
      124.23244194010277
    ],
    [
      68.81381111957533,
      124.43432086713388
    ],
    [
      67.81871360250494,
      124.63206258448349
    ],
    [
      66.81933124838896,
      124.82667132749685
    ],
    [
      65.81617286868803,
      125.01915133151931
    ],
    [
      64.80974727486276,
      125.2105068318961
    ],
    [
      63.80056327837375,
      125.40174206397245
    ],
    [
      62.78912969068164,
      125.59386126309373
    ],
    [
      61.77595532324702,
      125.78786866460514
    ],
    [
      60.761548987530496,
      125.98476850385198
    ],
    [
      59.74641949499272,
      126.18556501617954
    ],
    [
      58.7310756570943,
      126.3912624369331
    ],
    [
      57.716026285295825,
      126.60286500145793
    ],
    [
      56.701780191057935,
      126.8213769450993
    ],
    [
      55.688846185841214,
      127.04780250320246
    ],
    [
      54.67773308110631,
      127.28314591111277
    ],
    [
      53.66894968831381,
      127.52841140417539
    ],
    [
      52.66300481892435,
      127.78460321773571
    ],
    [
      51.66040728439853,
      128.0527255871389
    ],
    [
      50.661665896196986,
      128.33378274773034
    ],
    [
      49.6672894657803,
      128.62877893485523
    ],
    [
      48.677786804609106,
      128.93871838385886
    ],
    [
      47.69366672414403,
      129.26460533008654
    ],
    [
      46.715438035845665,
      129.60744400888353
    ],
    [
      45.7439349195385,
      129.9684188391286
    ],
    [
      44.78225256135602,
      130.349966347008
    ],
    [
      43.834445927821854,
      130.75505456896312
    ],
    [
      42.90457347565975,
      131.18665347424957
    ],
    [
      41.99669366159344,
      131.64773303212274
    ],
    [
      41.11486494234668,
      132.14126321183838
    ],
    [
      40.26314577464319,
      132.67021398265183
    ],
    [
      39.4455946152067,
      133.23755531381877
    ],
    [
      38.66626992076099,
      133.8462571745948
    ],
    [
      37.92923014802976,
      134.49928953423532
    ],
    [
      37.238383796708455,
      135.19946766696071
    ],
    [
      36.5940888118824,
      135.94594410989373
    ],
    [
      35.99309523791814,
      136.73414950505685
    ],
    [
      35.431991692009134,
      137.55934796688442
    ],
    [
      34.90736679134881,
      138.41680360981096
    ],
    [
      34.415809153130624,
      139.3017805482708
    ],
    [
      33.95390739454803,
      140.20954289669837
    ],
    [
      33.518250132794485,
      141.13535476952808
    ],
    [
      33.10542598506346,
      142.07448028119444
    ],
    [
      32.71202356854838,
      143.02218354613174
    ],
    [
      32.33463452871074,
      143.97373281649848
    ],
    [
      31.970849714768715,
      144.9257616229978
    ],
    [
      31.620697252278326,
      145.87823370908416
    ],
    [
      31.28456988098761,
      146.83161101483128
    ],
    [
      30.96286034064463,
      147.7863554803129
    ],
    [
      30.65596137099741,
      148.74292904560255
    ],
    [
      30.36426571179399,
      149.701793650774
    ],
    [
      30.088166102782424,
      150.66341123590095
    ],
    [
      29.828055283710736,
      151.62824374105705
    ],
    [
      29.584325994326974,
      152.5967531063159
    ],
    [
      29.357370974379183,
      153.56940127175133
    ],
    [
      29.147582963615402,
      154.54665017743693
    ],
    [
      28.955354701783662,
      155.52896176344638
    ],
    [
      28.781078928632017,
      156.51679796985337
    ],
    [
      28.625148383908503,
      157.5106207367316
    ],
    [
      28.487958029935026,
      158.51088837859217
    ],
    [
      28.370329419176027,
      159.5173633369099
    ],
    [
      28.274014862468523,
      160.52828975821913
    ],
    [
      28.20088941366276,
      161.5417115651279
    ],
    [
      28.152828126609005,
      162.55567268024424
    ],
    [
      28.131706055157487,
      163.5682170261761
    ],
    [
      28.139398253158472,
      164.5773885255314
    ],
    [
      28.177779774462216,
      165.58123110091825
    ],
    [
      28.24872567291895,
      166.57778867494463
    ],
    [
      28.35411100237894,
      167.56510517021852
    ],
    [
      28.495810816692433,
      168.54122450934793
    ],
    [
      28.675700169709685,
      169.50419061494082
    ],
    [
      28.89565411528094,
      170.45204740960523
    ],
    [
      29.157547707256455,
      171.38283881594916
    ],
    [
      29.46325599948647,
      172.29460875658052
    ],
    [
      29.814654045821243,
      173.18540115410735
    ],
    [
      30.213616900111035,
      174.05325993113772
    ],
    [
      30.662019616206088,
      174.89622901027954
    ],
    [
      31.161737247956644,
      175.71235231414084
    ],
    [
      31.714644849212963,
      176.4996737653296
    ],
    [
      32.322617473825304,
      177.25623728645385
    ],
    [
      32.98753017564391,
      177.98008680012157
    ],
    [
      33.711258008519025,
      178.66926622894073
    ],
    [
      34.49567602630089,
      179.32181949551932
    ],
    [
      35.342659282839804,
      179.93579052246537
