{
  "test_id": 596,
  "test_outcome": "NOT_EXECUTED",
  "predicted_test_outcome": null,
  "test_duration": null,
  "road_points": [
    [
      99.99999999999999,
      100.0
    ],
    [
      99.91637514170003,
      98.99404108816738
    ],
    [
      99.84759649361013,
      97.98870260990313
    ],
    [
      99.79278847035448,
      96.98394797387851
    ],
    [
      99.75107548655721,
      95.97974058876478
    ],
    [
      99.72158195684244,
      94.97604386323307
    ],
    [
      99.70343229583422,
      93.97282120595456
    ],
    [
      99.6957509181567,
      92.97003602560048
    ],
    [
      99.69766223843409,
      91.96765173084208
    ],
    [
      99.7082906712904,
      90.96563173035047
    ],
    [
      99.72676063134979,
      89.96393943279689
    ],
    [
      99.75219653323641,
      88.96253824685256
    ],
    [
      99.78372279157438,
      87.96139158118868
    ],
    [
      99.82046382098775,
      86.96046284447644
    ],
    [
      99.86154403610071,
      85.95971544538702
    ],
    [
      99.90608785153735,
      84.95911279259163
    ],
    [
      99.95321968192187,
      83.95861829476151
    ],
    [
      100.00206394187829,
      82.95819536056781
    ],
    [
      100.05174504603076,
      81.95780739868177
    ],
    [
      100.10138740900341,
      80.95741781777454
    ],
    [
      100.15011544542035,
      79.95699002651737
    ],
    [
      100.19705356990576,
      78.95648743358146
    ],
    [
      100.24132619708371,
      77.95587344763798
    ],
    [
      100.28205774157831,
      76.95511147735816
    ],
    [
      100.3183726180137,
      75.95416493141316
    ],
    [
      100.34939524101405,
      74.95299721847424
    ],
    [
      100.37425002520338,
      73.95157174721254
    ],
    [
      100.39206138520588,
      72.94985192629929
    ],
    [
      100.40195373564566,
      71.9478011644057
    ],
    [
      100.40305149114685,
      70.94538287020296
    ],
    [
      100.39447906633356,
      69.94256045236227
    ],
    [
      100.3753608758299,
      68.93929731955484
    ],
    [
      100.34482133426005,
      67.93555688045186
    ],
    [
      100.30198485624803,
      66.93130254372451
    ],
    [
      100.24597585641806,
      65.92649771804405
    ],
    [
      100.17591874939421,
      64.92110581208163
    ],
    [
      100.09093794980062,
      63.91509023450847
    ],
    [
      99.99015751432611,
      62.90841469647495
    ],
    [
      99.87208518738458,
      61.901563734182446
    ],
    [
      99.73334818692925,
      60.896611054337384
    ],
    [
      99.57021632902065,
      59.895932392125275
    ],
    [
      99.37895942971926,
      58.90190348273164
    ],
    [
      99.15584730508556,
      57.91690006134195
    ],
    [
      98.89714977117998,
      56.94329786314171
    ],
    [
      98.59913664406308,
      55.9834726233164
    ],
    [
      98.2580777397953,
      55.03980007705153
    ],
    [
      97.87024287443711,
      54.1146559595326
    ],
    [
      97.43190186404902,
      53.21041600594509
    ],
    [
      96.93982484238435,
      52.32951122731116
    ],
    [
      96.39494396708709,
      51.47483246119126
    ],
    [
      95.80025541224886,
      50.649498580727354
    ],
    [
      95.15877018827808,
      49.856630098199496
    ],
    [
      94.47349930558312,
      49.09934752588783
    ],
    [
      93.7474537745724,
      48.38077137607243
    ],
    [
      92.98364460565429,
      47.704022161033414
    ],
    [
      92.18508280923723,
      47.072220393050884
    ],
    [
      91.3547793957296,
      46.48848658440493
    ],
    [
      90.49574537553976,
      45.95594124737566
    ],
    [
      89.61098290333392,
      45.477603925946816
    ],
    [
      88.70321365152166,
      45.053296259869335
    ],
    [
      87.77482806065973,
      44.67906336571262
    ],
    [
      86.82819747755967,
      44.350732663676354
    ],
    [
      85.86569324903293,
      44.06413157396016
    ],
    [
      84.88968672189102,
      43.81508751676371
    ],
    [
      83.90254924294537,
      43.59942791228666
    ],
    [
      82.90665215900749,
      43.41298018072861
    ],
    [
      81.90436681688884,
      43.25157174228926
    ],
    [
      80.89806456340092,
      43.111030017168225
    ],
    [
      79.89011624545662,
      42.98718344904313
    ],
    [
      78.88236833583537,
      42.87693407008366
    ],
    [
      77.87514967430452,
      42.780291070561056
    ],
    [
      76.86851613528493,
      42.69782250213207
    ],
    [
      75.86252359319747,
      42.630096416453426
    ],
    [
      74.85722792246297,
      42.577680865181904
    ],
    [
      73.85268499750228,
      42.5411438999742
    ],
    [
      72.8489506927363,
      42.5210535724871
    ],
    [
      71.84608088258578,
      42.517977934377335
    ],
    [
      70.84413144147167,
      42.53248503730165
    ],
    [
      69.8431582438148,
      42.565142932916785
    ],
    [
      68.84321716403596,
      42.61651967287947
    ],
    [
      67.84436407655605,
      42.68718330884649
    ],
    [
      66.84665485579592,
      42.77770189247456
    ],
    [
      65.85014537617644,
      42.88864347542044
    ],
    [
      64.85489205845862,
      43.02057607979515
    ],
    [
      63.861213917120416,
      43.174053526818945
    ],
    [
      62.870113057521536,
      43.34959269661864
    ],
    [
      61.882701237797455,
      43.54770453937306
    ],
    [
      60.90009021608359,
      43.768900005261024
    ],
    [
      59.923391750515314,
      44.01369004446132
    ],
    [
      58.95371759922812,
      44.2825856071528
    ],
    [
      57.99217952035739,
      44.57609764351423
    ],
    [
      57.0398892720386,
      44.89473710372445
    ],
    [
      56.09795861240712,
      45.239014937962274
    ],
    [
      55.167499299598376,
      45.60944209640648
    ],
    [
      54.24941782320414,
      46.006265826227896
    ],
    [
      53.34319089458468,
      46.42789657674407
    ],
    [
      52.44768702356697,
      46.87196345702954
    ],
    [
      51.561772484849456,
      47.336092704749056
    ],
    [
      50.68431355313063,
      47.81791055756733
    ],
    [
      49.81417650310894,
      48.31504325314911
    ],
    [
      48.950227609482845,
      48.825117029159166
    ],
    [
      48.091333146950824,
      49.3457581232622
    ],
    [
      47.23635939021134,
      49.87459277312297
    ],
    [
      46.38417261396284,
      50.40924721640622
    ],
    [
      45.533639092903805,
      50.947347690776695
    ],
    [
      44.68362510173269,
      51.4865204338991
    ],
    [
      43.83299691514796,
      52.02439168343822
    ],
    [
      42.9806208078481,
      52.55858767705875
    ],
    [
      42.125363054531526,
      53.08673465242546
    ],
    [
      41.26608992989674,
      53.60645884720308
    ],
    [
      40.4018619099738,
      54.115793554101835
    ],
    [
      39.532935139295084,
      54.615278242759985
    ],
    [
      38.66002043860056,
      55.10640540534565
    ],
    [
      37.78382951120423,
      55.59066938394343
    ],
    [
      36.905074060420134,
      56.0695645206379
    ],
    [
      36.02446578956233,
      56.54458515751369
    ],
    [
      35.14271640194482,
      57.01722563665533
    ],
    [
      34.26053760088166,
      57.48898030014742
    ],
    [
      33.37864108968685,
      57.961343490074576
    ],
    [
      32.49773857167444,
      58.43580954852138
    ],
    [
      31.618541750158457,
      58.913872817572404
    ],
    [
      30.74176232845293,
      59.39702763931223
    ],
    [
      29.8681120098719,
      59.886768355825474
    ],
    [
      28.99830249772939,
      60.384589309196706
    ],
    [
      28.13304549533946,
      60.89198484151051
    ],
    [
      27.273052706016088,
      61.41044929485148
    ],
    [
