{
  "test_id": 639,
  "test_outcome": "NOT_EXECUTED",
  "predicted_test_outcome": null,
  "test_duration": null,
  "road_points": [
    [
      100.00000000000001,
      100.0
    ],
    [
      99.95669963620765,
      98.98820761719783
    ],
    [
      99.92085449355008,
      97.97771724687685
    ],
    [
      99.89202406486366,
      96.96845195693616
    ],
    [
      99.86976784298454,
      95.96033481527468
    ],
    [
      99.8536453207491,
      94.95328888979144
    ],
    [
      99.84321599099353,
      93.94723724838546
    ],
    [
      99.8380393465542,
      92.9421029589558
    ],
    [
      99.83767488026729,
      91.93780908940138
    ],
    [
      99.8416820849691,
      90.93427870762125
    ],
    [
      99.84962045349589,
      89.93143488151442
    ],
    [
      99.86104947868397,
      88.9292006789799
    ],
    [
      99.87552865336966,
      87.92749916791676
    ],
    [
      99.8926174703891,
      86.92625341622394
    ],
    [
      99.91187542257866,
      85.92538649180047
    ],
    [
      99.93286200277458,
      84.92482146254537
    ],
    [
      99.95513670381318,
      83.92448139635762
    ],
    [
      99.97825901853064,
      82.92428936113626
    ],
    [
      100.00178843976332,
      81.92416842478028
    ],
    [
      100.02528446034742,
      80.92404165518872
    ],
    [
      100.04830657311929,
      79.92383212026058
    ],
    [
      100.07041427091515,
      78.92346288789489
    ],
    [
      100.0911670465713,
      77.92285702599061
    ],
    [
      100.11012439292402,
      76.92193760244679
    ],
    [
      100.12684580280956,
      75.92062768516243
    ],
    [
      100.14089076906419,
      74.91885034203655
    ],
    [
      100.15181878452418,
      73.91652864096815
    ],
    [
      100.15918934202584,
      72.91358564985624
    ],
    [
      100.16256193440542,
      71.90994443659986
    ],
    [
      100.16149605449918,
      70.90552806909798
    ],
    [
      100.1555511951434,
      69.90025961524964
    ],
    [
      100.14428684917434,
      68.89406214295381
    ],
    [
      100.12726250942833,
      67.88685872010956
    ],
    [
      100.1040376687416,
      66.87857241461587
    ],
    [
      100.07417181995041,
      65.86912629437175
    ],
    [
      100.03722445589108,
      64.85844342727621
    ],
    [
      99.992756837634,
      63.84644719004044
    ],
    [
      99.94109761762584,
      62.833194979967566
    ],
    [
      99.88453895991582,
      61.81908711062941
    ],
    [
      99.82568260993962,
      60.80457796224743
    ],
    [
      99.76713031313302,
      59.79012191504305
    ],
    [
      99.71148381493184,
      58.77617334923781
    ],
    [
      99.66134486077175,
      57.76318664505311
    ],
    [
      99.61931519608859,
      56.751616182710464
    ],
    [
      99.58799656631804,
      55.74191634243129
    ],
    [
      99.56999071689594,
      54.7345415044371
    ],
    [
      99.56789939325802,
      53.72994604894932
    ],
    [
      99.58432434084006,
      52.728584356189444
    ],
    [
      99.62186730507777,
      51.73091080637894
    ],
    [
      99.68313003140696,
      50.73737977973925
    ],
    [
      99.7707142652634,
      49.748445656491846
    ],
    [
      99.88722175208278,
      48.7645628168582
    ],
    [
      100.03524556014972,
      47.78618366704991
    ],
    [
      100.21591778948454,
      46.81342825007322
    ],
    [
      100.42727972039191,
      45.84571346241653
    ],
    [
      100.66697939343943,
      44.88236674043233
    ],
    [
      100.93266484919471,
      43.922715520473076
    ],
    [
      101.22198412822536,
      42.96608723889126
    ],
    [
      101.53258527109901,
      42.0118093320394
    ],
    [
      101.86211631838322,
      41.0592092362699
    ],
    [
      102.20822531064563,
      40.10761438793532
    ],
    [
      102.56856028845388,
      39.15635222338809
    ],
    [
      102.94076929237553,
      38.2047501789807
    ],
    [
      103.32250036297819,
      37.25213569106563
    ],
    [
      103.71139437127381,
      36.29783775600618
    ],
    [
      104.1041466262684,
      35.341391113311005
    ],
    [
      104.49557246516775,
      34.3827395621898
    ],
    [
      104.88026502377446,
      33.421875250258125
    ],
    [
      105.25281743789101,
      32.458790325131496
    ],
    [
      105.60782284332001,
      31.49347693442552
    ],
    [
      105.93987437586395,
      30.52592722575569
    ],
    [
      106.2435651713254,
      29.556133346737578
    ],
    [
      106.5134883655069,
      28.584087444986725
    ],
    [
      106.74423709421094,
      27.609781668118682
    ],
    [
      106.93040449324013,
      26.633208163748993
    ],
    [
      107.06658369839701,
      25.65435907949322
    ],
    [
      107.14736784548407,
      24.673226562966896
    ],
    [
      107.1673500703039,
      23.68980276178557
    ],
    [
      107.12143957505104,
      22.70419945514234
    ],
    [
      107.00894829184102,
      21.71819486174788
    ],
    [
      106.8324177630423,
      20.734789612372882
    ],
    [
      106.59446388884284,
      19.757012482328104
    ],
    [
      106.29770256943058,
      18.78789224692433
    ],
    [
      105.94474970499347,
      17.830457681472314
    ],
    [
      105.53822119571944,
      16.887737561282826
    ],
    [
      105.08073294179644,
      15.96276066166663
    ],
    [
      104.5749008434124,
      15.058555757934501
    ],
    [
      104.02334080075526,
      14.178151625397211
    ],
    [
      103.42866871401299,
      13.324577039365506
    ],
    [
      102.7935004833735,
      12.50086077515017
    ],
    [
      102.12045200902477,
      11.710031608061962
    ],
    [
      101.4121391911547,
      10.955118313411658
    ],
    [
      100.67117792995124,
      10.239149666510018
    ],
    [
      99.90018412560235,
      9.565154442667811
    ],
    [
      99.10177367829597,
      8.93616141719581
    ],
    [
      98.27856248822003,
      8.355199365404776
    ],
    [
      97.43316645556249,
      7.825297062605477
    ],
    [
      96.56820148051128,
      7.349483284108688
    ],
    [
      95.68628346325431,
      6.930786805225161
    ]
  ],