{
  "test_id": 695,
  "test_outcome": "NOT_EXECUTED",
  "predicted_test_outcome": null,
  "test_duration": null,
  "road_points": [
    [
      99.99999999999999,
      99.99999999999999
    ],
    [
      100.1684439178378,
      98.9995004238018
    ],
    [
      100.31082774387826,
      97.99703561508687
    ],
    [
      100.42759660076895,
      96.99298171008508
    ],
    [
      100.51919561115743,
      95.98771484502629
    ],
    [
      100.58606989769123,
      94.98161115614039
    ],
    [
      100.62866458301805,
      93.97504677965726
    ],
    [
      100.64742478978543,
      92.96839785180681
    ],
    [
      100.64279564064094,
      91.96204050881889
    ],
    [
      100.61522225823221,
      90.95635088692343
    ],
    [
      100.56514976520677,
      89.95170512235023
    ],
    [
      100.49302328421227,
      88.94847935132925
    ],
    [
      100.39928793789625,
      87.94704971009035
    ],
    [
      100.28438884890632,
      86.94779233486341
    ],
    [
      100.14877113989003,
      85.95108336187832
    ],
    [
      99.99287993349502,
      84.95729892736493
    ],
    [
      99.81716035236887,
      83.96681516755318
    ],
    [
      99.62205751915914,
      82.9800082186729
    ],
    [
      99.40801655651345,
      81.997254216954
    ],
    [
      99.17548258707936,
      81.01892929862638
    ],
    [
      98.92490073350447,
      80.0454095999199
    ],
    [
      98.65671611843636,
      79.07707125706443
    ],
    [
      98.37137386452262,
      78.1142904062899
    ],
    [
      98.06931909441084,
      77.15744318382615
    ],
    [
      97.75099693074863,
      76.20690572590307
    ],
    [
      97.41685249618357,
      75.26305416875057
    ],
    [
      97.06726949800539,
      74.3262531054776
    ],
    [
      96.70203998207361,
      73.3967559254216
    ],
    [
      96.32062531640648,
      72.47475386645762
    ],
    [
      95.92248325553717,
      71.56043748730004
    ],
    [
      95.50707155399888,
      70.65399734666327
    ],
    [
      95.07384796632479,
      69.75562400326167
    ],
    [
      94.62227024704808,
      68.86550801580968
    ],
    [
      94.15179615070188,
      67.98383994302165
    ],
    [
      93.66188343181942,
      67.11081034361196
    ],
    [
      93.15198984493388,
      66.24660977629503
    ],
    [
      92.6215731445784,
      65.39142879978525
    ],
    [
      92.07009108528618,
      64.54545797279698
    ],
    [
      91.49700142159045,
      63.708887854044676
    ],
    [
      90.90176190802431,
      62.88190900224266
    ],
    [
      90.28383029912099,
      62.06471197610535
    ],
    [
      89.64266434941365,
      61.25748733434713
    ],
    [
      88.97772181343548,
      60.460425635682405
    ],
    [
      88.28856761271719,
      59.67391365289892
    ],
    [
      87.57564329941395,
      58.899943198297805
    ],
    [
      86.83981906606213,
      58.14129088992365
    ],
    [
      86.0819680225439,
      57.40073868724456
    ],
    [
      85.30296327874153,
      56.6810685497287
    ],
    [
      84.50367794453727,
      55.9850624368442
    ],
    [
      83.6849851298134,
      55.31550230805921
    ],
    [
      82.84775794445216,
      54.675170122841884
    ],
    [
      81.99286949833579,
      54.06684784066035
    ],
    [
      81.12119290134656,
      53.493317420982756
    ],
    [
      80.23360126336672,
      52.95736082327724
    ],
    [
      79.33096769427853,
      52.46176000701196
    ],
    [
      78.41416530396423,
      52.009296931655065
    ],
    [
      77.48406720230605,
      51.60275355667467
    ],
    [
      76.5415464991863,
      51.24491184153894
    ],
    [
      75.5874763044872,
      50.938553745716014
    ],
    [
      74.622729728091,
      50.68646122867405
    ],
    [
      73.64817987987996,
      50.491416249881155
    ],
    [
      72.66469986973634,
      50.356200768805515
    ],
    [
      71.67316280754238,
      50.28359674491526
    ],
    [
      70.67464517281452,
      50.27593423791037
    ],
    [
      69.67160651969644,
      50.33247003106017
    ],
    [
      68.66708228795909,
      50.45118125454078
    ],
    [
      67.66410981353323,
      50.63004082514513
    ],
    [
      66.6657264323496,
      50.86702165966618
    ],
    [
      65.67496948033906,
      51.16009667489687
    ],
    [
      64.69487629343232,
      51.50723878763015
    ],
    [
      63.72848420756016,
      51.90642091465897
    ],
    [
      62.77883055865336,
      52.35561597277627
    ],
    [
      61.84895268264272,
      52.852796878775
    ],
    [
      60.94188791545898,
      53.39593654944811
    ],
    [
      60.06067359303292,
      53.98300790158853
    ],
    [
      59.208347051295334,
      54.61198385198921
    ],
    [
      58.38794562617697,
      55.2808373174431
    ],
    [
      57.60250665360862,
      55.98754121474317
    ],
    [
      56.85506746952106,
      56.73006846068232
    ],
    [
      56.14866540984504,
      57.506391972053514
    ],
    [
      55.48633781051136,
      58.31448466564971
    ],
    [
      54.87109727887093,
      59.15231338097216
    ],
    [
      54.30504519268076,
      60.01762101388797
    ],
    [
      53.78912740153399,
      60.907866477853986
    ],
    [
      53.324215301031685,
      61.8204903885263
    ],
    [
      52.91118028677487,
      62.75293336156102
    ],
    [
      52.5508937543646,
      63.70263601261417
    ],
    [
      52.24422709940191,
      64.66703895734189
    ],
    [
      51.99205171748788,
      65.64358281140025
    ],
    [
      51.79523900422352,
      66.62970819044531
    ],
    [
      51.654660355209884,
      67.62285571013318
    ],
    [
      51.571186683339825,
      68.62046612583819
    ],
    [
      51.544722141204495,
      69.62026001847487
    ],
    [
      51.5721787515985,
      70.62082403093287
    ],
    [
      51.649891434491124,
      71.620911846587
    ],
    [
      51.77419510985165,
      72.6192771488121
    ],
    [
      51.941424697649396,
      73.61467362098298
    ],
    [
      52.14791511785366,
      74.60585494647444
    ],
    [
      52.39000129043372,
      75.59157480866128
    ],
    [
      52.66401813535888,
      76.57058689091835
    ],
    [
      52.966300572598435,
      77.54164487662044
    ],
    [
      53.29318352212168,
      78.50350244914239
    ],
    [
      53.64113529222233,
      79.45507587260317
    ],
    [
      54.00773597927518,
      80.3966365172333
    ],
    [
      54.391117932670255,
      81.32912886844481
    ],
    [
      54.78941749621602,
      82.25350228025812
    ],
    [
      55.20077101372095,
      83.17070610669369
    ],
    [
      55.62331482899353,
      84.08168970177204
    ],
    [
      56.05518528584223,
      84.98740241951357
    ],
    [
      56.49451872807553,
      85.88879361393882
    ],
    [
      56.93945149950189,
      86.7868126390682
    ],
    [
      57.38811994392984,
      87.68240884892224
    ],
    [
      57.8386604051678,
      88.57653159752138
    ],
    [
      58.289209227024266,
      89.47013023888607
    ],
    [
      58.73790275330772,
      90.36415412703678
    ],
    [
      59.18287732782663,
      91.25955261599402
    ],
    [
      59.62226929438951,
      92.15727505977826
    ],
    [
      60.05421499680479,
      93.05827081240994
    ],
    [
      60.47714089772346,
      93.9633538596016
    ],
    [
      60.89155706163699,
      94.872365986663
    ],
    [
      61.29888424850094,
      95.78472405199146
    ],
    [
      61.70054703998024,
      96.69984313078967
    ],
    [
      62.09797001773981,
      97.61713829826039
    ],
    [
      62.49257776344459,
      98.53602462960633
    ],
    [
      62.8857948587595,
      99.45591720003026
    ],
    [
      63.27904588534944,
      100.37623108473483
    ],
    [
      63.673755424879374,
