{
  "test_id": 759,
  "test_outcome": "NOT_EXECUTED",
  "predicted_test_outcome": null,
  "test_duration": null,
  "road_points": [
    [
      100.00000000000003,
      100.00000000000003
    ],
    [
      99.8367034900598,
      99.0129334591985
    ],
    [
      99.70571766129788,
      98.02293480264564
    ],
    [
      99.60497599291097,
      97.03019156207955
    ],
    [
      99.53241196409556,
      96.03489126923813
    ],
    [
      99.4859590540483,
      95.03722145585944
    ],
    [
      99.46355074196582,
      94.03736965368152
    ],
    [
      99.46312050704478,
      93.03552339444242
    ],
    [
      99.48260182848175,
      92.03187020988014
    ],
    [
      99.51992818547326,
      91.02659763173266
    ],
    [
      99.57303305721608,
      90.01989319173803
    ],
    [
      99.6398499229067,
      89.0119444216343
    ],
    [
      99.7183122617418,
      88.00293885315946
    ],
    [
      99.80635355291797,
      86.99306401805153
    ],
    [
      99.90190727563181,
      85.98250744804852
    ],
    [
      100.00290690907998,
      84.97145667488854
    ],
    [
      100.10728593245905,
      83.96009923030948
    ],
    [
      100.21297782496568,
      82.94862264604947
    ],
    [
      100.31791606579638,
      81.93721445384648
    ],
    [
      100.42003413414788,
      80.92606218543854
    ],
    [
      100.51726550921671,
      79.91535337256366
    ],
    [
      100.60754367019956,
      78.90527554695987
    ],
    [
      100.68880209629299,
      77.89601624036523
    ],
    [
      100.75897426669366,
      76.88776298451772
    ],
    [
      100.81599366059808,
      75.88070331115534
    ],
    [
      100.85779375720297,
      74.87502475201616
    ],
    [
      100.88230803570491,
      73.8709148388382
    ],
    [
      100.88746997530052,
      72.86856110335945
    ],
    [
      100.87121305518637,
      71.86815107731795
    ],
    [
      100.83147075455913,
      70.86987229245172
    ],
    [
      100.76617655261539,
      69.87391228049879
    ],
    [
      100.67326392855175,
      68.88045857319715
    ],
    [
      100.55066636156485,
      67.88969870228486
    ],
    [
      100.39631733085129,
      66.90182019949994
    ],
    [
      100.20815031560767,
      65.91701059658038
    ],
    [
      99.98409893686605,
      64.93545748575434
    ],
    [
      99.7226974138488,
      63.95760460296906
    ],
    [
      99.4244533447862,
      62.984737292831944
    ],
    [
      99.0902790210258,
      62.018313493877315
    ],
    [
      98.72108673391504,
      61.059791144639455
    ],
    [
      98.31778877480156,
      60.11062818365267
    ],
    [
      97.88129743503279,
      59.17228254945124
    ],
    [
      97.41252500595635,
      58.246212180569515
    ],
    [
      96.91238377891972,
      57.33387501554177
    ],
    [
      96.38178604527045,
      56.4367289929023
    ],
    [
      95.82164409635605,
      55.55623205118543
    ],
    [
      95.23287022352415,
      54.69384212892545
    ],
    [
      94.6163767181221,
      53.851017164656646
    ],
    [
      93.9730758714976,
      53.02921509691335
    ],
    [
      93.30387997499811,
      52.22989386422985
    ],
    [
      92.60970131997115,
      51.45451140514045
    ],
    [
      91.89145219776427,
      50.704525658179435
    ],
    [
      91.15004489972502,
      49.981394561881146
    ],
    [
      90.38639171720088,
      49.286576054779836
    ],
    [
      89.60140494153944,
      48.621528075409856
    ],
    [
      88.79599686408821,
      47.98770856230548
    ],
    [
      87.97107977619471,
      47.386575454001004
    ],
    [
      87.12756596920647,
      46.81958668903074
    ],
    [
      86.26636773447105,
      46.28820020592901
    ],
    [
      85.38839736333595,
      45.793873943230096
    ],
    [
      84.4945813104168,
      45.33777950649337
    ],
    [
      83.58596479280057,
      44.91868752915496
    ],
    [
      82.66365231702844,
      44.53417001410275
    ],
    [
      81.72874882674566,
      44.181790127467366
    ],
    [
      80.7823592655976,
      43.85911103537951
    ],
    [
      79.8255885772296,
      43.563695903969865
    ],
    [
      78.85954170528694,
      43.29310789936904
    ],
    [
      77.88532359341501,
      43.044910187707764
    ],
    [
      76.9040391852591,
      42.81666593511666
    ],
    [
      75.91679342446453,
      42.605938307726426
    ],
    [
      74.92469125467666,
      42.41029047166771
    ],
    [
      73.92883761954077,
      42.227285593071194
    ],
    [
      72.93033746270225,
      42.05448683806754
    ],
    [
      71.93029572780642,
      41.889457372787426
    ],
    [
      70.92981735849858,
      41.7297603633615
    ],
    [
      69.93000729842404,
      41.57295897592044
    ],
    [
      68.9318142257387,
      41.417528764959876
    ],
    [
      67.93499923284013,
      41.26887924993362
    ],
    [
      66.93877806791551,
      41.135604055206265
    ],
    [
      65.94236361405365,
      41.02631353361189
    ],
    [
      64.94496875434332,
      40.94961803798453
    ],
    [
      63.94580637187331,
      40.91412792115825
    ],
    [
      62.94408934973239,
      40.928453535967094
    ],
    [
      61.93958827240428,
      41.00020275383545
    ],
    [
      60.93550123295149,
      41.13082241868659
    ],
    [
      59.936327530019696,
      41.31942042672153
    ],
    [
      58.94656896083592,
      41.56510018288253
    ],
    [
      57.97072732262716,
      41.86696509211186
    ],
    [
      57.01330441262045,
      42.22411855935177
    ],
    [
      56.07880202804277,
      42.63566398954454
    ],
    [
      55.17172196612114,
      43.10070478763241
    ],
    [
      54.29656602408252,
      43.61834435855765
    ],
    [
      53.457835999153964,
      44.187686107262536
    ],
    [
      52.65991873278384,
      44.80778749067101
    ],
    [
      51.904845476286,
      45.47676443236368
    ],
    [
      51.192441773541695,
      46.19185123094609
    ],
    [
      50.52244822981518,
      46.95024823491559
    ],
    [
      49.89460545037079,
      47.74915579276948
    ],
    [
      49.30865404047281,
      48.5857742530051
    ],
    [
      48.76433460538554,
      49.457303964119795
    ],
    [
      48.26138775037325,
      50.36094527461087
    ],
    [
      47.79955408070028,
      51.2938985329757
    ],
    [
      47.3785742016309,
      52.25336408771158
    ],
    [
      46.99818871842942,
      53.23654228731586
    ],
    [
      46.65813823636013,
      54.24063348028585
    ],
    [
      46.35816336068733,
      55.262838015118895
    ],
    [
      46.09800469667531,
      56.30035624031237
    ],
    [
      45.877402849588364,
      57.35038850436351
    ],
    [
      45.69609842469081,
      58.410135155769716
    ],
    [
      45.55383202724692,
      59.476796543028286
    ],
    [
      45.45034426252102,
      60.5475730146366
    ],
    [
      45.38537573577737,
      61.61966491909195
    ],
    [
      45.3586670522803,
      62.69027260489167
    ],
    [
      45.36995881729409,
      63.756596420533086
    ],
    [
      45.41899163608305,
      64.81583671451355
    ],
    [
      45.50550611391145,
      65.86519383533036
    ],
    [
      45.629242856043625,
      66.90186813148091
    ],
    [
      45.78991515092358,
      67.92307197120381
    ],
    [
      45.98271619279079,
      68.92800662051552
    ],
    [
      46.1933167105802,
      69.92006334883234
    ],
    [
      46.406181874810976,
      70.90316388629651
    ],
    [
      46.605776856002365,
      71.88122996305037
    ],
    [
      46.77656682467355,
      72.85818330923622
    ],
    [
      46.90301695134379,
      73.83794565499643
    ],
    [
      46.969663789045185,
      74.82441003539748
    ],
    [
      46.9671586529499,
      75.81901141060575
    ],
    [
