{
  "test_id": 136,
  "test_outcome": "NOT_EXECUTED",
  "predicted_test_outcome": null,
  "test_duration": null,
  "road_points": [
    [
      100.0,
      99.99999999999999
    ],
    [
      99.94305815819718,
      98.99419286354066
    ],
    [
      99.8796912372177,
      97.98897049634031
    ],
    [
      99.81014779825419,
      96.984310591134
    ],
    [
      99.73467640249899,
      95.98019084065662
    ],
    [
      99.65352561114474,
      94.97658893764313
    ],
    [
      99.56694398538386,
      93.97348257482851
    ],
    [
      99.47518008640888,
      92.97084944494766
    ],
    [
      99.37848247541223,
      91.96866724073548
    ],
    [
      99.27709971358651,
      90.96691365492707
    ],
    [
      99.17128036212414,
      89.96556638025724
    ],
    [
      99.06127298221763,
      88.964603109461
    ],
    [
      98.94732613505953,
      87.96400153527327
    ],
    [
      98.82968838184225,
      86.96373935042898
    ],
    [
      98.70860828375835,
      85.96379424766315
    ],
    [
      98.5843344020003,
      84.96414391971064
    ],
    [
      98.4571152977606,
      83.96476605930646
    ],
    [
      98.32719953223179,
      82.96563835918553
    ],
    [
      98.19483566660628,
      81.9667385120828
    ],
    [
      98.0602722620766,
      80.9680442107332
    ],
    [
      97.9237578798353,
      79.96953314787172
    ],
    [
      97.78554108107484,
      78.97118301623328
    ],
    [
      97.64587042698768,
      77.97297150855283
    ],
    [
      97.50499447876638,
      76.9748763175653
    ],
    [
      97.3631617976034,
      75.97687513600567
    ],
    [
      97.22062094469123,
      74.97894565660887
    ],
    [
      97.07762048122238,
      73.98106557210981
    ],
    [
      96.93440896838932,
      72.9832125752435
    ],
    [
      96.79123496738463,
      71.98536435874489
    ],
    [
      96.6483470394007,
      70.98749861534885
    ],
    [
      96.5059937456301,
      69.98959303779039
    ],
    [
      96.36442364726531,
      68.99162531880445
    ],
    [
      96.22388530549881,
      67.99357315112596
    ],
    [
      96.08460565071789,
      66.99541601781011
    ],
    [
      95.94664771632414,
      65.99714696719957
    ],
    [
      95.8099994687374,
      64.9987652607176
    ],
    [
      95.67464848443326,
      64.0002701920621
    ],
    [
      95.54058233988732,
      63.001661054930935
    ],
    [
      95.40778861157507,
      62.00293714302191
    ],
    [
      95.27625487597219,
      61.004097750032955
    ],
    [
      95.14596870955424,
      60.00514216966187
    ],
    [
      95.0169176887968,
      59.00606969560659
    ],
    [
      94.88908939017539,
      58.00687962156492
    ],
    [
      94.76247139016566,
      57.00757124123475
    ],
    [
      94.63705126524319,
      56.008143848313935
    ],
    [
      94.5128165918835,
      55.00859673650033
    ],
    [
      94.38975494656223,
      54.008929199491824
    ],
    [
      94.26785390575496,
      53.00914053098626
    ],
    [
      94.14710104593723,
      52.0092300246815
    ],
    [
      94.02748394358467,
      51.009196974275405
    ],
    [
      93.90899017517282,
      50.00904067346586
    ],
    [
      93.79160731717728,
      49.00876041595072
    ],
    [
      93.67532294607359,
      48.00835549542782
    ],
    [
      93.56012463833738,
      47.007825205595054
    ],
    [
      93.44599997044423,
      46.007168840150285
    ],
    [
      93.3329365188697,
      45.00638569279136
    ],
    [
      93.22092186008936,
      44.005475057216145
    ],
    [
      93.10994357057885,
      43.00443622712253
    ],
    [
      92.99998922681368,
      42.003268496208335
    ],
    [
      92.89104640526946,
      41.00197115817144
    ],
    [
      92.78310268242177,
      40.000543506709725
    ],
    [
      92.67919932714187,
      38.9986241970979
    ],
    [
      92.55271402391655,
      37.99945706466782
    ],
    [
      92.37358968316975,
      37.00772258670826
    ],
    [
      92.14577914654113,
      36.02591736788781
    ],
    [
      91.86866799452353,
      35.0574265309985
    ],
    [
      91.54435044554374,
      34.10326487913399
    ],
    [
      91.17769731890334,
      33.162019506772765
    ],
    [
      90.77370536748408,
      32.232167398928176
    ],
    [
      90.33737134416769,
      31.312185540613566
    ],
    [
      89.87369200183586,
      30.40055091684227
    ],
    [
      89.38766409337033,
      29.495740512627638
    ],
    [
      88.88428437165281,
      28.596231312983015
    ],
    [
      88.368549589565,
      27.700500302921725
    ],
    [
      87.8454564999886,
      26.80702446745711
    ],
    [
      87.32000185580536,
      25.91428079160252
    ],
    [
      86.79718240989696,
      25.020746260371286
    ],
    [
      86.28199491514515,
      24.124897858776738
    ],
    [
      85.7794361244316,
      23.225212571832245
    ],
    [
      85.29450279063808,
      22.320167384551123
    ],
    [
      84.83219166664625,
      21.408239281946706
    ],
    [
      84.39749950533789,
      20.48790524903236
    ],
    [
      83.99542305959466,
      19.557642270821418
    ],
    [
      83.63095908229828,
      18.615927332327207
    ],
    [
      83.30910432633047,
      17.661237418563072
    ],
    [
      83.03485554457298,
      16.692049514542358
    ],
    [
      82.81320948990748,
      15.706840605278401
    ],
    [
      82.6491629152157,
      14.704087675784542
    ],
    [
      82.54771257337936,
      13.682267711074122
    ],
    [
      82.51385521728015,
      12.639857696160478
    ],
    [
      82.55258759979984,
      11.575334616056953
    ],
    [
      82.66890647382007,
      10.487175455776873
    ],
    [
      82.86780859222262,
      9.373857200333601
    ],
    [
      83.15429070788916,
      8.233856834740479
    ]
  ],