{
  "test_id": 170,
  "test_outcome": "NOT_EXECUTED",
  "predicted_test_outcome": null,
  "test_duration": null,
  "road_points": [
    [
      99.99999999999999,
      99.99999999999999
    ],
    [
      99.98809488795484,
      101.00147007018913
    ],
    [
      100.00755195399802,
      102.00232681305016
    ],
    [
      100.04584159157525,
      103.00434482020673
    ],
    [
      100.08920437333433,
      104.00845379100927
    ],
    [
      100.11649008830467,
      105.01050592410081
    ],
    [
      100.1068121769831,
      106.00653454783689
    ],
    [
      100.12250009617723,
      107.04209119228116
    ],
    [
      100.19360193452626,
      108.06965623234143
    ],
    [
      100.27490296336678,
      108.9520977135868
    ],
    [
      100.33659362888822,
      109.60325033115974
    ],
    [
      100.37681293118116,
      110.02638494796139
    ],
    [
      100.3964649632176,
      110.23362080279391
    ],
    [
      100.39645381796969,
      110.23707713445965
    ],
    [
      100.37768358840931,
      110.04887318176063
    ],
    [
      100.34105836750855,
      109.68112818349914
    ],
    [
      100.28748224823941,
      109.14596137847734
    ],
    [
      100.21785932357395,
      108.45549200549742
    ],
    [
      100.13309368648412,
      107.6218393033616
    ],
    [
      100.03408942994201,
      106.65712251087209
    ],
    [
      99.92175064691966,
      105.57346086683106
    ],
    [
      99.79698143038898,
      104.38297361004068
    ],
    [
      99.66068587332208,
      103.09777997930317
    ],
    [
      99.51376806869095,
      101.7299992134207
    ],
    [
      99.35713210946763,
      100.29175055119552
    ],
    [
      99.1916820886241,
      98.79515323142977
    ],
    [
      99.01832209913245,
      97.25232649292569
    ],
    [
      98.83795623396466,
      95.67538957448545
    ],
    [
      98.65148858609274,
      94.07646171491123
    ],
    [
      98.45982324848875,
      92.46766215300529
    ],
    [
      98.26386431412467,
      90.86111012756973
    ],
    [
      98.06451587597255,
      89.26892487740682
    ],
    [
      97.86268202700438,
      87.70322564131872
    ],
    [
      97.65926686019222,
      86.17613165810762
    ],
    [
      97.45517446850806,
      84.69976216657574
    ],
    [
      97.25130894492395,
      83.28623640552524
    ],
    [
      97.04857438241186,
      81.94767361375833
    ],
    [
      96.84787487394387,
      80.69619303007721
    ],
    [
      96.65002317090591,
      79.54367807101477
    ],
    [
      96.45085377894665,
      78.48915950561009
    ],
    [
      96.2387606431711,
      77.51245834370839
    ],
    [
      96.00152883534938,
      76.59182362889275
    ],
    [
      95.7269434272514,
      75.70550440474622
    ],
    [
      95.40278949064725,
      74.83174971485191
    ],
    [
      95.01685209730695,
      73.94880860279287
    ],
    [
      94.5569163190005,
      73.03493011215215
    ],
    [
      94.01076722749792,
      72.06836328651285
    ],
    [
      93.36618989456925,
      71.027357169458
    ]
  ],
  "interpolated_road_points": [
    [
      100.0,
      100.0
    ],
    [
      99.98813109019856,
      101.0075776213807
    ],
    [
      100.00794737773273,
      102.01503167992203
    ],
    [
      100.04660059623929,
      103.0219375811826
    ],
    [
      100.09002632773101,
      104.02865359594658
    ],
    [
      100.11659669704757,
      105.03593969209254
    ],
    [
      100.10652876411305,
      106.04355362558356
    ],
    [
      100.12289706717928,
      107.05106598879394
    ],
    [
      100.19245889357579,
      108.05631254420419
    ],
    [
      100.28550336565046,
      109.05959276053977
    ],
    [
      100.38161323077658,
      110.0625059870998
    ],
    [
      100.31470950261384,
      109.4272161091656
    ],
    [
      100.21288543595453,
      108.4068166013908
    ],
    [
      100.11073356282792,
      107.40272424567742
    ],
    [
      100.00767164005202,
      106.40139261701005
    ],
    [
      99.9035401912458,
      105.39882756631897
    ],
    [
      99.79843163786411,
      104.39673248238418
    ],
    [
      99.69232274054453,
      103.39470027440537
    ],
    [
      99.58519962752582,
      102.39274245426995
    ],
    [
      99.47704223057453,
      101.39092441640098
    ],
    [
      99.36781795399192,
      100.38921124594563
    ],
    [
      99.25748930982449,
      99.3876200311726
    ],
    [
      99.14601041966903,
      98.38615762614099
    ],
    [
      99.0333276373407,
      97.38482914510601
    ],
    [
      98.91937918965938,
      96.38364394979155
    ],
    [
      98.80409301451421,
      95.38261202497267
    ],
    [
      98.6873869668761,
      94.3817445644708
    ],
    [
      98.56916634186346,
      93.38105483759264
    ],
    [
      98.44932087581948,
      92.38055840818339
    ],
    [
      98.32772460414212,
      91.38027320264317
    ],
    [
      98.20422880173412,
      90.3802207011821
    ],
    [
      98.07865924502633,
      89.38042644824932
    ],
    [
      97.95081165536403,
      88.38092084283424
    ],
    [
      97.82043724778403,
      87.38174166131357
    ],
    [
      97.68723806479439,
      86.38293505548644
    ],
    [
      97.5508487866091,
      85.38455886533136
    ],
    [
      97.41080267623288,
      84.38668904607445
    ],
    [
      97.26651456532778,
      83.38942363852924
    ],
    [
      97.11721944479136,
      82.39289505389333
    ],
    [
      96.96181834225487,
      81.39730033989849
    ],
    [
      96.79893607359486,
      80.4029019802819
    ],
    [
      96.62600687048709,
      79.41020005880179
    ],
    [
      96.43696398685364,
      78.42044177497085
    ],
    [
      96.22068643311901,
      77.43627838382298
    ],
    [
      95.96434190562204,
      76.46179381288165
    ],
    [
      95.65654278786288,
      75.50233119384754
    ],
    [
      95.29162078097183,
      74.5631088022276
    ],
    [
      94.87161075925725,
      73.64717581013586
    ],
    [
      94.40432806190809,
      72.75442637749552
    ],
    [
      93.89945239866967,
      71.88233290251837
    ],
    [
      93.36618989456925,
      71.027357169458
    ]
  ],
  "simulation_data": [],
  "uturns": 0
}