{
  "test_id": 352,
  "test_outcome": "NOT_EXECUTED",
  "predicted_test_outcome": null,
  "test_duration": null,
  "road_points": [
    [
      100.00000000000001,
      100.00000000000001
    ],
    [
      99.98243673054914,
      101.00235249512653
    ],
    [
      99.96576530418064,
      102.00489677943136
    ],
    [
      99.95132859099205,
      103.00790800331576
    ],
    [
      99.93904027617951,
      104.01134175276657
    ],
    [
      99.92877885176156,
      105.01514574460899
    ],
    [
      99.92042280975652,
      106.01926769566799
    ],
    [
      99.91385064218277,
      107.02365532276872
    ],
    [
      99.90894084105874,
      108.02825634273619
    ],
    [
      99.90557189840278,
      109.03301847239553
    ],
    [
      99.90362230623342,
      110.0378894285718
    ],
    [
      99.9029705565689,
      111.04281692809006
    ],
    [
      99.9034951414277,
      112.04774868777544
    ],
    [
      99.90507455282824,
      113.052632424453
    ],
    [
      99.9075872827889,
      114.05741585494776
    ],
    [
      99.91091182332802,
      115.06204669608483
    ],
    [
      99.9149266664641,
      116.06647266468934
    ],
    [
      99.91951030421545,
      117.07064147758628
    ],
    [
      99.92454122860055,
      118.07450085160082
    ],
    [
      99.92989793163773,
      119.07799850355798
    ],
    [
      99.93545890534546,
      120.08108215028285
    ],
    [
      99.94110264174209,
      121.08369950860049
    ],
    [
      99.94670763284604,
      122.08579829533605
    ],
    [
      99.9521523706757,
      123.08732622731452
    ],
    [
      99.95731534724948,
      124.08823102136098
    ],
    [
      99.96207505458577,
      125.0884603943006
    ],
    [
      99.96630998470295,
      126.08796206295834
    ],
    [
      99.96989862961948,
      127.08668374415939
    ],
    [
      99.9727194813537,
      128.08457315472873
    ],
    [
      99.97465103192407,
      129.0815780114915
    ],
    [
      99.97557177334892,
      130.07764603127276
    ],
    [
      99.97537272726063,
      131.0727355126553
    ],
    [
      99.97408364288741,
      132.0669219151986
    ],
    [
      99.97182058710932,
      133.06035359715503
    ],
    [
      99.96870092891812,
      134.05318001646205
    ],
    [
      99.96484203730564,
      135.04555063105727
    ],
    [
      99.96036128126376,
      136.0376148988782
    ],
    [
      99.95537602978418,
      137.02952227786236
    ],
    [
      99.95000365185881,
      138.0214222259473
    ],
    [
      99.94436151647942,
      139.01346420107055
    ],
    [
      99.93856699263785,
      140.0057976611697
    ],
    [
      99.93273744932587,
      140.9985720641822
    ],
    [
      99.92699025553532,
      141.99193686804568
    ],
    [
      99.92144278025802,
      142.98604153069763
    ],
    [
      99.91621239248576,
      143.98103551007557
    ],
    [
      99.91141646121035,
      144.97706826411704
    ],
    [
      99.90717235542365,
      145.97428925075963
    ],
    [
      99.90359744411745,
      146.97284792794085
    ],
    [
      99.90080909628357,
      147.9728937535982
    ],
    [
      99.89892468091375,
      148.97457618566926
    ],
    [
      99.8980615669999,
      149.97804468209154
    ],
    [
      99.89833712353382,
      150.98344870080263
    ],
    [
      99.89986871950725,
      151.99093769974002
    ],
    [
      99.90277372391209,
      153.00066113684125
    ],
    [
      99.90716950574011,
      154.01276847004388
    ],
    [
      99.91317343398312,
      155.02740915728543
    ],
    [
      99.92090287763298,
      156.04473265650344
    ],
    [
      99.93047520568143,
      157.06488842563544
    ],
    [
      99.94200778712032,
      158.088025922619
    ],
    [
      99.95561799094148,
      159.11429460539165
    ],
    [
      99.97142318613669,
      160.1438439318909
    ],
    [
      99.98879497629481,
      161.14931541219985
    ],
    [
      100.00278711185341,
      161.94661531214604
    ],
    [
      100.01211132278048,
      162.49506782160145
    ],
    [
      100.01689548020119,
      162.80800908647169
    ],
    [
      100.01726745524063,
      162.89877525266212
    ],
    [
      100.01335511902401,
      162.78070246607845
    ],
    [
      100.00528634267647,
      162.4671268726262
    ],
    [
      99.99318899732314,
      161.97138461821086
    ],
    [
      99.97719095408917,
      161.306811848738
    ],
    [
      99.95742008409972,
      160.48674471011313
    ],
    [
      99.93400425847996,
      159.5245193482419
    ],
    [
      99.90707134835502,
      158.43347190902975
    ],
    [
      99.87674922485012,
      157.22693853838234
    ],
    [
      99.84316575909028,
      155.91825538220507
    ],
    [
      99.80644882220074,
      154.52075858640356
    ],
    [
      99.76672628530665,
      153.04778429688338
    ],
    [
      99.72412601953314,
      151.51266865955012
    ],
    [
      99.67877589600538,
      149.92874782030916
    ],
    [
      99.6308037858485,
      148.30935792506617
    ],
    [
      99.58033756018769,
      146.6678351197267
    ],
    [
      99.52750509014805,
      145.01751555019626
    ],
    [
      99.47243424685477,
      143.37173536238043
    ],
    [
      99.415252901433,
      141.7438307021847
    ],
    [
      99.35608892500785,
      140.14713771551465
    ],
    [
      99.29507018870453,
      138.59499254827585
    ],
    [
      99.23232456364818,
      137.10073134637383
    ],
    [
      99.16797992096392,
      135.67769025571408
    ],
    [
      99.10216413177693,
      134.3392054222022
    ],
    [
      99.03500506721234,
      133.09861299174372
    ],
    [
      98.96662045735087,
      131.96921993835963
    ],
    [
      98.89079142170596,
      130.94610524453415
    ],
    [
      98.7841506349703,
      129.97501841230812
    ],
    [
      98.62045826458072,
      128.99344584511542
    ]
  ],