{
  "test_id": 9,
  "test_outcome": "NOT_EXECUTED",
  "predicted_test_outcome": null,
  "test_duration": null,
  "road_points": [
    [
      99.99999999999999,
      100.0
    ],
    [
      100.23690471439356,
      98.96886831556051
    ],
    [
      100.4403189872559,
      97.94023268654301
    ],
    [
      100.61097814762313,
      96.91419415314756
    ],
    [
      100.74961752453123,
      95.89085375557406
    ],
    [
      100.85697244701632,
      94.87031253402247
    ],
    [
      100.93377824411452,
      93.8526715286929
    ],
    [
      100.9807702448619,
      92.83803177978525
    ],
    [
      100.99868377829453,
      91.82649432749957
    ],
    [
      100.98825417344847,
      90.81816021203579
    ],
    [
      100.9502167593598,
      89.81313047359396
    ],
    [
      100.88530686506466,
      88.81150615237405
    ],
    [
      100.79425981959906,
      87.81338828857604
    ],
    [
      100.67781095199915,
      86.81887792239993
    ],
    [
      100.53669559130097,
      85.82807609404576
    ],
    [
      100.37164906654058,
      84.84108384371343
    ],
    [
      100.18340670675411,
      83.858002211603
    ],
    [
      99.97270384097764,
      82.87893223791444
    ],
    [
      99.74027579824721,
      81.90397496284774
    ],
    [
      99.48685790759896,
      80.9332314266029
    ],
    [
      99.21318549806888,
      79.96680266937989
    ],
    [
      98.91999389869316,
      79.00478973137875
    ],
    [
      98.6080184385078,
      78.04729365279942
    ],
    [
      98.27799444654893,
      77.09441547384193
    ],
    [
      97.9306572518526,
      76.14625623470626
    ],
    [
      97.56674218345492,
      75.2029169755924
    ],
    [
      97.18698457039193,
      74.26449873670033
    ],
    [
      96.79211974169976,
      73.33110255823006
    ],
    [
      96.38288302641448,
      72.40282948038157
    ],
    [
      95.96000975357214,
      71.47978054335486
    ],
    [
      95.52423525220885,
      70.56205678734992
    ],
    [
      95.07640020043222,
      69.6497133454068
    ],
    [
      94.61934316141475,
      68.74193474745677
    ],
    [
      94.15768955076518,
      67.8371268803983
    ],
    [
      93.69612776168599,
      66.93366818786505
    ],
    [
      93.23934618737971,
      66.02993711349073
    ],
    [
      92.79203322104883,
      65.12431210090904
    ],
    [
      92.35887725589579,
      64.21517159375355
    ],
    [
      91.94456668512314,
      63.300894035658054
    ],
    [
      91.55378990193338,
      62.37985787025619
    ],
    [
      91.19123529952894,
      61.45044154118159
    ],
    [
      90.86156665199255,
      60.5110314120091
    ],
    [
      90.56687900342251,
      59.56084020364661
    ],
    [
      90.30448521948067,
      58.600619058028656
    ],
    [
      90.07117651028773,
      57.63128693304716
    ],
    [
      89.86374408596451,
      56.653762786594086
    ],
    [
      89.67897915663171,
      55.66896557656136
    ],
    [
      89.51367293241013,
      54.67781426084096
    ],
    [
      89.3646166234205,
      53.6812277973248
    ],
    [
      89.22860143978357,
      52.680125143904846
    ],
    [
      89.1024185916201,
      51.67542525847302
    ],
    [
      88.98285928905086,
      50.668047098921306
    ],
    [
      88.86671474219659,
      49.65890962314162
    ],
    [
      88.75077616117805,
      48.648931789025895
    ],
    [
      88.63183475611599,
      47.63903255446612
    ],
    [
      88.50668173713115,
      46.630130877354205
    ],
    [
      88.37210831434435,
      45.62314571558211
    ],
    [
      88.22490569787624,
      44.618996027041774
    ],
    [
      88.06186509784766,
      43.618600769625154
    ],
    [
      87.87977772437932,
      42.622878901224176
    ],
    [
      87.67543478759204,
      41.632749379730825
    ],
    [
      87.44562749760648,
      40.649131163037005
    ],
    [
      87.18719277409316,
      39.67294259322621
    ],
    [
      86.89856482193669,
      38.70508049342658
    ],
    [
      86.58015443241676,
      37.74641505778727
    ],
    [
      86.23249504779598,
      36.79781482807814
    ],
    [
      85.856120110337,
      35.860148346069074
    ],
    [
      85.4515630623023,
      34.93428415352993
    ],
    [
      85.01935734595449,
      34.02109079223056
    ],
    [
      84.56003640355621,
      33.121436803940874
    ],
    [
      84.07413367736996,
      32.236190730430685
    ],
    [
      83.56242542688432,
      31.365979025063815
    ],
    [
      83.02735045441712,
      30.50977058852447
    ],
    [
      82.47204401942479,
      29.66583995478593
    ],
    [
      81.8996437481771,
      28.832459298112006
    ],
    [
      81.31328726694395,
      28.007900792766556
    ],
    [
      80.71611220199509,
      27.190436613013393
    ],
    [
      80.11125617960049,
      26.378338933116375
    ],
    [
      79.50185682602982,
      25.569879927339315
    ],
    [
      78.89105176755305,
      24.763331769946046
    ],
    [
      78.28197863043995,
      23.95696663520041
    ],
    [
      77.67777504096037,
      23.14905669736623
    ],
    [
      77.08157862538417,
      22.33787413070736
    ],
    [
      76.49652700998115,
      21.52169110948761
    ],
    [
      75.92575782102116,
      20.69877980797082
    ],
    [
      75.37240868477403,
      19.867412400420832
    ],
    [
      74.83961722750962,
      19.025861061101466
    ],
    [
      74.33052107549776,
      18.17239796427658
    ],
    [
      73.84825785500826,
      17.30529528420998
    ],
    [
      73.39596519231098,
      16.422825195165508
    ],
    [
      72.97678071367575,
      15.523259871406996
    ],
    [
      72.59384204537241,
      14.604871487198285
    ],
    [
      72.25028681367081,
      13.665932216803204
    ],
    [
      71.94925264484073,
      12.704714234485577
    ],
    [
      71.69387716515207,
      11.719489714509253
    ],
    [
      71.48729800087466,
      10.708530831138056
    ],
    [
      71.3326527782783,
      9.670109758635823
    ],
    [
      71.23307912363285,
      8.602498671266396
    ],
    [
      71.19171466320813,
      7.503969743293589
    ]
  ],