{
  "test_id": 7,
  "test_outcome": "NOT_EXECUTED",
  "predicted_test_outcome": null,
  "test_duration": null,
  "road_points": [
    [
      99.99999999999999,
      99.99999999999999
    ],
    [
      99.76748133788922,
      100.96991360832061
    ],
    [
      99.53618755594772,
      101.94449141991376
    ],
    [
      99.30726125968832,
      102.92342493917873
    ],
    [
      99.08184505462371,
      103.90640567051459
    ],
    [
      98.86108154626692,
      104.8931251183208
    ],
    [
      98.6461133401306,
      105.88327478699645
    ],
    [
      98.43808304172758,
      106.87654618094076
    ],
    [
      98.23813325657078,
      107.87263080455307
    ],
    [
      98.04740659017295,
      108.87122016223256
    ],
    [
      97.86704564804694,
      109.87200575837852
    ],
    [
      97.69819303570551,
      110.87467909739011
    ],
    [
      97.54199135866155,
      111.87893168366664
    ],
    [
      97.39958322242786,
      112.88445502160731
    ],
    [
      97.2721112325172,
      113.8909406156113
    ],
    [
      97.16071799444248,
      114.89807997007799
    ],
    [
      97.0665461137165,
      115.90556458940651
    ],
    [
      96.99073819585199,
      116.91308597799613
    ],
    [
      96.93443684636183,
      117.92033564024607
    ],
    [
      96.89878467075893,
      118.92700508055563
    ],
    [
      96.88492427455596,
      119.93278580332397
    ],
    [
      96.89399826326584,
      120.9373693129504
    ],
    [
      96.9271492424013,
      121.94044711383408
    ],
    [
      96.98531241419272,
      122.94173382141408
    ],
    [
      97.06815287656092,
      123.94108557941597
    ],
    [
      97.17485514578742,
      124.93841208299072
    ],
    [
      97.30460283511235,
      125.93362312791538
    ],
    [
      97.45657955777584,
      126.92662850996726
    ],
    [
      97.62996892701798,
      127.91733802492347
    ],
    [
      97.82395455607887,
      128.9056614685612
    ],
    [
      98.03772005819864,
      129.89150863665762
    ],
    [
      98.2704490466174,
      130.87478932498988
    ],
    [
      98.52132513457526,
      131.85541332933525
    ],
    [
      98.78953193531234,
      132.83329044547088
    ],
    [
      99.07425306206876,
      133.8083304691739
    ],
    [
      99.37467212808461,
      134.78044319622154
    ],
    [
      99.68997274660002,
      135.74953842239097
    ],
    [
      100.01933853085507,
      136.71552594345934
    ],
    [
      100.36195309408996,
      137.6783155552039
    ],
    [
      100.71700004954472,
      138.63781705340176
    ],
    [
      101.08366301045947,
      139.59394023383012
    ],
    [
      101.46112559007437,
      140.54659489226617
    ],
    [
      101.84857140162948,
      141.49569082448707
    ],
    [
      102.24518405836494,
      142.44113782627002
    ],
    [
      102.65014728430205,
      143.38284562356722
    ],
    [
      103.06344056148848,
      144.32022237890578
    ],
    [
      103.48774646671426,
      145.25097250390806
    ],
    [
      103.92632100077869,
      146.17243898310366
    ],
    [
      104.38242016448089,
      147.08196480102217
    ],
    [
      104.85929995862018,
      147.97689294219316
    ],
    [
      105.36021638399568,
      148.85456639114608
    ],
    [
      105.88842544140671,
      149.71232813241068
    ],
    [
      106.44718313165241,
      150.5475211505164
    ],
    [
      107.03974545553203,
      151.35748842999288
    ],
    [
      107.6693684138448,
      152.1395729553697
    ],
    [
      108.33828698514588,
      152.8918815597038
    ],
    [
      109.0410346446858,
      153.61828273501067
    ],
    [
      109.76863122611253,
      154.3252736035628
    ],
    [
      110.51207862085873,
      155.01936471058724
    ],
    [
      111.26237872035686,
      155.70706660131094
    ],
    [
      112.01053341603951,
      156.39488982096097
    ],
    [
      112.74754459933914,
      157.0893449147642
    ],
    [
      113.4644141616883,
      157.7969424279477
    ],
    [
      114.15214399451949,
      158.52419290573835
    ],
    [
      114.8017359892653,
      159.27760689336327
    ],
    [
      115.40538825069474,
      160.06273214082495
    ],
    [
      115.96212908798586,
      160.87961897723454
    ],
    [
      116.47340720281491,
      161.7263696324241
    ],
    [
      116.94067413614944,
      162.60108405096784
    ],
    [
      117.36538142895688,
      163.5018621774399
    ],
    [
      117.74898062220468,
      164.4268039564143
    ],
    [
      118.09292325686043,
      165.37400933246533
    ],
    [
      118.39866087389149,
      166.34157825016703
    ],
    [
      118.6676450142654,
      167.32761065409358
    ],
    [
      118.90132721894969,
      168.3302064888192
    ],
    [
      119.10115902891174,
      169.34746569891783
    ],
    [
      119.2685919851191,
      170.37748822896378
    ],
    [
      119.40507762853922,
      171.41837402353113
    ],
    [
      119.51206750013961,
      172.46822302719409
    ],
    [
      119.59101314088775,
      173.52513518452665
    ],
    [
      119.6433660917511,
      174.58721044010315
    ],
    [
      119.67057789369716,
      175.65254873849756
    ],
    [
      119.67410008769343,
      176.71925002428412
    ],
    [
      119.65538421470731,
      177.78541424203684
    ],
    [
      119.61588181570642,
      178.84914133633006
    ],
    [
      119.55704443165808,
      179.90853125173777
    ],
    [
      119.48032360352988,
      180.96168393283418
    ],
    [
      119.38717087228933,
      182.00669932419345
    ],
    [
      119.27903777890381,
      183.0416773703896
    ],
    [
      119.15737586434086,
      184.0647180159969
    ],
    [
      119.02363666956795,
      185.0739212055894
    ],
    [
      118.87927173555258,
      186.0673868837413
    ],
    [
      118.72573260326223,
      187.04321499502674
    ],
    [
      118.56447081366434,
      187.9995054840198
    ],
    [
      118.39693790772645,
      188.93435829529477
    ],
    [
      118.22458542641603,
      189.84587337342572
    ]
  ],