{
  "test_id": 3,
  "test_outcome": "NOT_EXECUTED",
  "predicted_test_outcome": null,
  "test_duration": null,
  "road_points": [
    [
      100.0,
      99.99999999999999
    ],
    [
      100.05078806800972,
      98.67543191696045
    ],
    [
      100.02798093791166,
      97.4127747141686
    ],
    [
      99.93434919415249,
      96.21011210146406
    ],
    [
      99.77266342117899,
      95.06552778868664
    ],
    [
      99.54569420343783,
      93.97710548567596
    ],
    [
      99.25621212537573,
      92.94292890227172
    ],
    [
      98.90698777143942,
      91.96108174831362
    ],
    [
      98.50079172607562,
      91.02964773364134
    ],
    [
      98.04039457373102,
      90.14671056809458
    ],
    [
      97.52856689885236,
      89.31035396151306
    ],
    [
      96.96807928588629,
      88.51866162373639
    ],
    [
      96.36170231927962,
      87.76971726460437
    ],
    [
      95.71220658347902,
      87.06160459395662
    ],
    [
      95.02236266293117,
      86.39240732163285
    ],
    [
      94.29494114208285,
      85.76020915747276
    ],
    [
      93.53271260538071,
      85.16309381131603
    ],
    [
      92.73844763727152,
      84.59914499300237
    ],
    [
      91.91491682220197,
      84.06644641237145
    ],
    [
      91.06489074461878,
      83.56308177926299
    ],
    [
      90.19113998896864,
      83.08713480351665
    ],
    [
      89.2964351396983,
      82.63668919497215
    ],
    [
      88.38354678125447,
      82.20982866346917
    ],
    [
      87.45524549808385,
      81.80463691884738
    ],
    [
      86.51430187463316,
      81.41919767094655
    ],
    [
      85.56348649534912,
      81.05159462960627
    ],
    [
      84.60556994467842,
      80.69991150466629
    ],
    [
      83.6433228070678,
      80.36223200596629
    ],
    [
      82.6792417682553,
      80.03685880054093
    ],
    [
      81.71394353890705,
      79.72359742511834
    ],
    [
      80.74725555057579,
      79.42288437354784
    ],
    [
      79.77900252180169,
      79.13515830848633
    ],
    [
      78.80900917112493,
      78.86085789259084
    ],
    [
      77.8371002170857,
      78.60042178851835
    ],
    [
      76.86310037822409,
      78.35428865892575
    ],
    [
      75.8868343730803,
      78.1228971664701
    ],
    [
      74.90812692019452,
      77.90668597380834
    ],
    [
      73.92680273810689,
      77.70609374359746
    ],
    [
      72.94268654535753,
      77.52155913849441
    ],
    [
      71.95560306048668,
      77.3535208211562
    ],
    [
      70.96537700203449,
      77.2024174542398
    ],
    [
      69.97183308854103,
      77.0686877004021
    ],
    [
      68.97479603854657,
      76.95277022230019
    ],
    [
      67.97409057059124,
      76.855103682591
    ],
    [
      66.96954140321522,
      76.7761267439315
    ],
    [
      65.96097325495863,
      76.71627806897865
    ],
    [
      64.94821084436164,
      76.67599632038943
    ],
    [
      63.93107888996446,
      76.65572016082085
    ],
    [
      62.909402110307184,
      76.65588825292983
    ],
    [
      61.88325931627111,
      76.67706013253473
    ],
    [
      60.85416651708701,
      76.72047901882345
    ],
    [
      59.824144483389105,
      76.78762824883366
    ],
    [
      58.79521453708334,
      76.879991421846
    ],
    [
      57.769398000075576,
      76.99905213714115
    ],
    [
      56.748716194271765,
      77.14629399399972
    ],
    [
      55.7351904415778,
      77.32320059170242
    ],
    [
      54.73084206389959,
      77.5312555295299
    ],
    [
      53.73769238314304,
      77.77194240676278
    ],
    [
      52.75776272121408,
      78.04674482268177
    ],
    [
      51.793074400018604,
      78.35714637656753
    ],
    [
      50.84564874146251,
      78.70463066770068
    ],
    [
      49.91750706745175,
      79.09068129536189
    ],
    [
      49.01067069989219,
      79.51678185883185
    ],
    [
      48.12716096068978,
      79.9844159573912
    ],
    [
      47.26899917175038,
      80.49506719032057
    ],
    [
      46.43820661694314,
      81.05021910294204
    ],
    [
      45.635365313322204,
      81.64931351106652
    ],
    [
      44.85580623637881,
      82.28434315545402
    ],
    [
      44.09366316597219,
      82.94560244711288
    ],
    [
      43.343069881961476,
      83.62338579705128
    ],
    [
      42.5981601642059,
      84.30798761627752
    ],
    [
      41.8530677925646,
      84.98970231579983
    ],
    [
      41.101926546896784,
      85.65882430662651
    ],
    [
      40.33887020706163,
      86.30564799976578
    ],
    [
      39.55803255291832,
      86.92046780622591
    ],
    [
      38.753547643022465,
      87.49357855074527
    ],
    [
      37.92106314519296,
      88.0175220396063
    ],
    [
      37.06128259122515,
      88.49234560467154
    ],
    [
      36.17596389481619,
      88.91966182765465
    ],
    [
      35.266864969663246,
      89.30108329026913
    ],
    [
      34.33574372946349,
      89.63822257422864
    ],
    [
      33.38435808791409,
      89.93269226124671
    ],
    [
      32.41446595871217,
      90.18610493303694
    ],
    [
      31.42782525555496,
      90.40007317131291
    ],
    [
      30.426193892139604,
      90.57620955778823
    ],
    [
      29.411329782163236,
      90.71612667417644
    ],
    [
      28.384990839323056,
      90.82143710219113
    ],
    [
      27.348934977316226,
      90.89375342354589
    ],
    [
      26.304920109839895,
      90.9346882199543
    ],
    [
      25.254704150591255,
      90.94585407312995
    ],
    [
      24.200045013267452,
      90.92886356478638
    ],
    [
      23.14270061156566,
      90.88532927663725
    ],
    [
      22.08442885918303,
      90.81686379039607
    ],
    [
      21.026987669816748,
      90.72507968777646
    ],
    [
      19.97213495716398,
      90.611589550492
    ],
    [
      18.921628634921866,
      90.47800596025624
    ],
    [
      17.877226616787603,
      90.32594149878281
    ],
    [
      16.840686816458344,
      90.15700874778526
    ],
    [
      15.813767147631246,
      89.97282028897718
    ],
    [
      14.798225524003493,
      89.77498870407214
    ],
    [
      13.795819859272239,
      89.56512657478372
    ],
    [
      12.808308067134648,
      89.34484648282555
    ],
    [
      11.8374480612879,
      89.11576100991115
    ],
    [
      10.884997755429149,
      88.87948273775413
    ],
    [
      9.952715063255566,
      88.6376242480681
    ],
    [
      9.042357898464312,
      88.39179812256657
    ]
  ],