{
  "test_id": 0,
  "test_outcome": "NOT_EXECUTED",
  "predicted_test_outcome": null,
  "test_duration": null,
  "road_points": [
    [
      99.99999999999999,
      99.99999999999997
    ],
    [
      99.70700426524455,
      99.03833992919988
    ],
    [
      99.45632961325798,
      98.07064714174616
    ],
    [
      99.24574058544168,
      97.09724029414373
    ],
    [
      99.07300172319711,
      96.11843804289734
    ],
    [
      98.93587756792571,
      95.13455904451189
    ],
    [
      98.83213266102896,
      94.14592195549221
    ],
    [
      98.75953154390824,
      93.1528454323431
    ],
    [
      98.71583875796496,
      92.1556481315694
    ],
    [
      98.69881884460062,
      91.15464870967594
    ],
    [
      98.70623634521664,
      90.1501658231676
    ],
    [
      98.73585580121441,
      89.14251812854917
    ],
    [
      98.78544175399544,
      88.13202428232549
    ],
    [
      98.85275874496115,
      87.11900294100143
    ],
    [
      98.93557131551295,
      86.1037727610818
    ],
    [
      99.03164400705225,
      85.08665239907141
    ],
    [
      99.13874136098059,
      84.06796051147518
    ],
    [
      99.25462791869928,
      83.04801575479783
    ],
    [
      99.37706822160987,
      82.02713678554427
    ],
    [
      99.50382681111371,
      81.0056422602193
    ],
    [
      99.6326682286123,
      79.98385083532781
    ],
    [
      99.76135701550703,
      78.96208116737458
    ],
    [
      99.88765771319937,
      77.94065191286447
    ],
    [
      100.00933486309076,
      76.9198817283023
    ],
    [
      100.12415300658257,
      75.90008927019288
    ],
    [
      100.22987668507635,
      74.88159319504112
    ],
    [
      100.32427043997342,
      73.8647121593518
    ],
    [
      100.4050988126753,
      72.84976481962977
    ],
    [
      100.4701263445834,
      71.83706983237988
    ],
    [
      100.51711757709914,
      70.82694585410691
    ],
    [
      100.543837051624,
      69.81971154131577
    ],
    [
      100.54804930955937,
      68.81568555051123
    ],
    [
      100.52751889230674,
      67.81518653819818
    ],
    [
      100.48001034126746,
      66.8185331608814
    ],
    [
      100.40328819784305,
      65.82604407506577
    ],
    [
      100.29511700343492,
      64.83803793725612
    ],
    [
      100.1532612994445,
      63.85483340395725
    ],
    [
      99.97548672005661,
      62.87674929506504
    ],
    [
      99.76032929469442,
      61.90421961858488
    ],
    [
      99.5084453944413,
      60.93799541219132
    ],
    [
      99.22085301843705,
      59.97888178353504
    ],
    [
      98.89857016582158,
      59.02768384026681
    ],
    [
      98.5426148357348,
      58.085206690037325
    ],
    [
      98.15400502731647,
      57.15225544049729
    ],
    [
      97.73375873970649,
      56.22963519929746
    ],
    [
      97.28289397204475,
      55.31815107408853
    ],
    [
      96.80242872347105,
      54.41860817252123
    ],
    [
      96.2933809931253,
      53.531811602246286
    ],
    [
      95.7567687801473,
      52.658566470914394
    ],
    [
      95.19361008367694,
      51.799677886176305
    ],
    [
      94.6049229028541,
      50.95595095568272
    ],
    [
      93.99172523681864,
      50.12819078708437
    ],
    [
      93.35503508471038,
      49.31720248803196
    ],
    [
      92.69587044566917,
      48.523791166176224
    ],
    [
      92.01524931883495,
      47.748761929167905
    ],
    [
      91.31418970334748,
      46.99291988465767
    ],
    [
      90.59370959834669,
      46.25707014029628
    ],
    [
      89.85483444083161,
      45.5420090911516
    ],
    [
      89.10028077303325,
      44.84655220014977
    ],
    [
      88.33659594435817,
      44.16502758731252
    ],
    [
      87.57085470398285,
      43.491145585467635
    ],
    [
      86.81013180108374,
      42.81861652744291
    ],
    [
      86.06150198483734,
      42.14115074606616
    ],
    [
      85.33204000442012,
      41.4524585741652
    ],
    [
      84.6288206090086,
      40.74625034456783
    ],
    [
      83.95891854777922,
      40.01623639010184
    ],
    [
      83.3294085699085,
      39.25612704359508
    ],
    [
      82.74736542457286,
      38.4596326378753
    ],
    [
      82.21909116350653,
      37.62165902231144
    ],
    [
      81.7464056202976,
      36.744046928726085
    ],
    [
      81.32951643113871,
      35.8311314787874
    ],
    [
      80.9686291106259,
      34.88725107669531
    ],
    [
      80.6639491733551,
      33.91674412664977
    ],
    [
      80.41568213392237,
      32.92394903285076
    ],
    [
      80.22403350692362,
      31.913204199498207
    ],
    [
      80.08920880695493,
      30.88884803079209
    ],
    [
      80.01141354861221,
      29.85521893093234
    ],
    [
      79.9908532464915,
      28.81665530411893
    ],
    [
      80.02768102475254,
      27.77743820180523
    ],
    [
      80.12112604169795,
      26.740837193512654
    ],
    [
      80.26962697562747,
      25.709256496180227
    ],
    [
      80.47159701549893,
      24.685072423109013
    ],
    [
      80.72544935027011,
      23.67066128760005
    ],
    [
      81.02959716889889,
      22.668399402954396
    ],
    [
      81.38245366034307,
      21.6806630824731
    ],
    [
      81.78243201356047,
      20.709828639457196
    ],
    [
      82.22794541750889,
      19.758272387207736
    ],
    [
      82.71740706114619,
      18.828370639025785
    ],
    [
      83.2492301334302,
      17.92249970821237
    ],
    [
      83.82182782331873,
      17.043035908068557
    ],
    [
      84.43361331976959,
      16.192355551895385
    ],
    [
      85.08299981174063,
      15.372834952993902
    ],
    [
      85.76840048818967,
      14.586850424665162
    ],
    [
      86.4882285380745,
      13.836778280210202
    ],
    [
      87.24089715035299,
      13.124994832930089
    ],
    [
      88.02481951398293,
      12.453876396125855
    ],
    [
      88.8384088179222,
      11.825799283098547
    ],
    [
      89.68007825112855,
      11.24313980714923
    ],
    [
      90.54824100255985,
      10.708274281578943
    ],
    [
      91.4413102611739,
      10.223579019688735
    ],
    [
      92.35769921592855,
      9.791430334779655
    ],
    [
      93.2958210557816,
      9.414204540152749
    ],
    [
      94.25408896969086,
      9.094277949109065
    ],
    [
      95.2309161466142,
      8.834026874949657
    ],
    [
      96.22471577550942,
      8.635827630975568
    ],
    [
      97.23390104533436,
      8.502056530487849
    ],
    [
      98.25688514504682,
      8.435089886787548
    ],
    [
      99.2920812636046,
      8.43730401317571
    ]
  ],