{
  "test_id": 2,
  "test_outcome": "NOT_EXECUTED",
  "predicted_test_outcome": null,
  "test_duration": null,
  "road_points": [
    [
      99.99999999999999,
      99.99999999999999
    ],
    [
      100.02832266144333,
      101.0269859375178
    ],
    [
      99.98846512426937,
      102.04886771021431
    ],
    [
      99.88274896408424,
      103.06350318898468
    ],
    [
      99.7134957564941,
      104.06875024472406
    ],
    [
      99.48302707710505,
      105.06246674832751
    ],
    [
      99.1936645015232,
      106.04251057069017
    ],
    [
      98.8477296053547,
      107.00673958270717
    ],
    [
      98.44754396420566,
      107.95301165527364
    ],
    [
      97.99542915368221,
      108.8791846592847
    ],
    [
      97.49370674939047,
      109.78311646563543
    ],
    [
      96.94469832693656,
      110.66266494522097
    ],
    [
      96.35072546192661,
      111.51568796893646
    ],
    [
      95.71410972996674,
      112.340043407677
    ],
    [
      95.0371727066631,
      113.13358913233773
    ],
    [
      94.32223596762174,
      113.89418301381374
    ],
    [
      93.57162108844885,
      114.61968292300017
    ],
    [
      92.78764964475054,
      115.30794673079214
    ],
    [
      91.97264321213292,
      115.95683230808476
    ],
    [
      91.12892336620216,
      116.56419752577318
    ],
    [
      90.25881168256433,
      117.12790025475246
    ],
    [
      89.36462973682558,
      117.64579836591778
    ],
    [
      88.448699104592,
      118.11574973016421
    ],
    [
      87.51334136146974,
      118.5356122183869
    ],
    [
      86.56087808306498,
      118.903243701481
    ],
    [
      85.59363084498374,
      119.21650205034155
    ],
    [
      84.61392122283218,
      119.47324513586373
    ],
    [
      83.62407079221644,
      119.67133082894262
    ],
    [
      82.62635016102772,
      119.80903778344843
    ],
    [
      81.62270641229149,
      119.88731563341017
    ],
    [
      80.61496009253132,
      119.90815868213095
    ],
    [
      79.60493145538166,
      119.8735636509684
    ],
    [
      78.59444075447696,
      119.78552726128012
    ],
    [
      77.58530824345173,
      119.64604623442388
    ],
    [
      76.5793541759404,
      119.4571172917572
    ],
    [
      75.57839880557744,
      119.22073715463775
    ],
    [
      74.58426238599735,
      118.9389025444232
    ],
    [
      73.59876517083454,
      118.61361018247113
    ],
    [
      72.62372741372353,
      118.24685679013928
    ],
    [
      71.6609693682988,
      117.84063908878521
    ],
    [
      70.71231128819477,
      117.39695379976659
    ],
    [
      69.7795734270459,
      116.91779764444102
    ],
    [
      68.86457603848672,
      116.4051673441662
    ],
    [
      67.96913937615166,
      115.86105962029976
    ],
    [
      67.09508357718109,
      115.28747122268005
    ],
    [
      66.24348421221578,
      114.68658093438376
    ],
    [
      65.4129048166272,
      114.06118168633739
    ],
    [
      64.60137970258967,
      113.41419579510652
    ],
    [
      63.806943182277514,
      112.74854557725669
    ],
    [
      63.027629567865084,
      112.06715334935355
    ],
    [
      62.26147317152672,
      111.37294142796259
    ],
    [
      61.506508305436746,
      110.66883212964939
    ],
    [
      60.760769281769484,
      109.95774777097948
    ],
    [
      60.02229041269928,
      109.24261066851848
    ],
    [
      59.28910601040048,
      108.52634313883192
    ],
    [
      58.559250387047406,
      107.81186749848537
    ],
    [
      57.830757854814394,
      107.1021060640444
    ],
    [
      57.1016627258758,
      106.39998115207459
    ],
    [
      56.369999312405916,
      105.70841507914146
    ],
    [
      55.63380192657911,
      105.03033016181058
    ],
    [
      54.8911048805697,
      104.36864871664753
    ],
    [
      54.139942486552044,
      103.7262930602179
    ],
    [
      53.37834905670045,
      103.10618550908724
    ],
    [
      52.60435890318927,
      102.51124837982108
    ],
    [
      51.81600633819284,
      101.944403988985
    ],
    [
      51.01132567388548,
      101.40857465314457
    ],
    [
      50.188351222441526,
      100.90668268886535
    ],
    [
      49.345122263514476,
      100.44164234538147
    ],
    [
      48.48059212972248,
      100.01488342317734
    ],
    [
      47.59568913349233,
      99.62462829776163
    ],
    [
      46.69159911184487,
      99.26868111717029
    ],
    [
      45.76950790180089,
      98.94484602943905
    ],
    [
      44.83060134038123,
      98.65092718260381
    ],
    [
      43.876065264606666,
      98.38472872470037
    ],
    [
      42.907085511498025,
      98.14405480376453
    ],
    [
      41.92484791807612,
      97.92670956783215
    ],
    [
      40.93053832136173,
      97.73049716493895
    ],
    [
      39.92534255837571,
      97.55322174312089
    ],
    [
      38.910446466138865,
      97.39268745041375
    ],
    [
      37.88703588167197,
      97.2466984348533
    ],
    [
      36.85629664199589,
      97.11305884447543
    ],
    [
      35.81941458413139,
      96.98957282731588
    ],
    [
      34.77757554509929,
      96.87404453141055
    ],
    [
      33.731965361920416,
      96.76427810479524
    ],
    [
      32.683769871615574,
      96.65807769550577
    ],
    [
      31.634174911205555,
      96.55324745157796
    ],
    [
      30.5843663177112,
      96.44759152104761
    ],
    [
      29.53552992815331,
      96.3389140519506
    ],
    [
      28.48885157955267,
      96.22501919232269
    ],
    [
      27.44551710893013,
      96.10371109019974
    ],
    [
      26.406712353306478,
      95.97279389361756
    ],
    [
      25.37362314970253,
      95.83007175061198
    ],
    [
      24.347435335139092,
      95.67334880921881
    ],
    [
      23.329334746636984,
      95.5004292174739
    ],
    [
      22.320507221217014,
      95.30911712341302
    ],
    [
      21.32213859589998,
      95.09721667507208
    ],
    [
      20.33541470770671,
      94.8625320204868
    ],
    [
      19.361521393658013,
      94.60286730769306
    ],
    [
      18.401644490774686,
      94.3160266847267
    ],
    [
      17.456969836077555,
      93.99981429962347
    ],
    [
      16.52868326658742,
      93.65203430041927
    ],
    [
      15.617970619325092,
      93.27049083514989
    ],
    [
      14.72601773131139,
      92.85298805185111
    ],
    [
      13.85401043956713,
      92.39733009855885
    ],
    [
      13.003134581113107,
      91.90132112330888
    ],
    [
      12.17457599297014,
      91.36276527413699
    ]
  ],