{
  "test_id": 14,
  "test_outcome": "NOT_EXECUTED",
  "predicted_test_outcome": null,
  "test_duration": null,
  "road_points": [
    [
      100.0,
      100.0
    ],
    [
      99.68673920425738,
      98.9271940126713
    ],
    [
      99.43531902607073,
      97.86669872111953
    ],
    [
      99.24323020739534,
      96.81806407606088
    ],
    [
      99.1079634901864,
      95.78084002821146
    ],
    [
      99.02700961639923,
      94.75457652828747
    ],
    [
      98.99785932798905,
      93.7388235270051
    ],
    [
      99.01800336691112,
      92.7331309750804
    ],
    [
      99.08493247512071,
      91.73704882322963
    ],
    [
      99.1961373945731,
      90.75012702216894
    ],
    [
      99.34910886722352,
      89.77191552261446
    ],
    [
      99.54133763502722,
      88.80196427528236
    ],
    [
      99.77031443993948,
      87.8398232308888
    ],
    [
      100.03353002391557,
      86.88504234014998
    ],
    [
      100.32847512891077,
      85.93717155378201
    ],
    [
      100.65264049688025,
      84.99576082250105
    ],
    [
      101.00351686977938,
      84.06036009702333
    ],
    [
      101.3785949895633,
      83.13051932806489
    ],
    [
      101.77536559818736,
      82.20578846634201
    ],
    [
      102.19131943760682,
      81.28571746257083
    ],
    [
      102.62394724977688,
      80.36985626746743
    ],
    [
      103.07073977665284,
      79.45775483174806
    ],
    [
      103.52918776018996,
      78.54896310612884
    ],
    [
      103.99678194234346,
      77.64303104132593
    ],
    [
      104.47101306506863,
      76.73950858805549
    ],
    [
      104.94937187032073,
      75.83794569703369
    ],
    [
      105.42934910005503,
      74.93789231897671
    ],
    [
      105.90843549622676,
      74.03889840460067
    ],
    [
      106.3841218007912,
      73.14051390462177
    ],
    [
      106.85389875570358,
      72.24228876975613
    ],
    [
      107.3152815421037,
      71.34377238852878
    ],
    [
      107.76690546851272,
      70.4444883824133
    ],
    [
      108.20896774800397,
      69.54392444333138
    ],
    [
      108.64178146112735,
      68.6415655978264
    ],
    [
      109.06565968843273,
      67.73689687244178
    ],
    [
      109.48091551047006,
      66.82940329372093
    ],
    [
      109.88786200778911,
      65.91856988820717
    ],
    [
      110.28681226093981,
      65.00388168244395
    ],
    [
      110.67807935047207,
      64.0848237029747
    ],
    [
      111.06197635693573,
      63.16088097634272
    ],
    [
      111.43881636088067,
      62.231538529091445
    ],
    [
      111.80891244285678,
      61.29628138776429
    ],
    [
      112.17257768341395,
      60.35459457890462
    ],
    [
      112.53012516310206,
      59.405963129055834
    ],
    [
      112.88186796247096,
      58.44987206476133
    ],
    [
      113.22811916207056,
      57.48580641256449
    ],
    [
      113.56919184245073,
      56.51325119900872
    ],
    [
      113.90539908416133,
      55.531691450637396
    ],
    [
      114.23705411373632,
      54.540612420598045
    ],
    [
      114.56490231754329,
      53.540170183318565
    ],
    [
      114.89107187332748,
      52.53266725491365
    ],
    [
      115.21796695159044,
      51.52083456200658
    ],
    [
      115.54799172283363,
      50.50740303122061
    ],
    [
      115.88355035755863,
      49.49510358917907
    ],
    [
      116.22704702626693,
      48.4866671625052
    ],
    [
      116.58088589946006,
      47.48482467782228
    ],
    [
      116.94747114763955,
      46.492307061753614
    ],
    [
      117.32920694130686,
      45.511845240922455
    ],
    [
      117.7284974509636,
      44.54617014195209
    ],
    [
      118.14774684711125,
      43.59801269146582
    ],
    [
      118.58935930025135,
      42.67010381608689
    ],
    [
      119.05573898088535,
      41.765174442438614
    ],
    [
      119.54929005951485,
      40.88595549714426
    ],
    [
      120.07241670664132,
      40.03517790682708
    ],
    [
      120.6275230927663,
      39.215572598110384
    ],
    [
      121.21701338839132,
      38.42987049761746
    ],
    [
      121.84329176401788,
      37.68080253197156
    ],
    [
      122.50876239014752,
      36.97109962779599
    ],
    [
      123.21582943728177,
      36.303492711714
    ],
    [
      123.9668970759221,
      35.68071271034889
    ],
    [
      124.7634825710864,
      35.104519768626204
    ],
    [
      125.60016806616463,
      34.56908304317363
    ],
    [
      126.46827203669783,
      34.06499937195176
    ],
    [
      127.3590939259391,
      33.58284476071644
    ],
    [
      128.26393317714187,
      33.113195215223584
    ],
    [
      129.17408923355924,
      32.64662674122903
    ],
    [
      130.08086153844462,
      32.173715344488684
    ],
    [
      130.97554953505113,
      31.685037030758398
    ],
    [
      131.84945266663198,
      31.171167805794028
    ],
    [
      132.69387037644057,
      30.622683675351478
    ],
    [
      133.50123474733442,
      30.0314887630055
    ],
    [
      134.27058270449479,
      29.397231940746096
    ],
    [
      135.00333865563914,
      28.722361610163333
    ],
    [
      135.70093026913045,
      28.00932999623597
    ],
    [
      136.36478521333166,
      27.260589323942707
    ],
    [
      136.99633115660583,
      26.478591818262284
    ],
    [
      137.5969957673159,
      25.665789704173427
    ],
    [
      138.16820671382476,
      24.824635206654857
    ],
    [
      138.7113916644955,
      23.957580550685304
    ],
    [
      139.22797828769106,
      23.067077961243495
    ],
    [
      139.71939425177436,
      22.15557966330815
    ],
    [
      140.18706722510842,
      21.225537881858003
    ],
    [
      140.63242487605626,
      20.279404841871784
    ],
    [
      141.0568948729808,
      19.31963276832821
    ],
    [
      141.461904884245,
      18.348673886206008
    ],
    [
      141.84888257821189,
      17.368980420483915
    ],
    [
      142.21925562324438,
      16.38300459614063
    ],
    [
      142.5744516877055,
      15.393198638154914
    ],
    [
      142.9158984399582,
      14.402014771505481
    ],
    [
      143.24502354836542,
      13.411905221171057
    ],
    [
      143.56325468129023,
      12.425322212130366
    ],
    [
      143.8720195070955,
      11.444717969362138
    ],
    [
      144.17274569414428,
      10.472544717845096
    ],
    [
      144.46686091079954,
      9.511254682557968
    ],
    [
      144.75579282542418,
      8.563300088479481
    ],
    [
      145.04096910638125,
      7.6311331605883606
    ],
    [
      145.3238174220337,
      6.717206123863335
    ],
    [
      145.6057654407445,
      5.823971203283138
    ]
  ],