{
  "test_id": 20,
  "test_outcome": "NOT_EXECUTED",
  "predicted_test_outcome": null,
  "test_duration": null,
  "road_points": [
    [
      100.0,
      100.00000000000001
    ],
    [
      99.8344831866004,
      99.0203942687049
    ],
    [
      99.70706411737345,
      98.03217161721493
    ],
    [
      99.61727165137144,
      97.03673655266496
    ],
    [
      99.56463464764663,
      96.03549358218987
    ],
    [
      99.54868196525138,
      95.02984721292461
    ],
    [
      99.56894246323795,
      94.02120195200395
    ],
    [
      99.62494500065874,
      93.01096230656292
    ],
    [
      99.71621843656594,
      92.00053278373632
    ],
    [
      99.84229163001199,
      90.99131789065909
    ],
    [
      100.00269344004903,
      89.98472213446607
    ],
    [
      100.19695272572952,
      88.98215002229219
    ],
    [
      100.42459834610567,
      87.9850060612723
    ],
    [
      100.6851591602298,
      86.99469475854129
    ],
    [
      100.97816402715426,
      86.01262062123408
    ],
    [
      101.30314180593133,
      85.04018815648556
    ],
    [
      101.65962135561337,
      84.07880187143063
    ],
    [
      102.04713153525257,
      83.1298662732041
    ],
    [
      102.46520120390133,
      82.19478586894095
    ],
    [
      102.91335922061192,
      81.27496516577601
    ],
    [
      103.3911344444367,
      80.37180867084423
    ],
    [
      103.89805573442791,
      79.48672089128044
    ],
    [
      104.43365194963785,
      78.62110633421953
    ],
    [
      104.99745194911887,
      77.77636950679643
    ],
    [
      105.58898459192328,
      76.953914916146
    ],
    [
      106.20777873710338,
      76.15514706940314
    ],
    [
      106.85336324371147,
      75.38147047370273
    ],
    [
      107.52526697079983,
      74.63428963617967
    ],
    [
      108.2230187774208,
      73.91500906396884
    ],
    [
      108.94608818272832,
      73.22490115596469
    ],
    [
      109.69295582534704,
      72.56303676926123
    ],
    [
      110.46128590621495,
      71.9266691281427
    ],
    [
      111.24871817241294,
      71.3129970153436
    ],
    [
      112.0528923710218,
      70.71921921359835
    ],
    [
      112.87144824912247,
      70.14253450564146
    ],
    [
      113.70202555379578,
      69.58014167420743
    ],
    [
      114.54226403212262,
      69.02923950203073
    ],
    [
      115.38980343118384,
      68.48702677184582
    ],
    [
      116.24228349806032,
      67.95070226638718
    ],
    [
      117.09734397983291,
      67.41746476838932
    ],
    [
      117.95262462358252,
      66.8845130605867
    ],
    [
      118.80576517639003,
      66.34904592571381
    ],
    [
      119.65440538533622,
      65.8082621465051
    ],
    [
      120.49630083322722,
      65.25949768069796
    ],
    [
      121.3309777716315,
      64.70218534770282
    ],
    [
      122.15934491358892,
      64.13739510569714
    ],
    [
      122.98234767255151,
      63.56624037422665
    ],
    [
      123.80093146197127,
      62.98983457283716
    ],
    [
      124.6160416953001,
      62.40929112107442
    ],
    [
      125.42862378599006,
      61.82572343848423
    ],
    [
      126.23962314749308,
      61.24024494461235
    ],
    [
      127.04998519326105,
      60.6539690590045
    ],
    [
      127.86065533674605,
      60.068009201206536
    ],
    [
      128.6725789914,
      59.48347879076418
    ],
    [
      129.48670157067488,
      58.90149124722321
    ],
    [
      130.30396848802266,
      58.323159990129426
    ],
    [
      131.12532515689534,
      57.749598439028574
    ],
    [
      131.95171699074487,
      57.181920013466446
    ],
    [
      132.7840894030232,
      56.6212381329888
    ],
    [
      133.62327375165083,
      56.0685326591959
    ],
    [
      134.46851660865374,
      55.52292768443895
    ],
    [
      135.31790402528296,
      54.98218834224996
    ],
    [
      136.1694954410505,
      54.44404860406727
    ],
    [
      137.02135029546844,
      53.90624244132921
    ],
    [
      137.87152802804894,
      53.36650382547418
    ],
    [
      138.71808807830405,
      52.82256672794045
    ],
    [
      139.55908988574586,
      52.272165120166385
    ],
    [
      140.39259288988652,
      51.71303297359033
    ],
    [
      141.21665653023805,
      51.14290425965061
    ],
    [
      142.02934024631261,
      50.55951294978557
    ],
    [
      142.82870347762224,
      49.96059301543355
    ],
    [
      143.61280566367907,
      49.34387842803291
    ],
    [
      144.37970624399514,
      48.707103159021955
    ],
    [
      145.12746465808263,
      48.048001179839055
    ],
    [
      145.85421638292652,
      47.36445315698993
    ],
    [
      146.55906577501972,
      46.65620896487509
    ],
    [
      147.2417851260184,
      45.92430708981272
    ],
    [
      147.9021599536397,
      45.169811534459114
    ],
    [
      148.5399757756006,
      44.393786301470456
    ],
    [
      149.15501810961794,
      43.597295393503025
    ],
    [
      149.7470724734088,
      42.78140281321305
    ],
    [
      150.31592438469005,
      41.947172563256785
    ],
    [
      150.86135936117878,
      41.09566864629047
    ],
    [
      151.38316292059193,
      40.227955064970345
    ],
    [
      151.88112058064647,
      39.345095821952654
    ],
    [
      152.35501785905936,
      38.448154919893646
    ],
    [
      152.80464027354762,
      37.53819636144955
    ],
    [
      153.22977334182812,
      36.61628414927661
    ],
    [
      153.63020258161797,
      35.683482286031094
    ],
    [
      154.00571351063408,
      34.74085477436921
    ],
    [
      154.35609164659343,
      33.78946561694724
    ],
    [
      154.681122507213,
      32.830378816421415
    ],
    [
      154.98059161020973,
      31.864658375447952
    ],
    [
      155.2542844733007,
      30.89336829668312
    ],
    [
      155.50198661420274,
      29.917572582783144
    ],
    [
      155.72348355063292,
      28.938335236404292
    ],
    [
      155.91856080030817,
      27.956720260202793
    ],
    [
      156.08700388094553,
      26.973791656834887
    ],
    [
      156.22859831026193,
      25.990613428956824
    ],
    [
      156.34312960597438,
      25.008249579224852
    ]
  ],