{
  "test_id": 23,
  "test_outcome": "NOT_EXECUTED",
  "predicted_test_outcome": null,
  "test_duration": null,
  "road_points": [
    [
      100.00000000000001,
      100.0
    ],
    [
      99.6597488099553,
      99.08373511256968
    ],
    [
      99.3079205803993,
      98.16564604038905
    ],
    [
      98.94570187968812,
      97.24569525350087
    ],
    [
      98.57427927617779,
      96.32384522194789
    ],
    [
      98.19483933822428,
      95.40005841577278
    ],
    [
      97.80856863418383,
      94.47429730501845
    ],
    [
      97.4166537324124,
      93.5465243597276
    ],
    [
      97.02028120126603,
      92.61670204994296
    ],
    [
      96.6206376091008,
      91.68479284570729
    ],
    [
      96.21890952427275,
      90.75075921706339
    ],
    [
      95.81628351513797,
      89.81456363405397
    ],
    [
      95.41394615005248,
      88.8761685667218
    ],
    [
      95.01308399737236,
      87.93553648510967
    ],
    [
      94.61488362545369,
      86.99262985926029
    ],
    [
      94.22053160265246,
      86.04741115921648
    ],
    [
      93.83121449732481,
      85.09984285502094
    ],
    [
      93.44811887782673,
      84.14988741671645
    ],
    [
      93.07243131251431,
      83.19750731434576
    ],
    [
      92.70533836974361,
      82.24266501795165
    ],
    [
      92.34802661787064,
      81.28532299757686
    ],
    [
      92.00168262525156,
      80.32544372326417
    ],
    [
      91.66749296024233,
      79.36298966505629
    ],
    [
      91.34664419119902,
      78.397923292996
    ],
    [
      91.04032288647772,
      77.4302070771261
    ],
    [
      90.7497156144345,
      76.4598034874893
    ],
    [
      90.47600894342537,
      75.48667499412838
    ],
    [
      90.2203894418064,
      74.51078406708606
    ],
    [
      89.98404367793368,
      73.53209317640516
    ],
    [
      89.76815822016323,
      72.5505647921284
    ],
    [
      89.57391963685114,
      71.56616138429855
    ],
    [
      89.40251449635345,
      70.57884542295835
    ],
    [
      89.2551293670262,
      69.58857937815058
    ],
    [
      89.13295081722548,
      68.595325719918
    ],
    [
      89.03716541530733,
      67.59904691830334
    ],
    [
      88.96895972962781,
      66.59970544334941
    ],
    [
      88.9286028894794,
      65.59734726218554
    ],
    [
      88.91196491959688,
      64.59241870903821
    ],
    [
      88.91359888505679,
      63.58548597600668
    ],
    [
      88.92805760853798,
      62.57711527725115
    ],
    [
      88.94989391271926,
      61.56787282693185
    ],
    [
      88.97366062027942,
      60.558324839208915
    ],
    [
      88.99391055389731,
      59.549037528242586
    ],
    [
      89.0051965362517,
      58.54057710819306
    ],
    [
      89.0020713900214,
      57.533509793220475
    ],
    [
      88.97908793788525,
      56.52840179748509
    ],
    [
      88.93108238434434,
      55.52579768346261
    ],
    [
      88.85627395928664,
      54.52598353481176
    ],
    [
      88.7551073654441,
      53.529075398752795
    ],
    [
      88.62806637152882,
      52.535186337684046
    ],
    [
      88.47563474625314,
      51.54442941400386
    ],
    [
      88.29829625832915,
      50.55691769011055
    ],
    [
      88.09653467646909,
      49.57276422840247
    ],
    [
      87.87083376938523,
      48.59208209127793
    ],
    [
      87.6216773057897,
      47.61498434113527
    ],
    [
      87.34954905439474,
      46.641584040372805
    ],
    [
      87.05493278391255,
      45.671994251388874
    ],
    [
      86.73831226305536,
      44.70632803658183
    ],
    [
      86.40017126053536,
      43.744698458349966
    ],
    [
      86.04099354506477,
      42.78721857909165
    ],
    [
      85.66126288535574,
      41.83400146120518
    ],
    [
      85.26146305012055,
      40.88516016708891
    ],
    [
      84.8420778080714,
      39.940807759141165
    ],
    [
      84.40359092792045,
      39.00105729976027
    ],
    [
      83.94640419763003,
      38.06622535380809
    ],
    [
      83.47028411698697,
      37.138205474755985
    ],
    [
      82.97470052258394,
      36.219627629086176
    ],
    [
      82.45912157623174,
      35.3131259406253
    ],
    [
      81.92301543974125,
      34.42133453320002
    ],
    [
      81.3658502749233,
      33.54688753063699
    ],
    [
      80.7870942435888,
      32.69241905676289
    ],
    [
      80.1862155075486,
      31.860563235404356
    ],
    [
      79.56268222861353,
      31.053954190388065
    ],
    [
      78.91596256859447,
      30.275226045540677
    ],
    [
      78.24552468930223,
      29.52701292468884
    ],
    [
      77.55083675254775,
      28.811948951659232
    ],
    [
      76.83136692014182,
      28.1326682502785
    ],
    [
      76.08658335389538,
      27.491804944373325
    ],
    [
      75.31595421561919,
      26.891993157770337
    ],
    [
      74.51894766712417,
      26.335867014296223
    ],
    [
      73.69503187022119,
      25.826060637777633
    ],
    [
      72.84367498672106,
      25.365208152041216
    ],
    [
      71.96434517843468,
      24.955943680913656
    ],
    [
      71.0565106071729,
      24.6009013482216
    ],
    [
      70.11963943474656,
      24.302715277791712
    ],
    [
      69.15319982296651,
      24.064019593450645
    ],
    [
      68.15665993364365,
      23.887448419025066
    ],
    [
      67.12948792858883,
      23.77563587834164
    ],
    [
      66.0711519696129,
      23.731216095227023
    ],
    [
      64.98112021852671,
      23.756823193507877
    ],
    [
      63.85886083714112,
      23.85509129701086
    ],
    [
      62.70384198726701,
      24.028654529562626
    ],
    [
      61.515531830715226,
      24.280147014989854
    ]
  ],