{
  "test_id": 22,
  "test_outcome": "NOT_EXECUTED",
  "predicted_test_outcome": null,
  "test_duration": null,
  "road_points": [
    [
      100.0,
      100.00000000000001
    ],
    [
      99.7470513635242,
      99.01069293999223
    ],
    [
      99.47490534987438,
      98.029268603069
    ],
    [
      99.18373159833523,
      97.05589684615686
    ],
    [
      98.87369974819157,
      96.09074752618231
    ],
    [
      98.5449794387281,
      95.13399050007192
    ],
    [
      98.19774030922966,
      94.18579562475217
    ],
    [
      97.83215199898098,
      93.24633275714966
    ],
    [
      97.44838414726685,
      92.3157717541909
    ],
    [
      97.04660639337203,
      91.39428247280242
    ],
    [
      96.62698837658125,
      90.48203476991071
    ],
    [
      96.18969973617934,
      89.57919850244237
    ],
    [
      95.734910111451,
      88.68594352732386
    ],
    [
      95.2627891416811,
      87.80243970148179
    ],
    [
      94.7735064661543,
      86.92885688184266
    ],
    [
      94.26723172415541,
      86.06536492533297
    ],
    [
      93.7441345549692,
      85.21213368887928
    ],
    [
      93.2043845978804,
      84.36933302940812
    ],
    [
      92.64815149217387,
      83.53713280384605
    ],
    [
      92.07560487713428,
      82.71570286911957
    ],
    [
      91.48691439204642,
      81.90521308215517
    ],
    [
      90.8822496761951,
      81.10583329987949
    ],
    [
      90.26178036886508,
      80.31773337921899
    ],
    [
      89.62567610934106,
      79.5410831771002
    ],
    [
      88.97410653690787,
      78.77605255044969
    ],
    [
      88.30724129085026,
      78.02281135619393
    ],
    [
      87.62525001045302,
      77.28152945125953
    ],
    [
      86.92830233500086,
      76.55237669257296
    ],
    [
      86.21656790377861,
      75.8355229370608
    ],
    [
      85.49021635607099,
      75.13113804164952
    ],
    [
      84.7494173311628,
      74.43939186326573
    ],
    [
      83.99434046833879,
      73.7604542588359
    ],
    [
      83.22515540688374,
      73.09449508528661
    ],
    [
      82.44203178608242,
      72.44168419954434
    ],
    [
      81.64513924521958,
      71.80219145853567
    ],
    [
      80.83464742358,
      71.17618671918711
    ],
    [
      80.01072596044843,
      70.5638398384252
    ],
    [
      79.17354449510967,
      69.96532067317646
    ],
    [
      78.32327266684842,
      69.38079908036741
    ],
    [
      77.46008011494953,
      68.81044491692464
    ],
    [
      76.58413647869772,
      68.2544280397746
    ],
    [
      75.69567268456686,
      67.71311245427906
    ],
    [
      74.79528936076801,
      67.18803332432181
    ],
    [
      73.8837250782171,
      66.68116279516377
    ],
    [
      72.96171864387661,
      66.19447375982547
    ],
    [
      72.03000886470913,
      65.7299391113275
    ],
    [
      71.0893345476772,
      65.28953174269041
    ],
    [
      70.14043449974334,
      64.87522454693483
    ],
    [
      69.18404752787006,
      64.4889904170813
    ],
    [
      68.22091243902,
      64.1328022461504
    ],
    [
      67.2517680401556,
      63.808632927162705
    ],
    [
      66.27735313823945,
      63.518455353138805
    ],
    [
      65.29840654023408,
      63.26424241709928
    ],
    [
      64.31566705310202,
      63.047967012064674
    ],
    [
      63.32987348380583,
      62.871602031055595
    ],
    [
      62.341764639308046,
      62.737120367092615
    ],
    [
      61.3520793265712,
      62.64649491319631
    ],
    [
      60.361556352557834,
      62.60169856238722
    ],
    [
      59.37093452423049,
      62.604704207685984
    ],
    [
      58.38093598894506,
      62.65731793958279
    ],
    [
      57.39184700262564,
      62.75698153221554
    ],
    [
      56.40348645835251,
      62.89645733922208
    ],
    [
      55.415650285726244,
      63.06827779485437
    ],
    [
      54.4281344143473,
      63.2649753333643
    ],
    [
      53.44073477381622,
      63.47908238900382
    ],
    [
      52.453247293733554,
      63.70313139602487
    ],
    [
      51.46546790369979,
      63.929654788679365
    ],
    [
      50.47719253331546,
      64.15118500121925
    ],
    [
      49.4882171121811,
      64.36025446789645
    ],
    [
      48.49833756989721,
      64.54939562296289
    ],
    [
      47.50734983606431,
      64.7111409006705
    ],
    [
      46.51504984028292,
      64.83802273527121
    ],
    [
      45.521251058153396,
      64.92279868618182
    ],
    [
      44.52612092799903,
      64.96276785603125
    ],
    [
      43.53015531127689,
      64.95944320319383
    ],
    [
      42.5338624985441,
      64.91449715847212
    ],
    [
      41.53775078035777,
      64.8296021526687
    ],
    [
      40.542328447275004,
      64.70643061658616
    ],
    [
      39.54810378985292,
      64.54665498102713
    ],
    [
      38.55558509864865,
      64.35194767679421
    ],
    [
      37.56528066421929,
      64.12398113468997
    ],
    [
      36.57769877712195,
      63.864427785517016
    ],
    [
      35.59334772791378,
      63.57496006007794
    ],
    [
      34.61273580715186,
      63.25725038917535
    ],
    [
      33.636371305393304,
      62.91297120361181
    ],
    [
      32.66476251319526,
      62.543794934189975
    ],
    [
      31.698417721114804,
      62.1513940117124
    ],
    [
      30.737845219709076,
      61.73744086698167
    ],
    [
      29.783553299535182,
      61.30360793080041
    ],
    [
      28.836050251150237,
      60.8515676339712
    ],
    [
      27.89584436511136,
      60.38299240729664
    ],
    [
      26.963443931975668,
      59.89955468157935
    ],
    [
      26.03935724230026,
      59.40292688762188
    ],
    [
      25.12409258664227,
      58.894781456226866
    ],
    [
      24.2181582555588,
      58.37679081819689
    ],
    [
      23.322062539606968,
      57.85062740433453
    ],
    [
      22.436313729343908,
      57.31796364544243
    ],
    [
      21.561420115326705,
      56.78047197232313
    ],
    [
      20.69788998811249,
      56.23982481577927
    ],
    [
      19.846231638258363,
      55.69769460661341
    ],
    [
      19.00695335632146,
      55.15575377562818
    ],
    [
      18.180563432858882,
      54.61567475362615
    ],
    [
      17.36757015842775,
      54.079129971409934
    ],
    [
      16.568481823585174,
      53.54779185978213
    ],
    [
      15.783806718888277,
      53.02333284954531
    ],
    [
      15.014053134894166,
      52.507425371502094
    ],
    [
      14.259729362159954,
      52.00174185645506
    ],
    [
      13.521343691242766,
      51.50795473520682
    ]
  ],