{
  "test_id": 26,
  "test_outcome": "NOT_EXECUTED",
  "predicted_test_outcome": null,
  "test_duration": null,
  "road_points": [
    [
      100.0,
      99.99999999999999
    ],
    [
      99.81462583961661,
      99.00770627093694
    ],
    [
      99.65288294560332,
      98.0117536839725
    ],
    [
      99.5146849508594,
      97.01265309256236
    ],
    [
      99.39994548828419,
      96.01091535016224
    ],
    [
      99.30857819077704,
      95.00705131022792
    ],
    [
      99.24049669123725,
      94.00157182621513
    ],
    [
      99.19561462256408,
      92.99498775157957
    ],
    [
      99.17384561765687,
      91.987809939777
    ],
    [
      99.17510330941492,
      90.9805492442631
    ],
    [
      99.19930133073758,
      89.97371651849367
    ],
    [
      99.24635331452414,
      88.96782261592445
    ],
    [
      99.3161728936739,
      87.96337839001109
    ],
    [
      99.4086737010862,
      86.96089469420939
    ],
    [
      99.52376936966029,
      85.96088238197507
    ],
    [
      99.66137353229557,
      84.96385230676385
    ],
    [
      99.82139982189126,
      83.97031532203148
    ],
    [
      100.00376187134677,
      82.98078228123366
    ],
    [
      100.20837331356134,
      81.99576403782618
    ],
    [
      100.43514778143427,
      81.01577144526469
    ],
    [
      100.68399890786495,
      80.04131535700503
    ],
    [
      100.95484032575263,
      79.07290662650286
    ],
    [
      101.2475856679966,
      78.11105610721388
    ],
    [
      101.56214856749627,
      77.15627465259394
    ],
    [
      101.89844265715087,
      76.20907311609865
    ],
    [
      102.25638156985973,
      75.26996235118382
    ],
    [
      102.63587893852215,
      74.33945321130516
    ],
    [
      103.03684839603744,
      73.41805654991839
    ],
    [
      103.45920357530498,
      72.50628322047926
    ],
    [
      103.90285810922398,
      71.60464407644349
    ],
    [
      104.36772563069383,
      70.71364997126683
    ],
    [
      104.85365028479397,
      69.83377258009048
    ],
    [
      105.35687368511334,
      68.96345241472149
    ],
    [
      105.86835708921211,
      68.09815284003984
    ],
    [
      106.37864124680286,
      67.2331001320551
    ],
    [
      106.87826690759815,
      66.36352056677677
    ],
    [
      107.35777482131046,
      65.48464042021436
    ],
    [
      107.80770573765244,
      64.59168596837742
    ],
    [
      108.21860040633655,
      63.67988348727546
    ],
    [
      108.58099957707535,
      62.74445925291801
    ],
    [
      108.88602446534117,
      61.78121094771974
    ],
    [
      109.13065153512554,
      60.79170011949333
    ],
    [
      109.3152500708623,
      59.780828184595975
    ],
    [
      109.44023088482209,
      58.753537439094885
    ],
    [
      109.50600478927565,
      57.714770179057304
    ],
    [
      109.51298259649356,
      56.6694687005504
    ],
    [
      109.46157511874658,
      55.62257529964144
    ],
    [
      109.35219316830532,
      54.5790322723976
    ],
    [
      109.18524755744046,
      53.543781914886104
    ],
    [
      108.96114909842264,
      52.52176652317418
    ],
    [
      108.68030860352259,
      51.517928393329015
    ],
    [
      108.34313688501086,
      50.53720982141786
    ],
    [
      107.95004475515825,
      49.58455310350791
    ],
    [
      107.50144302623535,
      48.664900535666376
    ],
    [
      106.99774251051285,
      47.78319441396047
    ],
    [
      106.43944153922753,
      46.94424332151786
    ],
    [
      105.83012527420942,
      46.14813973008048
    ],
    [
      105.17721526150629,
      45.389114819446206
    ],
    [
      104.48837270110594,
      44.66103362211663
    ],
    [
      103.77125879299632,
      43.95776117059345
    ],
    [
      103.03353473716523,
      43.27316249737827
    ],
    [
      102.28286173360051,
      42.60110263497273
    ],
    [
      101.52690098229009,
      41.93544661587852
    ],
    [
      100.77331368322177,
      41.270059472597225
    ],
    [
      100.02976103638342,
      40.598806237630505
    ],
    [
      99.30390352841974,
      39.915552448614996
    ],
    [
      98.60137457913335,
      39.21559905675067
    ],
    [
      97.9213426727857,
      38.4988249856892
    ],
    [
      97.26169025858145,
      37.766019830662074
    ],
    [
      96.62029978572525,
      37.01797318690081
    ],
    [
      95.99505370342177,
      36.25547464963687
    ],
    [
      95.38383446087572,
      35.47931381410175
    ],
    [
      94.78452450729166,
      34.69028027552692
    ],
    [
      94.19500629187434,
      33.889163629143894
    ],
    [
      93.61316226382839,
      33.07675347018413
    ],
    [
      93.03687487235847,
      32.25383939387913
    ],
    [
      92.46402656666922,
      31.421210995460385
    ],
    [
      91.8924997959653,
      30.57965787015935
    ],
    [
      91.32017700945143,
      29.729969613207555
    ],
    [
      90.7449406563322,
      28.872935819836446
    ],
    [
      90.16467318581233,
      28.009346085277542
    ],
    [
      89.57735316544785,
      27.140191228529094
    ],
    [
      88.98170208885166,
      26.268017384274618
    ],
    [
      88.37678760942617,
      25.396095372710167
    ],
    [
      87.76167931655719,
      24.52770006701298
    ],
    [
      87.1354467996305,
      23.66610634036032
    ],
    [
      86.49715964803188,
      22.814589065929425
    ],
    [
      85.84588745114725,
      21.97642311689756
    ],
    [
      85.18069979836234,
      21.154883366441982
    ],
    [
      84.50066627906294,
      20.353244687739927
    ],
    [
      83.80485648263486,
      19.574781953968646
    ],
    [
      83.09233999846396,
      18.822770038305414
    ],
    [
      82.36218641593598,
      18.100483813927454
    ],
    [
      81.6134653244368,
      17.411198154012038
    ],
    [
      80.84524631335216,
      16.758187931736398
    ],
    [
      80.05659897206789,
      16.144728020277803
    ],
    [
      79.2465928899698,
      15.5740932928135
    ],
    [
      78.4142976564437,
      15.049558622520731
    ],
    [
      77.55878286087534,
      14.574398882576759
    ],
    [
      76.67911809265061,
      14.151888946158833
    ],
    [
      75.7743729411553,
      13.785303686444205
    ],
    [
      74.84361699577515,
      13.477917976610122
    ],
    [
      73.8859553103992,
      13.232983485847022
    ],
    [
      72.90286284165,
      13.052201285227117
    ],
    [
      71.89963426723583,
      12.93477324944503
    ],
    [
      70.88191056678012,
      12.879674672125025
    ],
    [
      69.85533271990634,
      12.88588084689135
    ],
    [
      68.82554170623793,
      12.952367067368268
    ],
    [
      67.79817850539834,
      13.078108627180029
    ],
    [
      66.77888409701104,
      13.2620808199509
    ],
    [
      65.77329946069945,
      13.503258939305129
    ],
    [
      64.78706557608707,
      13.800618278866974
    ],
    [
      63.82582342279731,
      14.153134132260696
    ],
    [
      62.89521398045365,
      14.559781793110538
    ],
    [
      62.00084007161534,
      15.019525400021905
    ],
    [
      61.145451841731074,
      15.530495126312161
    ],
    [
      60.3270193432313,
      16.08942371001387
    ],
    [
      59.54305648843692,
      16.69291053897549
    ],
    [
      58.79107718966879,
      17.337555001045466
    ],
    [
      58.0685953592478,
      18.019956484072264
    ],
    [
      57.37312490949481,
      18.73671437590434
    ],
    [
      56.70217975273072,
      19.48442806439016
    ],
    [
      56.05327380127636,
      20.25969693737816
    ],
    [
      55.423920967452666,
      21.0591203827168
    ],
    [
      54.81163516358048,
      21.87929778825456
    ],
    [
      54.21393030198067,
      22.71682854183988
    ],
