{
  "test_id": 32,
  "test_outcome": "NOT_EXECUTED",
  "predicted_test_outcome": null,
  "test_duration": null,
  "road_points": [
    [
      100.0,
      99.99999999999999
    ],
    [
      99.5357845670922,
      100.89614830543994
    ],
    [
      99.07795069370933,
      101.79402075332712
    ],
    [
      98.6262473559242,
      102.69357300743566
    ],
    [
      98.18042352980973,
      103.59476073153971
    ],
    [
      97.74022819143869,
      104.49753958941338
    ],
    [
      97.30541031688408,
      105.4018652448309
    ],
    [
      96.87571888221858,
      106.3076933615663
    ],
    [
      96.45090286351518,
      107.21497960339374
    ],
    [
      96.0307112368467,
      108.12367963408741
    ],
    [
      95.61489297828595,
      109.0337491174214
    ],
    [
      95.20319706390589,
      109.94514371716986
    ],
    [
      94.79537246977928,
      110.85781909710693
    ],
    [
      94.39116817197906,
      111.77173092100675
    ],
    [
      93.99033314657805,
      112.6868348526435
    ],
    [
      93.59261636964912,
      113.60308655579128
    ],
    [
      93.19776681726512,
      114.52044169422423
    ],
    [
      92.80553346549888,
      115.43885593171649
    ],
    [
      92.41566529042333,
      116.35828493204222
    ],
    [
      92.0279112681113,
      117.27868435897554
    ],
    [
      91.6420203746356,
      118.2000098762906
    ],
    [
      91.25774158606914,
      119.1222171477615
    ],
    [
      90.87482387848476,
      120.04526183716244
    ],
    [
      90.49301622795535,
      120.96909960826754
    ],
    [
      90.11206761055377,
      121.89368612485094
    ],
    [
      89.73172700235281,
      122.81897705068674
    ],
    [
      89.35174337942537,
      123.74492804954909
    ],
    [
      88.97186571784438,
      124.67149478521223
    ],
    [
      88.59184299368255,
      125.59863292145013
    ],
    [
      88.21142418301288,
      126.52629812203708
    ],
    [
      87.83035826190816,
      127.45444605074717
    ],
    [
      87.44839420644126,
      128.3830323713545
    ],
    [
      87.06528099268503,
      129.31201274763325
    ],
    [
      86.68076759671234,
      130.2413428433575
    ],
    [
      86.29460299459606,
      131.1709783223015
    ],
    [
      85.90653616240904,
      132.1008748482393
    ],
    [
      85.51627533080399,
      133.03094921934067
    ],
    [
      85.12310007589478,
      133.96070935548502
    ],
    [
      84.72603339601616,
      134.8894184361508
    ],
    [
      84.32409482721413,
      135.81633633826274
    ],
    [
      83.91630390553472,
      136.7407229387455
    ],
    [
      83.50168016702396,
      137.66183811452376
    ],
    [
      83.07924314772794,
      138.57894174252226
    ],
    [
      82.6480123836926,
      139.49129369966556
    ],
    [
      82.20700741096401,
      140.39815386287842
    ],
    [
      81.75524776558825,
      141.2987821090856
    ],
    [
      81.2917529836113,
      142.1924383152117
    ],
    [
      80.81554260107916,
      143.0783823581813
    ],
    [
      80.32563615403794,
      143.9558741149193
    ],
    [
      79.82105317853362,
      144.82417346235027
    ],
    [
      79.30081321061223,
      145.68254027739883
    ],
    [
      78.76393578631985,
      146.53023443698982
    ],
    [
      78.20944044170245,
      147.36651581804782
    ],
    [
      77.63634671280609,
      148.1906442974975
    ],
    [
      77.04367413567681,
      149.00187975226362
    ],
    [
      76.4304422463606,
      149.7994820592708
    ],
    [
      75.79567058090356,
      150.58271109544373
    ],
    [
      75.13837867535169,
      151.35082673770714
    ],
    [
      74.45758606575099,
      152.10308886298563
    ],
    [
      73.75284840468355,
      152.8390923295518
    ],
    [
      73.02772835999997,
      153.56093569643176
    ],
    [
      72.2876022287025,
      154.27185073137926
    ],
    [
      71.53785524828632,
      154.9750747884306
    ],
    [
      70.78387265624644,
      155.67384522162178
    ],
    [
      70.03103969007809,
      156.371399384989
    ],
    [
      69.28474158727634,
      157.0709746325684
    ],
    [
      68.55036358533626,
      157.77580831839614
    ],
    [
      67.83329092175305,
      158.48913779650837
    ],
    [
      67.13890883402173,
      159.21420042094118
    ],
    [
      66.47260255963752,
      159.95423354573077
    ],
    [
      65.83975733609545,
      160.71247452491326
    ],
    [
      65.24575840089065,
      161.49216071252476
    ],
    [
      64.69599099151829,
      162.29652946260148
    ],
    [
      64.19584034547341,
      163.12881812917954
    ],
    [
      63.75030819991161,
      163.99207001833366
    ],
    [
      63.35632112097302,
      164.88524246720473
    ],
    [
      63.00312407962488,
      165.8034059900814
    ],
    [
      62.67965732327597,
      166.74147691368262
    ],
    [
      62.374861099335064,
      167.69437156472733
    ],
    [
      62.07767565521092,
      168.65700626993453
    ],
    [
      61.7770412383123,
      169.6242973560232
    ],
    [
      61.46189809604799,
      170.59116114971226
    ],
    [
      61.121186475826725,
      171.5525139777207
    ],
    [
      60.74384662505728,
      172.5032721667675
    ],
    [
      60.319168493468155,
      173.4384383208331
    ],
    [
      59.84319130867452,
      174.35468020074822
    ],
    [
      59.3180545457303,
      175.2501705978048
    ],
    [
      58.74611715980994,
      176.1231364526175
    ],
    [
      58.12973810608783,
      176.97180470580082
    ],
    [
      57.47127633973845,
      177.79440229796955
    ],
    [
      56.77309081593621,
      178.58915616973817
    ],
    [
      56.03754048985556,
      179.3542932617214
    ],
    [
      55.26698431667088,
      180.08804051453376
    ],
    [
      54.46378125155666,
      180.78862486878992
    ],
    [
      53.63029024968729,
      181.45427326510452
    ],
    [
      52.76887026623725,
      182.08321264409216
    ],
    [
      51.88188025638091,
      182.67366994636748
    ],
    [
      50.97167917529275,
      183.22387211254505
    ],
    [
      50.04062597814717,
      183.7320460832395
    ],
    [
      49.091079620118606,
      184.1964187990655
    ],
    [
      48.12539905638151,
      184.6152172006376
    ],
    [
      47.14594324211029,
      184.98666822857052
    ],
    [
      46.15507113247939,
      185.3089988234787
    ],
    [
      45.15514168266324,
      185.58043592597699
    ],
    [
      44.14851384783628,
      185.79920647667984
    ],
    [
      43.13754658317291,
      185.96353741620192
    ],
    [
      42.12459884384759,
      186.07165568515785
    ],
    [
      41.11202958503476,
      186.1217882241623
    ],
    [
      40.10219776190881,
      186.11216197382976
    ],
    [
      39.09746232964421,
      186.04100387477496
    ],
    [
      38.10018224341537,
      185.90654086761253
    ],
    [
      37.11271645839674,
      185.70699989295701
    ],
    [
      36.13742392976272,
      185.44060789142307
    ],
    [
      35.17666361268777,
      185.1055918036253
    ],
    [
      34.232794462346305,
      184.70017857017834
    ],
    [
      33.30817543391277,
      184.2225951316968
    ]
  ],