{
  "test_id": 30,
  "test_outcome": "NOT_EXECUTED",
  "predicted_test_outcome": null,
  "test_duration": null,
  "road_points": [
    [
      100.00000000000001,
      100.0
    ],
    [
      99.88782237682868,
      98.87371240449191
    ],
    [
      99.72963096940151,
      97.78116176902084
    ],
    [
      99.52716677272262,
      96.72098687766534
    ],
    [
      99.28217078179617,
      95.69182651450393
    ],
    [
      98.99638399162639,
      94.69231946361526
    ],
    [
      98.67154739721741,
      93.72110450907788
    ],
    [
      98.30940199357339,
      92.77682043497026
    ],
    [
      97.91168877569854,
      91.85810602537111
    ],
    [
      97.48014873859695,
      90.96360006435889
    ],
    [
      97.0165228772729,
      90.09194133601221
    ],
    [
      96.52255218673045,
      89.24176862440963
    ],
    [
      95.99997766197386,
      88.41172071362973
    ],
    [
      95.45054029800723,
      87.60043638775103
    ],
    [
      94.8759810898348,
      86.80655443085216
    ],
    [
      94.2780410324606,
      86.0287136270116
    ],
    [
      93.65846112088897,
      85.26555276030803
    ],
    [
      93.01898235012402,
      84.51571061481994
    ],
    [
      92.36134571516983,
      83.77782597462588
    ],
    [
      91.68729221103071,
      83.05053762380449
    ],
    [
      90.99856283271072,
      82.33248434643427
    ],
    [
      90.29689857521407,
      81.62230492659383
    ],
    [
      89.58404043354497,
      80.91863814836171
    ],
    [
      88.86172940270752,
      80.2201227958165
    ],
    [
      88.1317064777059,
      79.5253976530367
    ],
    [
      87.39571265354434,
      78.83310150410098
    ],
    [
      86.65548892522692,
      78.14187313308786
    ],
    [
      85.91277628775786,
      77.45035132407587
    ],
    [
      85.16931573614133,
      76.75717486114362
    ],
    [
      84.4268482653815,
      76.06098252836964
    ],
    [
      83.68711487048252,
      75.36041310983254
    ],
    [
      82.95185654644855,
      74.65410538961086
    ],
    [
      82.2228142882838,
      73.94069815178317
    ],
    [
      81.5017290909924,
      73.21883018042803
    ],
    [
      80.79001036885779,
      72.4874550334004
    ],
    [
      80.08714760476153,
      71.74734888374346
    ],
    [
      79.39194088442659,
      70.99994235795151
    ],
    [
      78.70318939798922,
      70.24666693271072
    ],
    [
      78.01969233558567,
      69.48895408470726
    ],
    [
      77.34024888735219,
      68.72823529062724
    ],
    [
      76.66365824342506,
      67.96594202715684
    ],
    [
      75.9887195939405,
      67.2035057709822
    ],
    [
      75.31423212903475,
      66.44235799878946
    ],
    [
      74.63899503884409,
      65.6839301872648
    ],
    [
      73.96180751350477,
      64.92965381309438
    ],
    [
      73.28146874315303,
      64.18096035296429
    ],
    [
      72.59677791792511,
      63.439281283560724
    ],
    [
      71.9065342279573,
      62.706048081569854
    ],
    [
      71.20953686338578,
      61.98269222367777
    ],
    [
      70.50458501434689,
      61.27064518657068
    ],
    [
      69.79047787097682,
      60.57133844693472
    ],
    [
      69.06601462341183,
      59.88620348145603
    ],
    [
      68.32999446178817,
      59.21667176682075
    ],
    [
      67.58121657624213,
      58.564174779715074
    ],
    [
      66.81848015690991,
      57.93014399682511
    ],
    [
      66.04058439392777,
      57.31601089483702
    ],
    [
      65.24632847743199,
      56.72320695043697
    ],
    [
      64.43451159804013,
      56.1531636399201
    ],
    [
      63.60429350097972,
      55.607019517509805
    ],
    [
      62.75622878265366,
      55.08477993129505
    ],
    [
      61.891209296871835,
      54.58617623442571
    ],
    [
      61.010126897444216,
      54.11093978005171
    ],
    [
      60.11387343818075,
      53.65880192132296
    ],
    [
      59.203340772891366,
      53.22949401138939
    ],
    [
      58.27942075538602,
      52.822747403400854
    ],
    [
      57.34300523947465,
      52.43829345050731
    ],
    [
      56.3949860789672,
      52.075863505858656
    ],
    [
      55.43625512767363,
      51.735188922604785
    ],
    [
      54.46770423940387,
      51.41600105389564
    ],
    [
      53.49022526796784,
      51.11803125288108
    ],
    [
      52.50471006717552,
      50.84101087271105
    ],
    [
      51.512050490836856,
      50.58467126653545
    ],
    [
      50.51313839276177,
      50.3487437875042
    ],
    [
      49.509062006103555,
      50.1323236156754
    ],
    [
      48.50241397954312,
      49.92963236008167
    ],
    [
      47.49648257793831,
      49.732638173325675
    ],
    [
      46.494559831347026,
      49.53329701060188
    ],
    [
      45.49993776982721,
      49.32356482710481
    ],
    [
      44.51590842343672,
      49.09539757802895
    ],
    [
      43.54576382223351,
      48.84075121856878
    ],
    [
      42.59279599627548,
      48.55158170391883
    ],
    [
      41.66029697562057,
      48.21984498927358
    ],
    [
      40.751558790326676,
      47.83749702982755
    ],
    [
      39.86983340092268,
      47.39671837234038
    ],
    [
      39.017423021519456,
      46.89501293621341
    ],
    [
      38.19566421415968,
      46.335297165395
    ],
    [
      37.40585028995189,
      45.72072992732162
    ],
    [
      36.64927456000465,
      45.054470089429756
    ],
    [
      35.92723033542648,
      44.339676519155844
    ],
    [
      35.241010927325945,
      43.57950808393637
    ],
    [
      34.591909646811594,
      42.77712365120779
    ],
    [
      33.98121980499197,
      41.93568208840657
    ],
    [
      33.41023471297561,
      41.05834226296919
    ],
    [
      32.88024768187107,
      40.148263042332104
    ],
    [
      32.39255202278689,
      39.20860329393179
    ],
    [
      31.948441046831615,
      38.24252188520468
    ],
    [
      31.549208065113813,
      37.2531776835873
    ],
    [
      31.196146388742,
      36.24372955651607
    ],
    [
      30.890549328824743,
      35.217336371427464
    ],
    [
      30.633710196470595,
      34.17715699575797
    ],
    [
      30.42692230278808,
      33.12635029694404
    ],
    [
      30.27147895888575,
      32.06807514242212
    ],
    [
      30.168673475872165,
      31.005490399628705
    ],
    [
      30.119799164855866,
      29.941754936000265
    ],
    [
      30.12614933694539,
      28.88002761897323
    ],
    [
      30.18901730324929,
      27.823467315984104
    ],
    [
      30.309696374876115,
      26.77523289446934
    ],
    [
      30.489479862934413,
      25.738483221865398
    ],
    [
      30.72966107853273,
      24.716377165608762
    ],
    [
      31.031533332779603,
      23.71207359313589
    ],
    [
      31.396389936783592,
      22.728731371883228
    ],
    [
      31.82552420165323,
      21.76950936928727
    ],
    [
      32.32022943849708,
      20.83756645278448
    ],
    [
      32.88179895842368,
      19.936061489811305
    ],
    [
      33.511526072541564,
      19.06815334780423
    ],
    [
      34.21070409195931,
      18.23700089419971
    ],
    [
      34.98062632778543,
      17.445762996434226
    ]
  ],