{
  "test_id": 47,
  "test_outcome": "NOT_EXECUTED",
  "predicted_test_outcome": null,
  "test_duration": null,
  "road_points": [
    [
      100.0,
      100.0
    ],
    [
      100.01021019870667,
      98.99474517062524
    ],
    [
      100.0175487369229,
      97.98938008511777
    ],
    [
      100.02223785551578,
      96.9839132763172
    ],
    [
      100.02449979535254,
      95.97835327706328
    ],
    [
      100.02455679730033,
      94.97270862019563
    ],
    [
      100.0226311022263,
      93.96698783855389
    ],
    [
      100.01894495099762,
      92.96119946497781
    ],
    [
      100.01372058448149,
      91.95535203230696
    ],
    [
      100.00718024354511,
      90.94945407338112
    ],
    [
      99.99954616905558,
      89.94351412103985
    ],
    [
      99.99104060188016,
      88.93754070812291
    ],
    [
      99.9818857828859,
      87.9315423674699
    ],
    [
      99.9723039529401,
      86.92552763192056
    ],
    [
      99.96251735290987,
      85.91950503431448
    ],
    [
      99.95274822366237,
      84.91348310749137
    ],
    [
      99.94321880606482,
      83.9074703842909
    ],
    [
      99.93415134098433,
      82.90147539755273
    ],
    [
      99.92576806928813,
      81.89550668011654
    ],
    [
      99.91829123184334,
      80.88957276482198
    ],
    [
      99.91194306951719,
      79.88368218450876
    ],
    [
      99.9069458231768,
      78.8778434720165
    ],
    [
      99.90352173368937,
      77.87206516018487
    ],
    [
      99.9018930419221,
      76.8663557818536
    ],
    [
      99.9022819887421,
      75.86072386986228
    ],
    [
      99.90491081501659,
      74.85517795705066
    ],
    [
      99.91000176161272,
      73.84972657625835
    ],
    [
      99.91777706939763,
      72.844378260325
    ],
    [
      99.92845897923858,
      71.83914154209035
    ],
    [
      99.94226973200267,
      70.83402495439404
    ],
    [
      99.95943156855711,
      69.82903703007571
    ],
    [
      99.98016672976902,
      68.82418630197505
    ],
    [
      100.00469621184587,
      67.81948125514359
    ],
    [
      100.03289376719768,
      66.81491704236099
    ],
    [
      100.06381279359941,
      65.81045731925408
    ],
    [
      100.09638825864043,
      64.80606119437512
    ],
    [
      100.1295551299103,
      63.80168777627639
    ],
    [
      100.1622483749984,
      62.79729617351016
    ],
    [
      100.19340296149421,
      61.792845494628736
    ],
    [
      100.22195385698721,
      60.788294848184385
    ],
    [
      100.24683602906677,
      59.783603342729364
    ],
    [
      100.26698444532238,
      58.77873008681596
    ],
    [
      100.28133407334356,
      57.773634188996475
    ],
    [
      100.28881988071964,
      56.76827475782317
    ],
    [
      100.28837683504013,
      55.762610901848305
    ],
    [
      100.27893990389451,
      54.7566017296242
    ],
    [
      100.25944405487222,
      53.75020634970312
    ],
    [
      100.22882425556266,
      52.7433838706373
    ],
    [
      100.18601547355533,
      51.73609340097909
    ],
    [
      100.12995267643967,
      50.7282940492807
    ],
    [
      100.05957083180513,
      49.71994492409446
    ],
    [
      99.97379037280338,
      48.71101477771011
    ],
    [
      99.8702725049509,
      47.70230787191385
    ],
    [
      99.74446383235042,
      46.696097877564625
    ],
    [
      99.59158604219603,
      45.69480770002652
    ],
    [
      99.40686082168185,
      44.70086024466367
    ],
    [
      99.18550985800194,
      43.71667841684017
    ],
    [
      98.92275483835044,
      42.74468512192014
    ],
    [
      98.61381744992151,
      41.787303265267695
    ],
    [
      98.25391937990915,
      40.846955752246934
    ],
    [
      97.83865776463378,
      39.926058876943124
    ],
    [
      97.36782859292128,
      39.026954995901576
    ],
    [
      96.84386011110256,
      38.151940114278936
    ],
    [
      96.26922111661506,
      37.30330952316792
    ],
    [
      95.64638040689626,
      36.483358513661244
    ],
    [
      94.97780677938361,
      35.69438237685166
    ],
    [
      94.26596903151459,
      34.93867640383186
    ],
    [
      93.51333596072668,
      34.2185358856946
    ],
    [
      92.72237636445732,
      33.53625611353259
    ],
    [
      91.89555904014395,
      32.894132378438556
    ],
    [
      91.03535278522406,
      32.29445997150521
    ],
    [
      90.14422639713513,
      31.73953418382531
    ],
    [
      89.2246486733146,
      31.231650306491552
    ],
    [
      88.27908841119995,
      30.773103630596683
    ],
    [
      87.31001440822865,
      30.366189447233403
    ],
    [
      86.3198954618381,
      30.013203047494454
    ],
    [
      85.31120036946582,
      29.71643972247255
    ],
    [
      84.28645635639332,
      29.477850523861015
    ],
    [
      83.24853973516552,
      29.29732978549843
    ],
    [
      82.20045590866687,
      29.17401127951494
    ],
    [
      81.1452104874669,
      29.10702755442129
    ],
    [
      80.08580908213516,
      29.09551115872826
    ],
    [
      79.02525730324118,
      29.138594640946597
    ],
    [
      77.96656076135453,
      29.235410549587073
    ],
    [
      76.91272506704478,
      29.385091433160458
    ],
    [
      75.86675583088149,
      29.58676984017751
    ],
    [
      74.8316586634342,
      29.839578319148984
    ],
    [
      73.81043917527248,
      30.142649418585655
    ],
    [
      72.80610297696587,
      30.495115686998297
    ],
    [
      71.82165567908395,
      30.896109672897644
    ],
    [
      70.86010289219625,
      31.344763924794485
    ],
    [
      69.92445022687238,
      31.840210991199584
    ],
    [
      69.01770329368182,
      32.38158342062368
    ],
    [
      68.14286770319417,
      32.96801376157757
    ],
    [
      67.30294906597899,
      33.598634562572
    ],
    [
      66.50095299260585,
      34.27257837211774
    ],
    [
      65.73988509364428,
      34.988977738725545
    ],
    [
      65.02275097966384,
      35.74696521090618
    ],
    [
      64.35250068101118,
      36.545628836033714
    ],
    [
      63.730783328538074,
      37.38301507684504
    ],
    [
      63.15793449863751,
      38.256118679053984
    ],
    [
      62.63423165641253,
      39.16188786070089
    ],
    [
      62.15995226696613,
      40.097270839826095
    ],
    [
      61.73537379540135,
      41.059215834469946
    ],
    [
      61.360773706821156,
      42.04467106267276
    ],
    [
      61.03642946632865,
      43.05058474247493
    ],
    [
      60.762618539026775,
      44.07390509191675
    ],
    [
      60.53961839001856,
      45.11158032903861
    ],
    [
      60.36770648440705,
      46.1605586718808
    ],
    [
      60.24716028729523,
      47.217788338483686
    ],
    [
      60.17825726378613,
      48.28021754688762
    ],
    [
      60.16127487898278,
      49.34479451513293
    ],
    [
      60.19649059798817,
      50.40846746126
    ],
    [
      60.28418188590534,
      51.46818460330911
    ],
    [
      60.42462620783729,
      52.520894159320626
    ],
    [
      60.61810102888704,
      53.56354434733489
    ],
    [
      60.8648838141576,
      54.59308338539225
    ],
    [
      61.16525202875201,
      55.60645949153307
    ],
    [
      61.519483137773264,
      56.60062088379766
    ],
    [
      61.927853663339796,
      57.572515983750144
    ],
    [
      62.38995624575055,
      58.51924081473027
    ],
    [
      62.90349404358704,
      59.43829920570834
    ],
    [
      63.46584663984267,
      60.327264822766836
    ],
    [
      64.0743936175108,
      61.18371133198828
    ],
    [
      64.7265145595848,
      62.00521239945519
    ],
    [
      65.41958904905803,
      62.78934169125002
    ],
    [
      66.15099666892391,
