{
  "test_id": 48,
  "test_outcome": "NOT_EXECUTED",
  "predicted_test_outcome": null,
  "test_duration": null,
  "road_points": [
    [
      100.0,
      100.00000000000001
    ],
    [
      99.52533207455714,
      100.9252560032718
    ],
    [
      99.04141064008756,
      101.83919520593139
    ],
    [
      98.54868892676042,
      102.7423718966751
    ],
    [
      98.04762016474454,
      103.63534036419907
    ],
    [
      97.53865758420899,
      104.51865489719957
    ],
    [
      97.02225441532272,
      105.39286978437276
    ],
    [
      96.49886388825477,
      106.25853931441493
    ],
    [
      95.96893923317408,
      107.11621777602222
    ],
    [
      95.4329336802496,
      107.96645945789086
    ],
    [
      94.89130045965035,
      108.80981864871708
    ],
    [
      94.34449280154526,
      109.64684963719705
    ],
    [
      93.79296393610339,
      110.47810671202706
    ],
    [
      93.2371670934937,
      111.30414416190324
    ],
    [
      92.67755550388506,
      112.12551627552182
    ],
    [
      92.11458239744661,
      112.94277734157907
    ],
    [
      91.54870100434725,
      113.75648164877113
    ],
    [
      90.98036455475598,
      114.56718348579425
    ],
    [
      90.41002627884171,
      115.37543714134459
    ],
    [
      89.83813940677355,
      116.18179690411846
    ],
    [
      89.26515716872036,
      116.98681706281197
    ],
    [
      88.69153279485124,
      117.79105190612141
    ],
    [
      88.11771951533507,
      118.59505572274298
    ],
    [
      87.54417056034083,
      119.39938280137281
    ],
    [
      86.97133916003757,
      120.20458743070722
    ],
    [
      86.39967854459425,
      121.01122389944237
    ],
    [
      85.82964194417983,
      121.81984649627448
    ],
    [
      85.26168258896328,
      122.63100950989976
    ],
    [
      84.69625370911358,
      123.44526722901436
    ],
    [
      84.13380853479975,
      124.26317394231461
    ],
    [
      83.57480029619077,
      125.08528393849669
    ],
    [
      83.01968222345558,
      125.91215150625675
    ],
    [
      82.46890754676316,
      126.74433093429101
    ],
    [
      81.92292949628256,
      127.58237651129576
    ],
    [
      81.38220130218266,
      128.42684252596712
    ],
    [
      80.84717619463252,
      129.2782832670014
    ],
    [
      80.3183074038011,
      130.13725302309473
    ],
    [
      79.79604815985736,
      131.00430608294334
    ],
    [
      79.2808516929703,
      131.87999673524348
    ],
    [
      78.77317123330887,
      132.7648792686913
    ],
    [
      78.27346001104212,
      133.65950797198303
    ],
    [
      77.78217125633896,
      134.56443713381495
    ],
    [
      77.29975819936837,
      135.4802210428832
    ],
    [
      76.82667198195304,
      136.40741143389076
    ],
    [
      76.36265287437207,
      137.34569066415148
    ],
    [
      75.9056972607671,
      138.29260836363738
    ],
    [
      75.45353899029315,
      139.2453930888673
    ],
    [
      75.00391191210538,
      140.20127339636022
    ],
    [
      74.55454987535886,
      141.15747784263513
    ],
    [
      74.10318672920867,
      142.11123498421088
    ],
    [
      73.64755632280993,
      143.0597733776065
    ],
    [
      73.18539250531776,
      144.00032157934086
    ],
    [
      72.71442912588722,
      144.9301081459329
    ],
    [
      72.23240003367343,
      145.84636163390164
    ],
    [
      71.73703907783144,
      146.74631059976593
    ],
    [
      71.22608010751642,
      147.62718360004476
    ],
    [
      70.6972569718834,
      148.48620919125707
    ],
    [
      70.14830352008751,
      149.32061592992176
    ],
    [
      69.57695360128386,
      150.12763237255783
    ],
    [
      68.98094106462752,
      150.90448707568422
    ],
    [
      68.35799975927358,
      151.64840859581975
    ],
    [
      67.70586353437717,
      152.3566254894835
    ],
    [
      67.02226623909336,
      153.0263663131944
    ],
    [
      66.30494172257725,
      153.65485962347128
    ],
    [
      65.55162383398395,
      154.23933397683317
    ],
    [
      64.76051604200069,
      154.77766911829463
    ],
    [
      63.93391464154396,
      155.27342002818887
    ],
    [
      63.07622558749979,
      155.73306700448998
    ],
    [
      62.19187233841181,
      156.16311461626736
    ],
    [
      61.28527835282352,
      156.57006743259038
    ],
    [
      60.36086708927852,
      156.96043002252836
    ],
    [
      59.42306200632036,
      157.3407069551507
    ],
    [
      58.476286562492575,
      157.7174027995268
    ],
    [
      57.52496421633878,
      158.097022124726
    ],
    [
      56.57351842640251,
      158.48606949981772
    ],
    [
      55.62637265122732,
      158.8910494938712
    ],
    [
      54.68795034935678,
      159.31846667595593
    ],
    [
      53.762674979334456,
      159.77482561514125
    ],
    [
      52.85481038049084,
      160.26602781676584
    ],
    [
      51.96742190087591,
      160.7934467183445
    ],
    [
      51.10303027326507,
      161.3563981246489
    ],
    [
      50.26415349778383,
      161.95418751611678
    ],
    [
      49.45330957455771,
      162.5861203731859
    ],
    [
      48.673016503712226,
      163.25150217629417
    ],
    [
      47.925792285372886,
      163.9496384058793
    ],
    [
      47.21415491966523,
      164.67983454237915
    ],
    [
      46.54062240671477,
      165.44139606623153
    ],
    [
      45.90771274664699,
      166.2336284578743
    ],
    [
      45.317943939587465,
      167.0558371977452
    ],
    [
      44.77383398566168,
      167.90732776628207
    ],
    [
      44.277900884995155,
      168.7874056439227
    ],
    [
      43.83266059187761,
      169.6953746447439
    ],
    [
      43.439883892629524,
      170.62993163338615
    ],
    [
      43.099491212255444,
      171.58826633005575
    ],
    [
      42.81112065353958,
      172.56733849967424
    ],
    [
      42.57441031926612,
      173.56410790716316
    ],
    [
      42.3889983122193,
      174.5755343174443
    ],
    [
      42.25452273518329,
      175.59857749543903
    ],
    [
      42.17062169094233,
      176.63019720606908
    ],
    [
      42.136933282280594,
      177.66735321425602
    ],
    [
      42.15309561198233,
      178.70700528492148
    ],
    [
      42.21874678283171,
      179.74611318298702
    ],
    [
      42.33352489761295,
      180.78163667337424
    ],
    [
      42.49706805911026,
      181.8105355210047
    ],
    [
      42.709014370107845,
      182.82976949080006
    ],
    [
      42.96900193338992,
      183.8362983476819
    ],
    [
      43.27666885174067,
      184.82708185657177
    ],
    [
      43.63165322794433,
      185.79907978239135
    ],
    [
      44.033593164785074,
      186.74925189006214
    ],
    [
      44.48212676504713,
      187.6745579445058
    ],
    [
      44.9768921315147,
      188.57195771064391
    ],
    [
      45.517527366972004,
      189.4384109533981
    ],
    [
      46.10367057420322,
      190.2708774376899
    ],
    [
      46.734959855992585,
      191.06631692844098
    ],
    [
      47.41103331512427,
      191.8216891905729
    ],
    [
      48.13152905438252,
      192.53395398900722
    ],
    [
      48.89608517655152,
      193.20007108866565
    ],
    [
      49.70433978441547,
      193.81700025446963
    ],
    [
      50.5559309807586,
      194.38170125134087
    ]
  ],