{
  "test_id": 49,
  "test_outcome": "NOT_EXECUTED",
  "predicted_test_outcome": null,
  "test_duration": null,
  "road_points": [
    [
      99.99999999999999,
      100.0
    ],
    [
      100.03474750330342,
      99.00195693910821
    ],
    [
      100.06372042000724,
      98.003321633074
    ],
    [
      100.08723426131607,
      97.00412644091988
    ],
    [
      100.10560453843449,
      96.00440372166854
    ],
    [
      100.11914676256714,
      95.00418583434254
    ],
    [
      100.12817644491858,
      94.00350513796448
    ],
    [
      100.1330090966934,
      93.00239399155699
    ],
    [
      100.1339602290962,
      92.00088475414265
    ],
    [
      100.13134535333164,
      90.99900978474413
    ],
    [
      100.12547998060425,
      89.99680144238397
    ],
    [
      100.11667962211864,
      88.99429208608478
    ],
    [
      100.10525978907944,
      87.9915140748692
    ],
    [
      100.09153599269122,
      86.9884997677598
    ],
    [
      100.07582374415863,
      85.98528152377922
    ],
    [
      100.05843855468619,
      84.98189170195008
    ],
    [
      100.03969593547858,
      83.97836266129492
    ],
    [
      100.01991139774034,
      82.9747267608364
    ],
    [
      99.9994004526761,
      81.97101635959712
    ],
    [
      99.97847861149044,
      80.96726381659967
    ],
    [
      99.95746138538796,
      79.96350149086666
    ],
    [
      99.9366642855733,
      78.9597617414207
    ],
    [
      99.916402823251,
      77.95607692728441
    ],
    [
      99.89699250962572,
      76.9524794074804
    ],
    [
      99.87874885590202,
      75.94900154103125
    ],
    [
      99.86198737328448,
      74.94567568695955
    ],
    [
      99.84702357297775,
      73.94253420428794
    ],
    [
      99.8341729661864,
      72.93960945203902
    ],
    [
      99.82375106411504,
      71.93693378923541
    ],
    [
      99.81607337796827,
      70.9345395748997
    ],
    [
      99.81145541895069,
      69.93245916805448
    ],
    [
      99.81021269826688,
      68.93072492772241
    ],
    [
      99.81266072712144,
      67.92936921292602
    ],
    [
      99.819115016719,
      66.92842438268796
    ],
    [
      99.82989107826415,
      65.92792279603086
    ],
    [
      99.84530442296148,
      64.92789681197729
    ],
    [
      99.86567056201557,
      63.92837878954987
    ],
    [
      99.89130500663106,
      62.92940108777119
    ],
    [
      99.92252326801253,
      61.93099606566388
    ],
    [
      99.95964085736459,
      60.93319608225053
    ],
    [
      100.00297313338713,
      59.93603348091276
    ],
    [
      100.05214047733097,
      58.939469327718925
    ],
    [
      100.1044683023856,
      57.94322931540571
    ],
    [
      100.15680896422579,
      56.946990619641106
    ],
    [
      100.20601481852644,
      55.95043041609307
    ],
    [
      100.24893822096234,
      54.95322588042957
    ],
    [
      100.28243152720829,
      53.955054188318535
    ],
    [
      100.30334709293915,
      52.955592515427966
    ],
    [
      100.30853727382971,
      51.95451803742581
    ],
    [
      100.29485442555485,
      50.951507929980046
    ],
    [
      100.25915090378933,
      49.94623936875862
    ],
    [
      100.19827906420801,
      48.938389529429486
    ],
    [
      100.10909126248572,
      47.927635587660625
    ],
    [
      99.98844015624468,
      46.91365504037642
    ],
    [
      99.83380473058826,
      45.89679176452129
    ],
    [
      99.64460865283782,
      44.87945867825915
    ],
    [
      99.4206519054659,
      43.864469079596084
    ],
    [
      99.16173447094512,
      42.85463626653818
    ],
    [
      98.86765633174802,
      41.852773537091494
    ],
    [
      98.53821747034726,
      40.861694189262145
    ],
    [
      98.17321786921535,
      39.884211521056194
    ],
    [
      97.77245751082495,
      38.923138830479736
    ],
    [
      97.3357363776486,
      37.981289415538846
    ],
    [
      96.86285445215889,
      37.061476574239606
    ],
    [
      96.3536117168284,
      36.1665136045881
    ],
    [
      95.80780815412975,
      35.2992138045904
    ],
    [
      95.22524374653548,
      34.462390472252615
    ],
    [
      94.6057184765182,
      33.65885690558081
    ],
    [
      93.94903232655054,
      32.891426402581075
    ],
    [
      93.25498527910504,
      32.162912261259486
    ],
    [
      92.52337731665429,
      31.476127779622125
    ],
    [
      91.75400842167087,
      30.833886255675086
    ],
    [
      90.94682673813881,
      30.238894831137582
    ],
    [
      90.10364763557428,
      29.692522798733396
    ],
    [
      89.22756369396281,
      29.195224342264574
    ],
    [
      88.32169229042873,
      28.74743587862357
    ],
    [
      87.38915080209641,
      28.349593824702815
    ],
    [
      86.43305660609012,
      28.002134597394736
    ],
    [
      85.45652707953427,
      27.705494613591792
    ],
    [
      84.46267959955317,
      27.46011029018641
    ],
    [
      83.45463154327113,
      27.266418044071028
    ],
    [
      82.43550028781254,
      27.124854292138085
    ],
    [
      81.4084032103017,
      27.035855451280025
    ],
    [
      80.37645768786292,
      26.99985793838928
    ],
    [
      79.3427657765505,
      27.017244171664107
    ],
    [
      78.3102298691339,
      27.087692861497924
    ],
    [
      77.28161250926087,
      27.210389823865874
    ],
    [
      76.25967335983287,
      27.384510721630914
    ],
    [
      75.24717208375114,
      27.609231217655974
    ],
    [
      74.24686834391706,
      27.883726974803995
    ],
    [
      73.26152180323199,
      28.20717365593791
    ],
    [
      72.29389212459732,
      28.578746923920672
    ],
    [
      71.3467389709143,
      28.9976224416152
    ],
    [
      70.42282200508433,
      29.46297587188444
    ],
    [
      69.52490089000878,
      29.973982877591325
    ],
    [
      68.65573528858897,
      30.52981912159881
    ],
    [
      67.81808486372626,
      31.12966026676981
    ],
    [
      67.01470927832199,
      31.77268197596726
    ],
    [
      66.24836819527752,
      32.458059912054125
    ],
    [
      65.52182127749417,
      33.18496973789333
    ],
    [
      64.83782818787331,
      33.95258711634781
    ],
    [
      64.19897342281186,
      34.75992985111488
    ],
    [
      63.60635768806921,
      35.6046785612927
    ],
    [
      63.06033465375041,
      36.48384064123548
    ],
    [
      62.5612523046878,
      37.39441836175854
    ],
    [
      62.10945862571371,
      38.33341399367715
    ],
    [
      61.705301601660445,
      39.297829807806544
    ],
    [
      61.34912921736038,
      40.284668074962056
    ],
    [
      61.04128945764578,
      41.29093106595895
    ],
    [
      60.78213030734903,
      42.3136210516125
    ],
    [
      60.57199975130242,
      43.34974030273797
    ],
    [
      60.4112457743383,
      44.39629109015066
    ],
    [
      60.30021636128895,
      45.450275684665804
    ],
    [
      60.23925949698678,
      46.50869635709874
    ],
    [
      60.228723166264054,
      47.568555378264705
    ],
    [
      60.26895535395311,
      48.62685501897896
    ],
    [
      60.360304044886306,
      49.68059755005684
    ],
    [
      60.50311722389592,
      50.72678524231359
    ],
    [
      60.69774287581432,
      51.762420366564484
    ],
    [
      60.94452898547381,
      52.784505193624796
    ],
    [
      61.24382353770675,
      53.79004199430983
    ],
    [
      61.595974517345425,
      54.77603303943484
    ],
    [
      62.00131698128951,
      55.73948055161845
    ],
    [
      62.45919101534065,
      56.677383044124284
    ],
    [
      62.96725313086662,
      57.58673275367681
    ],
    [
      63.52299713178205,
      58.46452131041027
    ],
    [
