{
  "test_id": 52,
  "test_outcome": "NOT_EXECUTED",
  "predicted_test_outcome": null,
  "test_duration": null,
  "road_points": [
    [
      99.99999999999997,
      99.99999999999997
    ],
    [
      99.93271681161397,
      98.98555554247739
    ],
    [
      99.88098956572172,
      97.97318179328211
    ],
    [
      99.84364468058028,
      96.96272253266172
    ],
    [
      99.81950857444646,
      95.95402154086342
    ],
    [
      99.80740766557726,
      94.9469225981347
    ],
    [
      99.8061683722295,
      93.94126948472282
    ],
    [
      99.81461711266014,
      92.93690598087521
    ],
    [
      99.83158030512611,
      91.93367586683925
    ],
    [
      99.85588436788431,
      90.93142292286231
    ],
    [
      99.88635571919156,
      89.92999092919167
    ],
    [
      99.92182077730489,
      88.92922366607483
    ],
    [
      99.96110596048118,
      87.9289649137591
    ],
    [
      100.00303768697731,
      86.92905845249183
    ],
    [
      100.04644237505022,
      85.92934806252043
    ],
    [
      100.09014644295681,
      84.92967752409227
    ],
    [
      100.13297630895397,
      83.92989061745466
    ],
    [
      100.17375839129868,
      82.92983112285506
    ],
    [
      100.21131910824775,
      81.92934282054074
    ],
    [
      100.24448487805819,
      80.92826949075918
    ],
    [
      100.27208211898683,
      79.92645491375765
    ],
    [
      100.29293724929065,
      78.92374286978357
    ],
    [
      100.30587668722652,
      77.91997713908432
    ],
    [
      100.30972685105132,
      76.91500150190724
    ],
    [
      100.30331415902205,
      75.90865973849972
    ],
    [
      100.28546502939555,
      74.90079562910913
    ],
    [
      100.25500588042875,
      73.89125295398281
    ],
    [
      100.21076313037855,
      72.87987549336816
    ],
    [
      100.1515631975019,
      71.86650702751257
    ],
    [
      100.07623250005568,
      70.85099133666336
    ],
    [
      99.98359552233444,
      69.8331747971918
    ],
    [
      99.87179024018327,
      68.81382534477162
    ],
    [
      99.73725772419365,
      67.79598881686044
    ],
    [
      99.5761814406915,
      66.78305685526453
    ],
    [
      99.38474485600283,
      65.77842110179017
    ],
    [
      99.15913143645354,
      64.7854731982436
    ],
    [
      98.89552464836967,
      63.80760478643111
    ],
    [
      98.5901079580771,
      62.84820750815895
    ],
    [
      98.23906483190186,
      61.91067300523343
    ],
    [
      97.83857873616991,
      60.9983929194608
    ],
    [
      97.38483313720718,
      60.1147588926473
    ],
    [
      96.87479249130186,
      59.262806259253196
    ],
    [
      96.31008888041555,
      58.443440865017365
    ],
    [
      95.69408095250041,
      57.65678085266639
    ],
    [
      95.03013013895847,
      56.902943095046616
    ],
    [
      94.32159787119184,
      56.182044465004466
    ],
    [
      93.5718455806026,
      55.4942018353863
    ],
    [
      92.78423469859285,
      54.83953207903853
    ],
    [
      91.96212665656464,
      54.218152068807505
    ],
    [
      91.10888288592004,
      53.63017867753964
    ],
    [
      90.22786481806116,
      53.0757287780813
    ],
    [
      89.3224338843901,
      52.55491924327888
    ],
    [
      88.39595151630888,
      52.067866945978786
    ],
    [
      87.4517791452196,
      51.61468875902735
    ],
    [
      86.4932782025244,
      51.195501555271
    ],
    [
      85.52381011962528,
      50.81042220755613
    ],
    [
      84.54663593488097,
      50.459391927424114
    ],
    [
      83.56374672417203,
      50.14012982756733
    ],
    [
      82.57626257130354,
      49.84883101463715
    ],
    [
      81.58528653552557,
      49.58166080681114
    ],
    [
      80.59192167608828,
      49.33478452226688
    ],
    [
      79.59727105224168,
      49.10436747918191
    ],
    [
      78.60243772323591,
      48.88657499573383
    ],
    [
      77.6085247483211,
      48.677572390100174
    ],
    [
      76.6166351867473,
      48.47352498045853
    ],
    [
      75.62787209776464,
      48.27059808498646
    ],
    [
      74.64333854062318,
      48.06495702186152
    ],
    [
      73.66413757457306,
      47.85276710926129
    ],
    [
      72.69137225886433,
      47.630193665363315
    ],
    [
      71.72614565274715,
      47.393402008345205
    ],
    [
      70.76956081547158,
      47.13855745638448
    ],
    [
      69.82272080628769,
      46.861825327658735
    ],
    [
      68.88672868444564,
      46.559370940345524
    ],
    [
      67.9626875091955,
      46.22735961262242
    ],
    [
      67.05170033978736,
      45.86195666266698
    ],
    [
      66.15478067070397,
      45.459723121295916
    ],
    [
      65.27215567868646,
      45.02069410716206
    ],
    [
      64.40364478167595,
      44.546706287849254
    ],
    [
      63.54906394053726,
      44.039611604902895
    ],
    [
      62.70822911613518,
      43.5012619998683
    ],
    [
      61.88095626933454,
      42.93350941429084
    ],
    [
      61.067061361000114,
      42.33820578971584
    ],
    [
      60.26636035199669,
      41.71720306768868
    ],
    [
      59.478669203189135,
      41.07235318975471
    ],
    [
      58.7038038754422,
      40.40550809745926
    ],
    [
      57.941580329620706,
      39.7185197323477
    ],
    [
      57.19181452658943,
      39.01324003596536
    ],
    [
      56.4543224272132,
      38.29152094985759
    ],
    [
      55.72891999235683,
      37.555214415569786
    ],
    [
      55.015423182885094,
      36.80617237464725
    ],
    [
      54.31354314304962,
      36.04634320064834
    ],
    [
      53.62082798522025,
      35.27966527150435
    ],
    [
      52.93279208364554,
      34.51194801836045
    ],
    [
      52.24487088551177,
      33.749073485808076
    ],
    [
      51.55249983800527,
      32.99692371843861
    ],
    [
      50.8511143883123,
      32.26138076084345
    ],
    [
      50.136149983619205,
      31.548326657614034
    ],
    [
      49.40304207111224,
      30.863643453341716
    ],
    [
      48.647226097977736,
      30.213213192617932
    ],
    [
      47.864137511401964,
      29.60291792003404
    ],
    [
      47.04921175857123,
      29.038639680181483
    ],
    [
      46.19788428667185,
      28.52626051765164
    ],
    [
      45.305860883781776,
      28.0714679586456
    ],
    [
      44.37358924772157,
      27.676537582898327
    ],
    [
      43.405560229054494,
      27.340835800324655
    ],
    [
      42.40639415356637,
      27.063635859528446
    ],
    [
      41.380711347043054,
      26.84421100911359
    ],
    [
      40.33313213527034,
      26.681834497683937
    ],
    [
      39.26827684403408,
      26.57577957384338
    ],
    [
      38.19076579912011,
      26.52531948619579
    ],
    [
      37.10521932631422,
      26.529727483345034
    ],
    [
      36.016257751402286,
      26.588276813894996
    ],
    [
      34.92850140017013,
      26.700240726449533
    ],
    [
      33.84657059840355,
      26.86489246961253
    ],
    [
      32.77508567188843,
      27.081505291987867
    ],
    [
      31.718666946410536,
      27.349352442179413
    ],
    [
      30.681934747755744,
      27.66770716879104
    ],
    [
      29.669509401709877,
      28.035842720426608
    ],
    [
      28.686011234058746,
      28.453032345690023
    ],
    [
      27.736060570588204,
      28.918549293185123
    ],
    [
      26.824277737084063,
      29.43166681151581
    ],
    [
      25.955283059332153,
      29.991658149285946
    ],
    [
      25.13369686311832,
      30.597796555099393
    ],
    [
      24.364130678602375,
      31.249352848644346
    ],
    [
      23.648962295408083,
      31.94498100124875
    ],
    [
      22.985390993172125,
      32.68190493659526
    ],
    [
