{
  "test_id": 8,
  "test_outcome": "NOT_EXECUTED",
  "predicted_test_outcome": null,
  "test_duration": null,
  "road_points": [
    [
      100.0,
      100.0
    ],
    [
      99.865220563839,
      99.07066018155541
    ],
    [
      99.76639432123113,
      98.12569389682244
    ],
    [
      99.6997483435929,
      97.16637304872484
    ],
    [
      99.66150970234068,
      96.19396954018617
    ],
    [
      99.64790546889097,
      95.2097552741301
    ],
    [
      99.65516271466024,
      94.21500215348031
    ],
    [
      99.67950851106492,
      93.21098208116044
    ],
    [
      99.7171699295215,
      92.19896696009413
    ],
    [
      99.76437404144644,
      91.18022869320504
    ],
    [
      99.81734791825619,
      90.15603918341682
    ],
    [
      99.8723186313672,
      89.12767033365316
    ],
    [
      99.9255132521959,
      88.09639404683763
    ],
    [
      99.97315885215882,
      87.06348222589395
    ],
    [
      100.01148250267238,
      86.03020677374573
    ],
    [
      100.03671127515304,
      84.99783959331666
    ],
    [
      100.04507224101725,
      83.96765258753035
    ],
    [
      100.03279247168149,
      82.94091765931047
    ],
    [
      99.99609903856222,
      81.9189067115807
    ],
    [
      99.93121901307588,
      80.90289164726465
    ],
    [
      99.83437946663892,
      79.894144369286
    ],
    [
      99.70180747066786,
      78.89393678056838
    ],
    [
      99.52973009657909,
      77.90354078403544
    ],
    [
      99.31437441578906,
      76.92422828261084
    ],
    [
      99.0519674997143,
      75.95727117921825
    ],
    [
      98.73873926798943,
      75.0039451128421
    ],
    [
      98.37192160890072,
      74.06684002338314
    ],
    [
      97.95121906785876,
      73.15178928108219
    ],
    [
      97.47671089157522,
      72.26511775884582
    ],
    [
      96.94878930030639,
      71.41262354388432
    ],
    [
      96.37115220797313,
      70.59454069996748
    ],
    [
      95.74948222894275,
      69.8077627152017
    ],
    [
      95.08948899983979,
      69.04913759481245
    ],
    [
      94.39688215728853,
      68.31551334402509
    ],
    [
      93.67737133791337,
      67.60373796806505
    ],
    [
      92.93666617833875,
      66.91065947215773
    ],
    [
      92.18047631518913,
      66.23312586152859
    ],
    [
      91.41451098715497,
      65.56798534566144
    ],
    [
      90.6432720107395,
      64.91270590096077
    ],
    [
      89.86739027944161,
      64.26674243934957
    ],
    [
      89.08672254622108,
      63.62994723723778
    ],
    [
      88.30112556403773,
      63.00217257103532
    ],
    [
      87.51045608585136,
      62.38327071715209
    ],
    [
      86.71457086462178,
      61.773093951998014
    ],
    [
      85.91332665330874,
      61.17149455198301
    ],
    [
      85.1065802048721,
      60.57832479351702
    ],
    [
      84.29418827227165,
      59.99343695300995
    ],
    [
      83.47600760846714,
      59.416683306871704
    ],
    [
      82.6518949664185,
      58.84791613151224
    ],
    [
      81.82170709908536,
      58.28698770334144
    ],
    [
      80.98530075942764,
      57.73375029876925
    ],
    [
      80.14253270040513,
      57.18805619420558
    ],
    [
      79.29325967497762,
      56.64975766606037
    ],
    [
      78.43733843610485,
      56.11870699074348
    ],
    [
      77.5746257367467,
      55.594756444664895
    ],
    [
      76.70497832986295,
      55.07775830423451
    ],
    [
      75.82825296841341,
      54.56756484586224
    ],
    [
      74.94430593368479,
      54.06403358398865
    ],
    [
      74.05282283881448,
      53.56891733946999
    ],
    [
      73.15306599947526,
      53.088669742326815
    ],
    [
      72.24423322928146,
      52.6304607317768
    ],
    [
      71.32552234184752,
      52.201460247037666
    ],
    [
      70.3961311507878,
      51.808838227327115
    ],
    [
      69.45525746971666,
      51.45976461186285
    ],
    [
      68.50209911224854,
      51.16140933986258
    ],
    [
      67.5358538919978,
      50.920942350544
    ],
    [
      66.5558124862675,
      50.74528319910204
    ],
    [
      65.56302322424528,
      50.636612366117255
    ],
    [
      64.56010457083916,
      50.59287684862465
    ],
    [
      63.54973020171738,
      50.611874781466824
    ],
    [
      62.53457379254818,
      50.691404299486436
    ],
    [
      61.517309018999846,
      50.829263537526124
    ],
    [
      60.50060955674068,
      51.02325063042858
    ],
    [
      59.48714908143892,
      51.27116371303641
    ],
    [
      58.47960126876286,
      51.5708009201923
    ],
    [
      57.480639794380764,
      51.919960386738865
    ],
    [
      56.49293833396088,
      52.31644024751878
    ],
    [
      55.519170563171535,
      52.7580386373747
    ],
    [
      54.56201015768096,
      53.24255369114926
    ],
    [
      53.624130793157455,
      53.76778354368512
    ],
    [
      52.70820614526929,
      54.33152632982493
    ],
    [
      51.81690988968469,
      54.93158018441132
    ],
    [
      50.95291570207198,
      55.56574324228697
    ],
    [
      50.11889725809942,
      56.23181363829451
    ],
    [
      49.31752823343528,
      56.92758950727661
    ],
    [
      48.55148230374783,
      57.6508689840759
    ],
    [
      47.82343314470535,
      58.399450203535054
    ],
    [
      47.136049334045104,
      59.171130484095
    ],
    [
      46.48956393569894,
      59.9633171119288
    ],
    [
      45.87788053472994,
      60.77240374684739
    ],
    [
      45.293887736583805,
      61.5946215060389
    ],
    [
      44.73047414670622,
      62.42620150669145
    ],
    [
      44.180528370542866,
      63.263374865993114
    ],
    [
      43.63693901353939,
      64.10237270113197
    ],
    [
      43.092594681141506,
      64.93942612929612
    ],
    [
      42.54038397879489,
      65.77076626767366
    ],
    [
      41.97319551194523,
      66.5926242334527
    ],
    [
      41.383923780054566,
      67.40123012026947
    ],
    [
      40.766879986296104,
      68.19256799772336
    ],
    [
      40.1196225178302,
      68.96205803111495
    ],
    [
      39.4401628259319,
      69.70504170686394
    ],
    [
      38.72651236187619,
      70.41686051139007
    ],
    [
      37.976682576938096,
      71.09285593111314
    ],
    [
      37.189482694650934,
      71.72892904074527
    ],
    [
      36.36698630518147,
      72.32327066790914
    ],
    [
      35.51210182847131,
      72.87465722209409
    ],
    [
      34.62773768481577,
      73.38186511303758
    ],
    [
      33.716802294510174,
      73.84367075047703
    ],
    [
      32.78220407784985,
      74.25885054414988
    ],
    [
      31.826851455130086,
      74.62618090379354
    ],
    [
      30.853652846646224,
      74.94443823914544
    ],
    [
      29.865516672693555,
      75.21239895994307
    ],
    [
      28.865351353567437,
      75.42883947592384
    ],
    [
      27.856065309563178,
      75.5925361968252
    ],
    [
      26.840566960420468,
      75.70226553436505
    ],
    [
      25.821652810494758,
      75.757202825531
    ],
    [
      24.80169440627269,
      75.75803818057894
    ],
    [
      23.782962445617088,
      75.70582118728176
    ],
    [
      22.767727626390773,
      75.60160143341233
    ],
    [
      21.7582606464566,
      75.44642850674359
    ],
    [
      20.75683220367738,
      75.24135199504838
    ],
    [
      19.765712995915944,
      74.98742148609956
    ],
    [
      18.787173721035124,
      74.68568656767007
    ],
    [
      17.823485076897732,
      74.33719682753275
    ],
    [
      16.876917761366627,
      73.9430018534605
    ],
    [
      15.949742472304635,
      73.50415123322621
    ],
    [
      15.04422990757458,
      73.02169455460277
    ],
    [
