{
  "test_id": 7,
  "test_outcome": "NOT_EXECUTED",
  "predicted_test_outcome": null,
  "test_duration": null,
  "road_points": [
    [
      100.00000000000003,
      100.00000000000001
    ],
    [
      99.97664321119441,
      99.09443123453202
    ],
    [
      99.96901225089398,
      98.16748525010455
    ],
    [
      99.97440044855172,
      97.22099300963481
    ],
    [
      99.99010113362075,
      96.25678547604001
    ],
    [
      100.01340763555409,
      95.27669361223737
    ],
    [
      100.04161328380482,
      94.28254838114414
    ],
    [
      100.07201140782601,
      93.27618074567752
    ],
    [
      100.10189533707074,
      92.25942166875478
    ],
    [
      100.12855840099202,
      91.23410211329313
    ],
    [
      100.14929392904295,
      90.20205304220981
    ],
    [
      100.16139525067662,
      89.16510541842203
    ],
    [
      100.16215569534606,
      88.12509020484704
    ],
    [
      100.14886859250434,
      87.08383836440203
    ],
    [
      100.11882727160452,
      86.04318086000427
    ],
    [
      100.06932506209964,
      85.00494865457095
    ],
    [
      99.99765529344282,
      83.97097271101936
    ],
    [
      99.90111129508709,
      82.94308399226666
    ],
    [
      99.77698639648555,
      81.92311346123014
    ],
    [
      99.62257392709121,
      80.91289208082698
    ],
    [
      99.43516721635714,
      79.91425081397445
    ],
    [
      99.21205959373647,
      78.92902062358974
    ],
    [
      98.95054438868218,
      77.9590324725901
    ],
    [
      98.6479149306474,
      77.00611732389274
    ],
    [
      98.30146454908513,
      76.07210614041492
    ],
    [
      97.90848657344847,
      75.15882988507384
    ],
    [
      97.46627433319051,
      74.26811952078675
    ],
    [
      96.97242195133843,
      73.40181021806262
    ],
    [
      96.42769941601166,
      72.56178157237471
    ],
    [
      95.83478292623742,
      71.7499398438526
    ],
    [
      95.19637461300076,
      70.96819165537003
    ],
    [
      94.51517660728679,
      70.21844362980072
    ],
    [
      93.79389104008058,
      69.50260239001838
    ],
    [
      93.03522004236719,
      68.82257455889672
    ],
    [
      92.24186574513168,
      68.18026675930946
    ],
    [
      91.41653027935921,
      67.57758561413034
    ],
    [
      90.5619157760348,
      67.01643774623304
    ],
    [
      89.68072327680169,
      66.49872436842612
    ],
    [
      88.77559910368475,
      66.02607493612645
    ],
    [
      87.84911037414795,
      65.59972554628932
    ],
    [
      86.90381800841078,
      65.22088151811556
    ],
    [
      85.94228292669281,
      64.89074817080599
    ],
    [
      84.96706604921359,
      64.61053082356142
    ],
    [
      83.98072829619258,
      64.38143479558266
    ],
    [
      82.98583058784935,
      64.20466540607056
    ],
    [
      81.98493384440346,
      64.08142797422593
    ],
    [
      80.98059898607438,
      64.01292781924958
    ],
    [
      79.97538693077637,
      64.00037025046976
    ],
    [
      78.97168994262117,
      64.04423830677136
    ],
    [
      77.97127343517802,
      64.14233050043788
    ],
    [
      76.9757572162138,
      64.2918217778094
    ],
    [
      75.98676109349528,
      64.48988708522612
    ],
    [
      75.00590487478934,
      64.73370136902813
    ],
    [
      74.03480836786285,
      65.02043957555557
    ],
    [
      73.07509138048262,
      65.34727665114855
    ],
    [
      72.1283737204155,
      65.71138754214724
    ],
    [
      71.19627519542834,
      66.10994719489177
    ],
    [
      70.280415613288,
      66.54013055572226
    ],
    [
      69.38213624064892,
      66.99896288773418
    ],
    [
      68.49979930112427,
      67.48186856708561
    ],
    [
      67.6299612922709,
      67.98330160353976
    ],
    [
      66.76915343246623,
      68.49770242225979
    ],
    [
      65.9139069400878,
      69.01951144840896
    ],
    [
      65.06075303351307,
      69.54316910715045
    ],
    [
      64.20622293111954,
      70.06311582364755
    ],
    [
      63.34684785128476,
      70.57379202306345
    ],
    [
      62.47915901238618,
      71.06963813056137
    ],
    [
      61.5996876328013,
      71.54509457130456
    ],
    [
      60.705274119675934,
      71.99492521556101
    ],
    [
      59.7958681056995,
      72.41714652193595
    ],
    [
      58.87321653796359,
      72.81165513552502
    ],
    [
      57.93908820070641,
      73.17837054545598
    ],
    [
      56.995251878166144,
      73.51721224085668
    ],
    [
      56.04346291014891,
      73.82819994546145
    ],
    [
      55.08516103931903,
      74.11370630912478
    ],
    [
      54.121466828254796,
      74.37848362036719
    ],
    [
      53.15348667848494,
      74.62738974503849
    ],
    [
      52.18232699153816,
      74.86528254898842
    ],
    [
      51.20909416894321,
      75.09701989806678
    ],
    [
      50.234894612228814,
      75.32745965812336
    ],
    [
      49.26083472292369,
      75.5614596950079
    ],
    [
      48.288020902556575,
      75.8038778745702
    ],
    [
      47.317559552656235,
      76.05957206266008
    ],
    [
      46.35055707475132,
      76.33340012512726
    ],
    [
      45.388119870370616,
      76.63021992782154
    ],
    [
      44.43140292905447,
      76.95480458318886
    ],
    [
      43.48259539272518,
      77.31012330325801
    ],
    [
      42.54487625496609,
      77.69741867460539
    ],
    [
      41.62146423190345,
      78.11786399468421
    ],
    [
      40.71557803966356,
      78.57263256094768
    ],
    [
      39.83043639437272,
      79.06289767084898
    ],
    [
      38.9692580121572,
      79.58983262184134
    ],
    [
      38.135261609143285,
      80.15461071137794
    ],
    [
      37.33166590145727,
      80.758405236912
    ],
    [
      36.56168960522545,
      81.4023894958967
    ],
    [
      35.82854910000593,
      82.08773277903587
    ],
    [
      35.134832120310044,
      82.8145263759002
    ],
    [
      34.48165189706636,
      83.58033309589285
    ],
    [
      33.86991050788343,
      84.38235366250011
    ],
    [
      33.300510030369814,
      85.21778879920807
    ],
    [
      32.774352542134054,
      86.08383922950294
    ],
    [
      32.29234012078472,
      86.97770567687098
    ],
    [
      31.85537484393035,
      87.8965888647983
    ],
    [
      31.4643587891795,
      88.83768951677114
    ],
    [
      31.12019403414074,
      89.79820835627568
    ],
    [
      30.82378265642262,
      90.77534610679811
    ],
    [
      30.576007507518664,
      91.76627952401286
    ],
    [
      30.377629241760722,
      92.76803302920062
    ],
    [
      30.229360663661698,
      93.777571392722
    ],
    [
      30.13191446618904,
      94.79185924588175
    ],
    [
      30.08600334231021,
      95.80786121998472
    ],
    [
      30.092339984992627,
      96.82254194633566
    ],
    [
      30.151637087203753,
      97.83286605623937
    ],
    [
      30.264607341911038,
      98.83579818100071
    ],
    [
      30.431963442081916,
      99.82830295192446
    ],
    [
      30.654418080683833,
      100.80734500031544
    ],
    [
      30.93258339460405,
      101.76995418558539
    ],
    [
      31.2648953303793,
      102.71457200507662
    ],
    [
      31.6476869317151,
      103.64100405435933
    ],
    [
      32.07720534913311,
      104.5491116456722
    ],
    [
      32.549697733155,
      105.43875609125391
    ],
    [
      33.06141123430241,
      106.30979870334318
    ],
    [
      33.608593003097006,
      107.1621007941786
    ],
    [
      34.18749019006049,
      107.99552367599897
    ],
    [
      34.794349945714444,
      108.80992866104285
    ],
    [
      35.4254194205806,
      109.60517706154904
    ],
    [
      36.07694757642853,
