{
  "test_id": 1,
  "test_outcome": "NOT_EXECUTED",
  "predicted_test_outcome": null,
  "test_duration": null,
  "road_points": [
    [
      100.0,
      100.0
    ],
    [
      99.53644878378249,
      100.91583943865771
    ],
    [
      99.07113928042845,
      101.82687442301004
    ],
    [
      98.60438446656558,
      102.7334676410227
    ],
    [
      98.13649731882164,
      103.63598178066145
    ],
    [
      97.66779081382425,
      104.534779529892
    ],
    [
      97.19857792820126,
      105.43022357668018
    ],
    [
      96.72917163858025,
      106.32267660899164
    ],
    [
      96.25988492158896,
      107.21250131479216
    ],
    [
      95.79103075385514,
      108.10006038204747
    ],
    [
      95.32292211200647,
      108.98571649872335
    ],
    [
      94.85587197267066,
      109.86983235278545
    ],
    [
      94.39019331247536,
      110.75277063219957
    ],
    [
      93.92619910804842,
      111.63489402493148
    ],
    [
      93.46420233601741,
      112.51656521894687
    ],
    [
      93.00451597301016,
      113.39814690221151
    ],
    [
      92.54745299565425,
      114.28000176269111
    ],
    [
      92.0933263805775,
      115.16249248835145
    ],
    [
      91.64244910440752,
      116.04598176715822
    ],
    [
      91.19513414377211,
      116.9308322870772
    ],
    [
      90.75169447529892,
      117.81740673607413
    ],
    [
      90.31244307561568,
      118.70606780211473
    ],
    [
      89.87769292135009,
      119.59717817316475
    ],
    [
      89.4477569891299,
      120.49110053718994
    ],
    [
      89.02294825558273,
      121.38819758215602
    ],
    [
      88.60357969733636,
      122.28883199602873
    ],
    [
      88.18996429101848,
      123.19336646677382
    ],
    [
      87.7824150132568,
      124.10216368235706
    ],
    [
      87.38124484067905,
      125.01558633074417
    ],
    [
      86.98676674991287,
      125.93399709990084
    ],
    [
      86.59929371758605,
      126.85775867779289
    ],
    [
      86.21913872032624,
      127.787233752386
    ],
    [
      85.8466147347612,
      128.72278501164595
    ],
    [
      85.48203473751859,
      129.66477514353844
    ],
    [
      85.12571170522615,
      130.6135668360293
    ],
    [
      84.77795861451158,
      131.56952277708413
    ],
    [
      84.43908844200257,
      132.5330056546688
    ],
    [
      84.10941416432686,
      133.50437815674897
    ],
    [
      83.78924875811214,
      134.4840029712904
    ],
    [
      83.47890519998614,
      135.47224278625887
    ],
    [
      83.17869054571902,
      136.46945500723967
    ],
    [
      82.88803228696806,
      137.47521232371489
    ],
    [
      82.60455402666459,
      138.4874780592194
    ],
    [
      82.32565810908227,
      139.50401813811146
    ],
    [
      82.04874687849475,
      140.52259848474944
    ],
    [
      81.77122267917574,
      141.54098502349152
    ],
    [
      81.49048785539888,
      142.5569436786961
    ],
    [
      81.20394475143776,
      143.56824037472126
    ],
    [
      80.90899571156615,
      144.5726410359255
    ],
    [
      80.60304308005763,
      145.56791158666695
    ],
    [
      80.2834892011859,
      146.55181795130397
    ],
    [
      79.94773641922464,
      147.52212605419484
    ],
    [
      79.59318707844743,
      148.4766018196978
    ],
    [
      79.21724352312803,
      149.41301117217117
    ],
    [
      78.81730809754005,
      150.32912003597323
    ],
    [
      78.39078314595714,
      151.22269433546222
    ],
    [
      77.935071012653,
      152.09149999499644
    ],
    [
      77.44757404190125,
      152.9333029389342
    ],
    [
      76.92569457797558,
      153.74586909163372
    ],
    [
      76.36683496514964,
      154.5269643774533
    ],
    [
      75.7683975476971,
      155.27435472075135
    ],
    [
      75.12778466989161,
      155.98580604588594
    ],
    [
      74.44315224759593,
      156.65979167070702
    ],
    [
      73.71753753612569,
      157.29936712901898
    ],
    [
      72.95592269340833,
      157.9094136755919
    ],
    [
      72.16329490073949,
      158.49481728073707
    ],
    [
      71.34464133941476,
      159.06046391476573
    ],
    [
      70.50494919072977,
      159.61123954798921
    ],
    [
      69.6492056359801,
      160.1520301507187
    ],
    [
      68.78239785646133,
      160.68772169326542
    ],
    [
      67.90951303346915,
      161.22320014594072
    ],
    [
      67.03553834829908,
      161.76335147905593
    ],
    [
      66.16546098224678,
      162.3130616629222
    ],
    [
      65.30426811660784,
      162.8772166678509
    ],
    [
      64.45694693267785,
      163.46070246415314
    ],
    [
      63.62848461175241,
      164.06840502214035
    ],
    [
      62.82355615474374,
      164.70455227837118
    ],
    [
      62.04519338485,
      165.36990857446187
    ],
    [
      61.29588941310379,
      166.06410272011595
    ],
    [
      60.57813703654738,
      166.7867628631883
    ],
    [
      59.89442905222302,
      167.5375171515335
    ],
    [
      59.247258257173,
      168.31599373300648
    ],
    [
      58.63911744843958,
      169.12182075546184
    ],
    [
      58.07249942306501,
      169.95462636675438
    ],
    [
      57.5498969780916,
      170.8140387147389
    ],
    [
      57.07380291056156,
      171.69968594727004
    ],
    [
      56.64661868997015,
      172.61110160611503
    ],
    [
      56.26941096785792,
      173.54643649685133
    ],
    [
      55.94223483194237,
      174.50279354740303
    ],
    [
      55.66512025560651,
      175.47724966978754
    ],
    [
      55.438097212233444,
      176.4668817760225
    ],
    [
      55.261195675206196,
      177.4687667781254
    ],
    [
      55.13444561790779,
      178.47998158811362
    ],
    [
      55.057877013721324,
      179.49760311800492
    ],
    [
      55.03151983602983,
      180.51870827981662
    ],
    [
      55.05540405821633,
      181.5403739855663
    ],
    [
      55.12955965366393,
      182.55967714727163
    ],
    [
      55.254016595755644,
      183.5736946769499
    ],
    [
      55.42880485787453,
      184.5795034866188
    ],
    [
      55.65395441340363,
      185.57418048829572
    ],
    [
      55.92949523572602,
      186.5548025939983
    ],
    [
      56.25545729822471,
      187.51844671574392
    ],
    [
      56.63187057428278,
      188.4621897655502
    ],
    [
      57.05876503728327,
      189.38310865543468
    ],
    [
      57.536170660609244,
      190.2782802974148
    ],
    [
      58.06411741764374,
      191.14478160350816
    ],
    [
      58.64263528176981,
      191.97968948573225
    ],
    [
      59.27175422637051,
      192.78008085610458
    ]
  ],