{
  "test_id": 76,
  "test_outcome": "NOT_EXECUTED",
  "predicted_test_outcome": null,
  "test_duration": null,
  "road_points": [
    [
      100.0,
      100.0
    ],
    [
      99.96614187192796,
      99.07253989209129
    ],
    [
      99.95015597584965,
      98.12849224463366
    ],
    [
      99.94917846589114,
      97.16932000512712
    ],
    [
      99.96034549617872,
      96.19648612107174
    ],
    [
      99.98079322083849,
      95.21145353996756
    ],
    [
      100.00765779399671,
      94.21568520931464
    ],
    [
      100.03807536977955,
      93.21064407661302
    ],
    [
      100.0691821023132,
      92.19779308936279
    ],
    [
      100.09811414572384,
      91.17859519506392
    ],
    [
      100.12200765413766,
      90.15451334121653
    ],
    [
      100.13799878168086,
      89.12701047532065
    ],
    [
      100.14322368247967,
      88.09754954487634
    ],
    [
      100.13481851066018,
      87.0675934973836
    ],
    [
      100.10991942034863,
      86.03860528034251
    ],
    [
      100.06566256567126,
      85.01204784125318
    ],
    [
      99.9991841007542,
      83.9893841276156
    ],
    [
      99.90762017972368,
      82.9720770869298
    ],
    [
      99.78810695670585,
      81.96158966669587
    ],
    [
      99.6377805858269,
      80.95938481441385
    ],
    [
      99.45377722121306,
      79.96692547758377
    ],
    [
      99.23323301699051,
      78.98567460370572
    ],
    [
      98.97328412728541,
      78.01709514027972
    ],
    [
      98.67106670622397,
      77.06265003480584
    ],
    [
      98.32371690793238,
      76.12380223478411
    ],
    [
      97.92837088653684,
      75.2020146877146
    ],
    [
      97.4821647961635,
      74.29875034109733
    ],
    [
      96.98252861236581,
      73.41556307675296
    ],
    [
      96.43033653728821,
      72.55507272464618
    ],
    [
      95.82869848814919,
      71.72059104260138
    ],
    [
      95.18076226141629,
      70.91544151163092
    ],
    [
      94.4896756535571,
      70.142947612747
    ],
    [
      93.75858646103914,
      69.4064328269619
    ],
    [
      92.99064248032994,
      68.70922063528795
    ],
    [
      92.18899150789709,
      68.05463451873733
    ],
    [
      91.35678134020809,
      67.4459979583224
    ],
    [
      90.49715977373052,
      66.88663443505536
    ],
    [
      89.61327460493193,
      66.37986742994852
    ],
    [
      88.70827363027986,
      65.92902042401417
    ],
    [
      87.78530464624188,
      65.53741689826455
    ],
    [
      86.8475154492855,
      65.20838033371194
    ],
    [
      85.89772499413158,
      64.94423066799152
    ],
    [
      84.93740680322735,
      64.74318191343862
    ],
    [
      83.96769035362465,
      64.60239814125016
    ],
    [
      82.98970512223165,
      64.51904342218423
    ],
    [
      82.0045805859564,
      64.49028182699888
    ],
    [
      81.013446221707,
      64.51327742645218
    ],
    [
      80.01743150639155,
      64.58519429130223
    ],
    [
      79.01766591691812,
      64.70319649230709
    ],
    [
      78.01527893019482,
      64.86444810022486
    ],
    [
      77.01140002312974,
      65.06611318581358
    ],
    [
      76.00715867263101,
      65.30535581983138
    ],
    [
      75.00368435560664,
      65.57934007303625
    ],
    [
      74.00210654896479,
      65.88523001618636
    ],
    [
      73.00355472961354,
      66.2201897200397
    ],
    [
      72.00915837446097,
      66.58138325535442
    ],
    [
      71.02004696041516,
      66.96597469288855
    ],
    [
      70.03734996438425,
      67.37112810340017
    ],
    [
      69.06219686327628,
      67.79400755764738
    ],
    [
      68.0957171339994,
      68.23177712638824
    ],
    [
      67.13904025337506,
      68.68160088030417
    ],
    [
      66.19275882457958,
      69.14016767597326
    ],
    [
      65.25535292930802,
      69.60229647002485
    ],
    [
      64.32478312023348,
      70.06234635759111
    ],
    [
      63.39900995002917,
      70.51467643380418
    ],
    [
      62.47599397136822,
      70.95364579379626
    ],
    [
      61.55369573692389,
      71.37361353269948
    ],
    [
      60.630075799369266,
      71.76893874564603
    ],
    [
      59.7030947113776,
      72.13398052776809
    ],
    [
      58.77071302562199,
      72.46309797419778
    ],
    [
      57.83089129477568,
      72.75065018006731
    ],
    [
      56.881590071511795,
      72.99099624050879
    ],
    [
      55.92076990850354,
      73.17849525065445
    ],
    [
      54.946391358424094,
      73.30750630563641
    ],
    [
      53.95647849627038,
      73.3724295265833
    ],
    [
      52.952860399192275,
      73.37012250147133
    ],
    [
      51.94326025662815,
      73.30124954031349
    ],
    [
      50.935907853111836,
      73.16680213839156
    ],
    [
      49.93903297317722,
      72.96777179098737
    ],
    [
      48.96086540135813,
      72.70514999338273
    ],
    [
      48.00963492218846,
      72.37992824085944
    ],
    [
      47.09343719034769,
      71.99315106922394
    ],
    [
      46.2149034835032,
      71.54802385628689
    ],
    [
      45.36941849895466,
      71.05061757921462
    ],
    [
      44.55186743638905,
      70.50720073731014
    ],
    [
      43.757135495493344,
      69.9240418298765
    ],
    [
      42.98010787595447,
      69.30740935621662
    ],
    [
      42.21566977745937,
      68.66357181563353
    ],
    [
      41.45870639969504,
      67.99879770743023
    ],
    [
      40.70410294234841,
      67.3193555309097
    ],
    [
      39.94674460510645,
      66.63151378537493
    ],
    [
      39.181516587656105,
      65.94154097012894
    ],
    [
      38.4033040896843,
      65.25570558447468
    ],
    [
      37.607047595875834,
      64.58023770477122
    ],
    [
      36.790244198569084,
      63.919590571047195
    ],
    [
      35.95396914017767,
      63.27573061741074
    ],
    [
      35.09956452181704,
      62.65043881179745
    ],
    [
      34.22837244460255,
      62.045496122142865
    ],
    [
      33.34173500964965,
      61.46268351638259
    ],
    [
      32.44099431807374,
      60.90378196245218
    ],
    [
      31.52749247099021,
      60.37057242828719
    ],
    [
      30.60257156951448,
      59.8648358818232
    ],
    [
      29.667573714761954,
      59.38835329099578
    ],
    [
      28.72384100784804,
      58.94290562374048
    ],
    [
      27.772715549888147,
      58.53027384799289
    ],
    [
      26.81553944199768,
      58.15223893168856
    ],
    [
      25.85365478529205,
      57.81058184276307
    ],
    [
      24.888403680886675,
      57.50708354915198
    ],
    [
      23.921128229896937,
      57.243525018790855
    ],
    [
      22.953170533438257,
      57.02168721961529
    ],
    [
      21.98587269262605,
      56.84335111956081
    ],
    [
      21.020576808575708,
      56.71029768656301
    ],
    [
      20.05862498240265,
      56.624307888557446
    ],
    [
      19.101359315222275,
      56.5871626934797
    ],
    [
      18.150121908150005,
      56.60064306926533
    ],
    [
      17.206254862301233,
      56.66652998384989
    ],
    [
      16.271100278791383,
      56.786604405168966
    ],
    [
      15.346000258735847,
      56.96264730115813
    ],
    [
      14.43229690325003,
      57.196439639752946
    ],
    [
      13.531332313449349,
      57.48976238888897
    ],
    [
      12.644448590449214,
      57.84439651650179
    ],
    [
      11.77298783536502,
      58.26212299052693
    ],
    [
      10.918292149312185,
      58.74472277890001
    ],
    [
      10.081703633406116,
      59.293976849556586
    ],
    [
      9.264564388762228,
      59.911666170432184
    ],
    [
      8.468216516495907,
      60.599571709462424
    ],
    [
      7.694002117722576,
      61.359474434582836
    ],
