{
  "test_id": 109,
  "test_outcome": "NOT_EXECUTED",
  "predicted_test_outcome": null,
  "test_duration": null,
  "road_points": [
    [
      100.00000000000003,
      100.00000000000003
    ],
    [
      99.8101458236203,
      99.05851795700296
    ],
    [
      99.66684075349895,
      98.10452252246444
    ],
    [
      99.56554435290263,
      97.13905452851242
    ],
    [
      99.50171618509798,
      96.16315480727494
    ],
    [
      99.47081581335159,
      95.17786419087993
    ],
    [
      99.46830280093015,
      94.1842235114554
    ],
    [
      99.48963671110022,
      93.18327360112929
    ],
    [
      99.53027710712853,
      92.17605529202963
    ],
    [
      99.58568355228161,
      91.16360941628439
    ],
    [
      99.65131560982614,
      90.14697680602151
    ],
    [
      99.72263284302875,
      89.12719829336899
    ],
    [
      99.79509481515608,
      88.10531471045485
    ],
    [
      99.86416108947473,
      87.08236688940703
    ],
    [
      99.92529122925137,
      86.05939566235351
    ],
    [
      99.97394479775261,
      85.0374418614223
    ],
    [
      100.00558135824504,
      84.01754631874132
    ],
    [
      100.01566047399537,
      83.00074986643862
    ],
    [
      99.99964170827019,
      81.98809333664217
    ],
    [
      99.95298462433612,
      80.98061756147989
    ],
    [
      99.87114878545984,
      79.97936337307982
    ],
    [
      99.74959375490792,
      78.98537160356992
    ],
    [
      99.58377909594705,
      77.99968308507819
    ],
    [
      99.36916437184381,
      77.02333864973255
    ],
    [
      99.10173809710065,
      76.05751564720732
    ],
    [
      98.78147225837556,
      75.10441952543513
    ],
    [
      98.41015369682916,
      74.16672412993766
    ],
    [
      97.9895784646735,
      73.24710568352583
    ],
    [
      97.52154261412069,
      72.34824040901076
    ],
    [
      97.00784219738281,
      71.47280452920339
    ],
    [
      96.45027326667193,
      70.6234742669147
    ],
    [
      95.85063187420015,
      69.80292584495574
    ],
    [
      95.21071407217954,
      69.01383548613752
    ],
    [
      94.5323159128222,
      68.25887941327102
    ],
    [
      93.81723598477095,
      67.54070874142845
    ],
    [
      93.06734830594453,
      66.86122792285543
    ],
    [
      92.28461325219757,
      66.22148656584162
    ],
    [
      91.47099593409912,
      65.6224874104657
    ],
    [
      90.6284614622182,
      65.06523319680623
    ],
    [
      89.75897494712385,
      64.55072666494195
    ],
    [
      88.86450149938509,
      64.07997055495146
    ],
    [
      87.947006229571,
      63.65396760691342
    ],
    [
      87.00845424825057,
      63.27372056090647
    ],
    [
      86.05081066599287,
      62.94023215700929
    ],
    [
      85.07604084135873,
      62.654505104144796
    ],
    [
      84.08642029997328,
      62.4175031443521
    ],
    [
      83.0851403015109,
      62.230074974243294
    ],
    [
      82.07556028261426,
      62.09304816203498
    ],
    [
      81.06103967992617,
      62.00725027594379
    ],
    [
      80.04493793008929,
      61.97350888418634
    ],
    [
      79.03061446974638,
      61.992651554979204
    ],
    [
      78.0214287355402,
      62.06550585653905
    ],
    [
      77.02074016411342,
      62.19289935708243
    ],
    [
      76.03190819210884,
      62.37565962482603
    ],
    [
      75.05829225616915,
      62.61461422798641
    ],
    [
      74.10298276093904,
      62.910220239677564
    ],
    [
      73.16677639892293,
      63.25977596706372
    ],
    [
      72.24930883029559,
      63.65898081162043
    ],
    [
      71.35020670060152,
      64.10352176040259
    ],
    [
      70.46909665538516,
      64.5890858004651
    ],
    [
      69.60560534019096,
      65.11135991886285
    ],
    [
      68.7593594005634,
      65.66603110265075
    ],
    [
      67.92998548204694,
      66.24878633888366
    ],
    [
      67.11711023018603,
      66.85531261461651
    ],
    [
      66.32036029052512,
      67.48129691690416
    ],
    [
      65.53935479431486,
      68.12246900870873
    ],
    [
      64.77343765541094,
      68.77612535693166
    ],
    [
      64.02160475173851,
      69.44154365957945
    ],
    [
      63.28282963118352,
      70.11812873075262
    ],
    [
      62.55608584163201,
      70.80528538455165
    ],
    [
      61.840346930970014,
      71.50241843507698
    ],
    [
      61.13458644708351,
      72.20893269642909
    ],
    [
      60.4377779378585,
      72.92423298270849
    ],
    [
      59.74889495118104,
      73.64772410801564
    ],
    [
      59.066911034937114,
      74.378810886451
    ],
    [
      58.39079973701272,
      75.1168981321151
    ],
    [
      57.71953460529391,
      75.86139065910837
    ],
    [
      57.052089187666645,
      76.61169328153129
    ],
    [
      56.3874338711493,
      77.36719527106656
    ],
    [
      55.7244287466178,
      78.12674355820576
    ],
    [
      55.06179750819001,
      78.888514391959
    ],
    [
      54.39825539505894,
      79.65064244731671
    ],
    [
      53.73251764641767,
      80.41126239926919
    ],
    [
      53.06329950145921,
      81.16850892280692
    ],
    [
      52.389316199376616,
      81.92051669292024
    ],
    [
      51.70928297936292,
      82.66542038459957
    ],
    [
      51.021915080611166,
      83.40135467283528
    ],
    [
      50.32592774231438,
      84.12645423261779
    ],
    [
      49.620036203665634,
      84.83885373893749
    ],
    [
      48.902955703857934,
      85.53668786678473
    ],
    [
      48.17340148208433,
      86.21809129114995
    ],
    [
      47.43008877753788,
      86.88119868702354
    ],
    [
      46.67173282941161,
      87.52414472939589
    ],
    [
      45.897048876898545,
      88.14506409325736
    ],
    [
      45.10475215919177,
      88.7420914535984
    ],
    [
      44.29358788168132,
      89.31339249579767
    ],
    [
      43.46328423924585,
      89.85815014761856
    ],
    [
      42.61475007174785,
      90.37676912213634
    ],
    [
      41.74896413279879,
      90.86972648236448
    ],
    [
      40.86690517601015,
      91.33749929131648
    ],
    [
      39.96955195499337,
      91.78056461200572
    ],
    [
      39.057883223359894,
      92.19939950744568
    ],
    [
      38.132877734721255,
      92.59448104064981
    ],
    [
      37.19551424268888,
      92.9662862746316
    ],
    [
      36.24677150087423,
      93.31529227240448
    ],
    [
      35.287628262888795,
      93.6419760969819
    ],
    [
      34.31906328234401,
      93.94681481137731
    ],
    [
      33.34205531285135,
      94.2302854786042
    ],
    [
      32.35758310802232,
      94.49286516167602
    ],
    [
      31.36662542146833,
      94.73503092360617
    ],
    [
      30.370161841364613,
      94.95726279659662
    ],
    [
      29.36968918906494,
      95.16188101119081
    ],
    [
      28.368102409939215,
      95.35618000608866
    ],
    [
      27.36853035345297,
      95.54828639771313
    ],
    [
      26.3741018690718,
      95.74632680248718
    ],
    [
      25.38794580626123,
      95.95842783683383
    ],
    [
      24.413191014486813,
      96.19271611717612
    ],
    [
      23.45296634321408,
      96.45731825993691
    ],
    [
      22.51040064190859,
      96.76036088153926
    ],
    [
      21.588622760035864,
      97.10997059840614
    ],
    [
      20.690761547061502,
      97.51427402696054
    ],
    [
      19.819819768358037,
      97.98040075617598
    ],
    [
      18.977827085156623,
      98.50778541908613
    ],
    [
      18.16636032377497,
      99.0922817938516
    ],
    [
      17.386993791525807,
      99.7297237392517
    ],
    [
      16.641301795721837,
      100.41594511406574
    ],
    [
      15.93085864367582,
      101.14677977707302
