{
  "test_id": 169,
  "test_outcome": "NOT_EXECUTED",
  "predicted_test_outcome": null,
  "test_duration": null,
  "road_points": [
    [
      100.0,
      100.00000000000001
    ],
    [
      99.79130573777574,
      100.95551011548424
    ],
    [
      99.56513216743042,
      101.91438741886272
    ],
    [
      99.32383994700747,
      102.87646061403144
    ],
    [
      99.06978973455051,
      103.84155840488657
    ],
    [
      98.80534218810304,
      104.80950949532416
    ],
    [
      98.53285796570866,
      105.7801425892404
    ],
    [
      98.2546977254109,
      106.75328639053133
    ],
    [
      97.97322212525332,
      107.7287696030931
    ],
    [
      97.69079182327944,
      108.70642093082175
    ],
    [
      97.40976747753282,
      109.68606907761344
    ],
    [
      97.13250974605707,
      110.66754274736431
    ],
    [
      96.86137928689567,
      111.6506706439704
    ],
    [
      96.59873675809217,
      112.63528147132783
    ],
    [
      96.34694281769016,
      113.62120393333272
    ],
    [
      96.1083581237332,
      114.60826673388122
    ],
    [
      95.88534333426483,
      115.5962985768694
    ],
    [
      95.68025910732858,
      116.58512816619334
    ],
    [
      95.49546610096799,
      117.57458420574916
    ],
    [
      95.33332497322665,
      118.56449539943301
    ],
    [
      95.19619638214809,
      119.55469045114094
    ],
    [
      95.08644098577584,
      120.54499806476908
    ],
    [
      95.00641944215349,
      121.53524694421355
    ],
    [
      94.95849240932456,
      122.52526579337044
    ],
    [
      94.94502047803397,
      123.5148833191621
    ],
    [
      94.9673624465472,
      124.50397327653879
    ],
    [
      95.0233473755828,
      125.49256814365776
    ],
    [
      95.11002732452593,
      126.48073533842539
    ],
    [
      95.22445435276154,
      127.46854227874786
    ],
    [
      95.36368051967479,
      128.45605638253156
    ],
    [
      95.52475788465071,
      129.44334506768269
    ],
    [
      95.7047385070744,
      130.4304757521076
    ],
    [
      95.90067444633085,
      131.41751585371256
    ],
    [
      96.1096177618052,
      132.4045327904038
    ],
    [
      96.32862051288248,
      133.39159398008766
    ],
    [
      96.55473475894775,
      134.37876684067038
    ],
    [
      96.78501255938612,
      135.36611879005832
    ],
    [
      97.01650597358258,
      136.35371724615766
    ],
    [
      97.24626706092228,
      137.34162962687475
    ],
    [
      97.47134788079022,
      138.32992335011585
    ],
    [
      97.6888004925715,
      139.31866583378726
    ],
    [
      97.8956769556512,
      140.30792449579528
    ],
    [
      98.08903034403914,
      141.29776670617235
    ],
    [
      98.26728839953411,
      142.28819497300785
    ],
    [
      98.43297255394131,
      143.27901864885885
    ],
    [
      98.58936284792219,
      144.27001129229268
    ],
    [
      98.73973932213816,
      145.26094646187678
    ],
    [
      98.88738201725073,
      146.25159771617862
    ],
    [
      99.03557097392137,
      147.24173861376565
    ],
    [
      99.1875862328115,
      148.23114271320517
    ],
    [
      99.3467078345826,
      149.2195835730647
    ],
    [
      99.51621581989615,
      150.2068347519117
    ],
    [
      99.69939022941358,
      151.1926698083135
    ],
    [
      99.89951110379634,
      152.1768623008376
    ],
    [
      100.11985848370593,
      153.15918578805133
    ],
    [
      100.3637118109937,
      154.13941241703336
    ],
    [
      100.63403154384996,
      155.11656244059637
    ],
    [
      100.93293499091232,
      156.08766867648526
    ],
    [
      101.26240175578522,
      157.04943935019335
    ],
    [
      101.62441144207308,
      157.99858268721377
    ],
    [
      102.02094365338039,
      158.93180691303968
    ],
    [
      102.4539779933115,
      159.84582025316428
    ],
    [
      102.92549406547091,
      160.73733093308073
    ],
    [
      103.43747147346302,
      161.60304717828228
    ],
    [
      103.99188982089233,
      162.43967721426213
    ],
    [
      104.59072871136317,
      163.2439292665133
    ],
    [
      105.23552865478202,
      164.01272108990614
    ],
    [
      105.9247881462529,
      164.7444220462663
    ],
    [
      106.6557178700033,
      165.43801602277438
    ],
    [
      107.42552389110999,
      166.09248911080525
    ],
    [
      108.23141227464971,
      166.7068274017338
    ],
    [
      109.07058908569915,
      167.28001698693473
    ],
    [
      109.94026038933504,
      167.81104395778294
    ],
    [
      110.83763225063409,
      168.29889440565324
    ],
    [
      111.7599107346731,
      168.74255442192054
    ],
    [
      112.70430190652874,
      169.1410100979596
    ],
    [
      113.66800318624372,
      169.49324075796898
    ],
    [
      114.64801336121776,
      169.79807024010663
    ],
    [
      115.64113269899684,
      170.05416698477947
    ],
    [
      116.64415284465085,
      170.26019268287592
    ],
    [
      117.65386544324974,
      170.41480902528465
    ],
    [
      118.66706213986333,
      170.51667770289393
    ],
    [
      119.68053457956157,
      170.56446040659242
    ],
    [
      120.6910744074144,
      170.55681882726861
    ],
    [
      121.69547326849168,
      170.49241465581102
    ],
    [
      122.69052280786327,
      170.36990958310807
    ],
    [
      123.67301832599435,
      170.1879715241901
    ],
    [
      124.64076790029122,
      169.94699287719988
    ],
    [
      125.59396900490142,
      169.65143453173283
    ],
    [
      126.53316353106582,
      169.30634382582844
    ],
    [
      127.45889337002541,
      168.916768097526
    ],
    [
      128.37170041302102,
      168.48775468486485
    ],
    [
      129.27212655129364,
      168.02435092588445
    ],
    [
      130.16071367608413,
      167.53160415862416
    ],
    [
      131.03800367863343,
      167.0145617211233
    ],
    [
      131.90453845018243,
      166.47827095142134
    ],
    [
      132.76085988197207,
      165.92777918755758
    ],
    [
      133.60746888481103,
      165.3675848529735
    ],
    [
      134.444615790503,
      164.79882997718002
    ],
    [
      135.2724562495332,
      164.22138837568968
    ],
    [
      136.0911457361057,
      163.63513150280465
    ],
    [
      136.90083972442437,
      163.0399308128271
    ],
    [
      137.70169368869318,
      162.43565776005914
    ],
    [
      138.49386310311613,
      161.82218379880302
    ],
    [
      139.27750344189707,
      161.19938038336085
    ],
    [
      140.05277017924004,
      160.5671189680348
    ],
    [
      140.819818789349,
      159.92527100712704
    ],
    [
      141.57880474642786,
      159.2737079549398
    ],
    [
      142.3298835246806,
      158.61230126577516
    ],
    [
      143.07321059831116,
      157.9409223939353
    ],
    [
      143.8089414415235,
      157.25944279372237
    ],
    [
      144.53723152852154,
      156.56773391943855
    ],
    [
      145.25823633350927,
      155.86566722538603
    ],
    [
      145.97211133069064,
      155.15311416586695
    ],
    [
      146.67901199426962,
      154.4299461951835
    ],
    [
      147.3790937984501,
      153.69603476763785
    ],
    [
      148.07185944020054,
      152.95108222016842
    ],
    [
      148.75349081108172,
      152.19393055662408
    ],
    [
      149.41911644106455,
      151.4231488826499
    ],
    [
      150.0638644335199,
      150.6373061933701
    ],
    [
      150.68286289181881,
      149.8349714839088
    ],
    [
      151.27123991933217,
      149.01471374939027
    ],
    [
      151.8241236194307,
      148.1751019849387
    ],
    [
      152.3366420954855,
      147.31470518567832
    ],
    [
      152.80392345086736,
