{
  "test_id": 220,
  "test_outcome": "NOT_EXECUTED",
  "predicted_test_outcome": null,
  "test_duration": null,
  "road_points": [
    [
      99.99999999999999,
      99.99999999999997
    ],
    [
      99.86221659294225,
      100.90355719726378
    ],
    [
      99.66945574780509,
      101.80420952626137
    ],
    [
      99.42492238759039,
      102.70221597371996
    ],
    [
      99.13182143529977,
      103.59783552636664
    ],
    [
      98.79335781393505,
      104.49132717092857
    ],
    [
      98.41273644649803,
      105.38294989413299
    ],
    [
      97.99316225599048,
      106.27296268270709
    ],
    [
      97.5378401654141,
      107.16162452337794
    ],
    [
      97.04997509777073,
      108.0491944028728
    ],
    [
      96.53277197606216,
      108.93593130791888
    ],
    [
      95.9894357232901,
      109.82209422524322
    ],
    [
      95.42317126245631,
      110.70794214157307
    ],
    [
      94.83718351656262,
      111.59373404363559
    ],
    [
      94.23467740861072,
      112.47972891815796
    ],
    [
      93.61885786160245,
      113.36618575186736
    ],
    [
      92.99292979853958,
      114.25336353149098
    ],
    [
      92.36009814242385,
      115.14152124375593
    ],
    [
      91.72356781625703,
      116.03091787538945
    ],
    [
      91.08654374304086,
      116.92181241311863
    ],
    [
      90.45223084577718,
      117.81446384367071
    ],
    [
      89.82383404746773,
      118.70913115377289
    ],
    [
      89.20455827111424,
      119.60607333015224
    ],
    [
      88.5976084397185,
      120.50554935953602
    ],
    [
      88.00618947628234,
      121.40781822865137
    ],
    [
      87.43350630380745,
      122.31313892422544
    ],
    [
      86.88276384529564,
      123.22177043298547
    ],
    [
      86.35716702374864,
      124.13397174165856
    ],
    [
      85.8599207621683,
      125.05000183697192
    ],
    [
      85.39422998355629,
      125.9701197056527
    ],
    [
      84.96329961091446,
      126.89458433442809
    ],
    [
      84.57033456724453,
      127.8236547100253
    ],
    [
      84.2185397755483,
      128.75758981917141
    ],
    [
      83.9111201588275,
      129.69664864859368
    ],
    [
      83.65128064008394,
      130.64109018501924
    ],
    [
      83.44222614231936,
      131.59117341517526
    ],
    [
      83.28716158853555,
      132.5471573257889
    ],
    [
      83.18929190173426,
      133.5093009035874
    ],
    [
      83.1518220049173,
      134.47786313529787
    ],
    [
      83.17795682108643,
      135.45310300764754
    ],
    [
      83.27089356401483,
      136.43527089949097
    ],
    [
      83.43217872303282,
      137.42277404474055
    ],
    [
      83.65966773242332,
      138.40989836592232
    ],
    [
      83.95071534930683,
      139.39037074581253
    ],
    [
      84.30267633080386,
      140.35791806718746
    ],
    [
      84.71290543403494,
      141.30626721282331
    ],
    [
      85.17875741612056,
      142.2291450654963
    ],
    [
      85.69758703418121,
      143.12027850798273
    ],
    [
      86.26674904533738,
      143.97339442305872
    ],
    [
      86.88359820670966,
      144.78221969350062
    ],
    [
      87.54548927541849,
      145.5404812020846
    ],
    [
      88.24953997683822,
      146.24361415406247
    ],
    [
      88.99153889610406,
      146.89663306286067
    ],
    [
      89.76681162985534,
      147.50788926773717
    ],
    [
      90.57068330209314,
      148.08573751432226
    ],
    [
      91.39847903681861,
      148.63853254824636
    ],
    [
      92.24552395803289,
      149.17462911513982
    ],
    [
      93.10714318973714,
      149.70238196063303
    ],
    [
      93.97866185593243,
      150.23014583035638
    ],
    [
      94.85540508061993,
      150.76627546994015
    ],
    [
      95.73269798780075,
      151.3191256250148
    ],
    [
      96.60593147258594,
      151.89675392272997
    ],
    [
      97.47157527182762,
      152.50234436381075
    ],
    [
      98.3269808893214,
      153.1350976004418
    ],
    [
      99.1695256815887,
      153.79409749610434
    ],
    [
      99.99658700515089,
      154.47842791427968
    ],
    [
      100.80554221652945,
      155.18717271844912
    ],
    [
      101.59376867224576,
      155.91941577209386
    ],
    [
      102.35864372882125,
      156.67424093869533
    ],
    [
      103.09754474277736,
      157.4507320817347
    ],
    [
      103.80784907063547,
      158.24797306469338
    ],
    [
      104.48693406891705,
      159.06504775105253
    ],
    [
      105.13217709414349,
      159.90104000429352
    ],
    [
      105.74095550283621,
      160.7550336878976
    ],
    [
      106.31064665151662,
      161.62611266534603
    ],
    [
      106.83862789670617,
      162.5133608001202
    ],
    [
      107.3222765949263,
      163.41586195570136
    ],
    [
      107.75897010269837,
      164.33269999557072
    ],
    [
      108.14608577654383,
      165.26295878320965
    ],
    [
      108.48100097298406,
      166.20572218209944
    ],
    [
      108.76109304854059,
      167.16007405572137
    ],
    [
      108.98373935973468,
      168.1250982675566
    ],
    [
      109.14631726308792,
      169.0998786810867
    ],
    [
      109.24620411512161,
      170.08349915979272
    ],
    [
      109.28106223498128,
      171.07489828199044
    ],
    [
      109.25123724705836,
      172.07164657133208
    ],
    [
      109.15854747174946,
      173.07056371306197
    ],
    [
      109.00482639821703,
      174.06846165879057
    ],
    [
      108.79190751562352,
      175.06215236012827
    ],
    [
      108.5216243131314,
      176.04844776868543
    ],
    [
      108.19581027990313,
      177.0241598360724
    ],
    [
      107.81629890510116,
      177.98610051389966
    ],
    [
      107.38492367788795,
      178.9310817537775
    ],
    [
      106.90351808742598,
      179.85591550731644
    ],
    [
      106.37391562287769,
      180.75741372612677
    ],
    [
      105.79794977340552,
      181.63238836181887
    ],
    [
      105.17745402817195,
      182.47765136600313
    ],
    [
      104.51426195649702,
      183.29001497820204
    ],
    [
      103.81031059809743,
      184.06666308555987
    ],
    [
      103.06784352864652,
      184.8058805989248
    ],
    [
      102.28916082218502,
      185.50615536142828
    ],
    [
      101.47656255275356,
      186.16597521620153
    ],
    [
      100.63234879439275,
      186.78382800637567
    ],
    [
      99.75881962114327,
      187.35820157508218
    ],
    [
      98.85827510704577,
      187.8875837654522
    ],
    [
      97.93301532614085,
      188.37046242061703
    ],
    [
      96.98534035246915,
      188.8053253837079
    ],
    [
      96.01755026007135,
      189.19066049785607
    ],
    [
      95.03194512298808,
      189.52495560619286
    ],
    [
      94.03082501525998,
      189.80669855184954
    ],
    [
      93.01649001092765,
      190.03437717795728
    ],
    [
      91.99124018403181,
      190.20647932764743
    ],
    [
      90.95737560861305,
      190.32149284405125
    ],
    [
      89.917196358712,
      190.3779055703
    ],
    [
      88.87300250836932,
      190.37420534952489
    ],
    [
      87.82709413162569,
      190.30888002485722
    ],
    [
      86.78181300062542,
      190.18063803744653
    ],
    [
      85.73992310725717,
      189.99042152327453
    ],
    [
      84.70443382391898,
      189.74047076977936
    ],
    [
      83.678357553799,
      189.43304209837277
    ],
    [
      82.66470670008547,
      189.07039183046675
    ],
    [
      81.66649366596658,
      188.6547762874731
    ],
    [
      80.68673085463053,
      188.18845179080375
    ],
    [
      79.72843066926546,
      187.67367466187048
    ],
    [
      78.79460551305971,
      187.11270122208524
