{
  "test_id": 356,
  "test_outcome": "NOT_EXECUTED",
  "predicted_test_outcome": null,
  "test_duration": null,
  "road_points": [
    [
      100.0,
      100.0
    ],
    [
      100.02507843663948,
      99.00082811113536
    ],
    [
      100.04584387474826,
      98.00097566488276
    ],
    [
      100.06255086083796,
      97.0004828266881
    ],
    [
      100.0754539414202,
      95.9993897619972
    ],
    [
      100.08480766300667,
      94.99773663625602
    ],
    [
      100.09086657210894,
      93.99556361491041
    ],
    [
      100.09388521523864,
      92.9929108634062
    ],
    [
      100.09411813890752,
      91.9898185471894
    ],
    [
      100.091819889627,
      90.98632683170574
    ],
    [
      100.08724501390888,
      89.9824758824012
    ],
    [
      100.08064805826473,
      88.97830586472165
    ],
    [
      100.07228356920615,
      87.9738569441129
    ],
    [
      100.0624060932448,
      86.9691692860209
    ],
    [
      100.05127017689236,
      85.96428305589153
    ],
    [
      100.03913036666036,
      84.95923841917062
    ],
    [
      100.0262412090605,
      83.9540755413041
    ],
    [
      100.01285725060441,
      82.94883458773786
    ],
    [
      99.99923303780369,
      81.94355572391771
    ],
    [
      99.98562311716995,
      80.93827911528959
    ],
    [
      99.9722820352149,
      79.93304492729938
    ],
    [
      99.9594643384501,
      78.92789332539293
    ],
    [
      99.94742457338725,
      77.92286447501617
    ],
    [
      99.93641728653785,
      76.91799854161492
    ],
    [
      99.92669702441364,
      75.91333569063508
    ],
    [
      99.91851833352624,
      74.90891608752256
    ],
    [
      99.91213576038727,
      73.90477989772322
    ],
    [
      99.90780385150832,
      72.90096728668294
    ],
    [
      99.90577715340109,
      71.89751841984759
    ],
    [
      99.90631021257715,
      70.89447346266307
    ],
    [
      99.90965757554815,
      69.89187258057525
    ],
    [
      99.91607378882574,
      68.88975593903002
    ],
    [
      99.92581339892153,
      67.88816370347327
    ],
    [
      99.93913095234714,
      66.88713603935082
    ],
    [
      99.95628099561424,
      65.88671311210864
    ],
    [
      99.9775180752344,
      64.88693508719254
    ],
    [
      100.00309632282163,
      63.88784206458084
    ],
    [
      100.03286833164125,
      62.88941078464532
    ],
    [
      100.06553564394603,
      61.891436360923194
    ],
    [
      100.09959484440165,
      60.893681566249754
    ],
    [
      100.13354251767387,
      59.895909173460296
    ],
    [
      100.16587524842834,
      58.89788195539004
    ],
    [
      100.19508962133067,
      57.89936268487426
    ],
    [
      100.21968222104665,
      56.90011413474826
    ],
    [
      100.2381496322419,
      55.89989907784726
    ],
    [
      100.24898843958215,
      54.89848028700656
    ],
    [
      100.25069522773302,
      53.89562053506141
    ],
    [
      100.24176658136027,
      52.891082594847084
    ],
    [
      100.22069908512955,
      51.88462923919885
    ],
    [
      100.18598932370654,
      50.87602324095198
    ],
    [
      100.13613388175693,
      49.86502737294174
    ],
    [
      100.0696293439464,
      48.85140440800338
    ],
    [
      99.98497062400759,
      47.83491986627282
    ],
    [
      99.8800446792541,
      46.81633885253702
    ],
    [
      99.75122911138594,
      45.798908111150155
    ],
    [
      99.59467127802671,
      44.78625294722763
    ],
    [
      99.40651853679994,
      43.78199866588484
    ],
    [
      99.18291824532929,
      42.789770572237245
    ],
    [
      98.9200177612383,
      41.81319397140024
    ],
    [
      98.61396444215055,
      40.85589416848924
    ],
    [
      98.26090564568966,
      39.921496468619665
    ],
    [
      97.85698872947916,
      39.013626176906925
    ],
    [
      97.39836105114267,
      38.13590859846645
    ],
    [
      96.88207146744433,
      37.291437685290916
    ],
    [
      96.31100605541307,
      36.47986687004647
    ],
    [
      95.69037580407894,
      35.6994792576905
    ],
    [
      95.02539769467553,
      34.94855442131213
    ],
    [
      94.32128870843648,
      34.22537193400049
    ],
    [
      93.58326582659538,
      33.52821136884473
    ],
    [
      92.8165460303859,
      32.855352298934
    ],
    [
      92.02634630104164,
      32.20507429735743
    ],
    [
      91.21788361979627,
      31.57565693720418
    ],
    [
      90.39637496788336,
      30.96537979156337
    ],
    [
      89.56689604519157,
      30.372575662732345
    ],
    [
      88.73157595764825,
      29.79668751276273
    ],
    [
      87.88975626281214,
      29.238208541388573
    ],
    [
      87.04066907671925,
      28.697673181569527
    ],
    [
      86.18354651540577,
      28.17561586626527
    ],
    [
      85.3176206949077,
      27.672571028435478
    ],
    [
      84.44212373126122,
      27.18907310103983
    ],
    [
      83.55628774050241,
      26.725656517037987
    ],
    [
      82.65934483866735,
      26.282855709389633
    ],
    [
      81.7505271417922,
      25.861205111054442
    ],
    [
      80.8291181241239,
      25.461269060888977
    ],
    [
      79.89533546757174,
      25.084155887066274
    ],
    [
      78.9502114860969,
      24.731448278172902
    ],
    [
      77.99480579603005,
      24.40474482097093
    ],
    [
      77.03017801370194,
      24.10564410222243
    ],
    [
      76.05738775544327,
      23.835744708689482
    ],
    [
      75.07749463758476,
      23.59664522713415
    ],
    [
      74.09155827645714,
      23.38994424431851
    ],
    [
      73.10063828839112,
      23.217240347004626
    ],
    [
      72.10579428971741,
      23.08013212195458
    ],
    [
      71.10808432353143,
      22.980202991976718
    ],
    [
      70.10833711375416,
      22.916826039627892
    ],
    [
      69.10691334932848,
      22.88486309560777
    ],
    [
      68.10411664093246,
      22.87862582996554
    ],
    [
      67.10025059924419,
      22.892425912750404
    ],
    [
      66.0956188349417,
      22.92057501401156
    ],
    [
      65.0905249587031,
      22.957384803798202
    ],
    [
      64.08527258120644,
      22.997166952159528
    ],
    [
      63.0801653131298,
      23.03423312914473
    ],
    [
      62.075506765151246,
      23.062895004803014
    ],
    [
      61.07160054794884,
      23.077464249183564
    ],
    [
      60.068750272200674,
      23.07225253233559
    ],
    [
      59.067259548584815,
      23.041571524308274
    ],
    [
      58.06742565647882,
      22.979824809685475
    ],
    [
      57.06892672768795,
      22.890404436146536
    ],
    [
      56.07031031254251,
      22.793115646414115
    ],
    [
      55.07000356631278,
      22.70951151620253
    ],
    [
      54.06667242732968,
      22.659232868471136
    ],
    [
      53.06076361102327,
      22.647659481425666
    ],
    [
      52.053528294865316,
      22.673728738440794
    ],
    [
      51.046221588218344,
      22.736346535024886
    ],
    [
      50.040098600445,
      22.834418766686326
    ],
    [
      49.0364144409078,
      22.966851328933505
    ],
    [
      48.036424218969415,
      23.132550117274825
    ],
    [
      47.04138304399234,
      23.330421027218645
    ],
    [
      46.05254602533919,
      23.55936995427337
    ],
    [
      45.071168272372546,
      23.818302793947375
    ],
    [
      44.09850489445496,
      24.10612544174905
    ],
    [
      43.13581100094906,
      24.421743793186785
    ],
    [
      42.18434170121738,
      24.764063743768958
    ],
    [
      41.24535083564289,
      25.131991288643423
    ],
    [
      40.31960628771266,
      25.524470579978882
    ],
    [
      39.40665859332862,
      25.940541355288453
    ],
    [
