{
  "test_id": 373,
  "test_outcome": "NOT_EXECUTED",
  "predicted_test_outcome": null,
  "test_duration": null,
  "road_points": [
    [
      100.0,
      100.0
    ],
    [
      100.0298885175889,
      99.05357344862777
    ],
    [
      100.0618880932024,
      98.08992805709524
    ],
    [
      100.09329613770328,
      97.11115327663214
    ],
    [
      100.12141006195449,
      96.11933855846841
    ],
    [
      100.14352727681876,
      95.11657335383377
    ],
    [
      100.15694519315888,
      94.10494711395802
    ],
    [
      100.15896122183777,
      93.086549290071
    ],
    [
      100.14687277371821,
      92.06346933340254
    ],
    [
      100.11797725966302,
      91.03779669518234
    ],
    [
      100.069572090535,
      90.01162082664031
    ],
    [
      99.99895467719703,
      88.98703117900622
    ],
    [
      99.90342243051184,
      87.96611720350982
    ],
    [
      99.78027276134237,
      86.95096835138104
    ],
    [
      99.62680308055134,
      85.94367407384954
    ],
    [
      99.44031079900162,
      84.94632382214523
    ],
    [
      99.21809332755603,
      83.96100704749787
    ],
    [
      98.95744807707737,
      82.98981320113724
    ],
    [
      98.6556724584285,
      82.0348317342932
    ],
    [
      98.3100638824722,
      81.09815209819554
    ],
    [
      97.91791976007134,
      80.18186374407404
    ],
    [
      97.47653750208872,
      79.28805612315853
    ],
    [
      96.98349095460168,
      78.4188128762408
    ],
    [
      96.43950788866836,
      77.57615135123655
    ],
    [
      95.84732290226994,
      76.76204671423096
    ],
    [
      95.20970280632382,
      75.97847345422014
    ],
    [
      94.52941441174745,
      75.22740606020015
    ],
    [
      93.8092245294583,
      74.51081902116718
    ],
    [
      93.05189997037377,
      73.83068682611726
    ],
    [
      92.26020754541133,
      73.18898396404656
    ],
    [
      91.4369140654884,
      72.58768492395114
    ],
    [
      90.58478634152237,
      72.02876419482713
    ],
    [
      89.70658823390893,
      71.51418829538976
    ],
    [
      88.80490357627981,
      71.04543743584796
    ],
    [
      87.88203542463246,
      70.62323335834114
    ],
    [
      86.94026247798739,
      70.24823200920811
    ],
    [
      85.98186343536517,
      69.92108933478784
    ],
    [
      85.00911699578629,
      69.64246128141914
    ],
    [
      84.02430185827139,
      69.41300379544094
    ],
    [
      83.02969672184092,
      69.23337282319208
    ],
    [
      82.02758028551544,
      69.10422431101148
    ],
    [
      81.02023124831553,
      69.02621420523796
    ],
    [
      80.0099283092617,
      68.99999845221045
    ],
    [
      78.99901145661767,
      69.0260131893522
    ],
    [
      77.99007316584213,
      69.10378902917408
    ],
    [
      76.98577092121073,
      69.23262343532082
    ],
    [
      75.98876220705884,
      69.4118138712226
    ],
    [
      75.00170450772191,
      69.6406578003098
    ],
    [
      74.0272553075353,
      69.91845268601261
    ],
    [
      73.06807209083449,
      70.24449599176138
    ],
    [
      72.1268123419548,
      70.6180851809863
    ],
    [
      71.20613354523168,
      71.03851771711768
    ],
    [
      70.30869318500058,
      71.50509106358581
    ],
    [
      69.43710187891908,
      72.01705527082613
    ],
    [
      68.59338969844839,
      72.57307307574773
    ],
    [
      67.77919447863167,
      73.17141040660731
    ],
    [
      66.99614667444177,
      73.81032572556302
    ],
    [
      66.24587674085151,
      74.48807749477298
    ],
    [
      65.53001513283378,
      75.20292417639533
    ],
    [
      64.85019230536136,
      75.95312423258821
    ],
    [
      64.2080387134071,
      76.73693612550971
    ],
    [
      63.60518481194385,
      77.55261831731802
    ],
    [
      63.043261055944456,
      78.39842927017125
    ],
    [
      62.52389708595825,
      79.27262141104647
    ],
    [
      62.04866366269445,
      80.17301084539098
    ],
    [
      61.619034005346414,
      81.09669085971633
    ],
    [
      61.23647216324056,
      82.04068678840669
    ],
    [
      60.9024421857032,
      83.00202396584602
    ],
    [
      60.6184081220607,
      83.97772772641852
    ],
    [
      60.38583402163944,
      84.96482340450824
    ],
    [
      60.20618393376573,
      85.96033633449922
    ],
    [
      60.08092190776598,
      86.9612918507756
    ],
    [
      60.01151199296652,
      87.96471528772139
    ],
    [
      59.999418238693735,
      88.96763197972078
    ],
    [
      60.0444952138431,
      89.96752848699794
    ],
    [
      60.13950375248799,
      90.96392420828849
    ],
    [
      60.2752509374971,
      91.95689842520923
    ],
    [
      60.44254379179718,
      92.94653043655443
    ],
    [
      60.632189338314966,
      93.9328995411183
    ],
    [
      60.83559469984694,
      94.91609489197887
    ],
    [
      61.04934411933818,
      95.89629065608197
    ],
    [
      61.2726681442232,
      96.87370445553252
    ],
    [
      61.50481862096743,
      97.8485542621884
    ],
    [
      61.74504739603616,
      98.82105804790756
    ],
    [
      61.992606315894776,
      99.79143378454789
    ],
    [
      62.2467472270086,
      100.75989944396726
    ],
    [
      62.506721975843,
      101.7266729980236
    ],
    [
      62.77178240886333,
      102.69197241857478
    ],
    [
      63.041180372534896,
      103.65601567747868
    ],
    [
      63.314167713323094,
      104.61902074659322
    ],
    [
      63.589996277693245,
      105.5812055977763
    ],
    [
      63.86791791211073,
      106.54278820288589
    ],
    [
      64.14718446304086,
      107.50398653377977
    ],
    [
      64.427047776949,
      108.46501856231588
    ],
    [
      64.70675970030051,
      109.42610226035212
    ],
    [
      64.9855720795607,
      110.3874555997464
    ],
    [
      65.26273676119497,
      111.34929655235663
    ],
    [
      65.53750559166863,
      112.31184309004065
    ],
    [
      65.80921179425495,
      113.27528927493694
    ],
    [
      66.07784171729539,
      114.23963727130062
    ],
    [
      66.34369597129442,
      115.20479690847773
    ],
    [
      66.60707717364423,
      116.17067742616076
    ],
    [
      66.8682879417369,
      117.13718806404219
    ],
    [
      67.12763089296459,
      118.10423806181456
    ],
    [
      67.38540864471942,
      119.0717366591703
    ],
    [
      67.64192381439356,
      120.03959309580198
    ],
    [
      67.89747901937909,
      121.00771661140203
    ],
    [
      68.15237687706816,
      121.97601644566298
    ],
    [
      68.40692000485295,
      122.94440183827736
    ],
    [
      68.6614110201255,
      123.91278202893757
    ],
    [
      68.916152540278,
      124.88106625733616
    ],
    [
      69.17144718270261,
      125.84916376316566
    ],
    [
      69.42759756479141,
      126.81698378611856
    ],
    [
      69.68490630393656,
      127.7844355658873
    ],
    [
      69.94367601753015,
      128.7514283421644
    ],
    [
      70.20420932296436,
      129.71787135464234
    ],
    [
      70.46674701373249,
      130.68369302033062
    ],
    [
      70.73106599126098,
      131.6489656521327
    ],
    [
      70.99673247820107,
      132.61382691395258
    ],
    [
      71.26331164281257,
      133.5784147967587
    ],
    [
      71.53036865335527,
      134.5428672915196
    ],
    [
      71.797468678089,
      135.50732238920367
    ],
    [
      72.06417688527357,
      136.47191808077937
    ],
    [
      72.33005844316878,
      137.4367923572152
    ],
    [
      72.59467852003446,
      138.40208320947966
    ],
    [
      72.85760228413041,
      139.36792862854114
    ],
    [
      73.11839490371644,
      140.33446660536814
    ],
    [
