{
  "test_id": 375,
  "test_outcome": "NOT_EXECUTED",
  "predicted_test_outcome": null,
  "test_duration": null,
  "road_points": [
    [
      99.99999999999999,
      100.0
    ],
    [
      99.83406974783142,
      100.98478588475125
    ],
    [
      99.68413213206995,
      101.97422489987436
    ],
    [
      99.55084701899172,
      102.96773518914361
    ],
    [
      99.434874274873,
      103.96473489633324
    ],
    [
      99.33687376599,
      104.96464216521747
    ],
    [
      99.25750535861894,
      105.96687513957059
    ],
    [
      99.19742891903608,
      106.97085196316684
    ],
    [
      99.15730431351761,
      107.97599077978047
    ],
    [
      99.13779140833978,
      108.98170973318574
    ],
    [
      99.13955006977878,
      109.98742696715684
    ],
    [
      99.16324016411087,
      110.99256062546806
    ],
    [
      99.20952155761226,
      111.99652885189367
    ],
    [
      99.2790541165592,
      112.99874979020791
    ],
    [
      99.37249770722788,
      113.99864158418498
    ],
    [
      99.49051219589452,
      114.99562237759916
    ],
    [
      99.63375744883541,
      115.98911031422476
    ],
    [
      99.8028933323267,
      116.97852353783594
    ],
    [
      99.99855886069905,
      117.96325324850292
    ],
    [
      100.22122995417998,
      118.94247990532588
    ],
    [
      100.47130576353351,
      119.91528477024876
    ],
    [
      100.74918499141478,
      120.88074852619461
    ],
    [
      101.05526634047912,
      121.83795185608666
    ],
    [
      101.38994851338168,
      122.785975442848
    ],
    [
      101.7536302127777,
      123.72389996940183
    ],
    [
      102.14671014132244,
      124.65080611867127
    ],
    [
      102.56958700167107,
      125.56577457357946
    ],
    [
      103.02265949647888,
      126.46788601704961
    ],
    [
      103.50632632840104,
      127.35622113200479
    ],
    [
      104.02087117983336,
      128.22984207554913
    ],
    [
      104.56573499097219,
      129.08767526792056
    ],
    [
      105.13998383154352,
      129.92858675058085
    ],
    [
      105.74268206322174,
      130.75144228988304
    ],
    [
      106.37289404768126,
      131.55510765218037
    ],
    [
      107.02968414659651,
      132.3384486038259
    ],
    [
      107.71211672164188,
      133.10033091117276
    ],
    [
      108.41925613449179,
      133.8396203405741
    ],
    [
      109.15016674682066,
      134.55518265838313
    ],
    [
      109.90391292030287,
      135.24588363095287
    ],
    [
      110.67955901661284,
      135.91058902463652
    ],
    [
      111.47616939742497,
      136.54816460578718
    ],
    [
      112.29280842441372,
      137.157476140758
    ],
    [
      113.12854045925346,
      137.73738939590217
    ],
    [
      113.98242986361859,
      138.28677013757274
    ],
    [
      114.85354099918354,
      138.80448413212287
    ],
    [
      115.74093822762269,
      139.28939714590572
    ],
    [
      116.64368591061051,
      139.74037494527443
    ],
    [
      117.56080254943599,
      140.15641148093252
    ],
    [
      118.48911641252879,
      140.54262262284516
    ],
    [
      119.42234950202267,
      140.9128065650447
    ],
    [
      120.35398771228907,
      141.2814214463047
    ],
    [
      121.27751693769945,
      141.66292540539894
    ],
    [
      122.18642959898041,
      142.07176313702496
    ],
    [
      123.07687889437581,
      142.51689822208792
    ],
    [
      123.95175534028094,
      142.99341558865416
    ],
    [
      124.81499966002825,
      143.49423677319035
    ],
    [
      125.67055257695036,
      144.0122833121633
    ],
    [
      126.5223548143798,
      144.5404767420398
    ],
    [
      127.3743470956491,
      145.07173859928662
    ],
    [
      128.2304701440908,
      145.59899042037046
    ],
    [
      129.09466468303742,
      146.11515374175815
    ],
    [
      129.97087143582155,
      146.61315009991642
    ],
    [
      130.8630262311324,
      147.08590508799924
    ],
    [
      131.7735743988676,
      147.5275796266333
    ],
    [
      132.70137981223496,
      147.9353029527335
    ],
    [
      133.64477942552892,
      148.3066410143436
    ],
    [
      134.602110193044,
      148.63915975950727
    ],
    [
      135.57170906907467,
      148.9304251362682
    ],
    [
      136.55191300791535,
      149.17800309267002
    ],
    [
      137.54105896386048,
      149.37945957675655
    ],
    [
      138.53748389120454,
      149.53236053657136
    ],
    [
      139.539524744242,
      149.6342719201582
    ],
    [
      140.5455184772673,
      149.68275967556076
    ],
    [
      141.5536859767636,
      149.6757374654842
    ],
    [
      142.56149245940335,
      149.61338277986982
    ],
    [
      143.56610065918068,
      149.49677928291067
    ],
    [
      144.56467250773682,
      149.32701304248005
    ],
    [
      145.5543699367129,
      149.1051701264512
    ],
    [
      146.5323548777502,
      148.8323366026974
    ],
    [
      147.49578926248995,
      148.50959853909188
    ],
    [
      148.44183502257331,
      148.13804200350788
    ],
    [
      149.36765408964152,
      147.7187530638187
    ],
    [
      150.2704083953357,
      147.25281778789744
    ],
    [
      151.14728764581645,
      146.74134187069095
    ],
    [
      151.99610192821416,
      146.1858694040363
    ],
    [
      152.81527163966604,
      145.58837575993877
    ],
    [
      153.603242937466,
      144.9508545140127
    ],
    [
      154.35846197890837,
      144.2752992418727
    ],
    [
      155.0793749212873,
      143.56370351913316
    ],
    [
      155.76442792189695,
      142.81806092140872
    ],
    [
      156.41206713803155,
      142.04036502431373
    ],
    [
      157.02073872698523,
      141.2326094034628
    ],
    [
      157.58888884605219,
      140.3967876344704
    ],
    [
      158.11495938900313,
      139.53489353619068
    ],
    [
      158.59607164465802,
      138.6489962697693
    ],
    [
      159.02616341963363,
      137.7413466182993
    ],
    [
      159.3987024680306,
      136.81422218200305
    ],
    [
      159.7078522743611,
      135.86986305214938
    ],
    [
      159.95514405538114,
      134.91011210303694
    ],
    [
      160.1465413937008,
      133.93657324657028
    ],
    [
      160.28806857491173,
      132.9508471219706
    ],
    [
      160.38574988460564,
      131.95453436845924
    ],
    [
      160.44560960837416,
      130.94923562525742
    ],
    [
      160.47367203180895,
      129.9365515315864
    ],
    [
      160.4759614405016,
      128.91808272666742
    ],
    [
      160.45850212004385,
      127.89542984972178
    ],
    [
      160.42731835602734,
      126.8701935399707
    ],
    [
      160.3883768267865,
      125.8439666471653
    ],
    [
      160.3447502705549,
      124.81795071167834
    ],
    [
      160.29532242856928,
      123.79278085102895
    ],
    [
      160.23864926590318,
      122.76904786188547
    ],
    [
      160.17328674763004,
      121.7473425409165
    ],
    [
      160.0977908388234,
      120.72825568479054
    ],
    [
      160.01071750455674,
      119.71237809017596
    ],
    [
      159.91062270990352,
      118.70030055374131
    ],
    [
      159.7960624199372,
      117.69261387215506
    ],
    [
      159.6655925997313,
      116.68990884208576
    ],
    [
      159.5177692143593,
      115.69277626020177
    ],
    [
      159.35114822889466,
      114.70180692317166
    ],
    [
      159.16428560841092,
      113.71759162766391
    ],
    [
      158.95573731798157,
      112.740721170347
    ],
    [
      158.72405932267995,
      111.77178634788935
    ],
    [
      158.46780758757973,
      110.81137795695955
    ],
    [
      158.1855380777543,
      109.86008679422599
    ],
    [
      157.87580675827718,
