{
  "test_id": 776,
  "test_outcome": "NOT_EXECUTED",
  "predicted_test_outcome": null,
  "test_duration": null,
  "road_points": [
    [
      100.00000000000001,
      100.0
    ],
    [
      100.02442783561554,
      98.99807406476104
    ],
    [
      100.04472567697225,
      97.99593990719423
    ],
    [
      100.06112807739393,
      96.99360935279769
    ],
    [
      100.07386959020435,
      95.99109422706941
    ],
    [
      100.08318476872735,
      94.98840635550751
    ],
    [
      100.0893081662867,
      93.98555756361
    ],
    [
      100.09247433620621,
      92.982559676875
    ],
    [
      100.09291783180954,
      91.97942452080044
    ],
    [
      100.09087320642067,
      90.97616392088452
    ],
    [
      100.0865750133632,
      89.97278970262514
    ],
    [
      100.0802578059611,
      88.96931369152053
    ],
    [
      100.07215613753804,
      87.96574771306862
    ],
    [
      100.06250456141781,
      86.96210359276748
    ],
    [
      100.0515376309242,
      85.9583931561152
    ],
    [
      100.03948989938107,
      84.95462822860983
    ],
    [
      100.02659592011217,
      83.95082063574942
    ],
    [
      100.01309024644124,
      82.94698220303202
    ],
    [
      99.99920743169213,
      81.94312475595571
    ],
    [
      99.9851820291886,
      80.93926012001852
    ],
    [
      99.97124859225441,
      79.93540012071847
    ],
    [
      99.95764167421342,
      78.93155658355369
    ],
    [
      99.9445958283894,
      77.92774133402219
    ],
    [
      99.93234560810606,
      76.92396619762205
    ],
    [
      99.92112556668728,
      75.9202429998513
    ],
    [
      99.91117025745682,
      74.91658356620802
    ],
    [
      99.90271423373842,
      73.91299972219024
    ],
    [
      99.89599204885592,
      72.90950329329601
    ],
    [
      99.89123825613311,
      71.90610610502344
    ],
    [
      99.88868740889376,
      70.90281998287053
    ],
    [
      99.88857406046166,
      69.89965675233535
    ],
    [
      99.89113276416063,
      68.89662823891597
    ],
    [
      99.8965980733144,
      67.89374626811043
    ],
    [
      99.90520454124677,
      66.89102266541678
    ],
    [
      99.91718672128158,
      65.88846925633311
    ],
    [
      99.93277916674256,
      64.88609786635742
    ],
    [
      99.95221643095354,
      63.883920320987805
    ],
    [
      99.97573306723827,
      62.88194844572232
    ],
    [
      100.00356288568267,
      61.8801940285871
    ],
    [
      100.03533306822928,
      60.87863827317741
    ],
    [
      100.06896841878596,
      59.87717655412721
    ],
    [
      100.10209734263445,
      58.875689302511724
    ],
    [
      100.13234824505643,
      57.87405694940617
    ],
    [
      100.15734953133358,
      56.87215992588575
    ],
    [
      100.17472960674763,
      55.8698786630257
    ],
    [
      100.18211687658025,
      54.867093591901245
    ],
    [
      100.17713974611317,
      53.863685143587574
    ],
    [
      100.15742662062807,
      52.85953374915992
    ],
    [
      100.12060590540665,
      51.854519839693516
    ],
    [
      100.06430600573057,
      50.84852384626355
    ],
    [
      99.98615501979809,
      49.84142791454959
    ],
    [
      99.88366013807129,
      48.833789279921554
    ],
    [
      99.75402421622682,
      47.82786443441428
    ],
    [
      99.59440297810687,
      46.826173031184496
    ],
    [
      99.40195214755369,
      45.83123472338901
    ],
    [
      99.17382744840954,
      44.84556916418456
    ],
    [
      98.90718460451656,
      43.871696006727895
    ],
    [
      98.5991793397171,
      42.91213490417577
    ],
    [
      98.24696737785332,
      41.969405509684975
    ],
    [
      97.84770444276745,
      41.04602747641223
    ],
    [
      97.39854625830176,
      40.144520457514325
    ],
    [
      96.8971959613632,
      39.267424420229304
    ],
    [
      96.3449519134242,
      38.417412747836764
    ],
    [
      95.74456305173233,
      37.59721265337694
    ],
    [
      95.0987823384834,
      36.809551499252834
    ],
    [
      94.41036273587332,
      36.05715664786743
    ],
    [
      93.68205720609791,
      35.34275546162371
    ],
    [
      92.91661871135301,
      34.66907530292469
    ],
    [
      92.11680021383445,
      34.038843534173324
    ],
    [
      91.28535467573815,
      33.45478751777266
    ],
    [
      90.42503505925987,
      32.91963461612563
    ],
    [
      89.53858941680734,
      32.43598667178968
    ],
    [
      88.62866141695086,
      32.00377693090537
    ],
    [
      87.69779488000609,
      31.62038599639358
    ],
    [
      86.7485296241782,
      31.28309215631641
    ],
    [
      85.78340546767254,
      30.989173698736003
    ],
    [
      84.80496222869417,
      30.735908911714446
    ],
    [
      83.81573972544841,
      30.52057608331387
    ],
    [
      82.81827777614043,
      30.340453501596368
    ],
    [
      81.81511619897549,
      30.192819454624082
    ],
    [
      80.80879481215878,
      30.0749522304591
    ],
    [
      79.80184993613496,
      29.98413044108806
    ],
    [
      78.79604575488224,
      29.91770420537396
    ],
    [
      77.79140843276566,
      29.873184598641426
    ],
    [
      76.78772658202958,
      29.84810469570726
    ],
    [
      75.78478881491833,
      29.839997571388288
    ],
    [
      74.78238374367618,
      29.84639630050128
    ],
    [
      73.78029998054748,
      29.864833957863034
    ],
    [
      72.77832613777655,
      29.892843618290357
    ],
    [
      71.77625082760765,
      29.927958356600023
    ],
    [
      70.7738626622852,
      29.96771124760886
    ],
    [
      69.77095098380325,
      30.009637146932597
    ],
    [
      68.76741583167707,
      30.051541043900002
    ],
    [
      67.76338547996113,
      30.091784885601562
    ],
    [
      66.75901637342106,
      30.128799363745397
    ],
    [
      65.75446495682232,
      30.161015170039608
    ],
    [
      64.7498876749305,
      30.186862996192318
    ],
    [
      63.74544097251113,
      30.204773533911627
    ],
    [
      62.741281294329724,
      30.21317747490564
    ],
    [
      61.73756508515186,
      30.21050551088247
    ],
    [
      60.734448789743006,
      30.195188333550224
    ],
    [
      59.732088852868785,
      30.165656634617022
    ],
    [
      58.73064171929469,
      30.12034110579096
    ],
    [
      57.73026383378627,
      30.057672438780152
    ],
    [
      56.73110658281689,
      29.976140662505117
    ],
    [
      55.73281168689276,
      29.880214534854595
    ],
    [
      54.73408180214405,
      29.785378678515393
    ],
    [
      53.733518457226054,
      29.708304010341443
    ],
    [
      52.7299440728983,
      29.664193122315204
    ],
    [
      51.72384547881453,
      29.65718486567036
    ],
    [
      50.71646815684461,
      29.686375141277214
    ],
    [
      49.709061447225594,
      29.750834202477627
    ],
    [
      48.70287469019457,
      29.84963230261346
    ],
    [
      47.69915722598854,
      29.98183969502658
    ],
    [
      46.69915839484458,
      30.14652663305884
    ],
    [
      45.7041275369998,
      30.34276337005212
    ],
    [
      44.71531399269121,
      30.569620159348254
    ],
    [
      43.733967102155866,
      30.82616725428913
    ],
    [
      42.761336205630826,
      31.111474908216604
    ],
    [
      41.79867064335319,
      31.424613374472532
    ],
    [
      40.84721975555998,
      31.764652906398773
    ],
    [
      39.908231684474416,
      32.13066371320622
    ],
    [
      38.98247386182183,
      32.52169829627048
    ],
    [
      38.06949980640238,
      32.93676444030262
    ],
    [
      37.16867437241524,
      33.37486298021401
    ],
    [
      36.2793624140596,
      33.83499475091605
    ],
    [
