{
  "test_id": 801,
  "test_outcome": "NOT_EXECUTED",
  "predicted_test_outcome": null,
  "test_duration": null,
  "road_points": [
    [
      100.00000000000003,
      100.00000000000003
    ],
    [
      99.99507785582848,
      98.99821389244568
    ],
    [
      99.99127869614786,
      97.99647854673705
    ],
    [
      99.98852021346293,
      96.9947902423595
    ],
    [
      99.98672010027849,
      95.99314525879825
    ],
    [
      99.98579604909919,
      94.99153987553854
    ],
    [
      99.98566575242974,
      93.98997037206551
    ],
    [
      99.98624690277488,
      92.98843302786445
    ],
    [
      99.9874571926394,
      91.98692412242063
    ],
    [
      99.98921431452798,
      90.98543993521922
    ],
    [
      99.99143596094531,
      89.98397674574545
    ],
    [
      99.99403982439618,
      88.98253083348457
    ],
    [
      99.9969435973853,
      87.98109847792185
    ],
    [
      100.0000649724174,
      86.97967595854249
    ],
    [
      100.00332164199719,
      85.97825955483168
    ],
    [
      100.00663129862942,
      84.97684554627467
    ],
    [
      100.00991163481876,
      83.97543021235673
    ],
    [
      100.01308034307003,
      82.97400983256307
    ],
    [
      100.01605511588788,
      81.97258068637888
    ],
    [
      100.0187536457771,
      80.97113905328948
    ],
    [
      100.02109362524234,
      79.96968121277999
    ],
    [
      100.0229927467884,
      78.96820344433573
    ],
    [
      100.02436870291997,
      77.96670202744188
    ],
    [
      100.02513918614179,
      76.96517324158368
    ],
    [
      100.02522188895855,
      75.96361336624639
    ],
    [
      100.02453450387505,
      74.9620186809152
    ],
    [
      100.02299472339595,
      73.96038546507535
    ],
    [
      100.02052024002603,
      72.95870999821213
    ],
    [
      100.01702874626997,
      71.95698855981065
    ],
    [
      100.01243793463253,
      70.95521742935625
    ],
    [
      100.0066654976184,
      69.9533928863341
    ],
    [
      99.9996291374389,
      68.95151121066826
    ],
    [
      99.99134519118712,
      67.9495731408381
    ],
    [
      99.98217134091163,
      66.9475948450109
    ],
    [
      99.97253905793532,
      65.94559582682263
    ],
    [
      99.96287981358104,
      64.94359558990935
    ],
    [
      99.95362507917167,
      63.94161363790705
    ],
    [
      99.94520632603007,
      62.93966947445173
    ],
    [
      99.93805502547916,
      61.937782603179464
    ],
    [
      99.93260264884177,
      60.93597252772621
    ],
    [
      99.92928066744078,
      59.934258751728024
    ],
    [
      99.92852055259908,
      58.932660778820924
    ],
    [
      99.93075377563954,
      57.931198112640914
    ],
    [
      99.93641180788507,
      56.929890256824045
    ],
    [
      99.94592612065848,
      55.928756715006294
    ],
    [
      99.95972818528267,
      54.92781699082367
    ],
    [
      99.97824947308054,
      53.92709058791225
    ],
    [
      100.00192128157424,
      52.92659700205176
    ],
    [
      100.03063152736709,
      51.92633116677856
    ],
    [
      100.06252201041748,
      50.92620908657467
    ],
    [
      100.09538449124608,
      49.92613094322097
    ],
    [
      100.12701073037356,
      48.92599691849835
    ],
    [
      100.15519248832067,
      47.92570719418772
    ],
    [
      100.17772152560805,
      46.92516195206995
    ],
    [
      100.19238960275644,
      45.92426137392596
    ],
    [
      100.19698848028646,
      44.922905641536595
    ],
    [
      100.18930991871885,
      43.92099493668277
    ],
    [
      100.1671456785743,
      42.91842944114536
    ],
    [
      100.12828752037349,
      41.9151093367053
    ],
    [
      100.07052720463712,
      40.91093480514344
    ],
    [
      99.99165639600751,
      39.905806376556484
    ],
    [
      99.8893145360876,
      38.90017759127641
    ],
    [
      99.76068028899498,
      37.89617594560438
    ],
    [
      99.60284546833036,
      36.89624445460202
    ],
    [
      99.41290188769447,
      35.90282613333098
    ],
    [
      99.18794136068809,
      34.91836399685294
    ],
    [
      98.925055700912,
      33.94530106022953
    ],
    [
      98.6213367219669,
      32.98608033852241
    ],
    [
      98.27387623745355,
      32.043144846793226
    ],
    [
      97.8797660609727,
      31.118937600103646
    ],
    [
      97.43609800612512,
      30.2159016135153
    ],
    [
      96.94037258398329,
      29.336516444287945
    ],
    [
      96.39356479978953,
      28.483572308941685
    ],
    [
      95.79840419909883,
      27.660016299837842
    ],
    [
      95.15763383046355,
      26.868796716659123
    ],
    [
      94.47399674243601,
      26.112861859088262
    ],
    [
      93.75023598356859,
      25.395160026807996
    ],
    [
      92.98909460241362,
      24.718639519501032
    ],
    [
      92.19331564752342,
      24.086248636850087
    ],
    [
      91.36564216745042,
      23.500935678537907
    ],
    [
      90.50881721074684,
      22.965648944247196
    ],
    [
      89.62558195980041,
      22.483255853059404
    ],
    [
      88.71861311054167,
      22.053828945687652
    ],
    [
      87.79050797471591,
      21.674000208776864
    ],
    [
      86.84385897795114,
      21.340189861972668
    ],
    [
      85.88125854587544,
      21.048818124920672
    ],
    [
      84.90529910411678,
      20.79630521726648
    ],
    [
      83.91857307830325,
      20.579071358655717
    ],
    [
      82.9236728940628,
      20.393536768733977
    ],
    [
      81.92319097702351,
      20.236121667146897
    ],
    [
      80.91971975281338,
      20.103246273540066
    ],
    [
      79.91585135088644,
      19.99133115210293
    ],
    [
      78.91353990164264,
      19.89753906127026
    ],
    [
      77.91275189148766,
      19.82134501672044
    ],
    [
      76.91306783159521,
      19.76267304513616
    ],
    [
      75.91406823313896,
      19.721447173200126
    ],
    [
      74.91533360729265,
      19.697591427595018
    ],
    [
      73.91644446522994,
      19.691029835003537
    ],
    [
      72.91698131812456,
      19.701686422108384
    ],
    [
      71.9165246771502,
      19.729485215592234
    ],
    [
      70.91465505348056,
      19.774350242137793
    ],
    [
      69.91095295828933,
      19.83620552842775
    ],
    [
      68.90499890275022,
      19.914975101144805
    ],
    [
      67.8963740609995,
      20.010583711098953
    ],
    [
      66.8854796290136,
      20.123851785903238
    ],
    [
      65.87513488084684,
      20.258240922388698
    ],
    [
      64.86860261246407,
      20.417697158492068
    ],
    [
      63.86914561983016,
      20.60616653215007
    ],
    [
      62.880026698909994,
      20.827595081299435
    ],
    [
      61.90450864566838,
      21.085928843876882
    ],
    [
      60.945854256070206,
      21.38511385781913
    ],
    [
      60.00732632608035,
      21.729096161062927
    ],
    [
      59.092187651663636,
      22.12182179154497
    ],
    [
      58.20370102878494,
      22.567236787201995
    ],
    [
      57.34488574467028,
      23.068673119331528
    ],
    [
      56.51675115742774,
      23.62439423304947
    ],
    [
      55.71931637382261,
      24.2301664133415
    ],
    [
      54.95259355957503,
      24.88173844165615
    ],
    [
      54.21659488040512,
      25.57485909944195
    ],
    [
      53.51133250203299,
      26.30527716814739
    ],
    [
      52.8368185901788,
      27.06874142922101
    ],
    [
      52.19306531056267,
      27.861000664111316
    ],
    [
      51.580084828904724,
      28.677803654266818
    ],
    [
      50.9978893109251,
      29.514899181136048
    ],
    [
      50.44640709586486,
      30.368048539558494
    ],
    [
      49.92280982384605,
      31.233424536992597
