{
  "test_id": 1089,
  "test_outcome": "NOT_EXECUTED",
  "predicted_test_outcome": null,
  "test_duration": null,
  "road_points": [
    [
      100.00000000000003,
      100.00000000000004
    ],
    [
      99.99275931528115,
      98.99774271978796
    ],
    [
      99.98663485014323,
      97.9955274034251
    ],
    [
      99.98156773341697,
      96.99335183767226
    ],
    [
      99.97749909393293,
      95.99121380929033
    ],
    [
      99.97437006052188,
      94.98911110504015
    ],
    [
      99.97212176201434,
      93.98704151168259
    ],
    [
      99.97069532724103,
      92.98500281597848
    ],
    [
      99.97003188503254,
      91.98299280468866
    ],
    [
      99.9700725642196,
      90.98100926457404
    ],
    [
      99.97075849363281,
      89.97904998239545
    ],
    [
      99.97203080210284,
      88.97711274491373
    ],
    [
      99.97383061846027,
      87.97519533888972
    ],
    [
      99.97609907153583,
      86.9732955510843
    ],
    [
      99.97877729016011,
      85.97141116825831
    ],
    [
      99.98180640316379,
      84.96953997717263
    ],
    [
      99.98512753937752,
      83.9676797645881
    ],
    [
      99.98868182763192,
      82.96582831726556
    ],
    [
      99.99241039675763,
      81.96398342196585
    ],
    [
      99.99625437558534,
      80.96214286544986
    ],
    [
      100.00015489294567,
      79.96030443447843
    ],
    [
      100.00405307766927,
      78.95846591581243
    ],
    [
      100.00789005858677,
      77.95662509621266
    ],
    [
      100.01160696452884,
      76.95477976244003
    ],
    [
      100.01514492432614,
      75.95292770125539
    ],
    [
      100.01844506680929,
      74.95106669941954
    ],
    [
      100.02144852080896,
      73.9491945436934
    ],
    [
      100.02409641515575,
      72.94730902083778
    ],
    [
      100.02632987868037,
      71.94540791761357
    ],
    [
      100.02809004021341,
      70.94348902078157
    ],
    [
      100.02931802858555,
      69.94155011710265
    ],
    [
      100.02995497262744,
      68.93958899333772
    ],
    [
      100.0299420011697,
      67.93760343624758
    ],
    [
      100.02922024304303,
      66.93559123259311
    ],
    [
      100.02773082707802,
      65.93355016913515
    ],
    [
      100.02541488210531,
      64.93147803263452
    ],
    [
      100.0222135369556,
      63.92937260985211
    ],
    [
      100.01806792045953,
      62.9272316875488
    ],
    [
      100.01291916144771,
      61.92505305248538
    ],
    [
      100.00670838875082,
      60.92283449142278
    ],
    [
      99.99937678762372,
      59.92057379324304
    ],
    [
      99.99100784652802,
      58.91827409666305
    ],
    [
      99.9821344771339,
      57.91595543629365
    ],
    [
      99.97337809734006,
      56.91364117410362
    ],
    [
      99.96536012504528,
      55.911354672061755
    ],
    [
      99.95870197814824,
      54.9091192921368
    ],
    [
      99.9540250745477,
      53.90695839629752
    ],
    [
      99.95195083214234,
      52.9048953465127
    ],
    [
      99.95310066883096,
      51.90295350475111
    ],
    [
      99.9580960025122,
      50.901156232981464
    ],
    [
      99.96755825108488,
      49.89952689317259
    ],
    [
      99.98210883244761,
      48.898088847293224
    ],
    [
      100.0023687117922,
      47.896865440292814
    ],
    [
      100.02840500022658,
      46.8958591951878
    ],
    [
      100.05865357489861,
      45.8950113093765
    ],
    [
      100.09125149036028,
      44.89425174613563
    ],
    [
      100.12433580116365,
      43.893510468742036
    ],
    [
      100.1560435618607,
      42.89271744047251
    ],
    [
      100.18451182700349,
      41.891802624603805
    ],
    [
      100.20787765114406,
      40.890695984412744
    ],
    [
      100.22427808883438,
      39.889327483176096
    ],
    [
      100.23185019462656,
      38.88762708417068
    ],
    [
      100.22873102307258,
      37.88552475067326
    ],
    [
      100.21305762872444,
      36.88295044596062
    ],
    [
      100.18296706613424,
      35.879834133309586
    ],
    [
      100.13659638985396,
      34.87610577599693
    ],
    [
      100.07208265443565,
      33.87169533729943
    ],
    [
      99.98756242747442,
      32.86653372370307
    ],
    [
      99.88087159643642,
      31.86113424285643
    ],
    [
      99.74903371897246,
      30.857583641365956
    ],
    [
      99.58893652874933,
      29.85823174955586
    ],
    [
      99.39746775943387,
      28.865428397750275
    ],
    [
      99.17151514469288,
      27.8815234162734
    ],
    [
      98.90796641819315,
      26.90886663544938
    ],
    [
      98.60370931360161,
      25.949807885602407
    ],
    [
      98.25563156458497,
      25.006696997056643
    ],
    [
      97.86062090481009,
      24.081883800136254
    ],
    [
      97.41556506794377,
      23.177718125165413
    ],
    [
      96.91786336753819,
      22.296630879153362
    ],
    [
      96.36869013478605,
      21.441651245009446
    ],
    [
      95.77090937782845,
      20.61607619061608
    ],
    [
      95.12739302587624,
      19.823203939210117
    ],
    [
      94.4410130081402,
      19.066332714028384
    ],
    [
      93.71464125383113,
      18.348760738307714
    ],
    [
      92.95114969215989,
      17.673786235284968
    ],
    [
      92.1534102523372,
      17.044707428196958
    ],
    [
      91.32429486357393,
      16.464822540280547
    ],
    [
      90.46667545508086,
      15.937429794772562
    ],
    [
      89.58341407559311,
      15.465687613032632
    ],
    [
      88.67710766292949,
      15.049003280842808
    ],
    [
      87.75006513119733,
      14.682708748251786
    ],
    [
      86.80458092159593,
      14.361931183697347
    ],
    [
      85.84294947532449,
      14.081797755617265
    ],
    [
      84.86746523358231,
      13.837435632449324
    ],
    [
      83.88042263756867,
      13.623971982631303
    ],
    [
      82.88411612848283,
      13.436533974600977
    ],
    [
      81.88084014752401,
      13.270248776796128
    ],
    [
      80.87288913589155,
      13.12024355765453
    ],
    [
      79.86255666920428,
      12.98164807937482
    ],
    [
      78.85163514498656,
      12.851093912860623
    ],
    [
      77.84057557450834,
      12.729232169325794
    ],
    [
      76.82960692583546,
      12.617379325091578
    ],
    [
      75.81895816703376,
      12.516851856479196
    ],
    [
      74.80885826616914,
      12.428966239809887
    ],
    [
      73.79953619130748,
      12.355038951404884
    ],
    [
      72.79122091051467,
      12.296386467585425
    ],
    [
      71.78414139185655,
      12.254325264672739
    ],
    [
      70.77852660339897,
      12.230171818988062
    ],
    [
      69.77460551320783,
      12.225242606852628
    ],
    [
      68.772607089349,
      12.240854104587672
    ],
    [
      67.77276029988835,
      12.278322788514425
    ],
    [
      66.77529411289176,
      12.338965134954123
    ],
    [
      65.78043749642511,
      12.424097620228004
    ],
    [
      64.78841941855424,
      12.535036720657294
    ],
    [
      63.79946884734503,
      12.67309891256323
    ],
    [
      62.81381475086335,
      12.839600672267052
    ],
    [
      61.83168676614028,
      13.035856951396738
    ],
    [
      60.853524628131865,
      13.2627038502166
    ],
    [
      59.880275861807014,
      13.519820123243315
    ],
    [
      58.912963186924806,
      13.80671314239765
    ],
    [
      57.95260932324424,
      14.122890279600368
    ],
    [
      57.000236990524385,
      14.467858906772207
    ],
    [
      56.056868908524265,
      14.841126395833927
    ],
    [
      55.12352779700292,
      15.24220011870629
    ],
    [
      54.2012363757194,
      15.670587447310048
    ],
    [
      53.29101736443273,
