{
  "test_id": 1227,
  "test_outcome": "NOT_EXECUTED",
  "predicted_test_outcome": null,
  "test_duration": null,
  "road_points": [
    [
      100.0,
      100.00000000000001
    ],
    [
      99.99358049004294,
      98.99970708415479
    ],
    [
      99.98824285630216,
      97.99945581275496
    ],
    [
      99.98392585753717,
      96.99924382845376
    ],
    [
      99.98056825250728,
      95.9990687739042
    ],
    [
      99.97810879997203,
      94.99892829175957
    ],
    [
      99.97648625869084,
      93.99882002467295
    ],
    [
      99.97563938742304,
      92.99874161529748
    ],
    [
      99.97550694492804,
      91.99869070628625
    ],
    [
      99.97602768996536,
      90.99866494029249
    ],
    [
      99.97714038129436,
      89.99866195996925
    ],
    [
      99.97878377767445,
      88.99867940796973
    ],
    [
      99.98089663786503,
      87.99871492694703
    ],
    [
      99.98341772062562,
      86.99876615955435
    ],
    [
      99.98628578471552,
      85.99883074844476
    ],
    [
      99.98943958889416,
      84.99890633627139
    ],
    [
      99.99281789192104,
      83.99899056568746
    ],
    [
      99.99635945255554,
      82.99908107934606
    ],
    [
      100.00000302955704,
      81.9991755199003
    ],
    [
      100.003687381685,
      80.99927153000338
    ],
    [
      100.00735126769882,
      79.9993667523084
    ],
    [
      100.01093344635792,
      78.99945882946851
    ],
    [
      100.01437267642176,
      77.99954540413685
    ],
    [
      100.01760771664972,
      76.99962411896658
    ],
    [
      100.02057732580117,
      75.99969261661077
    ],
    [
      100.02322026263562,
      74.99974853972265
    ],
    [
      100.02547528591245,
      73.9997895309553
    ],
    [
      100.02728115439108,
      72.99981323296186
    ],
    [
      100.02857662683088,
      71.99981728839546
    ],
    [
      100.02930046199135,
      70.9997993399093
    ],
    [
      100.02939141863189,
      69.99975703015649
    ],
    [
      100.02878825551184,
      68.99968800179012
    ],
    [
      100.02742973139073,
      67.99958989746338
    ],
    [
      100.02525460502792,
      66.99946035982941
    ],
    [
      100.02220163518281,
      65.99929703154132
    ],
    [
      100.01820958061485,
      64.99909755525228
    ],
    [
      100.01321720008347,
      63.998859573615405
    ],
    [
      100.00716325234805,
      62.99858072928385
    ],
    [
      99.99998649616866,
      61.99825866491077
    ],
    [
      99.99173969328812,
      60.997895411443416
    ],
    [
      99.98292924220831,
      59.99751046157832
    ],
    [
      99.97417435991736,
      58.99712765071154
    ],
    [
      99.96609426340333,
      57.9967708142391
    ],
    [
      99.95930816965439,
      56.99646378755705
    ],
    [
      99.95443529565861,
      55.99623040606142
    ],
    [
      99.95209485840405,
      54.99609450514825
    ],
    [
      99.9529060748789,
      53.99607992021359
    ],
    [
      99.95748816207117,
      52.99621048665346
    ],
    [
      99.96646033696902,
      51.99651003986392
    ],
    [
      99.98044181656053,
      50.99700241524098
    ],
    [
      100.00005181782889,
      49.99771144818052
    ],
    [
      100.0254947712389,
      48.998645007783644
    ],
    [
      100.05532732256083,
      47.999747535303804
    ],
    [
      100.0876969923129,
      47.00094772361775
    ],
    [
      100.12075130101334,
      46.00217426560221
    ],
    [
      100.15263776918044,
      45.00335585413391
    ],
    [
      100.18150391733235,
      44.00442118208958
    ],
    [
      100.20549726598735,
      43.005298942345945
    ],
    [
      100.22276533566362,
      42.00591782777973
    ],
    [
      100.23145564687944,
      41.00620653126767
    ],
    [
      100.22971572015301,
      40.00609374568652
    ],
    [
      100.2156930760026,
      39.00550816391298
    ],
    [
      100.18753523494638,
      38.00437847882378
    ],
    [
      100.14338971750261,
      37.00263338329567
    ],
    [
      100.08140404418953,
      36.000201570205355
    ],
    [
      99.99972573551992,
      34.99701173244023
    ],
    [
      99.89629356686295,
      33.99339913509947
    ],
    [
      99.76821875836761,
      32.991310869792514
    ],
    [
      99.61240748123774,
      31.993093401267334
    ],
    [
      99.42576590667723,
      31.00109319427192
    ],
    [
      99.20520020588991,
      30.01765671355422
    ],
    [
      98.94761655007963,
      29.045130423862233
    ],
    [
      98.64992111045031,
      28.08586078994393
    ],
    [
      98.30902005820579,
      27.14219427654729
    ],
    [
      97.92181956454993,
      26.216477348420288
    ],
    [
      97.4852258006866,
      25.311056470310902
    ],
    [
      96.99641805064628,
      24.42831909377796
    ],
    [
      96.45594192915279,
      23.57115786510554
    ],
    [
      95.86660935426711,
      22.742805541100413
    ],
    [
      95.23127449657404,
      21.94650121952458
    ],
    [
      94.5527915266584,
      21.185483998140047
    ],
    [
      93.83401461510488,
      20.462992974708786
    ],
    [
      93.07779793249831,
      19.782267246992802
    ],
    [
      92.28699564942346,
      19.146545912754082
    ],
    [
      91.46446193646509,
      18.55906806975462
    ],
    [
      90.61305096420794,
      18.023072815756407
    ],
    [
      89.73561438358094,
      17.541764113327755
    ],
    [
      88.83480635536112,
      17.115592035229344
    ],
    [
      87.91294483449693,
      16.74031845181676
    ],
    [
      86.97231502692483,
      16.41124856677346
    ],
    [
      86.01520213858124,
      16.123687583782896
    ],
    [
      85.04389137540264,
      15.87294070652853
    ],
    [
      84.06066794332544,
      15.654313138693814
    ],
    [
      83.06781704828614,
      15.463110083962214
    ],
    [
      82.06762389622116,
      15.29463674601718
    ],
    [
      81.06237369306692,
      15.14419832854216
    ],
    [
      80.05435164475988,
      15.00710003522062
    ],
    [
      79.0455585517854,
      14.879522801824537
    ],
    [
      78.03665762843754,
      14.761766216368958
    ],
    [
      77.02791921456347,
      14.65533959318952
    ],
    [
      76.01961359746765,
      14.561752408409575
    ],
    [
      75.01201106445458,
      14.482514138152473
    ],
    [
      74.00538190282873,
      14.419134258541572
    ],
    [
      72.99999639989458,
      14.373122245700218
    ],
    [
      71.99612484295666,
      14.345987575751778
    ],
    [
      70.99403751931942,
      14.339239724819592
    ],
    [
      69.99400471628735,
      14.35438816902702
    ],
    [
      68.99629672116495,
      14.392942384497422
    ],
    [
      68.00118382125672,
      14.456411847354142
    ],
    [
      67.0089363038671,
      14.546306033720537
    ],
    [
      66.01982445630064,
      14.664134419719964
    ],
    [
      65.03411856586177,
      14.811406481475775
    ],
    [
      64.05208891985502,
      14.98963169511132
    ],
    [
      63.07410757930072,
      15.20001967188282
    ],
    [
      62.101024200272406,
      15.442372842657408
    ],
    [
      61.13382841208621,
      15.716081222803277
    ],
    [
      60.173509862061806,
      16.020534774643266
    ],
    [
      59.221058197518886,
      16.355123460500206
    ],
    [
      58.27746306577712,
      16.719237242696934
    ],
    [
      57.34371411415623,
      17.112266083556264
    ],
    [
      56.42080098997586,
      17.533599945401033
    ],
    [
      55.50971334055571,
      17.982628790554063
    ],
    [
      54.61144081321547,
      18.458742581338196
    ],
    [
      53.7269730552748,
      18.961331280076255
    ],
    [
      52.857299714053404,
      19.48978484909107
    ],
    [
      52.00341043687096,
      20.04349325070548
