{
  "test_id": 1231,
  "test_outcome": "NOT_EXECUTED",
  "predicted_test_outcome": null,
  "test_duration": null,
  "road_points": [
    [
      100.0,
      100.0
    ],
    [
      100.02761914385589,
      98.99827589021324
    ],
    [
      100.05097186044952,
      97.99620396431168
    ],
    [
      100.07028363851342,
      96.99380260503338
    ],
    [
      100.08577996678007,
      95.99109019511647
    ],
    [
      100.09768633398191,
      94.9880851172989
    ],
    [
      100.10622822885156,
      93.9848057543189
    ],
    [
      100.1116311401214,
      92.98127048891443
    ],
    [
      100.1141205565239,
      91.97749770382356
    ],
    [
      100.11392196679168,
      90.97350578178445
    ],
    [
      100.11126085965712,
      89.96931310553511
    ],
    [
      100.1063627238528,
      88.96493805781363
    ],
    [
      100.09945304811116,
      87.96039902135804
    ],
    [
      100.09075732116467,
      86.95571437890646
    ],
    [
      100.08050103174587,
      85.95090251319697
    ],
    [
      100.06890966858725,
      84.94598180696761
    ],
    [
      100.05620872042127,
      83.94097064295646
    ],
    [
      100.04262367598045,
      82.93588740390157
    ],
    [
      100.02838002399727,
      81.93075047254109
    ],
    [
      100.01370325320426,
      80.92557823161302
    ],
    [
      99.99881885233386,
      79.92038906385547
    ],
    [
      99.98395231011858,
      78.91520135200646
    ],
    [
      99.96932911529092,
      77.91003347880412
    ],
    [
      99.95517475658338,
      76.90490382698653
    ],
    [
      99.94171472272845,
      75.89983077929169
    ],
    [
      99.92917450245858,
      74.89483271845772
    ],
    [
      99.91777958450635,
      73.88992802722271
    ],
    [
      99.90775545760415,
      72.88513508832469
    ],
    [
      99.89932761048456,
      71.88047228450176
    ],
    [
      99.89272153188003,
      70.87595799849197
    ],
    [
      99.88816271052306,
      69.87161061303344
    ],
    [
      99.88587663514616,
      68.86744851086418
    ],
    [
      99.88608879448181,
      67.86349007472232
    ],
    [
      99.88902467726247,
      66.85975368734589
    ],
    [
      99.89490977222067,
      65.85625773147297
    ],
    [
      99.90396956808894,
      64.85302058984166
    ],
    [
      99.9164295535997,
      63.85006064519
    ],
    [
      99.93251521748545,
      62.84739628025606
    ],
    [
      99.95245204847872,
      61.84504587777795
    ],
    [
      99.976465535312,
      60.84302782049372
    ],
    [
      100.00477944077603,
      59.841360350435785
    ],
    [
      100.03694937582316,
      58.840007239242034
    ],
    [
      100.07085405196943,
      57.83879555104043
    ],
    [
      100.10411331037177,
      56.837531245818006
    ],
    [
      100.13434699218733,
      55.83602028356179
    ],
    [
      100.15917493857296,
      54.834068624258734
    ],
    [
      100.17621699068582,
      53.83148222789592
    ],
    [
      100.18309298968288,
      52.82806705446034
    ],
    [
      100.17742277672117,
      51.823629063938995
    ],
    [
      100.15682619295771,
      50.81797421631893
    ],
    [
      100.1189230795495,
      49.81090847158711
    ],
    [
      100.06133327765357,
      48.802237789730604
    ],
    [
      99.9816760004089,
      47.79177262820824
    ],
    [
      99.87744683814788,
      46.78020875360115
    ],
    [
      99.74587009577603,
      45.77018470882608
    ],
    [
      99.58413406396996,
      44.764596948153276
    ],
    [
      99.3894270334062,
      43.766341925853034
    ],
    [
      99.15893729476139,
      42.778316096195645
    ],
    [
      98.88985313871214,
      41.8034159134514
    ],
    [
      98.57936285593503,
      40.8445378318906
    ],
    [
      98.22465473710662,
      39.9045783057835
    ],
    [
      97.82291707290352,
      38.9864337894004
    ],
    [
      97.37133815400236,
      38.093000737011586
    ],
    [
      96.86775131402877,
      37.2269873574224
    ],
    [
      96.31354164503914,
      36.390065335562944
    ],
    [
      95.71131016912786,
      35.58355150663483
    ],
    [
      95.06365897835386,
      34.80876239358763
    ],
    [
      94.37319016477605,
      34.067014519370865
    ],
    [
      93.64250582045342,
      33.359624406934145
    ],
    [
      92.8742080374449,
      32.687908579227
    ],
    [
      92.07089890780942,
      32.05318355919899
    ],
    [
      91.23518052360589,
      31.45676586979968
    ],
    [
      90.3696549768933,
      30.899972033978628
    ],
    [
      89.47694196855774,
      30.38415987704371
    ],
    [
      88.55994397183667,
      29.911350480569862
    ],
    [
      87.6217914477963,
      29.48409968264374
    ],
    [
      86.66562134989098,
      29.104978549563615
    ],
    [
      85.69457063157522,
      28.77655814762777
    ],
    [
      84.71177624630344,
      28.501409543134475
    ],
    [
      83.72037514753009,
      28.282103802382014
    ],
    [
      82.72350428870958,
      28.121211991668655
    ],
    [
      81.72430062329637,
      28.021305177292664
    ],
    [
      80.72590110474489,
      27.98495442555233
    ],
    [
      79.73143071374287,
      28.01469696664578
    ],
    [
      78.74282311143524,
      28.10970325613412
    ],
    [
      77.75982517347114,
      28.2629636999109
    ],
    [
      76.78194938114129,
      28.466806284634075
    ],
    [
      75.8087082157364,
      28.713558996961623
    ],
    [
      74.83961415854722,
      28.995549823551503
    ],
    [
      73.87417969086445,
      29.305106751061654
    ],
    [
      72.91191729397883,
      29.634557766150078
    ],
    [
      71.95233944918107,
      29.976230855474704
    ],
    [
      70.99495863776194,
      30.322454005693515
    ],
    [
      70.0392873410121,
      30.66555520346448
    ],
    [
      69.08504491483586,
      30.999786802723428
    ],
    [
      68.13288702820131,
      31.328110830338893
    ],
    [
      67.18373411670613,
      31.655952197481938
    ],
    [
      66.23850663228811,
      31.98873596732013
    ],
    [
      65.29812502688493,
      32.33188720302103
    ],
    [
      64.36350975243435,
      32.690830967752206
    ],
    [
      63.43558126214906,
      33.070992260324246
    ],
    [
      62.5152817204855,
      33.47670018352831
    ],
    [
      61.60363023203415,
      33.9084002124842
    ],
    [
      60.701662936963665,
      34.36567793502474
    ],
    [
      59.81041597544285,
      34.84811893898275
    ],
    [
      58.93092548764037,
      35.35530881219103
    ],
    [
      58.06422761372499,
      35.88683314248244
    ],
    [
      57.21135849386543,
      36.44227751768974
    ],
    [
      56.373354268230415,
      37.02122752564578
    ],
    [
      55.551251076988656,
      37.623268754183385
    ],
    [
      54.7460850603089,
      38.24798679113535
    ],
    [
      53.958892358359876,
      38.89496722433451
    ],
    [
      53.190709111310284,
      39.56379564161367
    ],
    [
      52.44257145932888,
      40.25405763080565
    ],
    [
      51.71551554258439,
      40.96533877974328
    ],
    [
      51.01057750124551,
      41.69722467625937
    ],
    [
      50.32879347548101,
      42.44930090818672
    ],
    [
      49.67119960545958,
      43.22115306335817
    ],
    [
      49.038832031349976,
      44.012366729606555
    ],
    [
      48.43226482409659,
      44.82221591762758
    ],
    [
      47.846225395529025,
      45.64603218704584
    ],
    [
      47.27143053480346,
      46.47644270112136
    ],
    [
      46.69851860204771,
      47.30602173776524
    ],
    [
      46.1181279573896,
      48.12734357488867
    ],
    [
      45.52089696095691,
      48.9329824904028
    ],
    [
      44.89746397287746,
      49.71551276221873
    ],
    [
      44.23846735327902,
