{
  "test_id": 2,
  "test_outcome": "NOT_EXECUTED",
  "predicted_test_outcome": null,
  "test_duration": null,
  "road_points": [
    [
      100.00000000000001,
      100.00000000000003
    ],
    [
      99.93787680086491,
      99.00535293231096
    ],
    [
      99.88624551232003,
      98.00941832801578
    ],
    [
      99.84442022405315,
      97.01228036002358
    ],
    [
      99.81171502575194,
      96.01402320124333
    ],
    [
      99.78744400710416,
      95.01473102458407
    ],
    [
      99.77092125779753,
      94.01448800295482
    ],
    [
      99.76146086751972,
      93.01337830926458
    ],
    [
      99.75837692595847,
      92.01148611642235
    ],
    [
      99.76098352280152,
      91.00889559733717
    ],
    [
      99.76859474773661,
      90.0056909249181
    ],
    [
      99.78052469045143,
      89.0019562720741
    ],
    [
      99.79608744063373,
      87.99777581171423
    ],
    [
      99.8145970879712,
      86.99323371674748
    ],
    [
      99.83536772215156,
      85.98841416008285
    ],
    [
      99.85771343286258,
      84.9834013146294
    ],
    [
      99.88094830979195,
      83.97827935329617
    ],
    [
      99.90438644262738,
      82.9731324489921
    ],
    [
      99.92734192105658,
      81.96804477462625
    ],
    [
      99.94912883476735,
      80.96310050310767
    ],
    [
      99.96906127344732,
      79.95838380734533
    ],
    [
      99.98645332678424,
      78.95397886024824
    ],
    [
      100.00061908446587,
      77.94996983472547
    ],
    [
      100.01087263617988,
      76.94644090368602
    ],
    [
      100.01652807161405,
      75.9434762400389
    ],
    [
      100.01689948045606,
      74.94116001669313
    ],
    [
      100.01130095239361,
      73.9395764065577
    ],
    [
      99.99904664070475,
      72.93880957473804
    ],
    [
      99.97978246108498,
      71.93890297342524
    ],
    [
      99.9542596736144,
      70.93976441017774
    ],
    [
      99.92345945473093,
      69.94127347789049
    ],
    [
      99.88836298087236,
      68.94330976945838
    ],
    [
      99.84995142847653,
      67.94575287777637
    ],
    [
      99.80920597398126,
      66.94848239573942
    ],
    [
      99.76710779382437,
      65.95137791624244
    ],
    [
      99.72463806444374,
      64.95431903218041
    ],
    [
      99.68277796227711,
      63.957185336448234
    ],
    [
      99.6425086637624,
      62.95985642194087
    ],
    [
      99.60481134533741,
      61.962211881553245
    ],
    [
      99.57066718343994,
      60.9641313081803
    ],
    [
      99.54105735450787,
      59.965494294716976
    ],
    [
      99.516963034979,
      58.96618043405823
    ],
    [
      99.49936540129116,
      57.966069319098985
    ],
    [
      99.48924562988218,
      56.96504054273417
    ],
    [
      99.48758489718988,
      55.96297369785875
    ],
    [
      99.49536437965214,
      54.95974837736766
    ],
    [
      99.51356525370673,
      53.95524417415582
    ],
    [
      99.54316869579152,
      52.949340681118194
    ],
    [
      99.58515588234428,
      51.9419174911497
    ],
    [
      99.6405079898029,
      50.93285419714528
    ],
    [
      99.71020619460523,
      49.9220303919999
    ],
    [
      99.79523167318904,
      48.90932566860847
    ],
    [
      99.8965656019922,
      47.89461961986594
    ],
    [
      100.0151897430446,
      46.87779271924792
    ],
    [
      100.1525588645345,
      45.85943672043326
    ],
    [
      100.31145334468461,
      44.84213675532283
    ],
    [
      100.49488403305715,
      43.82882452572643
    ],
    [
      100.70586177921442,
      42.82243173345397
    ],
    [
      100.94739743271853,
      41.825890080315205
    ],
    [
      101.22250184313185,
      40.84213126812005
    ],
    [
      101.53418586001655,
      39.874086998678294
    ],
    [
      101.88546033293485,
      38.924688973799796
    ],
    [
      102.27933611144903,
      37.99686889529439
    ],
    [
      102.71882404512131,
      37.09355846497192
    ],
    [
      103.20693498351392,
      36.217689384642206
    ],
    [
      103.7466797761891,
      35.3721933561151
    ],
    [
      104.3410692727091,
      34.560002081200466
    ],
    [
      104.99299255764966,
      33.78401388491147
    ],
    [
      105.70210450451354,
      33.04624056807754
    ],
    [
      106.4645647950469,
      32.34773587036601
    ],
    [
      107.27635905131383,
      31.689505820236036
    ],
    [
      108.13347289537849,
      31.072556446146848
    ],
    [
      109.03189194930502,
      30.497893776557635
    ],
    [
      109.96760183515755,
      29.966523839927614
    ],
    [
      110.9365881750002,
      29.47945266471597
    ],
    [
      111.93483659089709,
      29.037686279381916
    ],
    [
      112.95833270491237,
      28.64223071238464
    ],
    [
      114.00306213911014,
      28.294091992183358
    ],
    [
      115.06501051555458,
      27.994276147237247
    ],
    [
      116.14016345630978,
      27.74378920600554
    ],
    [
      117.22450658343985,
      27.54363719694741
    ],
    [
      118.31402551900896,
      27.39482614852208
    ],
    [
      119.40470588508128,
      27.29836208918874
    ],
    [
      120.49253330372088,
      27.255251047406592
    ],
    [
      121.57349339699189,
      27.26649905163484
    ],
    [
      122.64357178695847,
      27.333112130332683
    ],
    [
      123.6987540956847,
      27.45609631195932
    ],
    [
      124.73502594523475,
      27.636457624973954
    ],
    [
      125.74837295767276,
      27.87520209783579
    ],
    [
      126.73478075506284,
      28.173335759004026
    ],
    [
      127.69023495946911,
      28.531864636937858
    ],
    [
      128.61073199893912,
      28.951781301639045
    ],
    [
      129.49549745371118,
      29.430056532042254
    ],
    [
      130.3514882251562,
      29.95403202909848
    ],
    [
      131.18679412637718,
      30.50963849359051
    ],
    [
      132.00950497047717,
      31.082806626301096
    ],
    [
      132.8277105705594,
      31.65946712801304
    ],
    [
      133.64795268018602,
      32.229208743844445
    ],
    [
      134.4699102282917,
      32.79783698325122
    ],
    [
      135.2913610248659,
      33.37564967475371
    ],
    [
      136.11003364190495,
      33.97274706526891
    ],
    [
      136.92245603837188,
      34.59440084559749
    ],
    [
      137.72391549550716,
      35.24089302057175
    ],
    [
      138.50964210997097,
      35.9122756133831
    ],
    [
      139.27486597842338,
      36.608600647222914
    ],
    [
      140.0148171975245,
      37.3299201452826
    ],
    [
      140.72472586393445,
      38.0762861307535
    ],
    [
      141.39982207431336,
      38.84775062682705
    ],
    [
      142.03533592532128,
      39.64436565669458
    ],
    [
      142.62649751361832,
      40.466183243547505
    ],
    [
      143.16853693586464,
      41.31325541057721
    ],
    [
      143.65668428872033,
      42.18563418097509
    ],
    [
      144.08616966884543,
      43.08337157793249
    ],
    [
      144.45222317290018,
      44.006519624640845
    ],
    [
      144.75334747973324,
      44.95433908925468
    ],
    [
      145.0095113598933,
      45.920900601927904
    ],
    [
      145.24933464504542,
      46.8981831125181
    ],
    [
      145.50124731860566,
      47.87819726743644
    ],
    [
      145.78296119946464,
      48.85483269582866
    ],
    [
      146.0966833829385,
      49.824697132895764
    ],
    [
      146.44340885875016,
      50.78461080595687
    ],
    [
      146.82413261662273,
      51.73139394233113
    ],
    [
      147.2398496462792,
      52.661866769337635
    ],
    [
      147.69155493744248,
      53.57284951429553
    ],
    [
      148.18024347983558,
      54.46116240452388
    ],
    [
      148.70691026318156,
