{
  "test_id": 7,
  "test_outcome": "NOT_EXECUTED",
  "predicted_test_outcome": null,
  "test_duration": null,
  "road_points": [
    [
      100.00000000000001,
      99.99999999999999
    ],
    [
      99.78046516861241,
      100.96899400748987
    ],
    [
      99.55804997505552,
      101.94133136482841
    ],
    [
      99.33432086230036,
      102.91684553741209
    ],
    [
      99.1108442733179,
      103.89536999063726
    ],
    [
      98.88918665107916,
      104.87673818990038
    ],
    [
      98.67091443855504,
      105.86078360059783
    ],
    [
      98.45759407871668,
      106.84733968812614
    ],
    [
      98.25079201453494,
      107.83623991788158
    ],
    [
      98.05207468898088,
      108.82731775526067
    ],
    [
      97.86300854502542,
      109.82040666565979
    ],
    [
      97.68516002563965,
      110.81534011447538
    ],
    [
      97.52009557379445,
      111.81195156710386
    ],
    [
      97.36938163246091,
      112.81007448894164
    ],
    [
      97.23458464460995,
      113.80954234538517
    ],
    [
      97.11727105321253,
      114.81018860183077
    ],
    [
      97.01900730123977,
      115.81184672367502
    ],
    [
      96.9413598316625,
      116.81435017631416
    ],
    [
      96.88589508745183,
      117.81753242514479
    ],
    [
      96.85417951157868,
      118.8212269355632
    ],
    [
      96.84777954701407,
      119.82526717296585
    ],
    [
      96.86826163672896,
      120.82948660274917
    ],
    [
      96.91719222369439,
      121.83371869030958
    ],
    [
      96.99523209750127,
      122.83778060022813
    ],
    [
      97.0952543195173,
      123.84134932610773
    ],
    [
      97.2061619359996,
      124.84403040542381
    ],
    [
      97.31682635356425,
      125.84542880617127
    ],
    [
      97.41611897882726,
      126.84514949634509
    ],
    [
      97.49291121840456,
      127.84279744394016
    ],
    [
      97.5360744789122,
      128.83797761695138
    ],
    [
      97.53628450604106,
      129.83043370848455
    ],
    [
      97.4961002574999,
      130.82082304252995
    ],
    [
      97.42288733046465,
      131.8101724975603
    ],
    [
      97.32402484884852,
      132.79950999204033
    ],
    [
      97.20689193656484,
      133.78986344443467
    ],
    [
      97.07886771752685,
      134.7822607732081
    ],
    [
      96.94733131564784,
      135.77772989682535
    ],
    [
      96.81966185484103,
      136.77729873375102
    ],
    [
      96.70323845901973,
      137.78199520244988
    ],
    [
      96.60544025209715,
      138.79284722138667
    ],
    [
      96.53364635798665,
      139.8108827090261
    ],
    [
      96.49523590060141,
      140.8371295838328
    ],
    [
      96.4967524021758,
      141.87208738845933
    ],
    [
      96.54001844229003,
      142.91327047300572
    ],
    [
      96.6252003422815,
      143.95714588618864
    ],
    [
      96.75246263044747,
      145.0001795429322
    ],
    [
      96.92196983508522,
      146.03883735816035
    ],
    [
      97.133886484492,
      147.0695852467973
    ],
    [
      97.38837710696514,
      148.0888891237671
    ],
    [
      97.68560623080188,
      149.0932149039938
    ],
    [
      98.02573838429949,
      150.0790285024015
    ],
    [
      98.40893809575529,
      151.04279583391437
    ],
    [
      98.83536989346645,
      151.9809828134563
    ],
    [
      99.30519830573036,
      152.89005535595152
    ],
    [
      99.81858786084426,
      153.76647937632407
    ],
    [
      100.37570308710539,
      154.60672078949798
    ],
    [
      100.97670851281106,
      155.4072455103974
    ],
    [
      101.62176866625855,
      156.16451945394635
    ],
    [
      102.31104800518513,
      156.87500865529074
    ],
    [
      103.04408190926638,
      157.53625098615743
    ],
    [
      103.81824335110258,
      158.1494686734414
    ],
    [
      104.63044103106851,
      158.71667498092992
    ],
    [
      105.47758364953891,
      159.23988317241015
    ],
    [
      106.35657990688863,
      159.7211065116693
    ],
    [
      107.26433850349245,
      160.16235826249465
    ],
    [
      108.19776813972513,
      160.5656516886734
    ],
    [
      109.15377751596152,
      160.9330000539928
    ],
    [
      110.12927533257637,
      161.26641662224006
    ],
    [
      111.12117028994447,
      161.5679146572024
    ],
    [
      112.12637108844064,
      161.83950742266703
    ],
    [
      113.14178642843967,
      162.08320818242123
    ],
    [
      114.16432501031633,
      162.30103020025214
    ],
    [
      115.19089553444542,
      162.4949867399471
    ],
    [
      116.21840670120176,
      162.66709106529325
    ],
    [
      117.24404741906949,
      162.81925161028846
    ],
    [
      118.26703558441298,
      162.9526177360665
    ],
    [
      119.28748234172339,
      163.0680046270906
    ],
    [
      120.30550271417145,
      163.16622601675587
    ],
    [
      121.3212117249277,
      163.2480956384571
    ],
    [
      122.33472439716276,
      163.3144272255892
    ],
    [
      123.34615575404723,
      163.36603451154718
    ],
    [
      124.35562081875179,
      163.40373122972593
    ],
    [
      125.36323461444697,
      163.4283311135203
    ],
    [
      126.3691121643034,
      163.4406478963253
    ],
    [
      127.37336849149175,
      163.44149531153582
    ],
    [
      128.3761186191826,
      163.43168709254672
    ],
    [
      129.37747757054652,
      163.41203697275304
    ],
    [
      130.3775603687542,
      163.38335868554964
    ],
    [
      131.37648203697623,
      163.34646596433143
    ],
    [
      132.37435759838317,
      163.30217254249328
    ],
    [
      133.3713020761457,
      163.2512921534302
    ],
    [
      134.36743049343437,
      163.19463853053708
    ],
    [
      135.36285787341987,
      163.1330254072089
    ],
    [
      136.3576992392728,
      163.06726651684048
    ],
    [
      137.35206961416367,
      162.9981755928267
    ],
    [
      138.34608402126324,
      162.92656636856265
    ],
    [
      139.33985748374204,
      162.85325257744313
    ],
    [
      140.33350502477072,
      162.77904795286312
    ],
    [
      141.32714166751978,
      162.70476622821747
    ],
    [
      142.32088243516,
      162.63122113690116
    ],
    [
      143.3148423508619,
      162.5592264123091
    ],
    [
      144.3091364377961,
      162.48959578783615
    ],
    [
      145.30387971913325,
      162.42314299687735
    ],
    [
      146.2991872180439,
      162.36068177282755
    ],
    [
      147.29517395769875,
      162.30302584908165
    ],
    [
      148.29195496126835,
      162.25098895903457
    ],
    [
      149.2896452519233,
      162.20538483608132
    ],
    [
      150.28835985283428,
      162.1670272136167
    ],
    [
      151.28821378717186,
      162.13672982503573
    ],
    [
      152.28932207810664,
      162.11530640373326
    ],
    [
      153.29179974880924,
      162.1035706831042
    ],
    [
      154.29576182245034,
      162.1023363965436
    ],
    [
      155.3013233222005,
      162.1124172774462
    ],
    [
      156.30859927123026,
      162.13462705920705
    ],
    [
      157.31770469271035,
      162.16977947522102
    ],
    [
      158.3287546098113,
      162.21868825888302
    ],
    [
      159.34186404570383,
      162.28216714358803
    ],
    [
      160.3571480235585,
      162.36102986273093
    ],
    [
      161.37472156654584,
      162.45609014970663
    ],
    [
      162.39469969783653,
      162.56816173791003
    ],
    [
      163.41719744060123,
      162.6980583607361
    ]
  ],