{
  "test_id": 8,
  "test_outcome": "NOT_EXECUTED",
  "predicted_test_outcome": null,
  "test_duration": null,
  "road_points": [
    [
      99.99999999999999,
      99.99999999999999
    ],
    [
      99.91464143675297,
      99.03588586154221
    ],
    [
      99.77245803450229,
      98.07375488649784
    ],
    [
      99.57866589000815,
      97.1133518524678
    ],
    [
      99.3384811000309,
      96.15442153705305
    ],
    [
      99.05711976133082,
      95.19670871785459
    ],
    [
      98.7397979706682,
      94.23995817247338
    ],
    [
      98.39173182480334,
      93.2839146785104
    ],
    [
      98.01813742049653,
      92.32832301356657
    ],
    [
      97.62423085450807,
      91.3729279552429
    ],
    [
      97.21522822359822,
      90.41747428114036
    ],
    [
      96.79634562452729,
      89.46170676885986
    ],
    [
      96.37279915405563,
      88.50537019600247
    ],
    [
      95.94980490894345,
      87.54820934016907
    ],
    [
      95.53257898595109,
      86.58996897896066
    ],
    [
      95.12633748183879,
      85.63039388997821
    ],
    [
      94.73629649336694,
      84.66922885082269
    ],
    [
      94.36767211729573,
      83.70621863909503
    ],
    [
      94.02568045038551,
      82.74110803239626
    ],
    [
      93.71553758939659,
      81.7736418083273
    ],
    [
      93.44245963108922,
      80.80356474448917
    ],
    [
      93.2116626722237,
      79.83062161848275
    ],
    [
      93.02836280956033,
      78.85455720790908
    ],
    [
      92.8977761398594,
      77.87511629036914
    ],
    [
      92.82511875988124,
      76.89204364346386
    ],
    [
      92.81560676638608,
      75.90508404479418
    ],
    [
      92.87436976939055,
      74.9140190451325
    ],
    [
      93.00323241809652,
      73.92003542667985
    ],
    [
      93.1997589082338,
      72.92613146758393
    ],
    [
      93.46123197859075,
      71.93542511825545
    ],
    [
      93.78493436795563,
      70.95103432910518
    ],
    [
      94.16814881511675,
      69.97607705054382
    ],
    [
      94.60815805886246,
      69.01367123298213
    ],
    [
      95.1022448379811,
      68.06693482683087
    ],
    [
      95.64769189126092,
      67.13898578250074
    ],
    [
      96.2417819574903,
      66.2329420504025
    ],
    [
      96.8817977754575,
      65.35192158094688
    ],
    [
      97.56502208395092,
      64.49904232454463
    ],
    [
      98.28873762175877,
      63.67742223160648
    ],
    [
      99.05022712766946,
      62.89017925254316
    ],
    [
      99.84677334047123,
      62.14043133776542
    ],
    [
      100.67565899895247,
      61.431296437684
    ],
    [
      101.53416684190144,
      60.765892502709626
    ],
    [
      102.41957960810652,
      60.147337483253054
    ],
    [
      103.32918003635594,
      59.57874932972501
    ],
    [
      104.26025086543807,
      59.063245992536224
    ],
    [
      105.21007483414122,
      58.60394542209745
    ],
    [
      106.17593468125371,
      58.20396556881942
    ],
    [
      107.15511314556387,
      57.866424383112886
    ],
    [
      108.14491720455482,
      57.5942350549858
    ],
    [
      109.14308128465169,
      57.38669982847228
    ],
    [
      110.14770549233619,
      57.2400318045575
    ],
    [
      111.15690172459468,
      57.15034448197841
    ],
    [
      112.1687818784136,
      57.11375135947197
    ],
    [
      113.18145785077934,
      57.126365935775105
    ],
    [
      114.19304153867832,
      57.18430170962476
    ],
    [
      115.20164483909694,
      57.28367217975789
    ],
    [
      116.20537964902162,
      57.42059084491143
    ],
    [
      117.20235786543877,
      57.59117120382234
    ],
    [
      118.19070166795183,
      57.791524513743255
    ],
    [
      119.1697520470234,
      58.01749634611754
    ],
    [
      120.1412035727031,
      58.26441922092335
    ],
    [
      121.10701934721936,
      58.52756712141949
    ],
    [
      122.0691624728005,
      58.80221403086473
    ],
    [
      123.02959605167482,
      59.08363393251787
    ],
    [
      123.9902831860707,
      59.3671008096377
    ],
    [
      124.9531869782165,
      59.64788864548301
    ],
    [
      125.92027053034057,
      59.921271423312604
    ],
    [
      126.89349694467117,
      60.18252312638525
    ],
    [
      127.87482932343676,
      60.426917737959755
    ],
    [
      128.86620759431437,
      60.64972614992577
    ],
    [
      129.8677785082952,
      60.84598005338023
    ],
    [
      130.8766491708883,
      61.01030566592992
    ],
    [
      131.88963224058745,
      61.13728992742391
    ],
    [
      132.90354037588617,
      61.22151977771124
    ],
    [
      133.91518623527827,
      61.257582156641
    ],
    [
      134.9213824772573,
      61.240064004062205
    ],
    [
      135.91894176031695,
      61.163552259823916
    ],
    [
      136.90467674295093,
      61.02263386377521
    ],
    [
      137.87586708623718,
      60.8131282173301
    ],
    [
      138.83496488340674,
      60.544505232710144
    ],
    [
      139.78764140109305,
      60.23473050850323
    ],
    [
      140.73961650299765,
      59.90189789530403
    ],
    [
      141.69661005282205,
      59.56410124370729
    ],
    [
      142.66419882465337,
      59.23914789645318
    ],
    [
      143.64436912829098,
      58.937656021696405
    ],
    [
      144.63534215006013,
      58.662704893503864
    ],
    [
      145.63516103012643,
      58.417017284714966
    ],
    [
      146.6418689086555,
      58.20331596816907
    ],
    [
      147.65350892581293,
      58.024323716705545
    ],
    [
      148.66812422176443,
      57.88276330316377
    ],
    [
      149.68375793667548,
      57.7813575003831
    ],
    [
      150.69845321071173,
      57.72282908120289
    ],
    [
      151.7102531840388,
      57.709900818462536
    ],
    [
      152.7172009968224,
      57.74529548500143
    ],
    [
      153.71733978922802,
      57.831735853658884
    ],
    [
      154.7087127014213,
      57.971944697274296
    ],
    [
      155.68936287356792,
      58.16864478868705
    ],
    [
      156.6573171357021,
      58.42403627841847
    ],
    [
      157.61050272600727,
      58.73712811495563
    ],
    [
      158.54680930022974,
      59.10572500017331
    ],
    [
      159.46412644473463,
      59.52762941277398
    ],
    [
      160.36034374588692,
      60.00064383146014
    ],
    [
      161.23335079005173,
      60.52257073493425
    ],
    [
      162.08103716359403,
      61.09121260189878
    ],
    [
      162.9012924528789,
      61.70437191105624
    ],
    [
      163.69200624427134,
      62.3598511411091
    ],
    [
      164.4510681241365,
      63.05545277075982
    ],
    [
      165.1763676788393,
      63.78897927871091
    ],
    [
      165.8657944947449,
      64.55823314366484
    ],
    [
      166.5172381582183,
      65.36101684432407
    ],
    [
      167.1285882556245,
      66.1951328593911
    ],
    [
      167.69773437332861,
      67.05838366756839
    ],
    [
      168.22256609769562,
      67.94857174755846
    ],
    [
      168.70097301509065,
      68.86349957806375
    ],
    [
      169.1308447118787,
      69.80096963778678
    ],
    [
      169.51007077442483,
      70.75878440542999
    ],
    [
      169.8365407890941,
      71.73474635969589
    ],
    [
      170.10814434225148,
      72.72665797928694
    ],
    [
      170.32277102026214,
      73.73232174290563
    ],
    [
      170.47831040949097,
      74.7495401292544
    ],
    [
      170.57265209630316,
      75.7761156170358
    ]
  ],