{
  "test_id": 18,
  "test_outcome": "NOT_EXECUTED",
  "predicted_test_outcome": null,
  "test_duration": null,
  "road_points": [
    [
      99.99999999999999,
      100.00000000000001
    ],
    [
      99.93131167754676,
      101.42371567110607
    ],
    [
      99.80263791536115,
      102.77314507283353
    ],
    [
      99.61611665635131,
      104.05103193824843
    ],
    [
      99.37388584342536,
      105.26012000041686
    ],
    [
      99.07808341949134,
      106.40315299240477
    ],
    [
      98.7308473274573,
      107.4828746472781
    ],
    [
      98.33431551023138,
      108.50202869810293
    ],
    [
      97.89062591072171,
      109.4633588779453
    ],
    [
      97.40191647183636,
      110.36960891987121
    ],
    [
      96.87032513648339,
      111.22352255694662
    ],
    [
      96.29798984757093,
      112.02784352223757
    ],
    [
      95.68704854800706,
      112.7853155488101
    ],
    [
      95.03963918069988,
      113.49868236973016
    ],
    [
      94.35789968855745,
      114.17068771806382
    ],
    [
      93.64396801448792,
      114.80407532687708
    ],
    [
      92.89998210139937,
      115.40158892923591
    ],
    [
      92.12807989219985,
      115.96597225820639
    ],
    [
      91.3303993297975,
      116.49996904685446
    ],
    [
      90.50907835710042,
      117.00632302824621
    ],
    [
      89.66625491701664,
      117.4877779354476
    ],
    [
      88.80406695245426,
      117.94707750152457
    ],
    [
      87.9246524063215,
      118.38696545954332
    ],
    [
      87.0301492215263,
      118.81018554256971
    ],
    [
      86.12269534097683,
      119.21948148366978
    ],
    [
      85.20442870758116,
      119.61759701590955
    ],
    [
      84.27748726424741,
      120.00727587235507
    ],
    [
      83.34400895388363,
      120.39126178607228
    ],
    [
      82.40613171939795,
      120.77229849012726
    ],
    [
      81.46599350369847,
      121.15312971758598
    ],
    [
      80.52573224969323,
      121.53649920151446
    ],
    [
      79.58748590029039,
      121.92515067497871
    ],
    [
      78.65339239839798,
      122.32182787104476
    ],
    [
      77.72558968692415,
      122.7292745227786
    ],
    [
      76.80621570877699,
      123.15023436324626
    ],
    [
      75.89740840686453,
      123.58745112551371
    ],
    [
      75.00130572409493,
      124.04366854264703
    ],
    [
      74.12004560337624,
      124.52163034771216
    ],
    [
      73.2557659876166,
      125.02408027377518
    ],
    [
      72.41060481972406,
      125.55376205390203
    ],
    [
      71.5864977816142,
      126.11315110575013
    ],
    [
      70.78308330364452,
      126.70167535876449
    ],
    [
      69.99854297811733,
      127.31683013001047
    ],
    [
      69.2310352267435,
      127.95607999890767
    ],
    [
      68.47871847123388,
      128.6168895448758
    ],
    [
      67.73975113329932,
      129.2967233473345
    ],
    [
      67.01229163465071,
      129.99304598570345
    ],
    [
      66.29449839699886,
      130.7033220394023
    ],
    [
      65.58452984205465,
      131.42501608785076
    ],
    [
      64.88054439152894,
      132.1555927104685
    ],
    [
      64.1807004671326,
      132.89251648667513
    ],
    [
      63.48315649057645,
      133.63325199589033
    ],
    [
      62.78607377341416,
      134.37524970081756
    ],
    [
      62.08764397317254,
      135.11581182582051
    ],
    [
      61.38607688576229,
      135.8521519902977
    ],
    [
      60.6795825508374,
      136.58148262297547
    ],
    [
      59.96637100805186,
      137.30101615258022
    ],
    [
      59.244652297059645,
      138.00796500783827
    ],
    [
      58.51263645751477,
      138.699541617476
    ],
    [
      57.76853352907122,
      139.37295841021984
    ],
    [
      57.01055355138298,
      140.02542781479607
    ],
    [
      56.23690656410405,
      140.65416225993116
    ],
    [
      55.44580260688843,
      141.2563741743514
    ],
    [
      54.63545171939007,
      141.8292759867832
    ],
    [
      53.80429583322224,
      142.3704410012471
    ],
    [
      52.953032309654766,
      142.88095247029142
    ],
    [
      52.0836286183756,
      143.36387021671976
    ],
    [
      51.19806644766341,
      143.8222761906148
    ],
    [
      50.2983274857969,
      144.2592523420593
    ],
    [
      49.38639342105481,
      144.67788062113613
    ],
    [
      48.46424594171587,
      145.08124297792807
    ],
    [
      47.53386673605881,
      145.47242136251788
    ],
    [
      46.59723749236229,
      145.85449772498833
    ],
    [
      45.65633989890509,
      146.23055401542229
    ],
    [
      44.71315564396589,
      146.60367218390246
    ],
    [
      43.76966641582344,
      146.97693418051168
    ],
    [
      42.82785390275644,
      147.3534219553327
    ],
    [
      41.889699793043604,
      147.73621745844835
    ],
    [
      40.95718577496367,
      148.12840263994136
    ],
    [
      40.03229353679535,
      148.53305944989464
    ],
    [
      39.11700476681735,
      148.9532698383908
    ],
    [
      38.2133011533084,
      149.3921157555128
    ],
    [
      37.32316438454722,
      149.85267915134335
    ],
    [
      36.44857614881254,
      150.33804197596524
    ],
    [
      35.590761370917875,
      150.8502829073128
    ],
    [
      34.7453662579574,
      151.3840846900206
    ],
    [
      33.9055421794735,
      151.93082256096713
    ],
    [
      33.064428855574505,
      152.48185631290164
    ],
    [
      32.2151660063688,
      153.02854573857343
    ],
    [
      31.35118845144676,
      153.56246979496075
    ],
    [
      30.470319218171717,
      154.0784664694097
    ],
    [
      29.573745448792483,
      154.57387220721077
    ],
    [
      28.662740021125412,
      155.04608712767177
    ],
    [
      27.738575812986923,
      155.49251135010084
    ],
    [
      26.80252570219341,
      155.91054499380584
    ],
    [
      25.855862566561232,
      156.29758817809474
    ],
    [
      24.89985928390679,
      156.65104102227545
    ],
    [
      23.935788732046476,
      156.968303645656
    ],
    [
      22.964923788796682,
      157.24677616754428
    ],
    [
      21.988537331973806,
      157.4838587072483
    ],
    [
      21.00790223939421,
      157.67695138407595
    ],
    [
      20.024291388874293,
      157.82345431733518
    ],
    [
      19.03897765823046,
      157.92076762633397
    ],
    [
      18.053233925279073,
      157.9662914303803
    ],
    [
      17.068333067836537,
      157.95742584878207
    ],
    [
      16.085547963719236,
      157.89157100084722
    ],
    [
      15.10615149074356,
      157.7661270058838
    ],
    [
      14.131416526725907,
      157.57849398319962
    ],
    [
      13.16261594948265,
      157.32607205210277
    ],
    [
      12.201022636830178,
      157.00626133190116
    ],
    [
      11.2479094665849,
      156.61646194190268
    ],
    [
      10.304549316563177,
      156.1540740014153
    ],
    [
      9.372215064581411,
      155.61649762974702
    ],
    [
      8.45217958845599,
      155.0011329462058
    ],
    [
      7.545715766003303,
      154.3053800700995
    ],
    [
      6.654096475039738,
      153.52663912073615
    ]
  ],