{
  "test_id": 29,
  "test_outcome": "NOT_EXECUTED",
  "predicted_test_outcome": null,
  "test_duration": null,
  "road_points": [
    [
      99.99999999999996,
      99.99999999999996
    ],
    [
      99.67808849796094,
      99.12224194868507
    ],
    [
      99.42042223309522,
      98.22172409274377
    ],
    [
      99.22193905344692,
      97.30004224441403
    ],
    [
      99.07757680706008,
      96.35879221593387
    ],
    [
      98.98227334197881,
      95.39956981954133
    ],
    [
      98.93096650624722,
      94.42397086747432
    ],
    [
      98.9185941479093,
      93.43359117197087
    ],
    [
      98.94009411500932,
      92.43002654526902
    ],
    [
      98.99040425559119,
      91.41487279960674
    ],
    [
      99.0644624176991,
      90.38972574722203
    ],
    [
      99.15720644937704,
      89.35618120035281
    ],
    [
      99.26357419866919,
      88.31583497123718
    ],
    [
      99.37850351361959,
      87.27028287211311
    ],
    [
      99.49693224227236,
      86.22112071521859
    ],
    [
      99.6137982326715,
      85.16994431279154
    ],
    [
      99.72403933286118,
      84.11834947707008
    ],
    [
      99.82259339088546,
      83.06793202029212
    ],
    [
      99.90439825478843,
      82.02028775469572
    ],
    [
      99.96439177261416,
      80.9770124925188
    ],
    [
      99.99751179240675,
      79.9397020459994
    ],
    [
      99.99869616221031,
      78.90995222737553
    ],
    [
      99.96288273006887,
      77.88935884888517
    ],
    [
      99.88500934402653,
      76.8795177227663
    ],
    [
      99.7600138521274,
      75.88202466125692
    ],
    [
      99.58283410241557,
      74.89847547659505
    ],
    [
      99.3484079429351,
      73.93046598101867
    ],
    [
      99.05262073302316,
      72.97952608390445
    ],
    [
      98.69666523481176,
      72.04681654543488
    ],
    [
      98.28358108720985,
      71.13336966878617
    ],
    [
      97.81640979851673,
      70.24021762711162
    ],
    [
      97.29819287703165,
      69.36839259356452
    ],
    [
      96.73197183105397,
      68.51892674129822
    ],
    [
      96.1207881688829,
      67.69285224346598
    ],
    [
      95.46768339881773,
      66.89120127322116
    ],
    [
      94.77569902915774,
      66.11500600371701
    ],
    [
      94.04787656820227,
      65.36529860810691
    ],
    [
      93.28725752425055,
      64.6431112595441
    ],
    [
      92.49688340560186,
      63.94947613118194
    ],
    [
      91.67979572055553,
      63.28542539617372
    ],
    [
      90.83903597741076,
      62.65199122767272
    ],
    [
      89.97764568446692,
      62.0502057988323
    ],
    [
      89.09866635002324,
      61.48110128280574
    ],
    [
      88.20513948237904,
      60.945709852746354
    ],
    [
      87.30010658983355,
      60.44506368180744
    ],
    [
      86.38655295713777,
      59.98010093183835
    ],
    [
      85.4661449605705,
      59.549554419970484
    ],
    [
      84.53921559217935,
      59.1499274137242
    ],
    [
      83.60603872520375,
      58.777624328156584
    ],
    [
      82.6668882328832,
      58.429049578324666
    ],
    [
      81.72203798845702,
      58.10060757928546
    ],
    [
      80.77176186516478,
      57.78870274609604
    ],
    [
      79.81633373624581,
      57.48973949381342
    ],
    [
      78.85602747493961,
      57.20012223749466
    ],
    [
      77.89111695448557,
      56.91625539219679
    ],
    [
      76.9218668196867,
      56.634998347387075
    ],
    [
      75.94836272743754,
      56.3620348387311
    ],
    [
      74.97052808263446,
      56.111047845063986
    ],
    [
      73.9882804190343,
      55.896009800343826
    ],
    [
      73.00153727039395,
      55.73089313852867
    ],
    [
      72.01022526734909,
      55.62953103552094
    ],
    [
      71.01479749023306,
      55.5976975995791
    ],
    [
      70.01651207322683,
      55.62884290602732
    ],
    [
      69.0166951390534,
      55.71537623889924
    ],
    [
      68.01667281043582,
      55.849706882228425
    ],
    [
      67.01777121009718,
      56.02424412004851
    ],
    [
      66.02131646076047,
      56.23139723639308
    ],
    [
      65.02863468514879,
      56.46357551529575
    ],
    [
      64.04105200598515,
      56.71318824079011
    ],
    [
      63.05960373042603,
      56.972280079517645
    ],
    [
      62.08249472742005,
      57.22934696443281
    ],
    [
      61.10633510352659,
      57.47088535469896
    ],
    [
      60.1277170820604,
      57.68336928790806
    ],
    [
      59.14323288633623,
      57.853272801652004
    ],
    [
      58.14964888556994,
      57.96740099325645
    ],
    [
      57.14742135484778,
      58.019573648575204
    ],
    [
      56.140529294244295,
      58.01030742309296
    ],
    [
      55.13309239102376,
      57.94038642540844
    ],
    [
      54.12923033245038,
      57.81059476412034
    ],
    [
      53.13305044432004,
      57.621723498872974
    ],
    [
      52.147832835965204,
      57.375028845977084
    ],
    [
      51.1755236733232,
      57.0725171188343
    ],
    [
      50.21794810446622,
      56.71626268107162
    ],
    [
      49.27693127746638,
      56.30833989631608
    ],
    [
      48.35429834039586,
      55.850823128194655
    ],
    [
      47.451874441326744,
      55.34578674033436
    ],
    [
      46.57148472833122,
      54.79530509636221
    ],
    [
      45.71495434948145,
      54.20145255990523
    ],
    [
      44.884108452849546,
      53.56630349459038
    ],
    [
      44.08077218650764,
      52.891932264044684
    ],
    [
      43.30677069852792,
      52.18041323189516
    ],
    [
      42.563929136982516,
      51.433820761768814
    ],
    [
      41.85407264994355,
      50.65422921729264
    ],
    [
      41.1790263854832,
      49.84371296209363
    ],
    [
      40.540615491673584,
      49.004346359798824
    ],
    [
      39.94066511658687,
      48.138203774035226
    ],
    [
      39.38100040829518,
      47.24735956842981
    ],
    [
      38.86344651487068,
      46.333888106609606
    ],
    [
      38.38982858438552,
      45.399863752201625
    ],
    [
      37.96197176491181,
      44.44736086883285
    ],
    [
      37.58170120452173,
      43.47845382013031
    ],
    [
      37.25084205128741,
      42.49521696972099
    ],
    [
      36.971219453280995,
      41.499724681231925
    ],
    [
      36.74465855857463,
      40.4940513182901
    ],
    [
      36.572984515240464,
      39.4802712445225
    ],
    [
      36.45802247135064,
      38.460458823556166
    ],
    [
      36.401597574977316,
      37.43668841901811
    ],
    [
      36.40553497419261,
      36.41103439453531
    ],
    [
      36.4716598170687,
      35.38557111373478
    ],
    [
      36.601797251677695,
      34.36237294024353
    ],
    [
      36.797772426091775,
      33.34351423768858
    ],
    [
      37.06141048838306,
      32.33106936969691
    ],
    [
      37.39453658662371,
      31.32711269989553
    ],
    [
      37.79897586888586,
      30.333718591911467
    ],
    [
      38.276553483241656,
      29.352961409371716
    ],
    [
      38.82909457776326,
      28.38691551590326
    ],
    [
      39.45842430052279,
      27.43765527513315
    ],
    [
      40.166367799592415,
      26.50725505068836
    ],
    [
      40.95475022304426,
      25.597789206195902
    ],
    [
      41.8253967189505,
      24.711332105282775
    ],
    [
      42.780132435383244,
      23.849958111576008
    ]
  ],