{
  "test_id": 28,
  "test_outcome": "NOT_EXECUTED",
  "predicted_test_outcome": null,
  "test_duration": null,
  "road_points": [
    [
      100.0,
      100.0
    ],
    [
      99.69158468719944,
      98.9513598522572
    ],
    [
      99.358484152703,
      97.92150888471993
    ],
    [
      99.00100025250389,
      96.91058976283011
    ],
    [
      98.61943484259501,
      95.91874515202943
    ],
    [
      98.2140897789696,
      94.94611771775982
    ],
    [
      97.7852669176206,
      93.99285012546304
    ],
    [
      97.33326811454123,
      93.05908504058092
    ],
    [
      96.85839522572444,
      92.14496512855534
    ],
    [
      96.3609501071633,
      91.25063305482797
    ],
    [
      95.84123461485098,
      90.37623148484077
    ],
    [
      95.29955060478048,
      89.52190308403551
    ],
    [
      94.73619993294491,
      88.68779051785403
    ],
    [
      94.15148445533733,
      87.87403645173814
    ],
    [
      93.54570602795084,
      87.08078355112963
    ],
    [
      92.91916650677845,
      86.30817448147032
    ],
    [
      92.2721677478133,
      85.55635190820207
    ],
    [
      91.60501160704843,
      84.82545849676667
    ],
    [
      90.91799994047692,
      84.11563691260598
    ],
    [
      90.21143460409186,
      83.42702982116174
    ],
    [
      89.48561745388632,
      82.75977988787585
    ],
    [
      88.74085034585336,
      82.1140297781901
    ],
    [
      87.97743513598607,
      81.48992215754627
    ],
    [
      87.1956736802775,
      80.88759969138626
    ],
    [
      86.39586783472075,
      80.3072050451518
    ],
    [
      85.5783194553089,
      79.7488808842848
    ],
    [
      84.74333039803498,
      79.21276987422699
    ],
    [
      83.89120251889214,
      78.69901468042028
    ],
    [
      83.02223767387336,
      78.2077579683064
    ],
    [
      82.1367377189718,
      77.73914240332724
    ],
    [
      81.23500451018049,
      77.29331065092458
    ],
    [
      80.31733990349252,
      76.87040537654025
    ],
    [
      79.38404575490094,
      76.47056924561608
    ],
    [
      78.43542392039883,
      76.09394492359385
    ],
    [
      77.47177625597931,
      75.74067507591543
    ],
    [
      76.49340461763542,
      75.41090236802263
    ],
    [
      75.50061086136022,
      75.10476946535724
    ],
    [
      74.49369684314681,
      74.8224190333611
    ],
    [
      73.47296441898824,
      74.56399373747603
    ],
    [
      72.4387154448776,
      74.32963624314384
    ],
    [
      71.39137558154593,
      74.11955911723777
    ],
    [
      70.33259460797058,
      73.93466607641291
    ],
    [
      69.26472062386989,
      73.77625511641408
    ],
    [
      68.19010987248504,
      73.64562883090296
    ],
    [
      67.11111859705703,
      73.54408981354123
    ],
    [
      66.03010304082699,
      73.47294065799053
    ],
    [
      64.94941944703595,
      73.43348395791256
    ],
    [
      63.87142405892504,
      73.427022306969
    ],
    [
      62.798473119735306,
      73.45485829882149
    ],
    [
      61.73292287270787,
      73.51829452713173
    ],
    [
      60.677129561083746,
      73.6186335855614
    ],
    [
      59.633449428104086,
      73.75717806777214
    ],
    [
      58.60423871700993,
      73.93523056742566
    ],
    [
      57.59185367104236,
      74.15409367818361
    ],
    [
      56.59865053344248,
      74.41506999370766
    ],
    [
      55.626985547451355,
      74.71946210765952
    ],
    [
      54.67921495631007,
      75.06857261370085
    ],
    [
      53.7576950032597,
      75.46370410549328
    ],
    [
      52.86478193154133,
      75.90615917669854
    ],
    [
      52.002831984396046,
      76.39724042097825
    ],
    [
      51.17420140506492,
      76.93825043199413
    ],
    [
      50.38124643678904,
      77.53049180340786
    ],
    [
      49.62632332280948,
      78.17526712888106
    ],
    [
      48.91163002202881,
      78.87329590365994
    ],
    [
      48.2384766656747,
      79.62202698411892
    ],
    [
      47.60786403632132,
      80.41776962740597
    ],
    [
      47.02079260001908,
      81.25683192463805
    ],
    [
      46.47826282281846,
      82.13552196693209
    ],
    [
      45.98127517076987,
      83.05014784540508
    ],
    [
      45.5308301099238,
      83.99701765117393
    ],
    [
      45.12792810633065,
      84.9724394753556
    ],
    [
      44.773569626040896,
      85.97272140906709
    ],
    [
      44.46875513510496,
      86.99417154342525
    ],
    [
      44.214485099573324,
      88.03309796954713
    ],
    [
      44.011759985496404,
      89.08580877854962
    ],
    [
      43.86158025892466,
      90.14861206154967
    ],
    [
      43.764946385908544,
      91.21781590966428
    ],
    [
      43.72285883249849,
      92.28972841401037
    ],
    [
      43.736318064744935,
      93.36065766570488
    ],
    [
      43.80632454869835,
      94.42691175586477
    ],
    [
      43.933878750409164,
      95.48479877560698
    ],
    [
      44.11998113592782,
      96.53062681604845
    ],
    [
      44.365632171304796,
      97.5607039683062
    ],
    [
      44.671280377781706,
      98.57165350670505
    ],
    [
      45.03511033336699,
      99.56139151035696
    ],
    [
      45.454726233908616,
      100.52816548048023
    ],
    [
      45.92773227492222,
      101.470222918483
    ],
    [
      46.45173265192343,
      102.3858113257734
    ],
    [
      47.02433156042791,
      103.27317820375956
    ],
    [
      47.64313319595131,
      104.13057105384956
    ],
    [
      48.30574175400922,
      104.95623737745149
    ],
    [
      49.009761430117315,
      105.7484246759735
    ],
    [
      49.75279641979127,
      106.50538045082375
    ],
    [
      50.53245091854668,
      107.22535220341032
    ],
    [
      51.34632912189918,
      107.90658743514132
    ],
    [
      52.19203522536445,
      108.54733364742484
    ],
    [
      53.067173424458126,
      109.14583834166908
    ],
    [
      53.96934791469583,
      109.7003490192821
    ],
    [
      54.89616289159321,
      110.20911318167201
    ],
    [
      55.84522255066591,
      110.67037833024693
    ],
    [
      56.814131087429594,
      111.08239196641503
    ],
    [
      57.800492697399854,
      111.44340159158438
    ],
    [
      58.801911576092394,
      111.75165470716311
    ],
    [
      59.81599191902279,
      112.00539881455927
    ],
    [
      60.8402973379809,
      112.2029569259531
    ],
    [
      61.87180960891001,
      112.34373462721784
    ],
    [
      62.9070752629829,
      112.4279473280655
    ],
    [
      63.94263034247048,
      112.45582995403741
    ],
    [
      64.97501088964376,
      112.427617430675
    ],
    [
      66.00075294677364,
      112.34354468351965
    ],
    [
      67.01639255613117,
      112.20384663811282
    ],
    [
      68.01846575998724,
      112.00875821999587
    ],
    [
      69.00350860061283,
      111.75851435471023
    ],
    [
      69.9680571202789,
      111.45334996779722
    ],
    [
      70.90864736125641,
      111.09349998479838
    ],
    [
      71.82181536581632,
      110.679199331255
    ],
    [
      72.7046901675435,
      110.21128060888925
    ],
    [
      73.56186857897676,
      109.69810319679596
    ],
    [
      74.40305281939308,
      109.15317221554825
    ],
    [
      75.2380440991159,
      108.5900925588344
    ],
    [
      76.07664362846853,
      108.02246912034255
    ],
    [
      76.92848516809272,
      107.46374944578058
    ],
    [
      77.79829277675977,
      106.92276756552778
    ],
    [
      78.68520910631719,
      106.40311281138962
    ],
    [
      79.5880743251039,
      105.9080902795212
    ],
    [
      80.50572860145884,
      105.44100506607772
    ],
    [
      81.43701210372085,
      105.0051622672143
    ],
