{
  "test_id": 33,
  "test_outcome": "NOT_EXECUTED",
  "predicted_test_outcome": null,
  "test_duration": null,
  "road_points": [
    [
      100.00000000000001,
      100.0
    ],
    [
      100.0566396907078,
      99.00017000043708
    ],
    [
      100.09624066222818,
      97.99904574458925
    ],
    [
      100.12045929910371,
      96.99675305095721
    ],
    [
      100.13095198587737,
      95.99341773804197
    ],
    [
      100.12937510709165,
      94.98916562434428
    ],
    [
      100.11738504728947,
      93.9841225283651
    ],
    [
      100.09663819101351,
      92.97841426860522
    ],
    [
      100.06879092280651,
      91.97216666356552
    ],
    [
      100.03549962721124,
      90.96550553174693
    ],
    [
      99.99842068877038,
      89.9585566916502
    ],
    [
      99.95921049202674,
      88.95144596177627
    ],
    [
      99.91952542152302,
      87.94429916062597
    ],
    [
      99.88102186180198,
      86.93724210670021
    ],
    [
      99.84535619740635,
      85.9304006184998
    ],
    [
      99.81418481287888,
      84.92390051452564
    ],
    [
      99.7891640927623,
      83.91786761327856
    ],
    [
      99.77195042159937,
      82.91242773325945
    ],
    [
      99.76420018393284,
      81.90770669296917
    ],
    [
      99.76756976430542,
      80.90383031090859
    ],
    [
      99.78371554725987,
      79.90092440557855
    ],
    [
      99.81429391733894,
      78.89911479547993
    ],
    [
      99.86096125908533,
      77.89852729911357
    ],
    [
      99.92537395704186,
      76.8992877349804
    ],
    [
      100.00918758624077,
      75.90152181143752
    ],
    [
      100.11294642646244,
      74.9052040316918
    ],
    [
      100.23388076354543,
      73.90985799002063
    ],
    [
      100.36860586911375,
      72.9149236005844
    ],
    [
      100.51373701479123,
      71.91984077754337
    ],
    [
      100.66588947220184,
      70.92404943505791
    ],
    [
      100.82220594062586,
      69.92712451921297
    ],
    [
      100.98268877642253,
      68.92937310493507
    ],
    [
      101.14830497858067,
      67.9313492347666
    ],
    [
      101.32002228890596,
      66.9336071414258
    ],
    [
      101.49880844920425,
      65.93670105763091
    ],
    [
      101.68563120128131,
      64.9411852161002
    ],
    [
      101.8814582869429,
      63.9476138495519
    ],
    [
      102.08725744799486,
      62.956541190704286
    ],
    [
      102.30399642624288,
      61.96852147227556
    ],
    [
      102.53264296349282,
      60.98410892698402
    ],
    [
      102.7741648015504,
      60.003857787547894
    ],
    [
      103.02952968222145,
      59.02832228668542
    ],
    [
      103.29970534731173,
      58.05805665711487
    ],
    [
      103.58565953862704,
      57.09361513155447
    ],
    [
      103.8883599979731,
      56.13555194272246
    ],
    [
      104.20877446715579,
      55.18442132333713
    ],
    [
      104.5478706879808,
      54.2407775061167
    ],
    [
      104.90661640225395,
      53.3051747237794
    ],
    [
      105.28597935178101,
      52.37816720904352
    ],
    [
      105.68692727836779,
      51.46030919462727
    ],
    [
      106.11042792382005,
      50.552154913248934
    ],
    [
      106.5571923941074,
      49.65422430721046
    ],
    [
      107.0268600191853,
      48.766894113382335
    ],
    [
      107.5187903829846,
      47.890503690349185
    ],
    [
      108.03234306864073,
      47.02539239658939
    ],
    [
      108.56687765928903,
      46.17189959058129
    ],
    [
      109.1217537380649,
      45.33036463080327
    ],
    [
      109.69633088810366,
      44.50112687573368
    ],
    [
      110.2899686925407,
      43.68452568385087
    ],
    [
      110.90202673451137,
      42.880900413633206
    ],
    [
      111.53186459715103,
      42.09059042355904
    ],
    [
      112.17884186359511,
      41.313935072106766
    ],
    [
      112.84231811697887,
      40.551273717754704
    ],
    [
      113.52165294043772,
      39.80294571898122
    ],
    [
      114.21620838127467,
      39.06928864620948
    ],
    [
      114.92546857576737,
      38.35055147936677
    ],
    [
      115.64909340767579,
      37.64685567206919
    ],
    [
      116.38675640510228,
      36.95831277729215
    ],
    [
      117.13813109614932,
      36.28503434801111
    ],
    [
      117.90289100891934,
      35.62713193720148
    ],
    [
      118.68070967151478,
      34.98471709783874
    ],
    [
      119.47126061203804,
      34.35790138289829
    ],
    [
      120.27421735859154,
      33.746796345355556
    ],
    [
      121.08925343927771,
      33.15151353818598
    ],
    [
      121.916042382199,
      32.57216451436503
    ],
    [
      122.75425771545784,
      32.0088608268681
    ],
    [
      123.60357296715655,
      31.461714028670634
    ],
    [
      124.4636616653977,
      30.930835672748074
    ],
    [
      125.33419733828367,
      30.416337312075868
    ],
    [
      126.21485351391682,
      29.91833049962942
    ],
    [
      127.10530372039965,
      29.43692678838419
    ],
    [
      128.00522148583457,
      28.9722377313156
    ],
    [
      128.91428033832398,
      28.524374881399087
    ],
    [
      129.83215380597034,
      28.093449791610087
    ],
    [
      130.75851381350708,
      27.67958951818137
    ],
    [
      131.69298339662762,
      27.283393834102924
    ],
    [
      132.63512892001472,
      26.906010474368397
    ],
    [
      133.58451357793533,
      26.548617829280907
    ],
    [
      134.5407005646565,
      26.212394289143596
    ],
    [
      135.50325307444513,
      25.89851824425958
    ],
    [
      136.47173430156835,
      25.60816808493199
    ],
    [
      137.44570744029306,
      25.342522201463947
    ],
    [
      138.42473568488634,
      25.10275898415859
    ],
    [
      139.4083822296151,
      24.890056823319032
    ],
    [
      140.3962102687464,
      24.7055941092484
    ],
    [
      141.38778299654714,
      24.550549232249832
    ],
    [
      142.38266360728443,
      24.426100582626443
    ],
    [
      143.38041529522522,
      24.333426550681367
    ],
    [
      144.380614982263,
      24.27336843851813
    ],
    [
      145.3829351002634,
      24.244422256819746
    ],
    [
      146.38708866822097,
      24.244087380599787
    ],
    [
      147.39278885353016,
      24.26985954084259
    ],
    [
      148.39974882358547,
      24.319234468532485
    ],
    [
      149.40768174578136,
      24.389707894653817
    ],
    [
      150.4163007875123,
      24.478775550190925
    ],
    [
      151.4253191161728,
      24.58393316612813
    ],
    [
      152.4344498991573,
      24.70267647344978
    ],
    [
      153.44340630386029,
      24.832501203140218
    ],
    [
      154.45190149767626,
      24.970903086183778
    ],
    [
      155.45964864799967,
      25.115377853564784
    ],
    [
      156.46636092222496,
      25.263421236267575
    ],
    [
      157.4717514877467,
      25.412528965276508
    ],
    [
      158.4755335119593,
      25.5601967715759
    ],
    [
      159.4774201622572,
      25.703920386150084
    ],
    [
      160.47712460603498,
      25.841195539983417
    ],
    [
      161.47436001068704,
      25.969517964060223
    ],
    [
      162.46883954360783,
      26.08638338936484
    ],
    [
      163.46027637219188,
      26.189287546881594
    ],
    [
      164.4483836638337,
      26.275726167594847
    ],
    [
      165.43287458592772,
      26.343194982488917
    ],
    [
      166.41346230586836,
      26.38918972254814
    ],
    [
      167.38985999105017,
      26.41120611875686
    ],
    [
      168.36178080886765,
      26.406739902099407
    ],
    [
      169.32893792671518,
      26.37328680356013
    ],
    [
      170.2910445119873,
      26.30834255412335
    ],
    [
