{
  "test_id": 30,
  "test_outcome": "NOT_EXECUTED",
  "predicted_test_outcome": null,
  "test_duration": null,
  "road_points": [
    [
      100.0,
      100.00000000000001
    ],
    [
      99.53746117907218,
      99.12855701807354
    ],
    [
      99.06700834025226,
      98.25880011484043
    ],
    [
      98.58928910715342,
      97.39051849599133
    ],
    [
      98.10495110338894,
      96.5235013672171
    ],
    [
      97.6146419525721,
      95.65753793420852
    ],
    [
      97.1190092783162,
      94.79241740265638
    ],
    [
      96.6187007042344,
      93.92792897825134
    ],
    [
      96.11436385394009,
      93.06386186668432
    ],
    [
      95.60664635104638,
      92.20000527364594
    ],
    [
      95.09619581916664,
      91.33614840482709
    ],
    [
      94.58365988191406,
      90.47208046591845
    ],
    [
      94.06968616290197,
      89.60759066261089
    ],
    [
      93.5549222857436,
      88.74246820059514
    ],
    [
      93.04001587405214,
      87.87650228556188
    ],
    [
      92.52561455144095,
      87.00948212320203
    ],
    [
      92.01236594152329,
      86.14119691920632
    ],
    [
      91.50091766791235,
      85.27143587926545
    ],
    [
      90.99191735422137,
      84.39998820907024
    ],
    [
      90.48601262406373,
      83.52664311431148
    ],
    [
      89.9838511010526,
      82.6511898006799
    ],
    [
      89.48608040880126,
      81.77341747386632
    ],
    [
      88.99334817092294,
      80.89311533956146
    ],
    [
      88.50630201103097,
      80.01007260345614
    ],
    [
      88.02558955273854,
      79.12407847124105
    ],
    [
      87.55185841965896,
      78.23492214860708
    ],
    [
      87.08575623540543,
      77.3423928412449
    ],
    [
      86.62793062359128,
      76.44627975484535
    ],
    [
      86.17902920782973,
      75.54637209509914
    ],
    [
      85.73969961173407,
      74.64245906769715
    ],
    [
      85.31058945891749,
      73.73432987832999
    ],
    [
      84.89234637299332,
      72.82177373268856
    ],
    [
      84.48561797757479,
      71.90457983646358
    ],
    [
      84.09105189627518,
      70.98253739534583
    ],
    [
      83.7092957527077,
      70.05543561502608
    ],
    [
      83.34099717048565,
      69.1230637011951
    ],
    [
      82.98680377322233,
      68.18521085954367
    ],
    [
      82.64736318453089,
      67.24166629576254
    ],
    [
      82.32332302802472,
      66.29221921554254
    ],
    [
      82.01533092731695,
      65.33665882457437
    ],
    [
      81.72403450602093,
      64.37477432854884
    ],
    [
      81.45008138774989,
      63.40635493315669
    ],
    [
      81.19411919611709,
      62.43118984408873
    ],
    [
      80.95679555473578,
      61.44906826703571
    ],
    [
      80.73875808721924,
      60.45977940768841
    ],
    [
      80.5403937422886,
      59.46322016824149
    ],
    [
      80.35958823383987,
      58.460320823317446
    ],
    [
      80.19283377908914,
      57.452587363594
    ],
    [
      80.03660752299405,
      56.44153200677591
    ],
    [
      79.88738661051207,
      55.42866697056785
    ],
    [
      79.7416481866007,
      54.4155044726745
    ],
    [
      79.59586939621751,
      53.40355673080057
    ],
    [
      79.44652738431999,
      52.394335962650764
    ],
    [
      79.29009929586567,
      51.38935438592977
    ],
    [
      79.1230622758121,
      50.39012421834228
    ],
    [
      78.94189346911678,
      49.39815767759299
    ],
    [
      78.74307002073724,
      48.41496698138661
    ],
    [
      78.52306907563097,
      47.44206434742781
    ],
    [
      78.27836777875552,
      46.48096199342132
    ],
    [
      78.00544327506843,
      45.533172137071794
    ],
    [
      77.70077270952719,
      44.60020699608396
    ],
    [
      77.36083322708934,
      43.6835787881625
    ],
    [
      76.9821019727124,
      42.784799731012114
    ],
    [
      76.56107937668622,
      41.905373162824404
    ],
    [
      76.09637844328459,
      41.04599682330888
    ],
    [
      75.59038192347037,
      40.20593091567535
    ],
    [
      75.04586254677082,
      39.38428693064257
    ],
    [
      74.46559304271335,
      38.58017635892927
    ],
    [
      73.85234614082529,
      37.79271069125422
    ],
    [
      73.20889457063393,
      37.02100141833619
    ],
    [
      72.53801106166672,
      36.26416003089395
    ],
    [
      71.84246834345089,
      35.521298019646224
    ],
    [
      71.12503914551382,
      34.79152687531178
    ],
    [
      70.38849619738288,
      34.073958088609395
    ],
    [
      69.6356122285854,
      33.3677031502578
    ],
    [
      68.8691599686487,
      32.67187355097578
    ],
    [
      68.0918953217263,
      31.9856029867878
    ],
    [
      67.30529326939605,
      31.309715652705414
    ],
    [
      66.5086692469104,
      30.647885807393052
    ],
    [
      65.70113096746645,
      30.004061850927876
    ],
    [
      64.88178614426121,
      29.38219218338705
    ],
    [
      64.0497424904917,
      28.786225204847728
    ],
    [
      63.2041077193549,
      28.220109315387052
    ],
    [
      62.34398954404789,
      27.6877929150822
    ],
    [
      61.46849567776767,
      27.193224404010316
    ],
    [
      60.57673383371127,
      26.740352182248575
    ],
    [
      59.66781172507568,
      26.3331246498741
    ],
    [
      58.740837065057946,
      25.975490206964075
    ],
    [
      57.79491756685508,
      25.671397253595636
    ],
    [
      56.829160943664114,
      25.424794189845958
    ],
    [
      55.842882979654235,
      25.239393811010483
    ],
    [
      54.83803565753071,
      25.115923868511793
    ],
    [
      53.81838098511366,
      25.053062569967185
    ],
    [
      52.78771644858113,
      25.049447949822927
    ],
    [
      51.749839534111054,
      25.103718042525305
    ],
    [
      50.70854772788147,
      25.214510882520607
    ],
    [
      49.667638516070326,
      25.3804645042551
    ],
    [
      48.63090938485562,
      25.600216942175077
    ],
    [
      47.60215782041535,
      25.872406230726813
    ],
    [
      46.58518130892746,
      26.19567040435659
    ],
    [
      45.58377733656997,
      26.568647497510693
    ],
    [
      44.601743389520855,
      26.989975544635406
    ],
    [
      43.64287695395811,
      27.458292580177005
    ],
    [
      42.71097551605971,
      27.972236638581773
    ],
    [
      41.809836562003625,
      28.530445754295982
    ],
    [
      40.9432575779679,
      29.131557961765928
    ],
    [
      40.115036050130435,
      29.774211295437887
    ],
    [
      39.32896946466927,
      30.457043789758135
    ],
    [
      38.58885530776238,
      31.17869347917296
    ],
    [
      37.89849106558774,
      31.937798398128646
    ],
    [
      37.2613825380465,
      32.73292639622737
    ],
    [
      36.677751980057124,
      33.561855244445724
    ],
    [
      36.145753095694566,
      34.42186498407607
    ],
    [
      35.66350728583341,
      35.31022788369314
    ],
    [
      35.22913595134834,
      36.22421621187162
    ],
    [
      34.84076049311394,
      37.161102237186206
    ],
    [
      34.496502312004864,
      38.11815822821161
    ],
    [
      34.19448280889572,
      39.09265645352251
    ],
    [
      33.932823384661155,
      40.081869181693605
    ],
    [
      33.70964544017578,
      41.08306868129962
    ],
    [
      33.5230703763142,
      42.093527220915234
    ],
    [
      33.37121959395108,
      43.110517069115176
    ],
    [
      33.25221449396103,
      44.13131049447411
    ],
    [
      33.16417647721866,
      45.153179765566755
    ],
    [
      33.10522694459863,
      46.173397150967816
    ],
    [
      33.0733214538747,
      47.18926489967286
    ],
    [
      33.05969148545636,
