{
  "test_id": 46,
  "test_outcome": "NOT_EXECUTED",
  "predicted_test_outcome": null,
  "test_duration": null,
  "road_points": [
    [
      100.0,
      100.0
    ],
    [
      99.87692701962241,
      98.91705502406148
    ],
    [
      99.69673825751696,
      97.86603947996707
    ],
    [
      99.46231658035738,
      96.84541302536027
    ],
    [
      99.17654485481768,
      95.85363531788467
    ],
    [
      98.8423059475716,
      94.88916601518363
    ],
    [
      98.4624827252931,
      93.95046477490078
    ],
    [
      98.03995805465595,
      93.0359912546796
    ],
    [
      97.57761480233418,
      92.14420511216365
    ],
    [
      97.0783358350015,
      91.27356600499635
    ],
    [
      96.5450040193319,
      90.42253359082133
    ],
    [
      95.98050222199912,
      89.58956752728196
    ],
    [
      95.38771330967715,
      88.77312747202191
    ],
    [
      94.76952014903983,
      87.9716730826846
    ],
    [
      94.12880560676099,
      87.18366401691355
    ],
    [
      93.46845254951455,
      86.40755993235236
    ],
    [
      92.79134384397435,
      85.64182048664443
    ],
    [
      92.10036235681423,
      84.88490533743331
    ],
    [
      91.39839095470812,
      84.13527414236255
    ],
    [
      90.68831250432984,
      83.39138655907561
    ],
    [
      89.97300987235332,
      82.6517022452161
    ],
    [
      89.25536592545238,
      81.91468085842745
    ],
    [
      88.5382635303009,
      81.17878205635317
    ],
    [
      87.82458555357273,
      80.44246549663683
    ],
    [
      87.11721486194179,
      79.7041908369219
    ],
    [
      86.41903432208191,
      78.9624177348519
    ],
    [
      85.73292680066699,
      78.2156058480704
    ],
    [
      85.06177516437087,
      77.46221483422084
    ],
    [
      84.40846227986742,
      76.70070435094676
    ],
    [
      83.77587101383055,
      75.92953405589171
    ],
    [
      83.16688423293408,
      75.14716360669917
    ],
    [
      82.5843848038519,
      74.35205266101264
    ],
    [
      82.03125559325788,
      73.54266087647565
    ],
    [
      81.5103794678259,
      72.71744791073174
    ],
    [
      81.02458211526685,
      71.87489984775449
    ],
    [
      80.5742195556273,
      71.01464417474673
    ],
    [
      80.1562890393491,
      70.13786069727689
    ],
    [
      79.76754753027048,
      69.24584027387394
    ],
    [
      79.40475199222962,
      68.33987376306686
    ],
    [
      79.06465938906466,
      67.42125202338453
    ],
    [
      78.74402668461373,
      66.49126591335595
    ],
    [
      78.43961084271506,
      65.55120629150998
    ],
    [
      78.14816882720676,
      64.60236401637566
    ],
    [
      77.86645760192702,
      63.646029946481875
    ],
    [
      77.59123413071404,
      62.683494940357605
    ],
    [
      77.31925537740592,
      61.716049856531754
    ],
    [
      77.04727830584088,
      60.744985553533304
    ],
    [
      76.77205987985704,
      59.77159288989115
    ],
    [
      76.4903570632926,
      58.79716272413429
    ],
    [
      76.19892681998576,
      57.822985914791644
    ],
    [
      75.89452611377459,
      56.85035332039213
    ],
    [
      75.57391190849734,
      55.88055579946475
    ],
    [
      75.23384116799211,
      54.914884210538375
    ],
    [
      74.8710708560971,
      53.954629412142
    ],
    [
      74.4823579366505,
      53.001082262804545
    ],
    [
      74.06445937349045,
      52.05553362105498
    ],
    [
      73.61413213045512,
      51.11927434542222
    ],
    [
      73.12819110147022,
      50.19361116765923
    ],
    [
      72.6053935124574,
      49.280383031227394
    ],
    [
      72.04685391149769,
      48.382074801323625
    ],
    [
      71.4538287515638,
      47.50121022601607
    ],
    [
      70.82757448562839,
      46.64031305337283
    ],
    [
      70.16934756666423,
      45.801907031462044
    ],
    [
      69.48040444764395,
      44.988515908351836
    ],
    [
      68.7620015815403,
      44.202663432110334
    ],
    [
      68.01539542132599,
      43.446873350805674
    ],
    [
      67.24184241997366,
      42.72366941250594
    ],
    [
      66.44259903045608,
      42.035575365279314
    ],
    [
      65.61892170574592,
      41.385114957193885
    ],
    [
      64.77206689881588,
      40.77481193631779
    ],
    [
      63.90329106263866,
      40.20719005071914
    ],
    [
      63.013850650186995,
      39.6847730484661
    ],
    [
      62.10500211443353,
      39.21008467762674
    ],
    [
      61.17800190835102,
      38.78564868626924
    ],
    [
      60.23410648491213,
      38.41398882246169
    ],
    [
      59.274572297089605,
      38.09762883427223
    ],
    [
      58.30065579785609,
      37.83909246976897
    ],
    [
      57.31361344018433,
      37.64090347702005
    ],
    [
      56.314701677047,
      37.5055856040936
    ],
    [
      55.30544460054224,
      37.434995849994024
    ],
    [
      54.28852248315867,
      37.42811090916746
    ],
    [
      53.26692773321999,
      37.483129875716834
    ],
    [
      52.243652763925645,
      37.59825183159859
    ],
    [
      51.221689988475006,
      37.77167585876917
    ],
    [
      50.20403182006754,
      38.001601039185005
    ],
    [
      49.193670671902595,
      38.286226454802524
    ],
    [
      48.19359895717964,
      38.62375118757818
    ],
    [
      47.206809089098066,
      39.01237431946839
    ],
    [
      46.23629348085729,
      39.4502949324296
    ],
    [
      45.28504454565672,
      39.93571210841825
    ],
    [
      44.356054696695786,
      40.46682492939077
    ],
    [
      43.45231634717388,
      41.04183247730357
    ],
    [
      42.576821910290434,
      41.65893383411314
    ],
    [
      41.732563799244836,
      42.3163280817759
    ],
    [
      40.92253442723654,
      43.01221430224825
    ],
    [
      40.14972620746492,
      43.744791577486644
    ],
    [
      39.417131553129416,
      44.51225898944755
    ],
    [
      38.72774287742943,
      45.312815620087356
    ],
    [
      38.08455259356439,
      46.14466055136254
    ],
    [
      37.49055311473368,
      47.005992865229494
    ],
    [
      36.94867003877887,
      47.894983760703155
    ],
    [
      36.46044524308759,
      48.80922699176548
    ],
    [
      36.02611691390997,
      49.74577226466851
    ],
    [
      35.64587244581263,
      50.701648089616164
    ],
    [
      35.319899233362136,
      51.67388297681233
    ],
    [
      35.04838467112509,
      52.659505436460854
    ],
    [
      34.831516153668126,
      53.6555439787657
    ],
    [
      34.66948107555778,
      54.6590271139307
    ],
    [
      34.56246683136068,
      55.66698335215979
    ],
    [
      34.51066081564341,
      56.67644120365682
    ],
    [
      34.514250422972566,
      57.68442917862571
    ],
    [
      34.573423047914744,
      58.687975787270354
    ],
    [
      34.688222693718345,
      59.68418384890746
    ],
    [
      34.85564781139018,
      60.67173446728479
    ],
    [
      35.06978527767721,
      61.650817599704496
    ],
    [
      35.324605390606635,
      62.62168361759515
    ],
    [
      35.61407844820566,
      63.58458289238533
    ],
    [
      35.93217474850149,
      64.53976579550361
    ],
    [
      36.27286458952134,
      65.48748269837861
    ],
    [
      36.63028215527252,
      66.42799463013976
    ],
    [
      37.001172092389865,
      67.36173238141619
    ],
    [
      37.3843727252352,
      68.28926289719804
    ],
    [
      37.77878132780791,
      69.21115695604072
    ],
    [
      38.18329517410737,
      70.12798533649959
    ],
    [
      38.59681153813297,
      71.0403188171301
    ],
    [
      39.018227693884086,
      71.9487281764876
    ],
    [
      39.44644091536008,
      72.8537841931275
    ],
    [
