{
  "test_id": 40,
  "test_outcome": "NOT_EXECUTED",
  "predicted_test_outcome": null,
  "test_duration": null,
  "road_points": [
    [
      100.00000000000001,
      100.0
    ],
    [
      99.76686822192704,
      98.96774537843952
    ],
    [
      99.56805967392503,
      97.93974018021588
    ],
    [
      99.4017614198983,
      96.91575995288288
    ],
    [
      99.2661605237511,
      95.89558024399417
    ],
    [
      99.15944404938762,
      94.87897660110355
    ],
    [
      99.07979906071218,
      93.86572457176466
    ],
    [
      99.02541262162896,
      92.85559970353124
    ],
    [
      98.9944717960423,
      91.84837754395708
    ],
    [
      98.98516364785641,
      90.84383364059586
    ],
    [
      98.99567524097554,
      89.84174354100129
    ],
    [
      99.02419363930402,
      88.84188279272713
    ],
    [
      99.068905906746,
      87.84402694332708
    ],
    [
      99.1279991072058,
      86.84795154035487
    ],
    [
      99.19966030458765,
      85.85343213136422
    ],
    [
      99.28207656279585,
      84.86024426390888
    ],
    [
      99.37343494573459,
      83.86816348554252
    ],
    [
      99.47192251730816,
      82.87696534381892
    ],
    [
      99.5757263414208,
      81.88642538629179
    ],
    [
      99.6830334819768,
      80.89631916051485
    ],
    [
      99.79203100288038,
      79.90642221404178
    ],
    [
      99.9009059680358,
      78.91651009442639
    ],
    [
      100.00784544134731,
      77.92635834922233
    ],
    [
      100.1110364867192,
      76.93574252598336
    ],
    [
      100.20866616805573,
      75.9444381722632
    ],
    [
      100.29892154926111,
      74.95222083561559
    ],
    [
      100.37998969423961,
      73.95886606359426
    ],
    [
      100.45005766689547,
      72.96414940375287
    ],
    [
      100.507312531133,
      71.96784640364518
    ],
    [
      100.5499413508564,
      70.96973261082495
    ],
    [
      100.57613118996994,
      69.96958357284585
    ],
    [
      100.58406911237792,
      68.96717483726164
    ],
    [
      100.57194218198453,
      67.96228195162604
    ],
    [
      100.53793746269406,
      66.95468046349278
    ],
    [
      100.48024201841075,
      65.94414592041554
    ],
    [
      100.39704291303887,
      64.9304538699481
    ],
    [
      100.28652721048269,
      63.91337985964415
    ],
    [
      100.14688197464645,
      62.892699437057445
    ],
    [
      99.97629487113694,
      61.868189258257594
    ],
    [
      99.77335920036107,
      60.84037327980658
    ],
    [
      99.53777782696545,
      59.81181960709858
    ],
    [
      99.269441615396,
      58.78544269732628
    ],
    [
      98.96824143009869,
      57.76415700768247
    ],
    [
      98.63406813551941,
      56.75087699535986
    ],
    [
      98.2668125961041,
      55.748517117551216
    ],
    [
      97.8663656762987,
      54.75999183144924
    ],
    [
      97.43261824054912,
      53.788215594246694
    ],
    [
      96.96546115330129,
      52.836102863136325
    ],
    [
      96.46478527900115,
      51.90656809531086
    ],
    [
      95.93048148209463,
      51.00252574796306
    ],
    [
      95.36244062702764,
      50.126890278285636
    ],
    [
      94.76055357824613,
      49.28257614347134
    ],
    [
      94.12471120019602,
      48.47249780071291
    ],
    [
      93.45480435732321,
      47.69956970720308
    ],
    [
      92.75072391407367,
      46.96670632013461
    ],
    [
      92.01236073489332,
      46.27682209670023
    ],
    [
      91.23960568422807,
      45.63283149409267
    ],
    [
      90.43234962652386,
      45.03764896950467
    ],
    [
      89.5904834262266,
      44.49418898012899
    ],
    [
      88.71389794778221,
      44.00536598315834
    ],
    [
      87.80271666648778,
      43.57387556385559
    ],
    [
      86.85938955030545,
      43.20022422672014
    ],
    [
      85.88770573523234,
      42.883658404802155
    ],
    [
      84.89147041685908,
      42.623409420101744
    ],
    [
      83.87448879077623,
      42.41870859461895
    ],
    [
      82.84056605257443,
      42.26878725035387
    ],
    [
      81.79350739784431,
      42.17287670930659
    ],
    [
      80.73711802217639,
      42.13020829347716
    ],
    [
      79.67520312116137,
      42.140013324865684
    ],
    [
      78.61156789038986,
      42.20152312547224
    ],
    [
      77.55001752545242,
      42.3139690172969
    ],
    [
      76.49435722193967,
      42.476582322339745
    ],
    [
      75.44839217544224,
      42.68859436260086
    ],
    [
      74.4159275815507,
      42.949236460080314
    ],
    [
      73.40076863585571,
      43.25773993677818
    ],
    [
      72.40672053394785,
      43.613336114694555
    ],
    [
      71.43758847141771,
      44.015256315829504
    ],
    [
      70.49717764385596,
      44.46273186218312
    ],
    [
      69.58929324685312,
      44.95499407575545
    ],
    [
      68.71774047599988,
      45.49127427854661
    ],
    [
      67.88596937308027,
      46.070831545363035
    ],
    [
      67.09459953164905,
      46.69314613090621
    ],
    [
      66.3428967429299,
      47.357804080138834
    ],
    [
      65.63011835872723,
      48.06439209750565
    ],
    [
      64.95552173084548,
      48.81249688745147
    ],
    [
      64.31843230337087,
      49.60161073128316
    ],
    [
      63.719310446646695,
      50.42965211522391
    ],
    [
      63.15955364642595,
      51.29324003346751
    ],
    [
      62.64058746313612,
      52.18895454923383
    ],
    [
      62.163837457204615,
      53.11337572574273
    ],
    [
      61.73072918905891,
      54.063083626214095
    ],
    [
      61.34268821912643,
      55.03465831386777
    ],
    [
      61.00114010783463,
      56.024679851923665
    ],
    [
      60.70751041561093,
      57.02972830360159
    ],
    [
      60.463224702882805,
      58.04638373212143
    ],
    [
      60.269708530077665,
      59.071226200703094
    ],
    [
      60.12838745762296,
      60.100835772566384
    ],
    [
      60.04068704594616,
      61.131792510931206
    ],
    [
      60.008032855474674,
      62.160676479017425
    ],
    [
      60.031850446635964,
      63.1840677400449
    ],
    [
      60.113565379857434,
      64.1985463572335
    ],
    [
      60.2546032155666,
      65.2006923938031
    ],
    [
      60.45584945024025,
      66.18738558461544
    ],
    [
      60.71308776916286,
      67.15833656656744
    ],
    [
      61.01929459392193,
      68.1148136760107
    ],
    [
      61.36741718582507,
      69.05810142980458
    ],
    [
      61.7504028061799,
      69.98948434480847
    ],
    [
      62.161198716294024,
      70.91024693788175
    ],
    [
      62.59275217747504,
      71.82167372588383
    ],
    [
      63.03853829825389,
      72.72499091129731
    ],
    [
      63.49589273701091,
      73.62099819903416
    ],
    [
      63.963865712951176,
      74.51030587642208
    ],
    [
      64.44151520100105,
      75.39352337396868
    ],
    [
      64.92789917608698,
      76.27126012218166
    ],
    [
      65.4220756131354,
      77.14412555156868
    ],
    [
      65.92310248707273,
      78.01272909263741
    ],
    [
      66.4300377728254,
      78.87768017589552
    ],
    [
      66.94193944531978,
      79.73958823185062
    ],
    [
      67.45786547948236,
      80.59906269101049
    ],
    [
      67.97687385023954,
      81.45671298388268
    ],
    [
      68.49802253251772,
      82.31314854097492
    ],
    [
      69.02036950124338,
      83.16897879279486
    ],
    [
      69.5429727313429,
      84.02481316985016
    ],
    [
      70.06489019774268,
      84.88126110264851
    ],
    [
      70.58517987536923,
      85.73893202169756
    ],
    [
      71.1028997391489,
      86.59843535750497
    ],
    [
      71.61710776400813,
      87.46038054057841
