{
  "test_id": 47,
  "test_outcome": "NOT_EXECUTED",
  "predicted_test_outcome": null,
  "test_duration": null,
  "road_points": [
    [
      100.0,
      100.00000000000003
    ],
    [
      99.87864351565223,
      101.1033589069407
    ],
    [
      99.71352057541303,
      102.17700802459152
    ],
    [
      99.50622150578893,
      103.22204138048052
    ],
    [
      99.25833663328669,
      104.2395530021358
    ],
    [
      98.97145628441292,
      105.23063691708556
    ],
    [
      98.64717078567435,
      106.19638715285784
    ],
    [
      98.28707046357752,
      107.13789773698073
    ],
    [
      97.89274564462924,
      108.0562626969824
    ],
    [
      97.46578665533607,
      108.95257606039088
    ],
    [
      97.00778382220476,
      109.82793185473443
    ],
    [
      96.5203274717419,
      110.68342410754099
    ],
    [
      96.00500793045421,
      111.52014684633878
    ],
    [
      95.46341552484826,
      112.33919409865578
    ],
    [
      94.89714058143083,
      113.14165989202027
    ],
    [
      94.3077734267085,
      113.92863825396022
    ],
    [
      93.69690438718798,
      114.7012232120038
    ],
    [
      93.06612378937594,
      115.4605087936791
    ],
    [
      92.417021959779,
      116.20758902651424
    ],
    [
      91.75118922490384,
      116.94355793803733
    ],
    [
      91.07021591125718,
      117.66950955577649
    ],
    [
      90.37569234534558,
      118.38653790725981
    ],
    [
      89.66920885367577,
      119.09573702001538
    ],
    [
      88.95235576275442,
      119.79820092157132
    ],
    [
      88.22672339908819,
      120.49502363945578
    ],
    [
      87.4939020891837,
      121.18729920119681
    ],
    [
      86.75548215954767,
      121.87612163432256
    ],
    [
      86.01305393668672,
      122.56258496636113
    ],
    [
      85.26820774710757,
      123.2477832248406
    ],
    [
      84.52253391731679,
      123.9328104372891
    ],
    [
      83.77762277382112,
      124.61876063123475
    ],
    [
      83.03506464312724,
      125.30672783420566
    ],
    [
      82.29644985174174,
      125.99780607372989
    ],
    [
      81.56321648490474,
      126.6929779727986
    ],
    [
      80.83552876535605,
      127.39229398886569
    ],
    [
      80.11291609973638,
      128.09534004440602
    ],
    [
      79.39490324604382,
      128.8016986601893
    ],
    [
      78.68101496227646,
      129.51095235698529
    ],
    [
      77.97077600643244,
      130.22268365556383
    ],
    [
      77.26371113650987,
      130.9364750766947
    ],
    [
      76.5593451105068,
      131.65190914114763
    ],
    [
      75.85720268642139,
      132.36856836969244
    ],
    [
      75.15680862225175,
      133.086035283099
    ],
    [
      74.45768767599596,
      133.80389240213694
    ],
    [
      73.75936460565211,
      134.52172224757615
    ],
    [
      73.06136416921834,
      135.2391073401864
    ],
    [
      72.36321112469278,
      135.95563020073743
    ],
    [
      71.66443023007345,
      136.67087334999903
    ],
    [
      70.96454624335858,
      137.38441930874112
    ],
    [
      70.26308392254616,
      138.09585059773326
    ],
    [
      69.55956802563436,
      138.80474973774542
    ],
    [
      68.85352331062127,
      139.5106992495473
    ],
    [
      68.14447453550498,
      140.21328165390867
    ],
    [
      67.43194645828362,
      140.91207947159936
    ],
    [
      66.71546383695531,
      141.60667522338915
    ],
    [
      65.99455142951811,
      142.2966514300478
    ],
    [
      65.26892847361447,
      142.98180293433447
    ],
    [
      64.5397012085948,
      143.6634388298336
    ],
    [
      63.80857837190216,
      144.34352598382125
    ],
    [
      63.07727115567986,
      145.02403394347812
    ],
    [
      62.347490752071145,
      145.7069322559844
    ],
    [
      61.62094835321935,
      146.3941904685209
    ],
    [
      60.899355151267784,
      147.08777812826793
    ],
    [
      60.1844223383597,
      147.78966478240605
    ],
    [
      59.47786110663843,
      148.50181997811578
    ],
    [
      58.78138264824725,
      149.22621326257755
    ],
    [
      58.09669815532948,
      149.96481418297193
    ],
    [
      57.42551882002839,
      150.71959228647935
    ],
    [
      56.7695558344873,
      151.4925171202804
    ],
    [
      56.13068180446105,
      152.28531006149905
    ],
    [
      55.511823523027054,
      153.09807169626973
    ],
    [
      54.9163309594919,
      153.93025198611303
    ],
    [
      54.34755522402944,
      154.78129913849
    ],
    [
      53.808847426813585,
      155.65066136086182
    ],
    [
      53.303558678018135,
      156.53778686068947
    ],
    [
      52.835040087816985,
      157.44212384543405
    ],
    [
      52.40664276638398,
      158.36312052255664
    ],
    [
      52.02171782389301,
      159.30022509951831
    ],
    [
      51.6836163705179,
      160.2528857837801
    ],
    [
      51.395689516432554,
      161.22055078280312
    ],
    [
      51.16128837181078,
      162.20266830404844
    ],
    [
      50.9837640468265,
      163.1986865549772
    ],
    [
      50.86646220483301,
      164.20805047824095
    ],
    [
      50.811366421658335,
      165.22938858494368
    ],
    [
      50.81731251608467,
      166.25944262920092
    ],
    [
      50.882693012513464,
      167.29468865568546
    ],
    [
      51.00590043534617,
      168.33160270906998
    ],
    [
      51.18532730898425,
      169.36666083402727
    ],
    [
      51.41936615782915,
      170.39633907523012
    ],
    [
      51.706409506282334,
      171.41711347735114
    ],
    [
      52.044849878745254,
      172.42546008506324
    ],
    [
      52.43307979961934,
      173.4178549430391
    ],
    [
      52.86949179330609,
      174.39077409595143
    ],
    [
      53.352478384206925,
      175.34069358847307
    ],
    [
      53.88043209672332,
      176.26408946527673
    ],
    [
      54.4517454552567,
      177.1574377710351
    ],
    [
      55.06481098420855,
      178.017214550421
    ],
    [
      55.71802120798031,
      178.83989584810718
    ],
    [
      56.40976865097343,
      179.6219577087664
    ],
    [
      57.13844583758937,
      180.3598761770713
    ],
    [
      57.902445292229594,
      181.0501272976948
    ],
    [
      58.70015953929554,
      181.68918711530947
    ],
    [
      59.52997936764347,
      182.27354337502715
    ],
    [
      60.390038004890194,
      182.80142020979267
    ],
    [
      61.27794058472297,
      183.27460197720208
    ],
    [
      62.19122748641442,
      183.69530958647724
    ],
    [
      63.12743908923708,
      184.06576394684012
    ],
    [
      64.08411577246359,
      184.38818596751256
    ],
    [
      65.0587979153665,
      184.66479655771647
    ],
    [
      66.0490258972184,
      184.89781662667383
    ],
    [
      67.05234009729189,
      185.0894670836064
    ],
    [
      68.06628089485953,
      185.24196883773615
    ],
    [
      69.08838866919395,
      185.35754279828492
    ],
    [
      70.11620379956766,
      185.43840987447467
    ],
    [
      71.14726666525328,
      185.48679097552724
    ],
    [
      72.17911764552345,
      185.50490701066465
    ],
    [
      73.20929711965069,
      185.49497888910864
    ],
    [
      74.23534546690757,
      185.45922752008119
    ],
    [
      75.25522910214666,
      185.39979146492163
    ],
    [
      76.26886058232417,
      185.31843311760474
    ],
    [
      77.27670785196024,
      185.21680752193996
    ],
    [
      78.27923889774391,
      185.09656971358623
    ],
    [
      79.27692170636413,
      184.95937472820225
    ],
    [
      80.27022426450993,
      184.80687760144687
    ],
    [
      81.25961455887028,
      184.64073336897889
    ],
    [
      82.24556057613421,
