{
  "test_id": 44,
  "test_outcome": "NOT_EXECUTED",
  "predicted_test_outcome": null,
  "test_duration": null,
  "road_points": [
    [
      99.99999999999999,
      99.99999999999997
    ],
    [
      100.02510617279934,
      98.95118109915022
    ],
    [
      99.97708328151106,
      97.92456202081698
    ],
    [
      99.85972754817594,
      96.91971306727557
    ],
    [
      99.67683519483465,
      95.93620454080123
    ],
    [
      99.43220244352793,
      94.97360674366928
    ],
    [
      99.12962551629656,
      94.03148997815498
    ],
    [
      98.7729006351812,
      93.10942454653366
    ],
    [
      98.36582402222267,
      92.20698075108061
    ],
    [
      97.91219189946167,
      91.3237288940711
    ],
    [
      97.41580048893894,
      90.45923927778044
    ],
    [
      96.88044601269523,
      89.61308220448393
    ],
    [
      96.30992469277125,
      88.78482797645685
    ],
    [
      95.70803275120777,
      87.9740468959745
    ],
    [
      95.07856641004548,
      87.18030926531212
    ],
    [
      94.42532189132521,
      86.40318538674514
    ],
    [
      93.75209541708757,
      85.6422455625487
    ],
    [
      93.06268320937339,
      84.89706009499817
    ],
    [
      92.36070253408532,
      84.16716874396342
    ],
    [
      91.64794591404205,
      83.45179984080661
    ],
    [
      90.92513962687141,
      82.74999974105361
    ],
    [
      90.19299656140886,
      82.06081251516804
    ],
    [
      89.45222960648998,
      81.38328223361347
    ],
    [
      88.70355165095026,
      80.71645296685345
    ],
    [
      87.94767558362528,
      80.05936878535168
    ],
    [
      87.18531429335053,
      79.41107375957166
    ],
    [
      86.41718066896159,
      78.77061195997705
    ],
    [
      85.64398759929396,
      78.13702745703141
    ],
    [
      84.86644797318318,
      77.50936432119836
    ],
    [
      84.0852746794648,
      76.88666662294149
    ],
    [
      83.30118060697436,
      76.2679784327244
    ],
    [
      82.51487864454732,
      75.65234382101065
    ],
    [
      81.72708168101929,
      75.0388068582639
    ],
    [
      80.93850260522576,
      74.42641161494767
    ],
    [
      80.14985430600228,
      73.81420216152563
    ],
    [
      79.36184967218438,
      73.20122256846129
    ],
    [
      78.5752015926076,
      72.58651690621835
    ],
    [
      77.79062295610747,
      71.96912924526033
    ],
    [
      77.0088266515195,
      71.34810365605084
    ],
    [
      76.23052556767927,
      70.7224842090535
    ],
    [
      75.45636372292778,
      70.09140601617554
    ],
    [
      74.68628980265899,
      69.45492336546465
    ],
    [
      73.91984929969463,
      68.81362353422786
    ],
    [
      73.15658276120378,
      68.1681003375407
    ],
    [
      72.39603073435559,
      67.51894759047863
    ],
    [
      71.63773376631922,
      66.8667591081172
    ],
    [
      70.88123240426376,
      66.2121287055319
    ],
    [
      70.12606719535836,
      65.55565019779823
    ],
    [
      69.37177868677213,
      64.8979173999917
    ],
    [
      68.61790742567425,
      64.23952412718783
    ],
    [
      67.8639939592338,
      63.581064194462115
    ],
    [
      67.10957883461992,
      62.92313141689008
    ],
    [
      66.35420259900178,
      62.2663196095472
    ],
    [
      65.59740579954848,
      61.611222587509
    ],
    [
      64.83872898342915,
      60.95843416585098
    ],
    [
      64.07771269781293,
      60.308548159648666
    ],
    [
      63.31389748986894,
      59.66215838397755
    ],
    [
      62.54682390676632,
      59.01985865391313
    ],
    [
      61.7760324956742,
      58.382242784530916
    ],
    [
      61.00106380376172,
      57.74990459090643
    ],
    [
      60.22145837819799,
      57.12343788811517
    ],
    [
      59.43675676615216,
      56.50343649123265
    ],
    [
      58.646499514793355,
      55.89049421533436
    ],
    [
      57.8502271712907,
      55.28520487549581
    ],
    [
      57.04718107139821,
      54.68864457426093
    ],
    [
      56.23361396417617,
      54.10670660308383
    ],
    [
      55.404060124231705,
      53.548054196848625
    ],
    [
      54.55303328475993,
      53.02138370035825
    ],
    [
      53.67504717895594,
      52.535391458415624
    ],
    [
      52.7648005732395,
      52.09859996267843
    ],
    [
      51.821473662637004,
      51.71532105312556
    ],
    [
      50.848857144965265,
      51.38553464279483
    ],
    [
      49.85095257262762,
      51.10902253039577
    ],
    [
      48.83176149802738,
      50.88556651463787
    ],
    [
      47.79528547356785,
      50.7149483942306
    ],
    [
      46.74552605165237,
      50.59694996788347
    ],
    [
      45.686484784684225,
      50.53135303430597
    ],
    [
      44.62216322506673,
      50.51793939220759
    ],
    [
      43.556562925203195,
      50.5564908402978
    ],
    [
      42.493685437496964,
      50.646789177286145
    ],
    [
      41.43753231435135,
      50.7886162018821
    ],
    [
      40.39210510816963,
      50.98175371279513
    ],
    [
      39.36140537135512,
      51.22598350873475
    ],
    [
      38.34943465631116,
      51.52108738841044
    ],
    [
      37.360194515441066,
      51.866847150531726
    ],
    [
      36.39768650114814,
      52.26304459380806
    ],
    [
      35.465912165835675,
      52.70946151694895
    ],
    [
      34.568873061907006,
      53.2058797186639
    ],
    [
      33.71057074176546,
      53.752080997662404
    ],
    [
      32.894911131836466,
      54.34779670779583
    ],
    [
      32.12351260437349,
      54.99155146654344
    ],
    [
      31.395655902468473,
      55.68063673932706
    ],
    [
      30.71051612676543,
      56.41228826279673
    ],
    [
      30.067268377908402,
      57.183741773602414
    ],
    [
      29.46508775654141,
      57.9922330083942
    ],
    [
      28.903149363308497,
      58.83499770382214
    ],
    [
      28.380628298853665,
      59.70927159653624
    ],
    [
      27.89669966382098,
      60.61229042318655
    ],
    [
      27.450538558854447,
      61.54128992042311
    ],
    [
      27.041320084598105,
      62.49350582489595
    ],
    [
      26.66821934169597,
      63.46617387325509
    ],
    [
      26.330411430792076,
      64.4565298021506
    ],
    [
      26.027071452530468,
      65.4618093482325
    ],
    [
      25.75737450755516,
      66.47924824815081
    ],
    [
      25.520495696510185,
      67.50608223855562
    ],
    [
      25.315610120039565,
      68.5395470560969
    ],
    [
      25.141892878787342,
      69.57687843742472
    ],
    [
      24.99851907339754,
      70.61531211918913
    ],
    [
      24.88466380451419,
      71.65208383804014
    ],
    [
      24.799483724379293,
      72.68449204996107
    ],
    [
      24.741699561063538,
      73.71131722945185
    ],
    [
      24.709589568684695,
      74.73284413692832
    ],
    [
      24.70141224291092,
      75.74942470592973
    ],
    [
      24.715426079410346,
      76.76141086999544
    ],
    [
      24.749889573851107,
      77.76915456266482
    ],
    [
      24.80306122190135,
      78.77300771747713
    ],
    [
      24.87319951922921,
      79.77332226797178
    ],
    [
      24.958562961502835,
      80.77045014768802
    ],
    [
      25.057410044390352,
      81.76474329016524
    ],
    [
      25.16799926355992,
      82.75655362894281
    ],
    [
      25.28858911467966,
      83.74623309755994
    ],
    [
      25.41743809341771,
      84.73413362955608
    ],
    [
      25.552804695442237,
      85.7206071584705
    ],
    [
      25.69294741642135,
      86.70600561784255
    ],
    [
      25.83612475202321,
      87.69068094121161
    ],
    [
      25.980595197915946,
      88.67498506211692
    ],
    [
      26.124617249767706,
