{
  "test_id": 56,
  "test_outcome": "NOT_EXECUTED",
  "predicted_test_outcome": null,
  "test_duration": null,
  "road_points": [
    [
      100.00000000000001,
      100.0
    ],
    [
      99.86568183067857,
      99.02031428761826
    ],
    [
      99.76159201435266,
      98.03221193201689
    ],
    [
      99.6876084000903,
      97.03701800097882
    ],
    [
      99.6436088369594,
      96.03605756228697
    ],
    [
      99.62947117402803,
      95.03065568372423
    ],
    [
      99.64507326036409,
      94.02213743307355
    ],
    [
      99.69029294503552,
      93.01182787811776
    ],
    [
      99.7650080771104,
      92.00105208663983
    ],
    [
      99.86909650565664,
      90.99113512642272
    ],
    [
      100.00243607974225,
      89.98340206524924
    ],
    [
      100.16490464843514,
      88.97917797090233
    ],
    [
      100.35638006080337,
      87.97978791116492
    ],
    [
      100.57674016591486,
      86.9865569538199
    ],
    [
      100.8258628128376,
      86.00081016665023
    ],
    [
      101.10362585063957,
      85.02387261743877
    ],
    [
      101.40990712838875,
      84.05706937396846
    ],
    [
      101.74458449515313,
      83.10172550402221
    ],
    [
      102.10753580000063,
      82.1591660753829
    ],
    [
      102.49863889199925,
      81.23071615583342
    ],
    [
      102.91777162021704,
      80.3177008131568
    ],
    [
      103.36481183372189,
      79.42144511513584
    ],
    [
      103.83963738158175,
      78.54327412955348
    ],
    [
      104.34212611286468,
      77.68451292419263
    ],
    [
      104.87213890196686,
      76.84646070625747
    ],
    [
      105.4286794718532,
      76.0291108295936
    ],
    [
      106.00950825096146,
      75.23056251327156
    ],
    [
      106.61228810023617,
      74.44876633420351
    ],
    [
      107.23468188062188,
      73.68167286930162
    ],
    [
      107.8743524530631,
      72.92723269547801
    ],
    [
      108.52896267850433,
      72.18339638964484
    ],
    [
      109.19617541789015,
      71.44811452871433
    ],
    [
      109.87365353216501,
      70.71933768959859
    ],
    [
      110.55905988227352,
      69.99501644920977
    ],
    [
      111.25005732916014,
      69.27310138446006
    ],
    [
      111.94430873376939,
      68.55154307226158
    ],
    [
      112.63947695704582,
      67.82829208952649
    ],
    [
      113.33322485993396,
      67.10129901316698
    ],
    [
      114.0232153033783,
      66.36851442009521
    ],
    [
      114.70711114832336,
      65.62788888722329
    ],
    [
      115.38257525571372,
      64.8773729914634
    ],
    [
      116.04727048649383,
      64.11491730972773
    ],
    [
      116.69885970160828,
      63.3384724189284
    ],
    [
      117.33500576200157,
      62.54598889597758
    ],
    [
      117.9533715286182,
      61.73541731778742
    ],
    [
      118.5516198624027,
      60.9047082612701
    ],
    [
      119.12741362429962,
      60.051812303337755
    ],
    [
      119.67842229481896,
      59.17472428209086
    ],
    [
      120.20257857076095,
      58.27319901001855
    ],
    [
      120.69816051770243,
      57.34930057994146
    ],
    [
      121.16346963226532,
      56.405249754462545
    ],
    [
      121.59680741107131,
      55.44326729618469
    ],
    [
      121.99647535074216,
      54.465573967710824
    ],
    [
      122.36077494789973,
      53.47439053164387
    ],
    [
      122.68800769916584,
      52.47193775058677
    ],
    [
      122.9764751011622,
      51.460436387142416
    ],
    [
      123.2244786505106,
      50.442107203913736
    ],
    [
      123.43031984383289,
      49.41917096350366
    ],
    [
      123.59230017775081,
      48.39384842851509
    ],
    [
      123.70872114888617,
      47.36836036155097
    ],
    [
      123.77788425386078,
      46.3449275252142
    ],
    [
      123.79809098929636,
      45.32577068210772
    ],
    [
      123.76764285181476,
      44.31311059483445
    ],
    [
      123.68484133803776,
      43.30916802599728
    ],
    [
      123.54798794458716,
      42.31616373819918
    ],
    [
      123.35538416808471,
      41.336318494043034
    ],
    [
      123.10533150515224,
      40.37185305613176
    ],
    [
      122.79617579583577,
      39.42498213365862
    ],
    [
      122.42772292520173,
      38.497721122145144
    ],
    [
      122.00153553259518,
      37.59184559906587
    ],
    [
      121.51928058003263,
      36.70911690059837
    ],
    [
      120.98262502953062,
      35.85129636292024
    ],
    [
      120.39323837058008,
      35.02014539807728
    ],
    [
      119.75322709133823,
      34.21743853568083
    ],
    [
      119.06562811380667,
      33.44497823455086
    ],
    [
      118.33359762411641,
      32.70457053350693
    ],
    [
      117.56029180839856,
      31.99802147136859
    ],
    [
      116.74886685278412,
      31.32713708695538
    ],
    [
      115.90247894340422,
      30.69372341908685
    ],
    [
      115.02428426638994,
      30.09958650658257
    ],
    [
      114.11743900787233,
      29.546532388262055
    ],
    [
      113.18509935398248,
      29.03636710294489
    ],
    [
      112.2304214908514,
      28.570896689450596
    ],
    [
      111.25656160461021,
      28.15192718659873
    ],
    [
      110.26667588139001,
      27.781264633208853
    ],
    [
      109.26392050732181,
      27.460715068100505
    ],
    [
      108.25145166853676,
      27.19208453009324
    ],
    [
      107.23242555116583,
      26.977179058006605
    ],
    [
      106.20999834134017,
      26.817804690660147
    ],
    [
      105.18732622519083,
      26.715767466873416
    ],
    [
      104.16756538884886,
      26.67287342546596
    ],
    [
      103.15387201844533,
      26.69092860525733
    ],
    [
      102.14939219094553,
      26.771714998415625
    ],
    [
      101.15604562038956,
      26.914097450198458
    ],
    [
      100.17336854338713,
      27.11127123311347
    ],
    [
      99.20062311305173,
      27.35577965783213
    ],
    [
      98.23707148249679,
      27.640166035025917
    ],
    [
      97.28197580483574,
      27.9569736753663
    ],
    [
      96.33459823318202,
      28.298745889524763
    ],
    [
      95.39420219178112,
      28.65806006787481
    ],
    [
      94.46013831676338,
      29.02983179620691
    ],
    [
      93.53189912184651,
      29.412780471282506
    ],
    [
      92.60899014328889,
      29.805974630862668
    ],
    [
      91.69091691734882,
      30.20848281270842
    ],
    [
      90.77718498028453,
      30.619373554580832
    ],
    [
      89.86729986835446,
      31.03771539424097
    ],
    [
      88.96076711781684,
      31.462576869449848
    ],
    [
      88.05709226493,
      31.89302651796855
    ],
    [
      87.15578084595226,
      32.32813287755812
    ],
    [
      86.2563383971419,
      32.76696448597961
    ],
    [
      85.3582704547573,
      33.208589880994055
    ],
    [
      84.46108255505675,
      33.65207760036253
    ],
    [
      83.5642802342985,
      34.09649618184608
    ],
    [
      82.66736902874096,
      34.54091416320576
    ],
    [
      81.76985447464236,
      34.98440008220261
    ],
    [
      80.87124210826103,
      35.4260224765977
    ],
    [
      79.97103746585535,
      35.86484988415208
    ],
    [
      79.06874608368358,
      36.29995084262678
    ],
    [
      78.16387349800401,
      36.73039388978286
    ],
    [
      77.255925245075,
      37.1552475633814
    ],
    [
      76.3444068611548,
      37.57358040118341
    ],
    [
      75.42883434427472,
      37.984480048065954
    ],
    [
      74.50927629103347,
      38.38804340087526
    ],
    [
      73.58661722246057,
      38.785857540086326
    ],
    [
      72.66180730656464,
      39.17962944214707
    ],
    [
      71.73579671135434,
