{
  "test_id": 2,
  "test_outcome": "NOT_EXECUTED",
  "predicted_test_outcome": null,
  "test_duration": null,
  "road_points": [
    [
      100.00000000000003,
      100.0
    ],
    [
      99.701720852432,
      99.10749224959376
    ],
    [
      99.40857184565421,
      98.19521849353274
    ],
    [
      99.12171545088287,
      97.26450529743553
    ],
    [
      98.84231413933419,
      96.31667922692077
    ],
    [
      98.57153038222452,
      95.35306684760717
    ],
    [
      98.31052665076999,
      94.37499472511334
    ],
    [
      98.06046541618686,
      93.38378942505797
    ],
    [
      97.82250914969137,
      92.38077751305964
    ],
    [
      97.5978203224998,
      91.36728555473705
    ],
    [
      97.38756140582836,
      90.34464011570886
    ],
    [
      97.19289487089326,
      89.31416776159365
    ],
    [
      97.01498318891078,
      88.27719505801015
    ],
    [
      96.85498883109712,
      87.23504857057695
    ],
    [
      96.71407426866857,
      86.18905486491276
    ],
    [
      96.5934019728413,
      85.14054050663614
    ],
    [
      96.49413441483162,
      84.09083206136583
    ],
    [
      96.41743406585574,
      83.04125609472042
    ],
    [
      96.36446339712987,
      81.99313917231858
    ],
    [
      96.33638487987027,
      80.94780785977898
    ],
    [
      96.33436098529317,
      79.9065887227202
    ],
    [
      96.35955418461482,
      78.87080832676095
    ],
    [
      96.41312694905143,
      77.84179323751985
    ],
    [
      96.49624174981929,
      76.82087002061557
    ],
    [
      96.6100610581346,
      75.80936524166675
    ],
    [
      96.75574734521359,
      74.80860546629205
    ],
    [
      96.93446308227256,
      73.81991726011012
    ],
    [
      97.14737074052766,
      72.84462718873958
    ],
    [
      97.39563279119518,
      71.88406181779908
    ],
    [
      97.68041170549135,
      70.93954771290728
    ],
    [
      98.00286995463242,
      70.01241143968286
    ],
    [
      98.3641700098346,
      69.10397956374443
    ],
    [
      98.7654743423141,
      68.21557865071063
    ],
    [
      99.20794542328727,
      67.34853526620017
    ],
    [
      99.69237088890964,
      66.503910363115
    ],
    [
      100.21638838153845,
      65.68053277015623
    ],
    [
      100.77606009708883,
      64.8761149353729
    ],
    [
      101.36743653597536,
      64.08836101923899
    ],
    [
      101.9865681986127,
      63.31497518222857
    ],
    [
      102.62950558541547,
      62.553661584815735
    ],
    [
      103.29229919679833,
      61.80212438747451
    ],
    [
      103.97099953317584,
      61.05806775067896
    ],
    [
      104.66165709496269,
      60.319195834903155
    ],
    [
      105.36032238257347,
      59.583212800621126
    ],
    [
      106.06304589642282,
      58.84782280830695
    ],
    [
      106.76587813692538,
      58.110730018434694
    ],
    [
      107.46486960449576,
      57.369638591478385
    ],
    [
      108.15607079954864,
      56.622252687912116
    ],
    [
      108.83553222249856,
      55.866276468209904
    ],
    [
      109.49930437376022,
      55.09941409284585
    ],
    [
      110.14343775374823,
      54.31936972229397
    ],
    [
      110.76398286287724,
      53.52384751702836
    ],
    [
      111.3572912315688,
      52.710777918432186
    ],
    [
      111.92200431884878,
      51.87981268175925
    ],
    [
      112.45781598733458,
      51.03139464234164
    ],
    [
      112.96442564835631,
      50.16597080641708
    ],
    [
      113.44153271324403,
      49.28398818022327
    ],
    [
      113.88883659332775,
      48.3858937699979
    ],
    [
      114.30603669993761,
      47.47213458197871
    ],
    [
      114.69332774563144,
      46.54336561841435
    ],
    [
      115.05396362729775,
      45.601526550562774
    ],
    [
      115.39236497658287,
      44.649047006423146
    ],
    [
      115.71295473321686,
      43.68835758324764
    ],
    [
      116.02015583692976,
      42.7218888782884
    ],
    [
      116.31839122745164,
      41.75207148879761
    ],
    [
      116.61208384451247,
      40.781336012027424
    ],
    [
      116.9056566278424,
      39.812113045230035
    ],
    [
      117.20353251717138,
      38.84683318565756
    ],
    [
      117.51013445222954,
      37.88792703056221
    ],
    [
      117.82988537274686,
      36.93782517719613
    ],
    [
      118.1672082184534,
      35.99895822281149
    ],
    [
      118.52652592907926,
      35.07375676466045
    ],
    [
      118.91226144435443,
      34.16465139999519
    ],
    [
      119.32883770400895,
      33.27407272606788
    ],
    [
      119.7806776477729,
      32.404451340130656
    ],
    [
      120.27143678153949,
      31.557810859869274
    ],
    [
      120.80041099716864,
      30.733862946232748
    ],
    [
      121.3653587368346,
      29.93150393176456
    ],
    [
      121.96403670712253,
      29.14962922860413
    ],
    [
      122.59420161461777,
      28.387134248890884
    ],
    [
      123.25361016590554,
      27.64291440476424
    ],
    [
      123.94001906757109,
      26.915865108363615
    ],
    [
      124.65118502619974,
      26.204881771828465
    ],
    [
      125.38486474837673,
      25.508859807298197
    ],
    [
      126.1388149406873,
      24.826694626912236
    ],
    [
      126.91079230971677,
      24.15728164281001
    ],
    [
      127.69855356205036,
      23.499516267130947
    ],
    [
      128.49985540427335,
      22.85229391201447
    ],
    [
      129.31245454297098,
      22.2145099896
    ],
    [
      130.13410768472863,
      21.58505991202697
    ],
    [
      130.96257153613138,
      20.962839091434798
    ],
    [
      131.79560280376464,
      20.34674293996292
    ],
    [
      132.63095819421358,
      19.73566686975074
    ],
    [
      133.4663944140636,
      19.12850629293772
    ],
    [
      134.2996681698998,
      18.524156621663245
    ],
    [
      135.12853616830756,
      17.92151326806677
    ],
    [
      135.9507551158721,
      17.31947164428771
    ],
    [
      136.7640817191787,
      16.716927162465485
    ],
    [
      137.56627268481262,
      16.11277523473953
    ],
    [
      138.3550847193591,
      15.50591127324926
    ],
    [
      139.12827452940346,
      14.895230690134113
    ],
    [
      139.88359882153094,
      14.279628897533506
    ],
    [
      140.6188143023268,
      13.658001307586868
    ],
    [
      141.33167767837628,
      13.02924333243362
    ],
    [
      142.0199456562647,
      12.392250384213185
    ]
  ],