{
  "test_id": 12,
  "test_outcome": "NOT_EXECUTED",
  "predicted_test_outcome": null,
  "test_duration": null,
  "road_points": [
    [
      100.00000000000003,
      100.00000000000004
    ],
    [
      99.83631955361213,
      99.21885002355901
    ],
    [
      99.68631841504175,
      98.39899754848895
    ],
    [
      99.55062511414168,
      97.54286415203849
    ],
    [
      99.42986818076456,
      96.6528714114564
    ],
    [
      99.32467614476317,
      95.7314409039914
    ],
    [
      99.23567753599028,
      94.78099420689222
    ],
    [
      99.16350088429853,
      93.80395289740756
    ],
    [
      99.10877471954063,
      92.80273855278612
    ],
    [
      99.07212757156937,
      91.77977275027668
    ],
    [
      99.05418797023748,
      90.73747706712788
    ],
    [
      99.05558444539764,
      89.67827308058853
    ],
    [
      99.0769455269026,
      88.6045823679073
    ],
    [
      99.11889974460509,
      87.5188265063329
    ],
    [
      99.18207562835784,
      86.42342707311411
    ],
    [
      99.2671017080135,
      85.32080564549956
    ],
    [
      99.37460651342491,
      84.21338380073801
    ],
    [
      99.50521857444471,
      83.10358311607821
    ],
    [
      99.65956642092563,
      81.99382516876886
    ],
    [
      99.83827858272049,
      80.8865315360587
    ],
    [
      100.04198358968188,
      79.7841237951964
    ],
    [
      100.27130997166262,
      78.6890235234307
    ],
    [
      100.52688625851539,
      77.60365229801036
    ],
    [
      100.80934098009294,
      76.53043169618404
    ],
    [
      101.11930266624796,
      75.47178329520051
    ],
    [
      101.4573998468332,
      74.43012867230844
    ],
    [
      101.82426105170143,
      73.40788940475665
    ],
    [
      102.22051481070528,
      72.40748706979373
    ],
    [
      102.64678965369751,
      71.43134324466848
    ],
    [
      103.10371411053092,
      70.48187950662961
    ],
    [
      103.5919167110581,
      69.56151743292581
    ],
    [
      104.1120259851319,
      68.67267860080584
    ],
    [
      104.66467046260499,
      67.8177845875184
    ],
    [
      105.2504786733301,
      66.99925697031222
    ],
    [
      105.87007914715991,
      66.21951732643599
    ],
    [
      106.5241004139472,
      65.48098723313848
    ],
    [
      107.21317100354469,
      64.78608826766835
    ],
    [
      107.93791944580512,
      64.1372420072744
    ],
    [
      108.69897427058118,
      63.536870029205275
    ],
    [
      109.49696400772558,
      62.98739391070972
    ],
    [
      110.33247954061042,
      62.49120433157655
    ],
    [
      111.20458173211105,
      62.0494362434059
    ],
    [
      112.11030453559292,
      61.66156105968652
    ],
    [
      113.04654240971671,
      61.326935706922654
    ],
    [
      114.01018981314317,
      61.04491711161859
    ],
    [
      114.99814120453314,
      60.81486220027865
    ],
    [
      116.00729104254735,
      60.6361278994071
    ],
    [
      117.0345337858465,
      60.508071135508224
    ],
    [
      118.07676389309142,
      60.43004883508635
    ],
    [
      119.13087582294287,
      60.40141792464575
    ],
    [
      120.1937640340616,
      60.42153533069071
    ],
    [
      121.26232298510834,
      60.48975797972552
    ],
    [
      122.33344713474389,
      60.60544279825449
    ],
    [
      123.40403094162903,
      60.76794671278189
    ],
    [
      124.47096886442445,
      60.97662664981202
    ],
    [
      125.53115536179097,
      61.230839535849164
    ],
    [
      126.58148489238931,
      61.529942297397625
    ],
    [
      127.6188519148803,
      61.87329186096169
    ],
    [
      128.64015088792462,
      62.26024515304566
    ],
    [
      129.64227627018312,
      62.6901591001538
    ],
    [
      130.62212252031645,
      63.16239062879041
    ],
    [
      131.5765840969855,
      63.67629666545982
    ],
    [
      132.5025554588509,
      64.23123413666627
    ],
    [
      133.39693106457352,
      64.82655996891408
    ],
    [
      134.25660537281405,
      65.46163108870752
    ],
    [
      135.0784728422333,
      66.1358044225509
    ],
    [
      135.859427931492,
      66.84843689694851
    ],
    [
      136.59636509925093,
      67.59888543840464
    ],
    [
      137.28617880417087,
      68.3865069734236
    ],
    [
      137.92576350491254,
      69.21065842850962
    ],
    [
      138.5120136601367,
      70.07069673016703
    ],
    [
      139.04182372850414,
      70.96597880490013
    ],
    [
      139.51208816867558,
      71.8958615792132
    ],
    [
      139.91970143931184,
      72.85970197961053
    ],
    [
      140.26155799907372,
      73.85685693259646
    ],
    [
      140.53455230662183,
      74.88668336467519
    ],
    [
      140.73557882061704,
      75.94853820235107
    ],
    [
      140.86153199972009,
      77.04177837212839
    ],
    [
      140.90930630259174,
      78.16576080051142
    ],
    [
      140.87579618789275,
      79.31984241400447
    ],
    [
      140.7578961142839,
      80.50338013911183
    ],
    [
      140.55250054042594,
      81.71573090233777
    ],
    [
      140.2565039249796,
      82.95625163018661
    ],
    [
      139.86680072660573,
      84.22429924916264
    ],
    [
      139.38028540396496,
      85.51923068577011
    ],
    [
      138.79385241571816,
      86.84040286651336
    ]
  ],