{
  "test_id": 10,
  "test_outcome": "NOT_EXECUTED",
  "predicted_test_outcome": null,
  "test_duration": null,
  "road_points": [
    [
      100.00000000000001,
      100.0
    ],
    [
      100.0121436213431,
      98.97167704850331
    ],
    [
      99.95570046618475,
      97.95660089255685
    ],
    [
      99.83429212954965,
      96.95542621615914
    ],
    [
      99.65154020646273,
      95.96880770330878
    ],
    [
      99.41106629194877,
      94.99740003800441
    ],
    [
      99.11649198103267,
      94.04185790424458
    ],
    [
      98.77143886873924,
      93.10283598602794
    ],
    [
      98.37952855009328,
      92.180988967353
    ],
    [
      97.94438262011967,
      91.27697153221843
    ],
    [
      97.46962267384322,
      90.3914383646228
    ],
    [
      96.95887030628882,
      89.52504414856469
    ],
    [
      96.41574711248127,
      88.67844356804272
    ],
    [
      95.84387468744542,
      87.85229130705548
    ],
    [
      95.24687455505128,
      87.04724078389484
    ],
    [
      94.6283130871378,
      86.26296436838179
    ],
    [
      93.99160292067862,
      85.49639978301154
    ],
    [
      93.34013011633648,
      84.74401200886741
    ],
    [
      92.67728073477434,
      84.0022660270328
    ],
    [
      92.0064408366549,
      83.26762681859094
    ],
    [
      91.33099648264103,
      82.53655936462518
    ],
    [
      90.65433373339556,
      81.80552864621883
    ],
    [
      89.97983864958134,
      81.07099964445524
    ],
    [
      89.31089729186111,
      80.32943734041764
    ],
    [
      88.65089572089778,
      79.57730671518944
    ],
    [
      88.00321999735414,
      78.81107274985389
    ],
    [
      87.37125618189305,
      78.02720042549439
    ],
    [
      86.75839033517725,
      77.22215472319415
    ],
    [
      86.16800851786967,
      76.3924006240366
    ],
    [
      85.60349601435497,
      75.53440574089541
    ],
    [
      85.06779581869397,
      74.64613716922482
    ],
    [
      84.56266996595153,
      73.7295657715669
    ],
    [
      84.0896855035387,
      72.7873234707999
    ],
    [
      83.65040947886665,
      71.82204218980202
    ],
    [
      83.2464089393464,
      70.83635385145143
    ],
    [
      82.87925093238913,
      69.83289037862636
    ],
    [
      82.55050250540592,
      68.81428369420502
    ],
    [
      82.2617307058078,
      67.78316572106554
    ],
    [
      82.014502581006,
      66.74216838208622
    ],
    [
      81.8103851784115,
      65.69392360014521
    ],
    [
      81.65094554543543,
      64.64106329812071
    ],
    [
      81.53775072948892,
      63.58621939889093
    ],
    [
      81.47236777798308,
      62.5320238253341
    ],
    [
      81.45636373832897,
      61.481108500328375
    ],
    [
      81.4913056579377,
      60.43610534675197
    ],
    [
      81.57876058422038,
      59.399646287483115
    ],
    [
      81.7202955645881,
      58.37436324539999
    ],
    [
      81.91747764645197,
      57.3628881433808
    ],
    [
      82.17187387722306,
      56.367852904303724
    ],
    [
      82.48505130431252,
      55.391889451047014
    ],
    [
      82.85857697513143,
      54.437629706488835
    ],
    [
      83.29401793709087,
      53.507705593507396
    ],
    [
      83.79293207942004,
      52.60474730626199
    ],
    [
      84.35528943076677,
      51.73108531079512
    ],
    [
      84.97767698143522,
      50.888411483260704
    ],
    [
      85.65624774268568,
      50.07833578095714
    ],
    [
      86.38715472577837,
      49.30246816118278
    ],
    [
      87.1665509419736,
      48.56241858123606
    ],
    [
      87.99058940253164,
      47.859796998415355
    ],
    [
      88.85542311871271,
      47.19621337001905
    ],
    [
      89.75720510177715,
      46.57327765334555
    ],
    [
      90.69208836298519,
      45.99259980569324
    ],
    [
      91.65622591359711,
      45.45578978436052
    ],
    [
      92.6457707648732,
      44.96445754664576
    ],
    [
      93.6568759280737,
      44.520213049847385
    ],
    [
      94.68569441445888,
      44.12466625126376
    ],
    [
      95.72837923528907,
      43.77942710819329
    ],
    [
      96.78108340182447,
      43.48610557793436
    ],
    [
      97.83995992532539,
      43.24631161778537
    ],
    [
      98.90116181705213,
      43.06165518504473
    ],
    [
      99.96084208826487,
      42.93374623701078
    ],
    [
      101.01515375022393,
      42.86419473098194
    ],
    [
      102.0602498141896,
      42.85461062425662
    ],
    [
      103.09228329142216,
      42.9066038741332
    ],
    [
      104.10740719318184,
      43.02178443791006
    ],
    [
      105.10177453072893,
      43.201762272885595
    ],
    [
      106.07153831532366,
      43.448147336358204
    ],
    [
      107.01410018386511,
      43.7608780814752
    ],
    [
      107.93382048262688,
      44.13057750986281
    ],
    [
      108.83746941195164,
      44.54464261131885
    ],
    [
      109.73181951444924,
      44.99046724010607
    ],
    [
      110.62364333272957,
      45.45544525048725
    ],
    [
      111.51971340940247,
      45.9269704967252
    ],
    [
      112.42680228707792,
      46.3924368330827
    ],
    [
      113.35046080178971,
      46.84068202323297
    ],
    [
      114.29058092714003,
      47.26723192181837
    ],
    [
      115.24541736092564,
      47.6695474454585
    ],
    [
      116.21322463569473,
      48.045089706077135
    ],
    [
      117.1922572839953,
      48.39131981559802
    ],
    [
      118.18076983837548,
      48.70569888594491
    ],
    [
      119.1770168313833,
      48.98568802904156
    ],
    [
      120.17925279556678,
      49.2287483568117
    ],
    [
      121.18573226347405,
      49.432340981179095
    ],
    [
      122.19470976765317,
      49.593927014067496
    ],
    [
      123.20443984065221,
      49.71096756740067
    ],
    [
      124.21317701501924,
      49.78092375310235
    ],
    [
      125.21917582330231,
      49.801256683096284
    ],
    [
      126.2206907980495,
      49.76942746930623
    ],
    [
      127.2159764718089,
      49.68289722365595
    ],
    [
      128.20328737712856,
      49.539127058069184
    ],
    [
      129.18087802245546,
      49.33557829035921
    ],
    [
      130.14688833959408,
      49.070691038225505
    ],
    [
      131.0990788307305,
      48.74614679264238
    ],
    [
      132.03513156107743,
      48.36429711222485
    ],
    [
      132.9527285958478,
      47.92749355558796
    ],
    [
      133.84955200025433,
      47.438087681346694
    ],
    [
      134.72328383950978,
      46.898431048116095
    ],
    [
      135.57160617882704,
      46.31087521451115
    ],
    [
      136.39220108341885,
      45.677771739146884
    ],
    [
      137.182750618498,
      45.00147218063829
    ],
    [
      137.94093684927725,
      44.28432809760042
    ],
    [
      138.66444184096943,
      43.528691048648255
    ],
    [
      139.3509476587874,
      42.73691259239683
    ],
    [
      139.99813636794377,
      41.91134428746112
    ],
    [
      140.60369003365156,
      41.05433769245621
    ],
    [
      141.16529072112337,
      40.168244365997026
    ],
    [
      141.6806204955721,
      39.255415866698634
    ],
    [
      142.1473629767502,
      38.31820455151975
    ],
    [
      142.56366437469234,
      37.359200343587794
    ],
    [
      142.92877755075153,
      36.38156149382248
    ],
    [
      143.24211738373415,
      35.38852945823269
    ],
    [
      143.50309875244648,
      34.383345692827206
    ],
    [
      143.71113653569498,
      33.369251653614896
    ],
    [
      143.8656456122859,
      32.34948879660459
    ],
    [
      143.96604086102565,
      31.327298577805163
    ],
    [
      144.01173716072054,
      30.305922453225396
    ],
    [
