{
  "test_id": 23,
  "test_outcome": "NOT_EXECUTED",
  "predicted_test_outcome": null,
  "test_duration": null,
  "road_points": [
    [
      99.99999999999999,
      99.99999999999999
    ],
    [
      100.02927407825108,
      99.00096985172213
    ],
    [
      100.05392171140785,
      98.00145464254095
    ],
    [
      100.07416369096408,
      97.00147752140114
    ],
    [
      100.09022080841346,
      96.00106163724733
    ],
    [
      100.10231385524978,
      95.00023013902415
    ],
    [
      100.11066362296671,
      93.99900617567626
    ],
    [
      100.11549090305803,
      92.9974128961483
    ],
    [
      100.11701648701744,
      91.99547344938489
    ],
    [
      100.11546116633869,
      90.99321098433073
    ],
    [
      100.11104573251554,
      89.99064864993043
    ],
    [
      100.10399097704165,
      88.98780959512862
    ],
    [
      100.0945176914108,
      87.98471696886998
    ],
    [
      100.08284666711675,
      86.98139392009914
    ],
    [
      100.06919869565318,
      85.9778635977607
    ],
    [
      100.05379456851387,
      84.9741491507994
    ],
    [
      100.03685507719253,
      83.97027372815982
    ],
    [
      100.01860101318287,
      82.9662604787866
    ],
    [
      99.99925316797867,
      81.96213255162442
    ],
    [
      99.97903233307363,
      80.95791309561791
    ],
    [
      99.95815929996148,
      79.95362525971169
    ],
    [
      99.93685486013598,
      78.94929219285044
    ],
    [
      99.9153398050909,
      77.94493704397878
    ],
    [
      99.89383492631984,
      76.94058296204136
    ],
    [
      99.87256101531666,
      75.93625309598285
    ],
    [
      99.85173886357504,
      74.93197059474787
    ],
    [
      99.83158926258872,
      73.92775860728109
    ],
    [
      99.81233300385145,
      72.9236402825271
    ],
    [
      99.79419087885695,
      71.91963876943059
    ],
    [
      99.77738367909896,
      70.9157772169362
    ],
    [
      99.76213219607119,
      69.91207877398858
    ],
    [
      99.74865722126741,
      68.90856658953236
    ],
    [
      99.73717954618132,
      67.90526381251219
    ],
    [
      99.72791996230669,
      66.90219359187272
    ],
    [
      99.72109926113717,
      65.89937907655856
    ],
    [
      99.71693823416663,
      64.89684341551441
    ],
    [
      99.71565767288868,
      63.8946097576849
    ],
    [
      99.71747836879712,
      62.892701252014625
    ],
    [
      99.72262111338564,
      61.891141047448286
    ],
    [
      99.73130669814802,
      60.88995229293052
    ],
    [
      99.74375591457795,
      59.88915813740596
    ],
    [
      99.7601895541692,
      58.88878172981924
    ],
    [
      99.78082840841549,
      57.88884621911503
    ],
    [
      99.80589326881055,
      56.88937475423795
    ],
    [
      99.8356049268481,
      55.89039048413267
    ],
    [
      99.87018417402189,
      54.891916557743826
    ],
    [
      99.90985180182565,
      53.89397612401605
    ],
    [
      99.95482860175312,
      52.896592331893984
    ],
    [
      100.00533496973154,
      51.89978828884904
    ],
    [
      100.0610743400137,
      50.903532901364144
    ],
    [
      100.12021658040999,
      49.90763428872857
    ],
    [
      100.18064851004956,
      48.91187089391502
    ],
    [
      100.24025694806163,
      47.91602115989619
    ],
    [
      100.29692871357534,
      46.91986352964477
    ],
    [
      100.34855062571991,
      45.92317644613351
    ],
    [
      100.3930095036245,
      44.92573835233508
    ],
    [
      100.42819216641828,
      43.92732769122221
    ],
    [
      100.45198543323048,
      42.9277229057676
    ],
    [
      100.46227612319024,
      41.926702438943956
    ],
    [
      100.45695105542674,
      40.924044733723974
    ],
    [
      100.43389704906919,
      39.9195282330804
    ],
    [
      100.39100092324676,
      38.9129313799859
    ],
    [
      100.32614949708861,
      37.90403261741318
    ],
    [
      100.237229589724,
      36.892610388335
    ],
    [
      100.12212802028202,
      35.878443135724005
    ],
    [
      99.97873226671412,
      34.86131057389099
    ],
    [
      99.80530983114897,
      33.84172575484684
    ],
    [
      99.601144770522,
      32.822163389909385
    ],
    [
      99.3656893140007,
      31.805422714585543
    ],
    [
      99.09839569075264,
      30.794302964382226
    ],
    [
      98.79871612994539,
      29.791603374806318
    ],
    [
      98.4661028607464,
      28.80012318136472
    ],
    [
      98.10000811232334,
      27.822661619564364
    ],
    [
      97.69988411384361,
      26.862017924912102
    ],
    [
      97.26518309447484,
      25.92099133291487
    ],
    [
      96.79535728338453,
      25.002381079079562
    ],
    [
      96.28985890974022,
      24.108986398913064
    ],
    [
      95.74814020270945,
      23.24360652792228
    ],
    [
      95.16965339145976,
      22.40904070161413
    ],
    [
      94.55385070515871,
      21.608088155495494
    ],
    [
      93.90018437297378,
      20.843548125073273
    ],
    [
      93.20810662407258,
      20.118219845854384
    ],
    [
      92.47706968762259,
      19.434902553345708
    ],
    [
      91.7065257927914,
      18.79639548305416
    ],
    [
      90.89614952306394,
      18.20535715626101
    ],
    [
      90.04787185668434,
      17.66301816226524
    ],
    [
      89.1649373396598,
      17.169777814981952
    ],
    [
      88.25060682652219,
      16.72602510767471
    ],
    [
      87.30814117180336,
      16.332149033607067
    ],
    [
      86.34080123003517,
      15.988538586042571
    ],
    [
      85.35184785574957,
      15.695582758244795
    ],
    [
      84.34454190347836,
      15.453670543477287
    ],
    [
      83.32214422775345,
      15.263190935003607
    ],
    [
      82.28791568310673,
      15.124532926087312
    ],
    [
      81.24511712407003,
      15.038085509991959
    ],
    [
      80.19700940517528,
      15.004237679981111
    ],
    [
      79.14685338095433,
      15.023378429318315
    ],
    [
      78.09790990593905,
      15.09589675126714
    ],
    [
      77.0534398346613,
      15.222181639091133
    ],
    [
      76.01670402165298,
      15.40262208605386
    ],
    [
      74.99096332144597,
      15.637607085418878
    ],
    [
      73.9794164469668,
      15.927300876999086
    ],
    [
      72.9848519391691,
      16.27038419264753
    ],
    [
      72.00989209299877,
      16.664936486479046
    ],
    [
      71.05715873025099,
      17.109035501319553
    ],
    [
      70.12927367272094,
      17.600758979994993
    ],
    [
      69.22885874220376,
      18.138184665331273
    ],
    [
      68.35853576049472,
      18.719390300154334
    ],
    [
      67.5209265493889,
      19.34245362729012
    ],
    [
      66.71865293068156,
      20.00545238956454
    ],
    [
      65.95433672616782,
      20.70646432980353
    ],
    [
      65.2305997576429,
      21.443567190833026
    ],
    [
      64.55006384690198,
      22.214838715478933
    ],
    [
      63.915350815740254,
      23.01835664656719
    ],
    [
      63.32908248595286,
      23.85219872692375
    ],
    [
      62.793880679335004,
      24.71444269937452
    ],
    [
      62.31236721768186,
      25.60316630674543
    ],
    [
      61.887163922788616,
      26.516447291862406
    ],
    [
      61.520254989795475,
      27.452306744707514
    ],
    [
      61.210802533344676,
      28.40851501466941
    ],
    [
      60.95718817769129,
      29.382773104914026
    ],
    [
      60.75779352003027,
      30.372782016202997
    ],
    [
      60.61100015755654,
      31.376242749297955
    ],
    [
      60.51518968746501,
      32.390856304960536
    ],
    [
      60.468743706950654,
      33.414323683952375
    ],
    [
      60.470043813208356,
      34.444345887035084
