{
  "test_id": 26,
  "test_outcome": "NOT_EXECUTED",
  "predicted_test_outcome": null,
  "test_duration": null,
  "road_points": [
    [
      99.99999999999997,
      99.99999999999999
    ],
    [
      99.87707673474013,
      99.00642917019022
    ],
    [
      99.77363503052578,
      98.01107209054162
    ],
    [
      99.6887424875134,
      97.01401425210236
    ],
    [
      99.62146670585913,
      96.01534114592027
    ],
    [
      99.57087528571921,
      95.01513826304345
    ],
    [
      99.53603582725002,
      94.0134910945199
    ],
    [
      99.51601593060774,
      93.01048513139757
    ],
    [
      99.50988319594865,
      92.00620586472449
    ],
    [
      99.51670522342911,
      91.00073878554869
    ],
    [
      99.53554961320529,
      89.99416938491814
    ],
    [
      99.56548396543349,
      88.98658315388086
    ],
    [
      99.60557588027004,
      87.97806558348486
    ],
    [
      99.65489295787111,
      86.96870216477807
    ],
    [
      99.71250279839307,
      85.95857838880863
    ],
    [
      99.77747300199212,
      84.9477797466244
    ],
    [
      99.84887116882457,
      83.93639172927348
    ],
    [
      99.9257648990467,
      82.92449982780384
    ],
    [
      100.00722179281476,
      81.91218953326351
    ],
    [
      100.09230945028497,
      80.89954633670042
    ],
    [
      100.18009547161373,
      79.88665572916268
    ],
    [
      100.26964745695719,
      78.87360320169819
    ],
    [
      100.36003300647168,
      77.86047424535504
    ],
    [
      100.45031972031347,
      76.84735435118115
    ],
    [
      100.53957519863883,
      75.83432901022456
    ],
    [
      100.62686704160402,
      74.82148371353331
    ],
    [
      100.71126284936531,
      73.80890395215536
    ],
    [
      100.79183022207899,
      72.79667521713871
    ],
    [
      100.86763675990132,
      71.78488299953138
    ],
    [
      100.93775006298854,
      70.77361279038135
    ],
    [
      101.00123773149697,
      69.76295008073667
    ],
    [
      101.0571673655829,
      68.75298036164531
    ],
    [
      101.10460656540252,
      67.74378912415528
    ],
    [
      101.14262293111219,
      66.73546185931457
    ],
    [
      101.17028406286812,
      65.72808405817122
    ],
    [
      101.18665756082659,
      64.72174121177318
    ],
    [
      101.1908110251439,
      63.71651881116849
    ],
    [
      101.18181205597631,
      62.71250234740515
    ],
    [
      101.15872825348009,
      61.70977731153116
    ],
    [
      101.1206272178115,
      60.7084291945945
    ],
    [
      101.06657654912682,
      59.70854348764321
    ],
    [
      100.99564384758236,
      58.710205681725284
    ],
    [
      100.9068967133343,
      57.7135012678887
    ],
    [
      100.79940274653899,
      56.71851573718149
    ],
    [
      100.67222954735269,
      55.725334580651634
    ],
    [
      100.52444471593165,
      54.73404328934715
    ],
    [
      100.35511585243215,
      53.74472735431605
    ],
    [
      100.16331055701048,
      52.757472266606314
    ],
    [
      99.94809834767089,
      51.772365754524884
    ],
    [
      99.70883046527584,
      50.78982418919834
    ],
    [
      99.44543428106863,
      49.810936024643894
    ],
    [
      99.15790759272348,
      48.83687187058661
    ],
    [
      98.84624819791469,
      47.868802336751614
    ],
    [
      98.51045389431647,
      46.90789803286401
    ],
    [
      98.15052247960311,
      45.95532956864896
    ],
    [
      97.76645175144886,
      45.012267553831514
    ],
    [
      97.35823950752797,
      44.07988259813683
    ],
    [
      96.92588354551472,
      43.159345311290004
    ],
    [
      96.46938166308334,
      42.251826303016145
    ],
    [
      95.9887316579081,
      41.35849618304039
    ],
    [
      95.4839313276633,
      40.48052556108784
    ],
    [
      94.95497847002314,
      39.6190850468836
    ],
    [
      94.40187088266188,
      38.775345250152796
    ],
    [
      93.82460636325382,
      37.950476780620534
    ],
    [
      93.22318270947319,
      37.14565024801195
    ],
    [
      92.59761350565981,
      36.362010217898536
    ],
    [
      91.94849801220266,
      35.59973503300133
    ],
    [
      91.27718047316246,
      34.85777399441052
    ],
    [
      90.58505336006614,
      34.13499683964164
    ],
    [
      89.8735091444407,
      33.43027330621021
    ],
    [
      89.14394029781319,
      32.74247313163179
    ],
    [
      88.3977392917106,
      32.070466053421924
    ],
    [
      87.6362985976599,
      31.413121809096143
    ],
    [
      86.86101068718814,
      30.76931013616999
    ],
    [
      86.07326803182228,
      30.137900772159007
    ],
    [
      85.27446310308937,
      29.517763454578745
    ],
    [
      84.4659883725164,
      28.90776792094473
    ],
    [
      83.64923631163037,
      28.306783908772502
    ],
    [
      82.82559939195829,
      27.71368115557762
    ],
    [
      81.99647008502718,
      27.127329398875617
    ],
    [
      81.16324086236399,
      26.54659837618201
    ],
    [
      80.3273041954958,
      25.97035782501238
    ],
    [
      79.49005255594956,
      25.39747748288224
    ],
    [
      78.65275987186249,
      24.827008127878155
    ],
    [
      77.81390483025974,
      24.262269456394563
    ],
    [
      76.96913214448539,
      23.710909235874656
    ],
    [
      76.11396023752002,
      23.180768105583127
    ],
    [
      75.2439075323442,
      22.67968670478469
    ],
    [
      74.3544924519385,
      22.215505672744023
    ],
    [
      73.44123341928353,
      21.796065648725854
    ],
    [
      72.49993014992921,
      21.428942007541973
    ],
    [
      71.53090180049008,
      21.11744820174978
    ],
    [
      70.53811255982568,
      20.861460346452425
    ],
    [
      69.52563048902728,
      20.660756603185533
    ],
    [
      68.49752364918616,
      20.5151151334847
    ],
    [
      67.45786010139352,
      20.424314098885535
    ],
    [
      66.41070790674064,
      20.38813166092365
    ],
    [
      65.36013512631872,
      20.40634598113465
    ],
    [
      64.31020982121898,
      20.47873522105413
    ],
    [
      63.26500005253271,
      20.605077542217707
    ],
    [
      62.22857388135118,
      20.785151106160995
    ],
    [
      61.20499936876558,
      21.018734074419584
    ],
    [
      60.198344575867154,
      21.305604608529098
    ],
    [
      59.212677563747135,
      21.645540870025137
    ],
    [
      58.25206639349679,
      22.03832102044329
    ],
    [
      57.32057912620738,
      22.483723221319195
    ],
    [
      56.4222838229701,
      22.981525634188436
    ],
    [
      55.56093914995788,
      23.531318389805477
    ],
    [
      54.73769012276125,
      24.13110320640889
    ],
    [
      53.952368866457974,
      24.778083909918895
    ],
    [
      53.20479759912915,
      25.46945830540591
    ],
    [
      52.49479853885586,
      26.202424197940402
    ],
    [
      51.82219390371926,
      26.974179392592838
    ],
    [
      51.18680591180042,
      27.781921694433663
    ],
    [
      50.58845678118044,
      28.62284890853334
    ],
    [
      50.02696872994044,
      29.49415883996233
    ],
    [
      49.502163976161555,
      30.39304929379108
    ],
    [
      49.013864737924834,
      31.316718075090026
    ],
    [
      48.56189323331143,
      32.26236298892965
    ],
    [
      48.14607168040243,
      33.2271818403804
    ],
    [
      47.766222297278915,
      34.20837243451275
    ],
    [
      47.422167302022046,
      35.20313257639712
    ],
    [
      47.113728912712894,
      36.208660071103964
    ],
    [
      46.84072934743258,
      37.222152723703765
    ],
    [
      46.60299082426219,
      38.24080833926697
    ],
    [
      46.40033556128286,
      39.26182472286403
