{
  "test_id": 27,
  "test_outcome": "NOT_EXECUTED",
  "predicted_test_outcome": null,
  "test_duration": null,
  "road_points": [
    [
      100.0,
      100.0
    ],
    [
      99.88964495039868,
      99.01320777402877
    ],
    [
      99.79761217419622,
      98.02396202078997
    ],
    [
      99.72299909173871,
      97.03238360431303
    ],
    [
      99.66490312337233,
      96.03859338862759
    ],
    [
      99.62242168944297,
      95.04271223776294
    ],
    [
      99.59465221029686,
      94.0448610157487
    ],
    [
      99.58069210627994,
      93.04516058661419
    ],
    [
      99.57963879773835,
      92.04373181438902
    ],
    [
      99.59058970501809,
      91.04069556310253
    ],
    [
      99.61264224846526,
      90.03617269678429
    ],
    [
      99.64489384842595,
      89.03028407946373
    ],
    [
      99.68644192524621,
      88.02315057517033
    ],
    [
      99.73638389927211,
      87.01489304793357
    ],
    [
      99.79381719084972,
      86.00563236178293
    ],
    [
      99.85783922032509,
      84.99548938074787
    ],
    [
      99.92754740804425,
      83.9845849688578
    ],
    [
      100.00203917435333,
      82.97303999014227
    ],
    [
      100.08041193959838,
      81.96097530863074
    ],
    [
      100.16176312412547,
      80.94851178835268
    ],
    [
      100.2451901482806,
      79.93577029333751
    ],
    [
      100.32979043240995,
      78.92287168761477
    ],
    [
      100.41466139685947,
      77.90993683521388
    ],
    [
      100.49890046197532,
      76.89708660016436
    ],
    [
      100.58160504810354,
      75.88444184649563
    ],
    [
      100.66187257559015,
      74.87212343823721
    ],
    [
      100.73880046478129,
      73.86025223941856
    ],
    [
      100.81148613602295,
      72.84894911406909
    ],
    [
      100.87902700966127,
      71.83833492621834
    ],
    [
      100.94052050604225,
      70.82853053989577
    ],
    [
      100.99506404551201,
      69.81965681913084
    ],
    [
      101.04175504841655,
      68.811834627953
    ],
    [
      101.07969093510201,
      67.80518483039177
    ],
    [
      101.1079691259144,
      66.79982829047658
    ],
    [
      101.12568704119984,
      65.79588587223692
    ],
    [
      101.13194210130435,
      64.79347843970226
    ],
    [
      101.12583172657398,
      63.79272685690205
    ],
    [
      101.10645333735486,
      62.79375198786579
    ],
    [
      101.07290435399301,
      61.79667469662295
    ],
    [
      101.02428219683449,
      60.80161584720297
    ],
    [
      100.95968428622542,
      59.808696303635365
    ],
    [
      100.87820804251183,
      58.81803692994956
    ],
    [
      100.77895088603975,
      57.82975859017505
    ],
    [
      100.66101023715532,
      56.843982148341325
    ],
    [
      100.52348351620454,
      55.860828468477834
    ],
    [
      100.36546814353352,
      54.88041841461404
    ],
    [
      100.18606153948829,
      53.902872850779424
    ],
    [
      99.98436132078899,
      52.928312631407394
    ],
    [
      99.76007230227707,
      51.95682893941919
    ],
    [
      99.51484881123042,
      50.988417692319565
    ],
    [
      99.25073564461154,
      50.023055726813105
    ],
    [
      98.96977759938298,
      49.06071987960444
    ],
    [
      98.67401947250717,
      48.101386987398136
    ],
    [
      98.36550606094669,
      47.14503388689883
    ],
    [
      98.04628216166398,
      46.191637414811105
    ],
    [
      97.7183925716216,
      45.24117440783957
    ],
    [
      97.38388208778206,
      44.29362170268885
    ],
    [
      97.04479550710786,
      43.34895613606355
    ],
    [
      96.70317762656147,
      42.407154544668245
    ],
    [
      96.36107313224764,
      41.46819372145283
    ],
    [
      96.02002413677255,
      40.53185209740873
    ],
    [
      95.67991372604136,
      39.59725329823721
    ],
    [
      95.34028313592236,
      38.663386024015765
    ],
    [
      95.0006736022838,
      37.729238974821804
    ],
    [
      94.66062636099394,
      36.79380085073278
    ],
    [
      94.31968264792108,
      35.85606035182614
    ],
    [
      93.97738369893342,
      34.91500617817932
    ],
    [
      93.63327074989927,
      33.96962702986976
    ],
    [
      93.28688503668683,
      33.0189116069749
    ],
    [
      92.93776779516442,
      32.06184860957221
    ],
    [
      92.58532563266174,
      31.097707715237558
    ],
    [
      92.22770218025921,
      30.12839450557639
    ],
    [
      91.86234997157418,
      29.157256922324542
    ],
    [
      91.48671449189314,
      28.187657617489403
    ],
    [
      91.09824122650252,
      27.222959243078336
    ],
    [
      90.69437566068895,
      26.26652445109874
    ],
    [
      90.27256327973885,
      25.321715893557993
    ],
    [
      89.83024956893875,
      24.39189622246348
    ],
    [
      89.36488001357525,
      23.480428089822592
    ],
    [
      88.87390009893474,
      22.59067414764269
    ],
    [
      88.35475531030377,
      21.72599704793118
    ],
    [
      87.80489113296888,
      20.889759442695425
    ],
    [
      87.22175305221654,
      20.085323983942832
    ],
    [
      86.60278655333325,
      19.316053323680755
    ],
    [
      85.9454371216056,
      18.5853101139166
    ],
    [
      85.24715024232,
      17.89645700665775
    ],
    [
      84.50537140076301,
      17.252856653911568
    ],
    [
      83.71818762741769,
      16.657579842942038
    ],
    [
      82.88774020526245,
      16.111852918297767
    ],
    [
      82.01774965651911,
      15.61618376500336
    ],
    [
      81.11194006938375,
      15.17107864577805
    ],
    [
      80.17403553205251,
      14.7770438233411
    ],
    [
      79.20776013272162,
      14.434585560411767
    ],
    [
      78.2168379595871,
      14.144210119709298
    ],
    [
      77.20499310084519,
      13.906423763952958
    ],
    [
      76.17594964469194,
      13.721732755861984
    ],
    [
      75.13343167932356,
      13.590643358155635
    ],
    [
      74.08116329293618,
      13.513661833553172
    ],
    [
      73.02286857372592,
      13.49129444477384
    ],
    [
      71.96227160988894,
      13.5240474545369
    ],
    [
      70.90309648962135,
      13.612427125561595
    ],
    [
      69.84906730111933,
      13.756939720567184
    ],
    [
      68.80390813257901,
      13.958091502272927
    ],
    [
      67.77134307219652,
      14.216388733398071
    ],
    [
      66.75487756113439,
      14.531901340625378
    ],
    [
      65.75706372234461,
      14.902796791305281
    ],
    [
      64.78019392660941,
      15.32672418658702
    ],
    [
      63.82656053905932,
      15.801332616341277
    ],
    [
      62.89845592482495,
      16.324271170438706
    ],
    [
      61.99817244903682,
      16.89318893874999
    ],
    [
      61.12800247682551,
      17.505735011145784
    ],
    [
      60.29023837332162,
      18.159558477496756
    ],
    [
      59.48717250365565,
      18.852308427673574
    ],
    [
      58.72109723295823,
      19.581633951546902
    ],
    [
      57.99430492635985,
      20.34518413898742
    ],
    [
      57.30908794899116,
      21.14060807986578
    ],
    [
      56.66773866598265,
      21.965554864052663
    ],
    [
      56.072549442464904,
      22.817673581418727
    ],
    [
      55.52581264356853,
      23.69461332183463
    ],
    [
      55.02982063442404,
      24.59402317517107
    ],
    [
      54.586865780162015,
      25.51355223129867
    ],
    [
      54.19924044591303,
      26.450849580088146
    ],
    [
      53.86923699680762,
      27.403564311410136
    ],
    [
      53.59914779794547,
      28.369345515138292
    ],
    [
      53.38955057932723,
      29.346008310175446
    ],
    [
      53.23421841157071,
      30.332026714213765
    ],
    [
