{
  "test_id": 32,
  "test_outcome": "NOT_EXECUTED",
  "predicted_test_outcome": null,
  "test_duration": null,
  "road_points": [
    [
      100.00000000000001,
      100.00000000000001
    ],
    [
      99.91884240459538,
      99.00101771072438
    ],
    [
      99.84942335619357,
      98.00119671864954
    ],
    [
      99.79121462226864,
      97.00057476525221
    ],
    [
      99.74368797029463,
      95.99918959200912
    ],
    [
      99.70631516774554,
      94.99707894039686
    ],
    [
      99.67856798209549,
      93.99428055189223
    ],
    [
      99.65991818081848,
      92.99083216797189
    ],
    [
      99.64983753138856,
      91.98677153011252
    ],
    [
      99.6477978012798,
      90.98213637979083
    ],
    [
      99.65327075796618,
      89.97696445848352
    ],
    [
      99.66572816892182,
      88.97129350766733
    ],
    [
      99.6846418016207,
      87.96516126881882
    ],
    [
      99.70948342353692,
      86.95860548341481
    ],
    [
      99.73972480214442,
      85.9516638929319
    ],
    [
      99.7748377049174,
      84.94437423884692
    ],
    [
      99.8142938993298,
      83.93677426263645
    ],
    [
      99.8575651528557,
      82.92890170577722
    ],
    [
      99.90412323296911,
      81.9207943097459
    ],
    [
      99.95343990714413,
      80.91248981601925
    ],
    [
      100.00498694285477,
      79.90402596607392
    ],
    [
      100.05823610757504,
      78.8954405013866
    ],
    [
      100.11265916877903,
      77.88677116343398
    ],
    [
      100.16772789394078,
      76.87805569369277
    ],
    [
      100.22291405053431,
      75.86933183363968
    ],
    [
      100.27768940603367,
      74.86063732475137
    ],
    [
      100.33152572791293,
      73.85200990850457
    ],
    [
      100.38389478364614,
      72.84348732637595
    ],
    [
      100.43426834070728,
      71.83510731984222
    ],
    [
      100.48211816657047,
      70.82690763038008
    ],
    [
      100.52691602870969,
      69.81892599946619
    ],
    [
      100.568133694599,
      68.81120016857727
    ],
    [
      100.6052429317125,
      67.80376787919005
    ],
    [
      100.63771550752413,
      66.79666687278115
    ],
    [
      100.66502318950806,
      65.78993489082733
    ],
    [
      100.68663774513823,
      64.78360967480523
    ],
    [
      100.70203094188871,
      63.77772896619158
    ],
    [
      100.7106745472336,
      62.77233050646309
    ],
    [
      100.71204032864685,
      61.76745203709642
    ],
    [
      100.70560005360258,
      60.763131299568286
    ],
    [
      100.69082548957482,
      59.7594060353554
    ],
    [
      100.66718840403756,
      58.75631398593439
    ],
    [
      100.63416056446493,
      57.75389289278203
    ],
    [
      100.59121373833088,
      56.75218049737495
    ],
    [
      100.53781969310955,
      55.751214541189896
    ],
    [
      100.47345019627494,
      54.75103276570354
    ],
    [
      100.39757701530104,
      53.75167291239256
    ],
    [
      100.30967191766199,
      52.753172722733694
    ],
    [
      100.20920667083175,
      51.75556993820358
    ],
    [
      100.09565304228443,
      50.758902300278976
    ],
    [
      99.96848533256093,
      49.76320815804194
    ],
    [
      99.82752456304135,
      48.768609028315694
    ],
    [
      99.67328793412679,
      47.77539342001071
    ],
    [
      99.50637590874952,
      46.783869814176
    ],
    [
      99.3273889498419,
      45.794346691860596
    ],
    [
      99.13692752033622,
      44.807132534113514
    ],
    [
      98.93559208316479,
      43.82253582198378
    ],
    [
      98.72397611339782,
      42.84086397424819
    ],
    [
      98.50222761090767,
      41.86235668998363
    ],
    [
      98.269788585102,
      40.88714634587807
    ],
    [
      98.02603846611775,
      39.91535580552101
    ],
    [
      97.77035668409172,
      38.947107932501915
    ],
    [
      97.50212266916081,
      37.98252559041023
    ],
    [
      97.22071585146189,
      37.021731642835476
    ],
    [
      96.92551566113181,
      36.06484895336708
    ],
    [
      96.61590152830743,
      35.112000385594555
    ],
    [
      96.29125288312564,
      34.163308803107334
    ],
    [
      95.95094915572326,
      33.21889706949492
    ],
    [
      95.59436977623722,
      32.27888804834677
    ],
    [
      95.22089417480437,
      31.34340460325238
    ],
    [
      94.82990178156152,
      30.41256959780119
    ],
    [
      94.42077202664561,
      29.486505895582706
    ],
    [
      93.99288434019346,
      28.56533636018638
    ],
    [
      93.54561815234197,
      27.64918385520169
    ],
    [
      93.07835289322794,
      26.7381712442181
    ],
    [
      92.59046799298832,
      25.832421390825104
    ],
    [
      92.08134577950696,
      24.93209204183358
    ],
    [
      91.55047159980967,
      24.038581093556623
    ],
    [
      90.99745930706854,
      23.154833405623762
    ],
    [
      90.42193082781861,
      22.28389102520434
    ],
    [
      89.82350808859486,
      21.42879599946768
    ],
    [
      89.2018130159323,
      20.59259037558314
    ],
    [
      88.55646753636591,
      19.778316200720045
    ],
    [
      87.88709357643077,
      18.989015522047737
    ],
    [
      87.1933130626618,
      18.227730386735555
    ],
    [
      86.47474792159402,
      17.497502841952837
    ],
    [
      85.73102007976242,
      16.80137493486892
    ],
    [
      84.96175146370202,
      16.142388712653133
    ],
    [
      84.16656399994781,
      15.523586222474833
    ],
    [
      83.34507961503483,
      14.948009511503345
    ],
    [
      82.49692023549804,
      14.418700626908018
    ],
    [
      81.62170778787247,
      13.938701615858175
    ],
    [
      80.71906419869312,
      13.511054525523171
    ],
    [
      79.78874275644102,
      13.138688410377647
    ],
    [
      78.83253298578882,
      12.822780829725101
    ],
    [
      77.85382886026525,
      12.563129255217085
    ],
    [
      76.85606781738599,
      12.359493772388953
    ],
    [
      75.84268729466653,
      12.211634466776028
    ],
    [
      74.81712472962252,
      12.119311423913656
    ],
    [
      73.78281755976946,
      12.082284729337163
    ],
    [
      72.743203222623,
      12.100314468581892
    ],
    [
      71.70171915569868,
      12.17316072718318
    ],
    [
      70.66180279651212,
      12.30058359067636
    ],
    [
      69.62689158257885,
      12.482343144596776
    ],
    [
      68.60042295141452,
      12.718199474479754
    ],
    [
      67.58583434053465,
      13.00791266586064
    ],
    [
      66.58656318745486,
      13.35124280427476
    ],
    [
      65.60604692969066,
      13.747949975257459
    ],
    [
      64.64772300475772,
      14.197794264344077
    ],
    [
      63.71502885017159,
      14.70053575706993
    ],
    [
      62.811271265618906,
      15.255730941355791
    ],
    [
      61.938681725538586,
      15.861260422591597
    ],
    [
      61.098963136682336,
      16.514181039260496
    ],
    [
      60.293814733882236,
      17.211543907199285
    ],
    [
      59.52493575197036,
      17.95040014224482
    ],
    [
      58.79402542577879,
      18.727800860233895
    ],
    [
      58.10278299013956,
      19.540797177003363
    ],
    [
      57.452907679884746,
      20.386440208390013
    ],
    [
      56.8460987298464,
      21.2617810702307
    ],
    [
      56.28405537485661,
      22.16387087836221
    ],
    [
      55.76847684974741,
      23.089760748621416
    ],
    [
      55.3010623893509,
      24.036501796845087
    ],
    [
      54.883511228499124,
      25.0011451388701
    ],
    [
      54.51752260202415,
      25.980741890533217
    ],
    [
      54.20479574475805,
      26.972343167671337
    ],
    [
      53.947029891532864,
      27.973000086121196
