{
  "test_id": 31,
  "test_outcome": "NOT_EXECUTED",
  "predicted_test_outcome": null,
  "test_duration": null,
  "road_points": [
    [
      99.99999999999999,
      99.99999999999999
    ],
    [
      100.01114365837094,
      98.99836842781525
    ],
    [
      100.02052681545007,
      97.99671787986837
    ],
    [
      100.02823345848756,
      96.99504926142532
    ],
    [
      100.03434757473366,
      95.99336347775218
    ],
    [
      100.03895315143862,
      94.99166143411506
    ],
    [
      100.0421341758528,
      93.98994403578007
    ],
    [
      100.04397463522642,
      92.98821218801324
    ],
    [
      100.04455851680964,
      91.98646679608056
    ],
    [
      100.04396980785285,
      90.98470876524823
    ],
    [
      100.04229249560625,
      89.98293900078228
    ],
    [
      100.03961056732011,
      88.98115840794874
    ],
    [
      100.03600801024467,
      87.97936789201374
    ],
    [
      100.03156881163024,
      86.97756835824333
    ],
    [
      100.02637695872704,
      85.97576071190358
    ],
    [
      100.02051643878532,
      84.97394585826054
    ],
    [
      100.01407123905541,
      83.97212470258032
    ],
    [
      100.0071253467875,
      82.97029815012897
    ],
    [
      99.99976274923188,
      81.96846710617255
    ],
    [
      99.99206743363881,
      80.96663247597718
    ],
    [
      99.98412338725853,
      79.96479516480889
    ],
    [
      99.97601459734133,
      78.96295607793375
    ],
    [
      99.96782505113744,
      77.96111612061786
    ],
    [
      99.95963873589716,
      76.95927619812727
    ],
    [
      99.95153963887076,
      75.95743721572806
    ],
    [
      99.9436117473084,
      74.9556000786863
    ],
    [
      99.93593904846044,
      73.95376569226808
    ],
    [
      99.9286055295771,
      72.95193496173943
    ],
    [
      99.92169517790862,
      71.95010879236642
    ],
    [
      99.91529198070536,
      70.94828808941519
    ],
    [
      99.90947992521747,
      69.94647375815175
    ],
    [
      99.90434299869526,
      68.94466670384219
    ],
    [
      99.89996518838896,
      67.9428678317526
    ],
    [
      99.8964304815489,
      66.94107804714903
    ],
    [
      99.89382286542526,
      65.93929825529756
    ],
    [
      99.89222632726836,
      64.93752936146424
    ],
    [
      99.89172485432843,
      63.935772270915194
    ],
    [
      99.89240243385571,
      62.93402788891643
    ],
    [
      99.8943430531005,
      61.93229712073407
    ],
    [
      99.89763069931304,
      60.93058087163415
    ],
    [
      99.90234935974362,
      59.92888004688278
    ],
    [
      99.90858302164246,
      58.92719555174598
    ],
    [
      99.91641567225983,
      57.92552829148987
    ],
    [
      99.92593129884604,
      56.92387917138053
    ],
    [
      99.93721388865129,
      55.92224909668398
    ],
    [
      99.95034742892585,
      54.92063897266632
    ],
    [
      99.96541590692,
      53.919049704593625
    ],
    [
      99.98250330988398,
      52.91748219773196
    ],
    [
      100.0016935441372,
      51.915937356475055
    ],
    [
      100.0228965344042,
      50.91441420993642
    ],
    [
      100.04548027549934,
      49.912905945976675
    ],
    [
      100.06870754600376,
      48.91140461837143
    ],
    [
      100.09184112449847,
      47.909902280896254
    ],
    [
      100.11414378956452,
      46.90839098732674
    ],
    [
      100.13487831978298,
      45.906862791438506
    ],
    [
      100.15330749373487,
      44.90530974700714
    ],
    [
      100.16869409000125,
      43.903723907808185
    ],
    [
      100.18030088716316,
      42.902097327617284
    ],
    [
      100.18739066380162,
      41.90042206021001
    ],
    [
      100.18922619849774,
      40.89869015936197
    ],
    [
      100.1850702698325,
      39.89689367884871
    ],
    [
      100.17418565638698,
      38.895024672445864
    ],
    [
      100.15583513674224,
      37.89307519392903
    ],
    [
      100.12928148947927,
      36.891037297073765
    ],
    [
      100.09378749317916,
      35.88890303565566
    ],
    [
      100.04861592642294,
      34.88666446345032
    ],
    [
      99.9930273710525,
      33.884314175274866
    ],
    [
      99.92430802034525,
      32.88233104404263
    ],
    [
      99.8341353360491,
      31.88257533402028
    ],
    [
      99.713197575432,
      30.88715094362025
    ],
    [
      99.55218299576205,
      29.898161771254973
    ],
    [
      99.34177985430718,
      28.917711715336843
    ],
    [
      99.07408741386578,
      27.947945299698954
    ],
    [
      98.74875592401662,
      26.99122445484478
    ],
    [
      98.36795103810243,
      26.04998353433628
    ],
    [
      97.9338401291961,
      25.126656941249575
    ],
    [
      97.44859057037033,
      24.22367907866074
    ],
    [
      96.91436973469801,
      23.343484349645927
    ],
    [
      96.33334499525193,
      22.488507157281227
    ],
    [
      95.70768372510496,
      21.661181904642774
    ],
    [
      95.03955329732983,
      20.863942994806646
    ],
    [
      94.33112108499938,
      20.09922483084898
    ],
    [
      93.58455446118647,
      19.369461815845884
    ],
    [
      92.8020207989639,
      18.677088352873483
    ],
    [
      91.98568747140446,
      18.024538845007864
    ],
    [
      91.13772185158098,
      17.41424769532516
    ],
    [
      90.2602913125663,
      16.84864930690148
    ],
    [
      89.35556322743315,
      16.33017808281292
    ],
    [
      88.42570497170314,
      15.861268417449985
    ],
    [
      87.47300113376103,
      15.44393894264942
    ],
    [
      86.50016699777497,
      15.078680580971053
    ],
    [
      85.51001674763876,
      14.765633450452663
    ],
    [
      84.5053645672461,
      14.504937669132023
    ],
    [
      83.48902464049083,
      14.296733355046914
    ],
    [
      82.46381115126668,
      14.14116062623512
    ],
    [
      81.43253828346747,
      14.03835960073442
    ],
    [
      80.39802022098692,
      13.988470396582596
    ],
    [
      79.36307114771887,
      13.991633131817427
    ],
    [
      78.33050524755706,
      14.047987924476688
    ],
    [
      77.30313670439527,
      14.157674892598159
    ],
    [
      76.28377970212728,
      14.320834154219629
    ],
    [
      75.27524842464686,
      14.537605827378872
    ],
    [
      74.2803570558478,
      14.808130030113661
    ],
    [
      73.30191977962384,
      15.132546880461788
    ],
    [
      72.3427507798688,
      15.51099649646103
    ],
    [
      71.4056635476543,
      15.94361735485688
    ],
    [
      70.49317859334353,
      16.429853862516033
    ],
    [
      69.60707000189717,
      16.967382148142736
    ],
    [
      68.74899472249446,
      17.55360084634281
    ],
    [
      67.92060970431469,
      18.185908591722058
    ],
    [
      67.12357189653719,
      18.86170401888625
    ],
    [
      66.35953824834118,
      19.57838576244123
    ],
    [
      65.630165708906,
      20.333352456992777
    ],
    [
      64.93711122741094,
      21.124002737146697
    ],
    [
      64.28203175303527,
      21.947735237508788
    ],
    [
      63.666584234958314,
      22.80194859268484
    ],
    [
      63.09242562235932,
      23.684041437280683
    ],
    [
      62.561212864417584,
      24.5914124059021
    ],
    [
      62.074602910312436,
      25.521460133154896
    ],
    [
      61.634252709223084,
      26.471583253644873
    ],
    [
      61.241819210328906,
      27.439180401977843
    ],
    [
      60.89895936280914,
      28.421650212759594
    ],
    [
      60.6073301158431,
      29.416391320595938
    ],
    [
      60.36858841861005,
      30.420802360092654
    ],
    [
      60.1843912202893,
      31.432281965855566
    ],
    [
      60.056393354283095,
      32.44822790044471
