{
  "test_id": 3,
  "test_outcome": "NOT_EXECUTED",
  "predicted_test_outcome": null,
  "test_duration": null,
  "road_points": [
    [
      100.0,
      100.0
    ],
    [
      99.98347902931833,
      101.08311085517953
    ],
    [
      99.89152645131742,
      102.13465252305097
    ],
    [
      99.72849352091518,
      103.15640183162914
    ],
    [
      99.49873149302984,
      104.15013560892902
    ],
    [
      99.20659162257938,
      105.1176306829655
    ],
    [
      98.85642516448193,
      106.06066388175351
    ],
    [
      98.45258337365559,
      106.981012033308
    ],
    [
      97.99941750501846,
      107.88045196564393
    ],
    [
      97.50127881348854,
      108.76076050677618
    ],
    [
      96.96251855398398,
      109.62371448471967
    ],
    [
      96.38748798142284,
      110.47109072748934
    ],
    [
      95.78053835072328,
      111.30466606310019
    ],
    [
      95.1460209168033,
      112.12621731956708
    ],
    [
      94.48828693458096,
      112.93752132490489
    ],
    [
      93.81168765897444,
      113.74035490712863
    ],
    [
      93.12057434490175,
      114.53649489425322
    ],
    [
      92.41929824728102,
      115.32771811429357
    ],
    [
      91.7122106210303,
      116.11580139526458
    ],
    [
      91.00366272106771,
      116.90252156518125
    ],
    [
      90.2980058023113,
      117.68965545205845
    ],
    [
      89.59959111967919,
      118.47897988391115
    ],
    [
      88.91276992808942,
      119.2722716887542
    ],
    [
      88.24189348246016,
      120.07130769460267
    ],
    [
      87.59131303770937,
      120.87786472947133
    ],
    [
      86.96537984875525,
      121.69371962137521
    ],
    [
      86.3684451705158,
      122.5206491983292
    ],
    [
      85.80486025790914,
      123.36043028834824
    ],
    [
      85.27897636585337,
      124.21483971944726
    ],
    [
      84.79514474926657,
      125.08565431964118
    ],
    [
      84.35771666306681,
      125.97465091694497
    ],
    [
      83.97104336217215,
      126.88360633937344
    ],
    [
      83.63947610150078,
      127.8142974149417
    ],
    [
      83.36736613597066,
      128.7685009716645
    ],
    [
      83.15896716362961,
      129.7478915670378
    ],
    [
      83.01581884144431,
      130.75129858333406
    ],
    [
      82.93645658601181,
      131.7744020067744
    ],
    [
      82.91926002937613,
      132.81271851199503
    ],
    [
      82.96260880358135,
      133.8617647736322
    ],
    [
      83.06488254067162,
      134.9170574663222
    ],
    [
      83.22446087269093,
      135.97411326470123
    ],
    [
      83.43972343168342,
      137.02844884340567
    ],
    [
      83.70904984969316,
      138.07558087707164
    ],
    [
      84.03081975876422,
      139.11102604033542
    ],
    [
      84.40341279094065,
      140.1303010078333
    ],
    [
      84.82520857826661,
      141.1289224542015
    ],
    [
      85.2945867527861,
      142.10240705407634
    ],
    [
      85.80992694654329,
      143.046271482094
    ],
    [
      86.36960879158217,
      143.95603241289072
    ],
    [
      86.97201191994685,
      144.82720652110285
    ],
    [
      87.61551596368143,
      145.65531048136657
    ],
    [
      88.29850055482997,
      146.43586096831814
    ],
    [
      89.01934532543657,
      147.16437465659385
    ],
    [
      89.77642990754528,
      147.8363682208299
    ],
    [
      90.5681116032344,
      148.44767503692128
    ],
    [
      91.39241649982047,
      148.99882603081292
    ],
    [
      92.24711719383775,
      149.49394733547035
    ],
    [
      93.12997984601606,
      149.93725636153417
    ],
    [
      94.03877061708529,
      150.33297051964504
    ],
    [
      94.97125566777527,
      150.68530722044366
    ],
    [
      95.92520115881584,
      150.99848387457064
    ],
    [
      96.89837325093681,
      151.2767178926666
    ],
    [
      97.88853810486809,
      151.52422668537213
    ],
    [
      98.89346188133952,
      151.745227663328
    ],
    [
      99.91091074108088,
      151.9439382371748
    ],
    [
      100.93865084482209,
      152.1245758175531
    ],
    [
      101.97444835329296,
      152.29135781510362
    ],
    [
      103.01606942722334,
      152.448501640467
    ],
    [
      104.06128022734308,
      152.60022470428385
    ],
    [
      105.1078468195228,
      152.75073875954203
    ],
    [
      106.1535316442442,
      152.90403933150628
    ],
    [
      107.19609246818712,
      153.06384318762846
    ],
    [
      108.2332867492396,
      153.23384867819675
    ],
    [
      109.26287194528959,
      153.4177541534995
    ],
    [
      110.28260551422512,
      153.61925796382482
    ],
    [
      111.29024491393407,
      153.84205845946101
    ],
    [
      112.28354760230448,
      154.08985399069635
    ],
    [
      113.26027103722431,
      154.36634290781905
    ],
    [
      114.21817267658156,
      154.67522356111732
    ],
    [
      115.15500997826415,
      155.0201943008794
    ],
    [
      116.06854040016006,
      155.40495347739358
    ],
    [
      116.95652140015729,
      155.83319944094802
    ],
    [
      117.81671043614382,
      156.308630541831
    ],
    [
      118.64686496600766,
      156.83494513033088
    ],
    [
      119.44474278738136,
      157.41583090009638
    ],
    [
      120.2081705482175,
      158.0528159434727
    ],
    [
      120.93512697967591,
      158.74265801777375
    ],
    [
      121.62361115557383,
      159.48147680006002
    ],
    [
      122.27162214972859,
      160.26539196739216
    ],
    [
      122.87715903595745,
      161.09052319683076
    ],
    [
      123.43822088807768,
      161.9529901654364
    ],
    [
      123.95280677990662,
      162.84891255026966
    ],
    [
      124.41891578526149,
      163.77441002839112
    ],
    [
      124.83454697795959,
      164.7256022768614
    ],
    [
      125.19769943181825,
      165.69860897274106
    ],
    [
      125.50672292223506,
      166.68971459292848
    ],
    [
      125.76173129935829,
      167.69603257902847
    ],
    [
      125.96339186784395,
      168.71493644907054
    ],
    [
      126.11237212857513,
      169.74379981329395
    ],
    [
      126.20933958243485,
      170.7799962819381
    ],
    [
      126.25496173030625,
      171.82089946524235
    ],
    [
      126.24990607307234,
      172.86388297344604
    ],
    [
      126.19484011161626,
      173.90632041678867
    ],
    [
      126.09043134682103,
      174.94558540550943
    ],
    [
      125.9373472795697,
      175.97905154984775
    ],
    [
      125.73625541074543,
      177.00409246004298
    ],
    [
      125.48782324123123,
      178.0180817463346
    ],
    [
      125.19271827191021,
      179.0183930189618
    ],
    [
      124.85160800366538,
      180.002399888164
    ],
    [
      124.4651599373799,
      180.96747596418066
    ],
    [
      124.03404157393679,
      181.9109948572511
    ],
    [
      123.55892041421912,
      182.8303301776146
    ],
    [
      123.04046395911001,
      183.72285553551063
    ],
    [
      122.47933970949248,
      184.5859445411785
    ],
    [
      121.87621516624962,
      185.41697080485758
    ],
    [
      121.23175783026448,
      186.21330793678723
    ],
    [
      120.54663520242022,
      186.97232954720687
    ],
    [
      119.82151478359981,
      187.69140924635582
    ],
    [
      119.0570640746864,
      188.36792064447346
    ],
    [
      118.253950576563,
      188.99923735179914
    ],
    [
      117.41284179011276,
      189.5827329785722
    ],
    [
      116.53440521621866,
      190.11578113503205
    ],
    [
      115.61930835576383,
      190.59575543141804
    ],
    [
      114.66821870963136,
      191.02002947796956
    ],
    [
      113.68180377870428,
      191.38597688492592
    ],
    [
