{
  "test_id": 7,
  "test_outcome": "NOT_EXECUTED",
  "predicted_test_outcome": null,
  "test_duration": null,
  "road_points": [
    [
      100.0,
      100.00000000000001
    ],
    [
      99.8101675202704,
      101.38961043357685
    ],
    [
      99.57599021081182,
      102.71302297675255
    ],
    [
      99.29875713250925,
      103.97229645770406
    ],
    [
      98.9797573462477,
      105.16948970460835
    ],
    [
      98.62027991291208,
      106.30666154564229
    ],
    [
      98.2216138933876,
      107.38587080898304
    ],
    [
      97.78504834855916,
      108.40917632280744
    ],
    [
      97.31187233931169,
      109.37863691529243
    ],
    [
      96.80337492653034,
      110.29631141461505
    ],
    [
      96.26084517110004,
      111.1642586489522
    ],
    [
      95.68557213390578,
      111.98453744648084
    ],
    [
      95.07884487583263,
      112.759206635378
    ],
    [
      94.44195245776555,
      113.4903250438206
    ],
    [
      93.77618394058959,
      114.17995149998565
    ],
    [
      93.08282838518973,
      114.83014483205004
    ],
    [
      92.36317485245095,
      115.44296386819076
    ],
    [
      91.61851240325832,
      116.02046743658481
    ],
    [
      90.85013009849682,
      116.56471436540909
    ],
    [
      90.05931699905145,
      117.07776348284062
    ],
    [
      89.24736216580723,
      117.56167361705634
    ],
    [
      88.41555465964916,
      118.01850359623322
    ],
    [
      87.5651835414622,
      118.45031224854817
    ],
    [
      86.69753787213148,
      118.85915840217827
    ],
    [
      85.81390671254188,
      119.24710088530037
    ],
    [
      84.9155791235785,
      119.6161985260915
    ],
    [
      84.0038441661263,
      119.9685101527286
    ],
    [
      83.07999090107029,
      120.30609459338864
    ],
    [
      82.1453083892955,
      120.63101067624856
    ],
    [
      81.20108569168693,
      120.94531722948537
    ],
    [
      80.24861186912958,
      121.251073081276
    ],
    [
      79.28917598250847,
      121.55033705979744
    ],
    [
      78.32406709270859,
      121.84516799322664
    ],
    [
      77.35457426061495,
      122.13762470974052
    ],
    [
      76.3819865471126,
      122.42976603751612
    ],
    [
      75.40759301308648,
      122.72365080473031
    ],
    [
      74.43268271942163,
      123.02133783956016
    ],
    [
      73.45854472700307,
      123.32488597018258
    ],
    [
      72.48646809671581,
      123.6363540247745
    ],
    [
      71.51774188944484,
      123.95780083151297
    ],
    [
      70.55365516607516,
      124.29128521857486
    ],
    [
      69.5954969874918,
      124.63886601413721
    ],
    [
      68.64455641457977,
      125.00260204637692
    ],
    [
      67.70212250822408,
      125.38455214347104
    ],
    [
      66.76948432930968,
      125.7867751335964
    ],
    [
      65.84793093872166,
      126.2113298449301
    ],
    [
      64.93875139734499,
      126.66027510564905
    ],
    [
      64.04323291847253,
      127.13565972434203
    ],
    [
      63.162485463866275,
      127.63857126534614
    ],
    [
      62.29729720581827,
      128.16835221200026
    ],
    [
      61.44842229797403,
      128.72416056275793
    ],
    [
      60.61661489397913,
      129.30515431607276
    ],
    [
      59.802629147479095,
      129.91049147039817
    ],
    [
      59.007219212119516,
      130.53933002418782
    ],
    [
      58.231139241545904,
      131.1908279758952
    ],
    [
      57.47514338940381,
      131.8641433239738
    ],
    [
      56.73998580933885,
      132.55843406687728
    ],
    [
      56.02642065499651,
      133.2728582030591
    ],
    [
      55.33520208002236,
      134.00657373097286
    ],
    [
      54.66708423806195,
      134.75873864907203
    ],
    [
      54.02282128276087,
      135.52851095581025
    ],
    [
      53.40304419900973,
      136.31503339469347
    ],
    [
      52.80690250901889,
      137.11726522409444
    ],
    [
      52.232565848116856,
      137.93404433943994
    ],
    [
      51.678186402260934,
      138.76420647498176
    ],
    [
      51.14191635740844,
      139.60658736497155
    ],
    [
      50.62190789951667,
      140.46002274366106
    ],
    [
      50.116313214542956,
      141.32334834530204
    ],
    [
      49.62328448844459,
      142.19539990414614
    ],
    [
      49.14097390717887,
      143.0750131544452
    ],
    [
      48.66753365670313,
      143.96102383045084
    ],
    [
      48.20111592297466,
      144.8522676664149
    ],
    [
      47.73987289195077,
      145.74758039658894
    ],
    [
      47.28195674958878,
      146.6457977552249
    ],
    [
      46.82551968184598,
      147.54575547657433
    ],
    [
      46.368713874679706,
      148.446289294889
    ],
    [
      45.90969151404724,
      149.3462349444207
    ],
    [
      45.446604785905905,
      150.2444281594211
    ],
    [
      44.97760587621301,
      151.1397046741419
    ],
    [
      44.50084697092585,
      152.03090022283487
    ],
    [
      44.01448025600176,
      152.91685053975178
    ],
    [
      43.51665791739803,
      153.79639135914428
    ],
    [
      43.00553214107197,
      154.66835841526412
    ],
    [
      42.47925511298088,
      155.53158744236305
    ],
    [
      41.93597901908209,
      156.38491417469277
    ],
    [
      41.3737835322164,
      157.2269147820041
    ],
    [
      40.79015497875868,
      158.05404151927596
    ],
    [
      40.18228948367148,
      158.86170785032243
    ],
    [
      39.547381194751985,
      159.6453201615905
    ],
    [
      38.882624259797396,
      160.40028483952722
    ],
    [
      38.18521282660488,
      161.12200827057973
    ],
    [
      37.452341042971646,
      161.80589684119496
    ],
    [
      36.68176965509136,
      162.44777095610846
    ],
    [
      35.87478007819472,
      163.04602360299606
    ],
    [
      35.034003956260925,
      163.60003439321426
    ],
    [
      34.16207570093334,
      164.10918496047552
    ],
    [
      33.261629723855364,
      164.57285693849224
    ],
    [
      32.33530043667034,
      164.9904319609768
    ],
    [
      31.385722251021647,
      165.36129166164167
    ],
    [
      30.415529578552665,
      165.68481767419922
    ],
    [
      29.42735683090677,
      165.9603916323619
    ],
    [
      28.423838419727325,
      166.18739516984215
    ],
    [
      27.407608756657712,
      166.3652099203523
    ],
    [
      26.38130225334129,
      166.49321751760482
    ],
    [
      25.347553321421444,
      166.5707995953121
    ],
    [
      24.308996372541532,
      166.59733778718658
    ],
    [
      23.26826581834495,
      166.5722137269407
    ],
    [
      22.22799607047505,
      166.49480904828678
    ],
    [
      21.190821540575225,
      166.36450538493733
    ],
    [
      20.15937664028883,
      166.18068437060472
    ],
    [
      19.13629578125924,
      165.9427276390013
    ],
    [
      18.124213375129838,
      165.65001682383968
    ],
    [
      17.125763833543985,
      165.30193355883205
    ],
    [
      16.14358156814506,
      164.897859477691
    ],
    [
      15.18030099057644,
      164.43717621412884
    ],
    [
      14.238556512481486,
      163.91926540185798
    ],
    [
      13.320982545503579,
      163.34350867459088
    ],
    [
      12.430213501286092,
      162.70928766603998
    ],
    [
      11.568883791472395,
      162.01598400991767
    ],
    [
      10.739627827705856,
      161.26297933993627
    ],
    [
      9.945080021629847,
      160.44965528980833
    ],
    [
      9.187874784887757,
      159.57539349324617
    ],
    [
      8.470646529122948,
      158.63957558396228
    ],
    [
      7.7960296659787955,
      157.64158319566906
    ],
    [
      7.166658607098669,
      156.58079796207886
    ]
  ],