{
  "test_id": 0,
  "test_outcome": "NOT_EXECUTED",
  "predicted_test_outcome": null,
  "test_duration": null,
  "road_points": [
    [
      99.99999999999999,
      99.99999999999997
    ],
    [
      99.63911669609105,
      99.05576453842353
    ],
    [
      99.29068316752071,
      98.10876339021961
    ],
    [
      98.95418290602355,
      97.159087694847
    ],
    [
      98.62909940333388,
      96.20682859176442
    ],
    [
      98.31491615118624,
      95.25207722043054
    ],
    [
      98.011116641315,
      94.29492472030411
    ],
    [
      97.71718436545474,
      93.3354622308439
    ],
    [
      97.43260281533982,
      92.37378089150859
    ],
    [
      97.15685548270473,
      91.40997184175689
    ],
    [
      96.8894258592839,
      90.44412622104753
    ],
    [
      96.62979743681178,
      89.47633516883923
    ],
    [
      96.37745370702287,
      88.50668982459075
    ],
    [
      96.13187816165157,
      87.53528132776079
    ],
    [
      95.89255429243238,
      86.56220081780806
    ],
    [
      95.65896559109972,
      85.58753943419129
    ],
    [
      95.43059554938803,
      84.6113883163692
    ],
    [
      95.2069276590318,
      83.63383860380051
    ],
    [
      94.98744541176549,
      82.65498143594397
    ],
    [
      94.77163229932351,
      81.67490795225827
    ],
    [
      94.55897181344035,
      80.69370929220213
    ],
    [
      94.34894744585043,
      79.71147659523427
    ],
    [
      94.14104268828825,
      78.72830100081347
    ],
    [
      93.93474103248822,
      77.7442736483984
    ],
    [
      93.7295259701848,
      76.75948567744777
    ],
    [
      93.52488099311246,
      75.77402822742033
    ],
    [
      93.32028959300565,
      74.7879924377748
    ],
    [
      93.1152352615988,
      73.80146944796991
    ],
    [
      92.9091669917472,
      72.81457659730464
    ],
    [
      92.70126141579819,
      71.82763806663232
    ],
    [
      92.49056593921647,
      70.84107617691296
    ],
    [
      92.27612718789229,
      69.85531384114678
    ],
    [
      92.05699178771592,
      68.87077397233406
    ],
    [
      91.83220636457759,
      67.88787948347506
    ],
    [
      91.60081754436754,
      66.90705328757
    ],
    [
      91.361871952976,
      65.92871829761916
    ],
    [
      91.11441621629325,
      64.9532974266228
    ],
    [
      90.85749696020955,
      63.98121358758113
    ],
    [
      90.59016081061509,
      63.01288969349445
    ],
    [
      90.31145439340014,
      62.04874865736299
    ],
    [
      90.02042433445499,
      61.08921339218703
    ],
    [
      89.71611725966977,
      60.13470681096676
    ],
    [
      89.39757979493487,
      59.18565182670251
    ],
    [
      89.06385856614047,
      58.24247135239449
    ],
    [
      88.71400019917681,
      57.305588301042974
    ],
    [
      88.34737009802132,
      56.37527291332046
    ],
    [
      87.96483304655978,
      55.45107733216938
    ],
    [
      87.56769426438845,
      54.53234276274246
    ],
    [
      87.15725903010066,
      53.61841038193695
    ],
    [
      86.7348326222897,
      52.70862136665003
    ],
    [
      86.30172031954886,
      51.80231689377896
    ],
    [
      85.85922740047151,
      50.89883814022098
    ],
    [
      85.40865914365095,
      49.9975262828733
    ],
    [
      84.95132082768046,
      49.09772249863317
    ],
    [
      84.48851773115345,
      48.198767964397824
    ],
    [
      84.02144891776797,
      47.300090213086
    ],
    [
      83.5499353385267,
      46.40223722620694
    ],
    [
      83.07283566192717,
      45.50653935095025
    ],
    [
      82.58898888534304,
      44.61434292774244
    ],
    [
      82.09723400614801,
      43.72699429701012
    ],
    [
      81.59641002171585,
      42.84583979917984
    ],
    [
      81.08535592942019,
      41.97222577467813
    ],
    [
      80.56291072663477,
      41.10749856393158
    ],
    [
      80.02791341073325,
      40.25300450736673
    ],
    [
      79.47920297908941,
      39.41008994541017
    ],
    [
      78.91561842907686,
      38.58010121848842
    ],
    [
      78.33599875806935,
      37.764384667028075
    ],
    [
      77.7391829634406,
      36.96428663145568
    ],
    [
      77.12401004256425,
      36.18115345219778
    ],
    [
      76.48931899281408,
      35.41633146968097
    ],
    [
      75.83396572142858,
      34.67115016093504
    ],
    [
      75.15748704809234,
      33.946259961683865
    ],
    [
      74.4603181871487,
      33.24141538177126
    ],
    [
      73.74295580948173,
      32.556309643382235
    ],
    [
      73.00589658597548,
      31.890635968701815
    ],
    [
      72.24963718751401,
      31.244087579915032
    ],
    [
      71.47467428498138,
      30.61635769920691
    ],
    [
      70.68150454926163,
      30.007139548762474
    ],
    [
      69.87062465123884,
      29.416126350766753
    ],
    [
      69.04253126179702,
      28.843011327404756
    ],
    [
      68.1977210518203,
      28.28748770086152
    ],
    [
      67.33669069219266,
      27.749248693322066
    ],
    [
      66.4599368537982,
      27.22798752697143
    ],
    [
      65.56795620752096,
      26.723397423994623
    ],
    [
      64.66124542424505,
      26.235171606576696
    ],
    [
      63.74030117485444,
      25.76300329690263
    ],
    [
      62.80562013023324,
      25.30658571715749
    ],
    [
      61.85769896126547,
      24.865612089526277
    ],
    [
      60.89705034909345,
      24.43982897978567
    ],
    [
      59.9246129342318,
      24.030402181465572
    ],
    [
      58.941786090117255,
      23.640032575694008
    ],
    [
      57.949992168583414,
      23.271497603902088
    ],
    [
      56.950653521463934,
      22.927574707520925
    ],
    [
      55.94519250059242,
      22.61104132798163
    ],
    [
      54.935031457802545,
      22.324674906715334
    ],
    [
      53.92159274492791,
      22.07125288515313
    ],
    [
      52.90629871380219,
      21.85355270472615
    ],
    [
      51.89057171625897,
      21.6743518068655
    ],
    [
      50.875834104131926,
      21.536427633002294
    ],
    [
      49.86350822925465,
      21.44255762456764
    ],
    [
      48.85501644346081,
      21.39551922299268
    ],
    [
      47.85178109858404,
      21.3980898697085
    ],
    [
      46.855224546457954,
      21.45304700614622
    ],
    [
      45.86676913891621,
      21.563168073736964
    ],
    [
      44.88783722779242,
      21.731230513911846
    ],
    [
      43.919851164920246,
      21.960011768101975
    ],
    [
      42.96423339029803,
      22.25228881251316
    ],
    [
      42.02264043710541,
      22.609603366728113
    ],
    [
      41.09747132355693,
      23.029579225202244
    ],
    [
      40.19127193190901,
      23.509065214152287
    ],
    [
      39.30658814441802,
      24.04491015979496
    ],
    [
      38.44596584334038,
      24.633962888346996
    ],
    [
      37.611950910932464,
      25.27307222602512
    ],
    [
      36.80708922945064,
      25.959086999046058
    ],
    [
      36.03392668115136,
      26.688856033626543
    ],
    [
      35.29500914829096,
      27.459228155983283
    ],
    [
      34.592882513125865,
      28.267052192333033
    ],
    [
      33.93009265791245,
      29.10917696889249
    ],
    [
      33.30918546490714,
      29.982451311878414
    ],
    [
      32.73270681636629,
      30.8837240475075
    ],
    [
      32.2032025945463,
      31.809844001996492
    ],
    [
      31.72321868170359,
      32.75766000156212
    ],
    [
      31.29530096009452,
      33.72402087242109
    ],
    [
      30.921995311975497,
      34.705775440790156
    ],
    [
      30.605847619602926,
      35.699772532886044
    ],
    [
      30.349403765233177,
      36.70286097492545
    ],
    [
      30.155205727505592,
