{
  "test_id": 4,
  "test_outcome": "NOT_EXECUTED",
  "predicted_test_outcome": null,
  "test_duration": null,
  "road_points": [
    [
      100.0,
      100.00000000000003
    ],
    [
      99.89431509242448,
      99.00484421054921
    ],
    [
      99.77261030687241,
      98.010580967121
    ],
    [
      99.63869182409344,
      97.01699820870633
    ],
    [
      99.49636582483717,
      96.023883874296
    ],
    [
      99.34943848985327,
      95.031025902881
    ],
    [
      99.20171599989136,
      94.03821223345219
    ],
    [
      99.05700453570113,
      93.04523080500049
    ],
    [
      98.91911027803212,
      92.05186955651672
    ],
    [
      98.7918394076341,
      91.05791642699188
    ],
    [
      98.67899810525661,
      90.06315935541681
    ],
    [
      98.58421953620305,
      89.06739551246834
    ],
    [
      98.50835608590225,
      88.07057044451365
    ],
    [
      98.4500168600742,
      87.0727493939014
    ],
    [
      98.40774700613896,
      86.0740010156403
    ],
    [
      98.38009167151657,
      85.07439396473919
    ],
    [
      98.36559600362708,
      84.07399689620685
    ],
    [
      98.36280514989053,
      83.07287846505203
    ],
    [
      98.37026425772696,
      82.07110732628357
    ],
    [
      98.38651847455648,
      81.06875213491023
    ],
    [
      98.41011294779906,
      80.06588154594078
    ],
    [
      98.43959282487484,
      79.06256421438408
    ],
    [
      98.4735032532038,
      78.05886879524884
    ],
    [
      98.51038938020599,
      77.05486394354392
    ],
    [
      98.54879635330153,
      76.05061831427807
    ],
    [
      98.5872693199104,
      75.04620056246009
    ],
    [
      98.62435342745269,
      74.04167934309876
    ],
    [
      98.65859382334844,
      73.03712331120286
    ],
    [
      98.68853565501772,
      72.03260112178121
    ],
    [
      98.71272406988054,
      71.0281814298426
    ],
    [
      98.72970421535697,
      70.02393289039578
    ],
    [
      98.73802123886708,
      69.01992415844958
    ],
    [
      98.73622028783092,
      68.01622388901278
    ],
    [
      98.7228465096685,
      67.01290073709416
    ],
    [
      98.6964450517999,
      66.0100233577025
    ],
    [
      98.65556106164519,
      65.00766040584662
    ],
    [
      98.59847902450952,
      64.005940717041
    ],
    [
      98.52014368230707,
      63.00576419184841
    ],
    [
      98.41318838642263,
      62.00856437436088
    ],
    [
      98.27020027011783,
      61.015785479304526
    ],
    [
      98.08376646665413,
      60.02887172140543
    ],
    [
      97.84658660246073,
      59.04931906841698
    ],
    [
      97.55502009422133,
      58.0803071923493
    ],
    [
      97.20980467844788,
      57.12703003248442
    ],
    [
      96.81193573986943,
      56.1948000604162
    ],
    [
      96.36240866321506,
      55.28892974773859
    ],
    [
      95.8622188332139,
      54.4147315660455
    ],
    [
      95.31236163459506,
      53.57751798693087
    ],
    [
      94.71387216818033,
      52.78245204659715
    ],
    [
      94.0686921964502,
      52.0312853847414
    ],
    [
      93.37966637711216,
      51.32237241609539
    ],
    [
      92.64967833067601,
      50.65392095432287
    ],
    [
      91.88161167765146,
      50.02413881308753
    ],
    [
      91.07835003854832,
      49.43123380605312
    ],
    [
      90.24277703387635,
      48.873413746883394
    ],
    [
      89.37777628414524,
      48.348886449242045
    ],
    [
      88.48623140986483,
      47.855859726792836
    ],
    [
      87.57102603154483,
      47.392541393199465
    ],
    [
      86.635043769695,
      46.95713926212571
    ],
    [
      85.68116824482516,
      46.54786114723527
    ],
    [
      84.71228307744501,
      46.16291486219188
    ],
    [
      83.73127188806431,
      45.800508220659275
    ],
    [
      82.74101829719287,
      45.458849036301196
    ],
    [
      81.74440592534036,
      45.13614512278134
    ],
    [
      80.74431839301664,
      44.8306042937635
    ],
    [
      79.743652282804,
      44.54020538670116
    ],
    [
      78.74547285148284,
      44.25994759375459
    ],
    [
      77.75296337804602,
      43.982745233793544
    ],
    [
      76.76930956646329,
      43.70146978824846
    ],
    [
      75.79769712070441,
      43.40899273854977
    ],
    [
      74.84131174473903,
      43.098185566127874
    ],
    [
      73.9033391425369,
      42.76191975241324
    ],
    [
      72.9869650180677,
      42.39306677883628
    ],
    [
      72.0953750753012,
      41.984498126827425
    ],
    [
      71.2317550182071,
      41.5290852778171
    ],
    [
      70.39927958765634,
      41.019749473237994
    ],
    [
      69.60032434538148,
      40.45303931905603
    ],
    [
      68.83593715884555,
      39.831529643485545
    ],
    [
      68.10704061448718,
      39.15836390813375
    ],
    [
      67.41455729874487,
      38.43668557460784
    ],
    [
      66.75940979805725,
      37.66963810451503
    ],
    [
      66.14252069886282,
      36.8603649594625
    ],
    [
      65.56481258760024,
      36.01200960105748
    ],
    [
      65.02720805070803,
      35.12771549090712
    ],
    [
      64.53062967462472,
      34.21062609061866
    ],
    [
      64.07600004578897,
      33.26388486179932
    ],
    [
      63.66424175063926,
      32.29063526605624
    ],
    [
      63.29627737561424,
      31.29402076499666
    ],
    [
      62.97302950715242,
      30.27718482022777
    ],
    [
      62.69542073169239,
      29.243270893356772
    ],
    [
      62.46437363567271,
      28.195422445990857
    ],
    [
      62.28081080553197,
      27.136782939737245
    ],
    [
      62.14565482770872,
      26.07049583620313
    ],
    [
      62.05982828864153,
      24.99970459699569
    ],
    [
      62.024253774769,
      23.927552683722155
    ],
    [
      62.039853872529655,
      22.857183557989703
    ],
    [
      62.10755116836209,
      21.791740681405543
    ],
    [
      62.22826824870488,
      20.734367515576878
    ],
    [
      62.40292769999658,
      19.688207522110904
    ],
    [
      62.63245210867578,
      18.656404162614827
    ],
    [
      62.917764061181,
      17.642100898695837
    ],
    [
      63.25978614395086,
      16.648441191961158
    ],
    [
      63.65944094342392,
      15.678568504017955
    ],
    [
      64.11765104603874,
      14.735626296473448
    ],
    [
      64.63533903823388,
      13.822758030934832
    ],
    [
      65.21342750644794,
      12.943107169009314
    ],
    [
      65.85283903711948,
      12.099817172304089
    ],
    [
      66.55449621668703,
      11.296031502426354
    ],
    [
      67.3193216315892,
      10.534893620983325
    ],
    [
      68.14823786826454,
      9.819546989582179
    ],
    [
      69.04216751315164,
      9.153135069830126
    ],
    [
      70.00203315268908,
      8.538801323334372
    ],
    [
      71.02875737331537,
      7.979689211702109
    ],
    [
      72.12326276146914,
      7.478942196540541
    ]
  ],