{
  "test_id": 29,
  "test_outcome": "NOT_EXECUTED",
  "predicted_test_outcome": null,
  "test_duration": null,
  "road_points": [
    [
      100.0,
      99.99999999999999
    ],
    [
      100.02847097722186,
      98.75234819084655
    ],
    [
      99.97544711303864,
      97.5621031928048
    ],
    [
      99.8449500571459,
      96.42648534028403
    ],
    [
      99.64100145923952,
      95.34271496769388
    ],
    [
      99.3676229690151,
      94.30801240944363
    ],
    [
      99.02883623616843,
      93.31959799994287
    ],
    [
      98.62866291039524,
      92.37469207360105
    ],
    [
      98.17112464139119,
      91.4705149648276
    ],
    [
      97.66024307885212,
      90.60428700803206
    ],
    [
      97.10003987247362,
      89.77322853762378
    ],
    [
      96.49453667195148,
      88.9745598880123
    ],
    [
      95.84775512698143,
      88.20550139360705
    ],
    [
      95.1637168872592,
      87.46327338881751
    ],
    [
      94.4464436024805,
      86.7450962080532
    ],
    [
      93.69995692234103,
      86.04819018572348
    ],
    [
      92.92827849653655,
      85.36977565623789
    ],
    [
      92.13542997476279,
      84.70707295400587
    ],
    [
      91.32543300671543,
      84.05730241343687
    ],
    [
      90.50230924209022,
      83.41768436894039
    ],
    [
      89.6700803305829,
      82.78543915492587
    ],
    [
      88.83276792188916,
      82.15778710580277
    ],
    [
      87.99439366570475,
      81.53194855598058
    ],
    [
      87.15897921172537,
      80.9051438398687
    ],
    [
      86.33054620964677,
      80.2745932918767
    ],
    [
      85.51311630916469,
      79.63751724641398
    ],
    [
      84.71071115997479,
      78.99113603789
    ],
    [
      83.92735241177286,
      78.33267000071423
    ],
    [
      83.16706171425459,
      77.65933946929617
    ],
    [
      82.43386071711569,
      76.96836477804521
    ],
    [
      81.73177107005196,
      76.25696626137092
    ],
    [
      81.06481442275904,
      75.5223642536827
    ],
    [
      80.43701242493266,
      74.76177908938998
    ],
    [
      79.85238672626859,
      73.97243110290228
    ],
    [
      79.31495897646252,
      73.15154062862905
    ],
    [
      78.82875082521018,
      72.29632800097976
    ],
    [
      78.39728418375168,
      71.40478737794976
    ],
    [
      78.02129421214792,
      70.47922808232912
    ],
    [
      77.7005504494197,
      69.52345465971395
    ],
    [
      77.43482149152518,
      68.54127311599237
    ],
    [
      77.22387593442257,
      67.53648945705245
    ],
    [
      77.06748237407001,
      66.51290968878229
    ],
    [
      76.96540940642575,
      65.47433981706995
    ],
    [
      76.9174256274479,
      64.42458584780358
    ],
    [
      76.92329963309469,
      63.36745378687128
    ],
    [
      76.98280001932429,
      62.30674964016108
    ],
    [
      77.09569538209485,
      61.246279413561126
    ],
    [
      77.26175431736463,
      60.189849112959514
    ],
    [
      77.48074542109175,
      59.14126474424432
    ],
    [
      77.75243728923441,
      58.10433231330362
    ],
    [
      78.0765985177508,
      57.08285782602556
    ],
    [
      78.45299770259909,
      56.080647288298216
    ],
    [
      78.88140343973748,
      55.101506706009644
    ],
    [
      79.36158432512417,
      54.149242085048
    ],
    [
      79.89330895471728,
      53.22765943130134
    ],
    [
      80.47634592447505,
      52.34056475065776
    ],
    [
      81.11010757147709,
      51.491383862945035
    ],
    [
      81.79222426120056,
      50.681640934996686
    ],
    [
      82.51977034944917,
      49.9122667810591
    ],
    [
      83.28982000804253,
      49.184192019037795
    ],
    [
      84.09944740880019,
      48.49834726683829
    ],
    [
      84.94572672354178,
      47.855663142366105
    ],
    [
      85.8257321240869,
      47.25707026352677
    ],
    [
      86.73653778225514,
      46.70349924822577
    ],
    [
      87.67521786986609,
      46.19588071436864
    ],
    [
      88.63884655873939,
      45.735145279860895
    ],
    [
      89.62449802069457,
      45.322223562608045
    ],
    [
      90.62924642755125,
      44.95804618051562
    ],
    [
      91.65016595112905,
      44.64354375148912
    ],
    [
      92.68433076324754,
      44.37964689343405
    ],
    [
      93.72881503572634,
      44.16728622425596
    ],
    [
      94.78069294038505,
      44.00739236186035
    ],
    [
      95.83703864904325,
      43.90089592415274
    ],
    [
      96.89492633352053,
      43.84872752903863
    ],
    [
      97.95143016563652,
      43.85181779442355
    ],
    [
      99.00362431721078,
      43.911097338213025
    ],
    [
      100.04858296006294,
      44.02749677831256
    ],
    [
      101.08338026601257,
      44.20194673262766
    ],
    [
      102.10509040830796,
      44.435377811686784
    ],
    [
      103.1109035610243,
      44.728121647635504
    ],
    [
      104.09844215519968,
      45.078277883559636
    ],
    [
      105.06542928560296,
      45.48342637833067
    ],
    [
      106.009588047003,
      45.941146990820066
    ],
    [
      106.92864153416872,
      46.44901957989928
    ],
    [
      107.82031284186898,
      47.00462400443979
    ],
    [
      108.68232506487261,
      47.60554012331303
    ],
    [
      109.51240129794853,
      48.24934779539049
    ],
    [
      110.30826463586563,
      48.933626879543624
    ],
    [
      111.06763817339275,
      49.65595723464392
    ],
    [
      111.78824500529876,
      50.413918719562815
    ],
    [
      112.46780822635256,
      51.20509119317178
    ],
    [
      113.10405093132304,
      52.02705451434231
    ],
    [
      113.69469621497903,
      52.87738854194579
    ],
    [
      114.23746717208944,
      53.75367313485377
    ],
    [
      114.73008689742309,
      54.65348815193767
    ],
    [
      115.17027848574897,
      55.57441345206901
    ],
    [
      115.55576503183585,
      56.514028894119164
    ],
    [
      115.88441325905195,
      57.46993390987826
    ],
    [
      116.15635664196634,
      58.440036831571085
    ],
    [
      116.37353580018825,
      59.42249225924759
    ],
    [
      116.5379415785781,
      60.41546163737977
    ],
    [
      116.65156482199622,
      61.41710641043966
    ],
    [
      116.71639637530298,
      62.42558802289929
    ],
    [
      116.73442708335868,
      63.439067919230645
    ],
    [
      116.7076477910237,
      64.45570754390573
    ],
    [
      116.63804934315833,
      65.47366834139659
    ],
    [
      116.52762258462295,
      66.4911117561752
    ],
    [
      116.37835836027791,
      67.50619923271361
    ],
    [
      116.19224751498356,
      68.51709221548381
    ],
    [
      115.97128089360015,
      69.52195214895782
    ],
    [
      115.71744934098817,
      70.51894047760766
    ],
    [
      115.43289357986252,
      71.50655999794466
    ],
    [
      115.12049370866761,
      72.48499746048175
    ],
    [
      114.78335742866062,
      73.45495798907281
    ],
    [
      114.42459250413592,
      74.41714685114157
    ],
    [
      114.04730669938802,
      75.37226931411179
    ],
    [
      113.65460777871141,
      76.32103064540719
    ],
    [
      113.24960350640053,
      77.26413611245152
    ],
    [
      112.83540164674984,
      78.20229098266856
    ],
    [
      112.41510996405385,
      79.136200523482
    ],
    [
      111.99183622260696,
      80.06657000231561
    ],
    [
      111.56868818670372,
      80.99410468659312
    ],
    [
      111.14877362063852,
      81.9195098437383
    ],
    [
      110.73520028870588,
      82.84349074117485
    ],
    [
      110.33107595520028,
      83.76675264632655
    ],
    [
      109.93950838441611,
      84.69000082661714
    ],
    [
