{
  "test_id": 39,
  "test_outcome": "NOT_EXECUTED",
  "predicted_test_outcome": null,
  "test_duration": null,
  "road_points": [
    [
      100.00000000000004,
      100.00000000000006
    ],
    [
      99.83956844263675,
      98.96458603026988
    ],
    [
      99.63276360384312,
      97.95169853632581
    ],
    [
      99.38227850155688,
      96.96006427696764
    ],
    [
      99.09080615371595,
      95.98841001099535
    ],
    [
      98.76103957825802,
      95.03546249720871
    ],
    [
      98.39567179312097,
      94.09994849440768
    ],
    [
      97.99739581624259,
      93.18059476139211
    ],
    [
      97.56890466556067,
      92.27612805696185
    ],
    [
      97.11289135901306,
      91.38527513991679
    ],
    [
      96.63204891453752,
      90.5067627690568
    ],
    [
      96.12907035007188,
      89.63931770318179
    ],
    [
      95.60664868355391,
      88.78166670109155
    ],
    [
      95.06747693292148,
      87.93253652158602
    ],
    [
      94.51424811611237,
      87.09065392346508
    ],
    [
      93.94965525106437,
      86.25474566552857
    ],
    [
      93.37639135571528,
      85.42353850657639
    ],
    [
      92.79714944800293,
      84.5957592054084
    ],
    [
      92.21462254586514,
      83.77013452082447
    ],
    [
      91.63150366723967,
      82.94539121162451
    ],
    [
      91.05048583006433,
      82.12025603660832
    ],
    [
      90.47426205227701,
      81.29345575457587
    ],
    [
      89.90552535181541,
      80.46371712432695
    ],
    [
      89.3469687466174,
      79.6297669046615
    ],
    [
      88.80128525462075,
      78.79033185437932
    ],
    [
      88.27116789376328,
      77.94413873228032
    ],
    [
      87.75930968198283,
      77.08991429716441
    ],
    [
      87.26840363721716,
      76.22638530783144
    ],
    [
      86.8011427774041,
      75.35227852308127
    ],
    [
      86.36021979013759,
      74.46632085765413
    ],
    [
      85.9474104089625,
      73.56767207872713
    ],
    [
      85.56157144892147,
      72.65686984257424
    ],
    [
      85.20098020650221,
      71.73472536990704
    ],
    [
      84.86391397819239,
      70.8020498814371
    ],
    [
      84.54865006047972,
      69.859654597876
    ],
    [
      84.25346574985187,
      68.90835073993533
    ],
    [
      83.97663834279656,
      67.94894952832665
    ],
    [
      83.71644513580144,
      66.9822621837615
    ],
    [
      83.47116342535419,
      66.0090999269515
    ],
    [
      83.23907050794253,
      65.03027397860821
    ],
    [
      83.0184436800541,
      64.04659555944319
    ],
    [
      82.80756023817665,
      63.05887589016802
    ],
    [
      82.60469747879786,
      62.0679261914943
    ],
    [
      82.40813269840535,
      61.07455768413356
    ],
    [
      82.21614319348687,
      60.0795815887974
    ],
    [
      82.02700626053006,
      59.083809126197394
    ],
    [
      81.83899919602268,
      58.0880515170451
    ],
    [
      81.6503992964523,
      57.0931199820521
    ],
    [
      81.45948400514551,
      56.09982566184233
    ],
    [
      81.26485830777413,
      55.10880105146841
    ],
    [
      81.06615078210459,
      54.12012036642928
    ],
    [
      80.8631894080991,
      53.13374906584565
    ],
    [
      80.65580216571986,
      52.14965260883823
    ],
    [
      80.44381703492917,
      51.167796454527775
    ],
    [
      80.22706199568917,
      50.188146062034974
    ],
    [
      80.00536502796214,
      49.210666890480574
    ],
    [
      79.77855411171029,
      48.2353243989853
    ],
    [
      79.54645722689585,
      47.26208404666988
    ],
    [
      79.30890235348106,
      46.29091129265503
    ],
    [
      79.06571747142816,
      45.32177159606149
    ],
    [
      78.81673056069931,
      44.35463041600996
    ],
    [
      78.5617696012568,
      43.389453211621195
    ],
    [
      78.30066257306284,
      42.4262054420159
    ],
    [
      78.03323745607965,
      41.46485256631482
    ],
    [
      77.75932223026945,
      40.50536004363864
    ],
    [
      77.47874487559447,
      39.54769333310812
    ],
    [
      77.19133337201697,
      38.591817893843995
    ],
    [
      76.89691569949913,
      37.63769918496696
    ],
    [
      76.59531983800323,
      36.685302665597774
    ],
    [
      76.28637376749144,
      35.73459379485712
    ],
    [
      75.96990546792601,
      34.78553803186574
    ],
    [
      75.6457429192692,
      33.838100835744385
    ],
    [
      75.31371410148316,
      32.892247665613745
    ],
    [
      74.97364621894961,
      31.94794448293508
    ],
    [
      74.62403537812006,
      31.006019396052892
    ],
    [
      74.25931744649631,
      30.06993031407758
    ],
    [
      73.8731568784997,
      29.143634787331667
    ],
    [
      73.45921812855144,
      28.231090366137625
    ],
    [
      73.0111656510728,
      27.336254600817945
    ],
    [
      72.52266390048504,
      26.463085041695095
    ],
    [
      71.9873824123971,
      25.615538462317545
    ],
    [
      71.40136634743955,
      24.79720846840395
    ],
    [
      70.76681344008922,
      24.01074810608532
    ],
    [
      70.08690435095572,
      23.258660159078694
    ],
    [
      69.36481974064873,
      22.543447411101077
    ],
    [
      68.60374026977786,
      21.867612645869485
    ],
    [
      67.8068465989528,
      21.233658647100956
    ],
    [
      66.9773193887832,
      20.6440881985125
    ],
    [
      66.11833929987867,
      20.101404083821134
    ],
    [
      65.23308699284891,
      19.608109086743887
    ],
    [
      64.32474312830357,
      19.166705990997787
    ],
    [
      63.39639621836782,
      18.77922830671094
    ],
    [
      62.45044949506679,
      18.44421969983392
    ],
    [
      61.48899737679288,
      18.158651177986624
    ],
    [
      60.51413278914217,
      17.91948614660339
    ],
    [
      59.52794865771072,
      17.723688011118544
    ],
    [
      58.53253790809462,
      17.568220176966413
    ],
    [
      57.52999346588996,
      17.450046049581346
    ],
    [
      56.5224082566928,
      17.36612903439767
    ],
    [
      55.51187520609925,
      17.313432536849717
    ],
    [
      54.50048723970535,
      17.28891996237181
    ],
    [
      53.49030339508801,
      17.289568143606655
    ],
    [
      52.48237778692498,
      17.312752086636237
    ],
    [
      51.47661563260775,
      17.356302016927295
    ],
    [
      50.47285930471503,
      17.41807306049889
    ],
    [
      49.470951175825526,
      17.495920343370116
    ],
    [
      48.47073361851799,
      17.587698991560035
    ],
    [
      47.47204900537108,
      17.69126413108772
    ],
    [
      46.47473970896356,
      17.80447088797225
    ],
    [
      45.47864810187413,
      17.925174388232694
    ],
    [
      44.483616556681504,
      18.051229757888134
    ],
    [
      43.489487445964386,
      18.180492122957638
    ],
    [
      42.49610314230151,
      18.31081660946028
    ],
    [
      41.503306018271566,
      18.440058343415124
    ],
    [
      40.510938446453295,
      18.566072450841272
    ],
    [
      39.5188427994254,
      18.686714057757772
    ],
    [
      38.5268614497666,
      18.799838290183708
    ],
    [
      37.5348367700556,
      18.903300274138157
    ],
    [
      36.54261113287112,
      18.994955135640186
    ],
    [
      35.550026910791885,
      19.07265800070887
    ],
    [
      34.556926476396576,
      19.134263995363284
    ],
    [
      33.563152202263964,
      19.177628245622508
    ],
    [
      32.568546460972726,
      19.20060587750561
    ],
    [
      31.57295085522001,
      19.201151034996006
    ],
    [
      30.576185000752353,
      19.180045703616347
    ],
    [
      29.578043847899746,
      19.141244200101898
    ],
    [
