{
  "test_id": 43,
  "test_outcome": "NOT_EXECUTED",
  "predicted_test_outcome": null,
  "test_duration": null,
  "road_points": [
    [
      100.00000000000003,
      100.00000000000001
    ],
    [
      100.09474136182337,
      99.04967216088255
    ],
    [
      100.18614585323274,
      98.09006191112265
    ],
    [
      100.27360644163717,
      97.1217615560056
    ],
    [
      100.3565160944458,
      96.14536340081682
    ],
    [
      100.43426777906755,
      95.16145975084152
    ],
    [
      100.50625446291157,
      94.17064291136509
    ],
    [
      100.57186911338695,
      93.1735051876729
    ],
    [
      100.63050469790272,
      92.17063888505024
    ],
    [
      100.681554183868,
      91.16263630878248
    ],
    [
      100.72441053869179,
      90.15008976415491
    ],
    [
      100.75846672978322,
      89.13359155645294
    ],
    [
      100.78311572455125,
      88.11373399096183
    ],
    [
      100.79775049040506,
      87.09110937296694
    ],
    [
      100.80176399475367,
      86.06631000775361
    ],
    [
      100.79454920500618,
      85.0399282006072
    ],
    [
      100.7754990885716,
      84.01255625681301
    ],
    [
      100.74400661285902,
      82.98478648165637
    ],
    [
      100.69946474527757,
      81.95721118042266
    ],
    [
      100.64126645323623,
      80.93042265839719
    ],
    [
      100.56880470414411,
      79.90501322086529
    ],
    [
      100.48147246541028,
      78.88157517311228
    ],
    [
      100.37866270444378,
      77.86070082042353
    ],
    [
      100.2597683886537,
      76.84298246808437
    ],
    [
      100.12418248544908,
      75.82901242138011
    ],
    [
      99.97129796223902,
      74.81938298559609
    ],
    [
      99.80050778643258,
      73.81468646601768
    ],
    [
      99.61120492543881,
      72.81551516793019
    ],
    [
      99.4027823466668,
      71.82246139661893
    ],
    [
      99.17463301752562,
      70.8361174573693
    ],
    [
      98.92614990542431,
      69.85707565546659
    ],
    [
      98.65672597777196,
      68.88592829619614
    ],
    [
      98.36575420197762,
      67.9232676848433
    ],
    [
      98.05262754545038,
      66.96968612669338
    ],
    [
      97.71673897559927,
      66.02577592703173
    ],
    [
      97.35748145983338,
      65.09212939114369
    ],
    [
      96.97443169549666,
      64.16919878964366
    ],
    [
      96.56815801776547,
      63.25668058991972
    ],
    [
      96.13956181142517,
      62.354017416716104
    ],
    [
      95.68954470747056,
      61.46065170712206
    ],
    [
      95.21900833689645,
      60.576025898226845
    ],
    [
      94.72885433069759,
      59.69958242711972
    ],
    [
      94.2199843198687,
      58.83076373088989
    ],
    [
      93.69329993540462,
      57.969012246626605
    ],
    [
      93.14970280830008,
      57.113770411419104
    ],
    [
      92.5900945695499,
      56.264480662356654
    ],
    [
      92.01537685014881,
      55.42058543652848
    ],
    [
      91.42645128109162,
      54.58152717102382
    ],
    [
      90.82421949337308,
      53.74674830293192
    ],
    [
      90.2090654212945,
      52.9167255802577
    ],
    [
      89.5792639795234,
      52.09614938044632
    ],
    [
      88.93255309379123,
      51.290782936005066
    ],
    [
      88.26667068970985,
      50.50638947968001
    ],
    [
      87.57935469289114,
      49.74873224421728
    ],
    [
      86.86834302894692,
      49.023574462362994
    ],
    [
      86.13137362348914,
      48.33667936686327
    ],
    [
      85.36618440212958,
      47.69381019046423
    ],
    [
      84.57051329048016,
      47.10073016591197
    ],
    [
      83.74209821415275,
      46.56320252595262
    ],
    [
      82.87904350377319,
      46.0863128255929
    ],
    [
      81.98303970403917,
      45.66851380273151
    ],
    [
      81.05780691531034,
      45.30450446745095
    ],
    [
      80.10708831869583,
      44.988941141252624
    ],
    [
      79.1346270953048,
      44.71648014563799
    ],
    [
      78.14416642624634,
      44.481777802108454
    ],
    [
      77.13944949262965,
      44.27949043216546
    ],
    [
      76.12421947556386,
      44.10427435731043
    ],
    [
      75.1022195561581,
      43.950785899044796
    ],
    [
      74.0771929155215,
      43.813681378869994
    ],
    [
      73.0528283007633,
      43.68769482575348
    ],
    [
      72.03109507119576,
      43.570014787327885
    ],
    [
      71.01193476892246,
      43.46072462948456
    ],
    [
      69.99517228928627,
      43.36007423764671
    ],
    [
      68.98063252763023,
      43.26831349723758
    ],
    [
      67.96814037929728,
      43.18569229368038
    ],
    [
      66.9575207396304,
      43.11246051239836
    ],
    [
      65.94859850397252,
      43.0488680388147
    ],
    [
      64.94119856766659,
      42.99516475835266
    ],
    [
      63.93514582605561,
      42.951600556435444
    ],
    [
      62.93026517448254,
      42.918425318486285
    ],
    [
      61.926381508290326,
      42.89588892992841
    ],
    [
      60.92331972282194,
      42.88424127618504
    ],
    [
      59.92090471342033,
      42.88373224267937
    ],
    [
      58.91896137542845,
      42.89461171483467
    ],
    [
      57.91731460418931,
      42.91712957807414
    ],
    [
      56.91578929504581,
      42.95153571782101
    ],
    [
      55.91421034334095,
      42.99808001949849
    ],
    [
      54.912402644417675,
      43.05701236852982
    ],
    [
      53.910191093618955,
      43.12858265033821
    ],
    [
      52.907400586287736,
      43.213040750346885
    ],
    [
      51.903856017767026,
      43.31063655397909
    ],
    [
      50.89938228339974,
      43.42161994665804
    ],
    [
      49.89380427852883,
      43.546240813806925
    ],
    [
      48.88694689849729,
      43.684749040849006
    ],
    [
      47.878737130430636,
      43.837465684879064
    ],
    [
      46.87053644681412,
      44.00571183177328
    ],
    [
      45.86476482567785,
      44.191546487807614
    ],
    [
      44.86386695640871,
      44.397045886389535
    ],
    [
      43.870287528393604,
      44.624286260926574
    ],
    [
      42.886471231019414,
      44.875343844826226
    ],
    [
      41.91486275367304,
      45.15229487149596
    ],
    [
      40.957906785741386,
      45.45721557434331
    ],
    [
      40.01804801661133,
      45.79218218677576
    ],
    [
      39.09773113566978,
      46.159270942200834
    ],
    [
      38.19940083230363,
      46.56055807402601
    ],
    [
      37.32550179589976,
      46.9981198156588
    ],
    [
      36.478478715845085,
      47.47403240050669
    ],
    [
      35.66077628152647,
      47.9903720619772
    ],
    [
      34.87483918233085,
      48.54921503347782
    ],
    [
      34.1231121076451,
      49.15263754841606
    ],
    [
      33.408039746856105,
      49.80271584019942
    ],
    [
      32.73206678935075,
      50.501526142235384
    ],
    [
      32.097637924515965,
      51.25114468793148
    ],
    [
      31.50719784173862,
      52.05364771069519
    ],
    [
      30.96319123040561,
      52.91111144393402
    ],
    [
      30.468062779903825,
      53.82561212105546
    ],
    [
      30.02425717962018,
      54.799225975467024
    ],
    [
      29.63421911894156,
      55.83402924057623
    ],
    [
      29.30039328725485,
      56.93209814979054
    ],
    [
      29.025224373946944,
      58.09550893651747
    ],
    [
      28.811157068404754,
      59.32633783416454
    ],
    [
      28.660636060015158,
      60.626661076139236
    ],
    [
      28.576106038165065,
      61.99855489584905
    ]
  ],