{
  "test_id": 77,
  "test_outcome": "NOT_EXECUTED",
  "predicted_test_outcome": null,
  "test_duration": null,
  "road_points": [
    [
      100.00000000000004,
      100.00000000000004
    ],
    [
      100.0254862383424,
      98.99901385578718
    ],
    [
      100.046825907603,
      97.99766439132577
    ],
    [
      100.06425015566982,
      96.99597185967475
    ],
    [
      100.07799013043076,
      95.99395651389307
    ],
    [
      100.08827697977374,
      94.99163860703972
    ],
    [
      100.09534185158675,
      93.98903839217365
    ],
    [
      100.09941589375764,
      92.98617612235381
    ],
    [
      100.10073025417435,
      91.98307205063914
    ],
    [
      100.09951608072485,
      90.97974643008867
    ],
    [
      100.09600452129706,
      89.97621951376131
    ],
    [
      100.09042672377888,
      88.97251155471602
    ],
    [
      100.08301383605826,
      87.96864280601176
    ],
    [
      100.07399700602313,
      86.96463352070754
    ],
    [
      100.06360738156141,
      85.96050395186225
    ],
    [
      100.05207611056107,
      84.95627435253492
    ],
    [
      100.03963434091,
      83.95196497578446
    ],
    [
      100.02651322049611,
      82.94759607466985
    ],
    [
      100.01294389720738,
      81.94318790225005
    ],
    [
      99.99915751893168,
      80.93876071158401
    ],
    [
      99.985385233557,
      79.93433475573072
    ],
    [
      99.97185818897124,
      78.9299302877491
    ],
    [
      99.95880753306231,
      77.92556756069816
    ],
    [
      99.9464644137182,
      76.92126682763681
    ],
    [
      99.93505997882677,
      75.91704834162405
    ],
    [
      99.92482537627596,
      74.9129323557188
    ],
    [
      99.91599175395378,
      73.90893912298009
    ],
    [
      99.90879025974803,
      72.9050888964668
    ],
    [
      99.90345204154673,
      71.90140192923795
    ],
    [
      99.9002082472378,
      70.89789847435247
    ],
    [
      99.89929002470913,
      69.89459878486934
    ],
    [
      99.90092852184868,
      68.89152311384748
    ],
    [
      99.90535488654442,
      67.88869171434594
    ],
    [
      99.91280026668416,
      66.88612483942359
    ],
    [
      99.92349581015593,
      65.88384274213942
    ],
    [
      99.93767266484764,
      64.88186567555242
    ],
    [
      99.95556197864721,
      63.880213892721514
    ],
    [
      99.97739489944259,
      62.87890764670567
    ],
    [
      100.00340226532745,
      61.877967163419854
    ],
    [
      100.03357485268585,
      60.87739163469558
    ],
    [
      100.06723429392233,
      59.87712162231329
    ],
    [
      100.10358654981225,
      58.87708755296486
    ],
    [
      100.14183758113103,
      57.877219853342154
    ],
    [
      100.18119334865405,
      56.87744895013701
    ],
    [
      100.22085981315665,
      55.8777052700413
    ],
    [
      100.26004293541428,
      54.877919239746866
    ],
    [
      100.29794867620225,
      53.878021285945586
    ],
    [
      100.33378299629601,
      52.87794183532931
    ],
    [
      100.36675185647093,
      51.877611314589856
    ],
    [
      100.39606121750236,
      50.876960150419144
    ],
    [
      100.42091704016573,
      49.87591876950898
    ],
    [
      100.44052528523642,
      48.87441759855126
    ],
    [
      100.45409191348979,
      47.87238706423783
    ],
    [
      100.46082288570128,
      46.86975759326053
    ],
    [
      100.45992416264619,
      45.86645961231123
    ],
    [
      100.45060170509997,
      44.8624235480818
    ],
    [
      100.43206147383799,
      43.85757982726406
    ],
    [
      100.40350942963565,
      42.85185887654991
    ],
    [
      100.36415153326828,
      41.84519112263118
    ],
    [
      100.31319374551133,
      40.83750699219972
    ],
    [
      100.24984202714016,
      39.828736911947416
    ],
    [
      100.17330233893014,
      38.8188113085661
    ],
    [
      100.08278064165671,
      37.80766060874765
    ],
    [
      99.97747853354068,
      36.79521927413586
    ],
    [
      99.85569770992292,
      35.782254091764386
    ],
    [
      99.71374418468744,
      34.77137766601396
    ],
    [
      99.54765581149452,
      33.765450624210445
    ],
    [
      99.35347044400454,
      32.767333593679716
    ],
    [
      99.12722593587789,
      31.779887201747638
    ],
    [
      98.86496014077487,
      30.80597207574008
    ],
    [
      98.56271091235588,
      29.848448842982936
    ],
    [
      98.21651610428125,
      28.910178130802066
    ],
    [
      97.8224135702113,
      27.99402056652332
    ],
    [
      97.37644116380646,
      27.102836777472604
    ],
    [
      96.87551882763552,
      26.23928042951734
    ],
    [
      96.3215982494604,
      25.404824607618043
    ],
    [
      95.71841257096159,
      24.600524420386602
    ],
    [
      95.06969700859128,
      23.827434489638456
    ],
    [
      94.37918677880155,
      23.08660943718904
    ],
    [
      93.65061709804463,
      22.379103884853805
    ],
    [
      92.88772318277259,
      21.70597245444817
    ],
    [
      92.0939220995943,
      21.06850508145047
    ],
    [
      91.27119150183945,
      20.469056336819477
    ],
    [
      90.42110216045171,
      19.910281734565224
    ],
    [
      89.5452248214791,
      19.394836807111417
    ],
    [
      88.6451302309696,
      18.92537708688177
    ],
    [
      87.72238913497118,
      18.504558106300003
    ],
    [
      86.77857227953193,
      18.135035397789835
    ],
    [
      85.81525041069975,
      17.819464493774973
    ],
    [
      84.83399427452267,
      17.560500926679126
    ],
    [
      83.83637461704866,
      17.360800228926024
    ],
    [
      82.82402389992077,
      17.222834247741666
    ],
    [
      81.79936783565032,
      17.14671386401021
    ],
    [
      80.7653823705028,
      17.130912288332972
    ],
    [
      79.72505451498043,
      17.173869800631532
    ],
    [
      78.68137127958542,
      17.27402668082747
    ],
    [
      77.63731967481993,
      17.429823208842365
    ],
    [
      76.59588671118618,
      17.639699664597774
    ],
    [
      75.56005939918636,
      17.902096328015293
    ],
    [
      74.53282474932264,
      18.215453479016478
    ],
    [
      73.51716977209722,
      18.578211397522917
    ],
    [
      72.5160814780123,
      18.988810363456178
    ],
    [
      71.53254687757006,
      19.445690656737835
    ],
    [
      70.56955298127266,
      19.94729255728947
    ],
    [
      69.63008679962236,
      20.492056345032644
    ],
    [
      68.71713534312129,
      21.078422299888945
    ],
    [
      67.83368562227169,
      21.704830701779947
    ],
    [
      66.98272464757568,
      22.369721830627217
    ],
    [
      66.16723942953553,
      23.071535966352336
    ],
    [
      65.39021697865338,
      23.808713388876882
    ],
    [
      64.65464430543143,
      24.57969437812241
    ],
    [
      63.96350842037189,
      25.38291921401052
    ],
    [
      63.319796333976925,
      26.216828176462776
    ],
    [
      62.72649505674874,
      27.07986154540075
    ],
    [
      62.18659159918951,
      27.97045960074602
    ],
    [
      61.703045982073654,
      28.887051222472383
    ],
    [
      61.277532424336705,
      29.8275221923081
    ],
    [
      60.90990342162791,
      30.788988830707726
    ],
    [
      60.59987320040777,
      31.768509055849865
    ],
    [
      60.347155987136844,
      32.763140785913144
    ],
    [
      60.15146600827566,
      33.769941939076176
    ],
    [
      60.01251749028481,
      34.78597043351758
    ],
    [
      59.93002465962477,
      35.808284187415985
    ],
    [
      59.90370174275612,
      36.83394111894999
    ],
    [
      59.93326296613938,
      37.85999914629822
    ],
    [
      60.018422556235095,
