{
  "test_id": 99,
  "test_outcome": "NOT_EXECUTED",
  "predicted_test_outcome": null,
  "test_duration": null,
  "road_points": [
    [
      100.0,
      99.99999999999999
    ],
    [
      99.62591341190479,
      98.86897320804613
    ],
    [
      99.29213264140888,
      97.7523546420987
    ],
    [
      98.99778606993043,
      96.64970759859462
    ],
    [
      98.7420020788878,
      95.56059537397107
    ],
    [
      98.52390904969907,
      94.48458126466491
    ],
    [
      98.34263536378265,
      93.42122856711336
    ],
    [
      98.19730940255667,
      92.37010057775329
    ],
    [
      98.08705954743945,
      91.33076059302186
    ],
    [
      98.01101417984918,
      90.30277190935605
    ],
    [
      97.9683016812041,
      89.28569782319286
    ],
    [
      97.95805043292252,
      88.27910163096945
    ],
    [
      97.9793888164226,
      87.2825466291227
    ],
    [
      98.03144521312265,
      86.29559611408975
    ],
    [
      98.11334800444087,
      85.31781338230759
    ],
    [
      98.22422557179554,
      84.34876173021327
    ],
    [
      98.36320629660487,
      83.3880044542438
    ],
    [
      98.52941856028711,
      82.43510485083628
    ],
    [
      98.72199074426052,
      81.48962621642768
    ],
    [
      98.94005122994335,
      80.55113184745507
    ],
    [
      99.18272839875381,
      79.61918504035548
    ],
    [
      99.44915063211019,
      78.69334909156595
    ],
    [
      99.73844631143069,
      77.77318729752349
    ],
    [
      100.04974381813356,
      76.85826295466516
    ],
    [
      100.38217153363706,
      75.948139359428
    ],
    [
      100.73485783935946,
      75.04237980824901
    ],
    [
      101.10693111671893,
      74.14054759756527
    ],
    [
      101.49751974713377,
      73.24220602381376
    ],
    [
      101.90575211202221,
      72.34691838343159
    ],
    [
      102.33075659280246,
      71.45424797285573
    ],
    [
      102.77166157089285,
      70.56375808852324
    ],
    [
      103.22759542771153,
      69.67501202687116
    ],
    [
      103.69768654467681,
      68.78757308433651
    ],
    [
      104.18106330320688,
      67.90100455735634
    ],
    [
      104.67685408472003,
      67.0148697423677
    ],
    [
      105.1841872706345,
      66.12873193580761
    ],
    [
      105.7021912423685,
      65.24215443411309
    ],
    [
      106.22999438134028,
      64.35470053372117
    ],
    [
      106.7667250689681,
      63.46593353106893
    ],
    [
      107.31151168667022,
      62.57541672259336
    ],
    [
      107.86348261586483,
      61.68271340473152
    ],
    [
      108.4217662379702,
      60.78738687392045
    ],
    [
      108.98529616842741,
      59.889039995195056
    ],
    [
      109.55161199989976,
      58.98755884284248
    ],
    [
      110.11764586047394,
      58.082952903472226
    ],
    [
      110.68032736542675,
      57.17523217419556
    ],
    [
      111.2365861300348,
      56.26440665212369
    ],
    [
      111.78335176957488,
      55.350486334367865
    ],
    [
      112.31755389932378,
      54.43348121803934
    ],
    [
      112.83612213455811,
      53.51340130024932
    ],
    [
      113.33598609055478,
      52.5902565781091
    ],
    [
      113.81407538259036,
      51.664057048729866
    ],
    [
      114.26731962594174,
      50.73481270922289
    ],
    [
      114.6926484358855,
      49.80253355669939
    ],
    [
      115.08699142769848,
      48.86722958827062
    ],
    [
      115.44727821665737,
      47.928910801047806
    ],
    [
      115.77043841803894,
      46.987587192142215
    ],
    [
      116.05340164711993,
      46.04326875866506
    ],
    [
      116.29309751917704,
      45.09596549772758
    ],
    [
      116.48645564948704,
      44.145687406441034
    ],
    [
      116.63040565332665,
      43.19244448191666
    ],
    [
      116.72187714597257,
      42.23624672126568
    ],
    [
      116.75779974270158,
      41.27710412159935
    ],
    [
      116.73529631940544,
      40.31502031679496
    ],
    [
      116.65681053010199,
      39.34982375058075
    ],
    [
      116.53064426453214,
      38.381149980387995
    ],
    [
      116.3654004766966,
      37.408624650907555
    ],
    [
      116.16968212059606,
      36.43187340683029
    ],
    [
      115.95209215023112,
      35.45052189284702
    ],
    [
      115.72123351960245,
      34.464195753648596
    ],
    [
      115.4857091827107,
      33.47252063392587
    ],
    [
      115.25412209355657,
      32.47512217836968
    ],
    [
      115.03507520614073,
      31.471626031670883
    ],
    [
      114.83717147446377,
      30.461657838520296
    ],
    [
      114.6690138525264,
      29.444843243608787
    ],
    [
      114.53920529432928,
      28.420807891627213
    ],
    [
      114.45608288970814,
      27.389255335216305
    ],
    [
      114.4231150822952,
      26.351315818894907
    ],
    [
      114.43950736721749,
      25.30936878742228
    ],
    [
      114.50432118563977,
      24.265835898651375
    ],
    [
      114.61661797872678,
      23.223138810435124
    ],
    [
      114.77545918764321,
      22.18369918062645
    ],
    [
      114.97990625355372,
      21.14993866707832
    ],
    [
      115.22902061762309,
      20.124278927643665
    ],
    [
      115.52186372101602,
      19.1091416201754
    ],
    [
      115.85749700489721,
      18.106948402526502
    ],
    [
      116.23498191043139,
      17.120120932549895
    ],
    [
      116.65337987878323,
      16.151080868098507
    ],
    [
      117.1117523511175,
      15.202249867025278
    ],
    [
      117.6091607685989,
      14.276049587183172
    ],
    [
      118.14466657239208,
      13.374901686425101
    ],
    [
      118.71733120366187,
      12.501227822604012
    ],
    [
      119.32621610357286,
      11.657449653572856
    ],
    [
      119.97038271328985,
      10.845988837184564
    ],
    [
      120.6488924739775,
      10.069267031292073
    ],
    [
      121.36080682680057,
      9.329705893748313
    ],
    [
      122.10518721292375,
      8.629727082406248
    ],
    [
      122.88109507351172,
      7.971752255118799
    ],
    [
      123.68759184972927,
      7.358203069738906
    ],
    [
      124.52373898274101,
      6.791501184119516
    ],
    [
      125.38859791371178,
      6.274068256113568
    ],
    [
      126.28123008380616,
      5.808325943573996
    ],
    [
      127.20069693418895,
      5.3966959043537335
    ],
    [
      128.14605990602485,
      5.041599796305735
    ],
    [
      129.11638044047854,
      4.745459277282931
    ],
    [
      130.11071997871477,
      4.510696005138257
    ],
    [
      131.12813996189823,
      4.339731637724664
    ],
    [
      132.16770183119365,
      4.234987832895081
    ],
    [
      133.2284670277657,
      4.198886248502451
    ],
    [
      134.30949699277917,
      4.233848542399714
    ],
    [
      135.40985316739872,
      4.342296372439808
    ],
    [
      136.5285969927891,
      4.526651396475672
    ],
    [
      137.66478991011496,
      4.7893352723602485
    ]
  ],