{
  "test_id": 131,
  "test_outcome": "NOT_EXECUTED",
  "predicted_test_outcome": null,
  "test_duration": null,
  "road_points": [
    [
      100.00000000000001,
      99.99999999999999
    ],
    [
      99.83964444082117,
      99.02427018577839
    ],
    [
      99.67619634237496,
      98.04342182465759
    ],
    [
      99.50873515523648,
      97.05828046342997
    ],
    [
      99.33634032998074,
      96.06967164888792
    ],
    [
      99.15809131718282,
      95.07842092782391
    ],
    [
      98.97306756741784,
      94.08535384703039
    ],
    [
      98.78034853126084,
      93.09129595329973
    ],
    [
      98.57901365928691,
      92.09707279342447
    ],
    [
      98.36814240207107,
      91.10350991419689
    ],
    [
      98.14681421018851,
      90.11143286240954
    ],
    [
      97.91410853421421,
      89.1216671848548
    ],
    [
      97.66910482472326,
      88.13503842832512
    ],
    [
      97.41088253229076,
      87.1523721396129
    ],
    [
      97.13852110749175,
      86.1744938655106
    ],
    [
      96.85110000090134,
      85.20222915281062
    ],
    [
      96.54769866309461,
      84.23640354830542
    ],
    [
      96.22739654464655,
      83.27784259878739
    ],
    [
      95.88927309613233,
      82.32737185104901
    ],
    [
      95.53240776812697,
      81.38581685188268
    ],
    [
      95.15588001120558,
      80.45400314808084
    ],
    [
      94.75876927594324,
      79.5327562864359
    ],
    [
      94.34015501291496,
      78.6229018137403
    ],
    [
      93.89911667269588,
      77.72526527678647
    ],
    [
      93.43473370586105,
      76.84067222236688
    ],
    [
      92.94608556298553,
      75.96994819727391
    ],
    [
      92.43225169464442,
      75.1139187483
    ],
    [
      91.89231199873902,
      74.27340926502002
    ],
    [
      91.3257953492138,
      73.44908733960322
    ],
    [
      90.73352328695817,
      72.64116624267228
    ],
    [
      90.11654858633202,
      71.84977797538752
    ],
    [
      89.47592402169502,
      71.07505453890914
    ],
    [
      88.81270236740693,
      70.31712793439736
    ],
    [
      88.12793639782753,
      69.57613016301242
    ],
    [
      87.42267888731655,
      68.85219322591459
    ],
    [
      86.69798261023374,
      68.14544912426405
    ],
    [
      85.95490034093883,
      67.45602985922108
    ],
    [
      85.19448485379166,
      66.78406743194591
    ],
    [
      84.41778892315189,
      66.12969384359876
    ],
    [
      83.62586532337933,
      65.49304109533988
    ],
    [
      82.8197668288337,
      64.87424118832949
    ],
    [
      82.00054621387477,
      64.27342612372786
    ],
    [
      81.16925625286228,
      63.690727902695194
    ],
    [
      80.32694972015601,
      63.12627852639175
    ],
    [
      79.47467939011568,
      62.58020999597774
    ],
    [
      78.61349803710107,
      62.05265431261342
    ],
    [
      77.7444511100849,
      61.54360542075998
    ],
    [
      76.8685028152353,
      61.05152613574695
    ],
    [
      75.98656674495575,
      60.57392538892848
    ],
    [
      75.0995557254295,
      60.10829767121592
    ],
    [
      74.20838258283985,
      59.65213747352063
    ],
    [
      73.31396014337004,
      59.202939286754024
    ],
    [
      72.41720123320336,
      58.75819760182743
    ],
    [
      71.51901867852312,
      58.31540690965226
    ],
    [
      70.62032528844328,
      57.87206175088552
    ],
    [
      69.72174185873867,
      57.4265076921774
    ],
    [
      68.82285414994894,
      56.9801067441923
    ],
    [
      67.92301870712703,
      56.53488892932921
    ],
    [
      67.02159207532584,
      56.09288426998714
    ],
    [
      66.11793079959831,
      55.656122788565085
    ],
    [
      65.21139142499736,
      55.226634507462045
    ],
    [
      64.30133049657594,
      54.806449449077036
    ],
    [
      63.38710455938693,
      54.39759763580903
    ],
    [
      62.468070158483286,
      54.00210909005705
    ],
    [
      61.54358383891793,
      53.62201383422007
    ],
    [
      60.61305230911543,
      53.25920266806806
    ],
    [
      59.67638346556885,
      52.9141754019247
    ],
    [
      58.733773459618455,
      52.58663182816518
    ],
    [
      57.78542189062234,
      52.2762621695909
    ],
    [
      56.831528357938396,
      51.98275664900326
    ],
    [
      55.872292460924704,
      51.70580548920365
    ],
    [
      54.9079137989392,
      51.445098912993444
    ],
    [
      53.93859197133987,
      51.20032714317405
    ],
    [
      52.964526577484776,
      50.97118040254686
    ],
    [
      51.98591721673187,
      50.757348913913255
    ],
    [
      51.00296348843915,
      50.55852290007466
    ],
    [
      50.01586499196462,
      50.374392583832424
    ],
    [
      49.02482132666628,
      50.20464818798798
    ],
    [
      48.03003209190209,
      50.04897993534267
    ],
    [
      47.0316968870301,
      49.90707804869795
    ],
    [
      46.03001531140828,
      49.778632750855145
    ],
    [
      45.02518696439463,
      49.66333426461571
    ],
    [
      44.017411445347115,
      49.560872812781014
    ],
    [
      43.00688835362378,
      49.47093861815243
    ],
    [
      41.99381728858259,
      49.393221903531376
    ],
    [
      40.97839784958156,
      49.32741289171924
    ],
    [
      39.96082963597867,
      49.2732018055174
    ],
    [
      38.941312247131904,
      49.230278867727264
    ],
    [
      37.92004528239929,
      49.19833430115021
    ],
    [
      36.897228341138806,
      49.17705832858764
    ],
    [
      35.87318011630105,
      49.166362204811946
    ],
    [
      34.84921527330663,
      49.168005661522635
    ],
    [
      33.82714458936758,
      49.184669190005856
    ],
    [
      32.808782468502116,
      49.21904001272533
    ],
    [
      31.795943314728458,
      49.273805352144706
    ],
    [
      30.790441532064797,
      49.35165243072768
    ],
    [
      29.79409152452934,
      49.45526847093794
    ],
    [
      28.808707696140313,
      49.58734069523914
    ],
    [
      27.83610445091592,
      49.750556326094994
    ],
    [
      26.878096192874352,
      49.94760258596915
    ],
    [
      25.936497326033834,
      50.18116669732533
    ],
    [
      25.013122254412554,
      50.45393588262718
    ],
    [
      24.109785382028736,
      50.76859736433839
    ],
    [
      23.228301112900592,
      51.12783836492264
    ],
    [
      22.37048385104631,
      51.53434610684361
    ],
    [
      21.53814800048412,
      51.990807812564995
    ],
    [
      20.7331079652322,
      52.499910704550466
    ],
    [
      19.95717814930878,
      53.0643420052637
    ],
    [
      19.212172956732076,
      53.686788937168366
    ],
    [
      18.49990679152028,
      54.36993872272817
    ],
    [
      17.822194057691597,
      55.11647858440678
    ],
    [
      17.18084915926423,
      55.929095744667904
    ],
    [
      16.577686500256412,
      56.81047742597517
    ],
    [
      16.01452048468633,
      57.763310850792294
    ],
    [
      15.493165516572201,
      58.79028324158297
    ],
    [
      15.015435999932219,
      59.89408182081082
    ],
    [
      14.583146338784601,
      61.077393810939604
    ],
    [
      14.19811093714756,
      62.34290643443294
    ],
    [
      13.862144199039298,
      63.69330691375454
    ]
  ],