{
  "test_id": 3,
  "test_outcome": "NOT_EXECUTED",
  "predicted_test_outcome": null,
  "test_duration": null,
  "road_points": [
    [
      100.00000000000003,
      100.00000000000003
    ],
    [
      100.15961559723935,
      99.02144553958176
    ],
    [
      100.26898030664351,
      98.0341775344585
    ],
    [
      100.33452577292601,
      97.03917084313206
    ],
    [
      100.36268364080011,
      96.03740032410417
    ],
    [
      100.35988555497924,
      95.02984083587667
    ],
    [
      100.33256316017669,
      94.0174672369513
    ],
    [
      100.28714810110587,
      93.00125438582984
    ],
    [
      100.23007202248013,
      91.98217714101409
    ],
    [
      100.16776656901283,
      90.96121036100584
    ],
    [
      100.10666338541735,
      89.93932890430688
    ],
    [
      100.05319411640703,
      88.91750762941894
    ],
    [
      100.01379040669526,
      87.89672139484388
    ],
    [
      99.99488390099539,
      86.87794505908342
    ],
    [
      100.00290624402075,
      85.86215348063935
    ],
    [
      100.04428908048476,
      84.85032151801347
    ],
    [
      100.12546405510074,
      83.84342402970758
    ],
    [
      100.2528628125821,
      82.84243587422343
    ],
    [
      100.43248659905765,
      81.8484451201915
    ],
    [
      100.66562744343626,
      80.86377852778747
    ],
    [
      100.95067325881669,
      79.89152674288854
    ],
    [
      101.28596923911617,
      78.93479164803533
    ],
    [
      101.66986057825187,
      77.99667512576855
    ],
    [
      102.10069438527509,
      77.08023506256497
    ],
    [
      102.57685920962466,
      76.18757734162573
    ],
    [
      103.09678364218061,
      75.31988798064457
    ],
    [
      103.6588979090643,
      74.47831543118129
    ],
    [
      104.26163223639708,
      73.66400814479564
    ],
    [
      104.90342493940517,
      72.87814265363944
    ],
    [
      105.58316816949582,
      72.12347094090264
    ],
    [
      106.3004399803388,
      71.40512603711545
    ],
    [
      107.0548754240707,
      70.72843883780325
    ],
    [
      107.84610955282817,
      70.09874023849146
    ],
    [
      108.67376594611571,
      69.52133785409484
    ],
    [
      109.5339080715122,
      68.99431501319933
    ],
    [
      110.41401433283275,
      68.49833397446992
    ],
    [
      111.30029503027605,
      68.01148372252572
    ],
    [
      112.17980768686597,
      67.51322153828167
    ],
    [
      113.04776952851017,
      66.99618292554769
    ],
    [
      113.90395722046092,
      66.4603670518377
    ],
    [
      114.74819721633826,
      65.90585349472664
    ],
    [
      115.58031596976228,
      65.33272183178966
    ],
    [
      116.40053624039138,
      64.74165554442791
    ],
    [
      117.21637549043825,
      64.14445401528255
    ],
    [
      118.04175840537339,
      63.56268015887633
    ],
    [
      118.89082456886055,
      63.01822519000255
    ],
    [
      119.77345895596828,
      62.5276861414013
    ],
    [
      120.68680442707132,
      62.09180451564547
    ],
    [
      121.62562858122904,
      61.70836618130638
    ],
    [
      122.58469901750078,
      61.37515700695531
    ],
    [
      123.55878333494587,
      61.08996286116359
    ],
    [
      124.54318928651738,
      60.851161022032045
    ],
    [
      125.5359164973972,
      60.66007607380322
    ],
    [
      126.5358014977889,
      60.51894892032958
    ],
    [
      127.54165726380928,
      60.42995574027432
    ],
    [
      128.55167749626276,
      60.39358234699302
    ],
    [
      129.56339411651035,
      60.40850816984728
    ],
    [
      130.57430671481458,
      60.47332438768008
    ],
    [
      131.5819148814378,
      60.58662217933433
    ],
    [
      132.5837014558446,
      60.74702840643306
    ],
    [
      133.57589619133412,
      60.955839271977524
    ],
    [
      134.55262866738062,
      61.21882479812768
    ],
    [
      135.50782799997614,
      61.54218203710906
    ],
    [
      136.43676865659265,
      61.92976498590707
    ],
    [
      137.34316651229898,
      62.37072614186185
    ],
    [
      138.23400404808515,
      62.84852890304448
    ],
    [
      139.11627082862947,
      63.34662433062098
    ],
    [
      139.9969564186104,
      63.84846348575749
    ],
    [
      140.88258309762773,
      64.33860380355593
    ],
    [
      141.77452234156524,
      64.81379809029858
    ],
    [
      142.6709514369543,
      65.27836191857011
    ],
    [
      143.56999993690917,
      65.73672387763597
    ],
    [
      144.469797394544,
      66.19331255676151
    ],
    [
      145.3685259325444,
      66.65243207814444
    ],
    [
      146.2655160827387,
      67.1156675172985
    ],
    [
      147.16121404779742,
      67.58196241634111
    ],
    [
      148.05611205058514,
      68.05015135704453
    ],
    [
      148.95070231396656,
      68.51906892118102
    ],
    [
      149.84547316676404,
      68.98755891030562
    ],
    [
      150.7406912618442,
      69.45498998009538
    ],
    [
      151.6362863639926,
      69.92152842392065
    ],
    [
      152.53216002863635,
      70.38740732542698
    ],
    [
      153.42821381120245,
      70.8528597682599
    ],
    [
      154.324349267118,
      71.31811883606498
    ],
    [
      155.22046795181006,
      71.78341761248774
    ],
    [
      156.1164714207057,
      72.24898918117376
    ],
    [
      157.01226122923197,
      72.71506662576854
    ],
    [
      157.90773893281596,
      73.1818830299177
    ],
    [
      158.8028060868847,
      73.64967147726674
    ]
  ],