{
  "test_id": 15,
  "test_outcome": "NOT_EXECUTED",
  "predicted_test_outcome": null,
  "test_duration": null,
  "road_points": [
    [
      99.99999999999999,
      99.99999999999999
    ],
    [
      100.15844231350947,
      99.0300761140805
    ],
    [
      100.2674567430621,
      98.05158260483131
    ],
    [
      100.33330701608698,
      97.06546887908016
    ],
    [
      100.3622568600132,
      96.07268434365484
    ],
    [
      100.36057000226984,
      95.07417840538311
    ],
    [
      100.33451017028591,
      94.07090047109267
    ],
    [
      100.29034109149056,
      93.06379994761133
    ],
    [
      100.23432649331275,
      92.05382624176679
    ],
    [
      100.17273010318166,
      91.04192876038684
    ],
    [
      100.1118156485263,
      90.02905691029925
    ],
    [
      100.05784685677575,
      89.01616009833171
    ],
    [
      100.01708745535907,
      88.00418773131202
    ],
    [
      99.99580117170538,
      86.99408921606792
    ],
    [
      100.00025173324369,
      85.98681395942718
    ],
    [
      100.03670286740308,
      84.98331136821754
    ],
    [
      100.11141830161267,
      83.98453084926675
    ],
    [
      100.23066176330144,
      82.99142180940257
    ],
    [
      100.40050140622036,
      82.00498509829524
    ],
    [
      100.62308529199011,
      81.02725268945416
    ],
    [
      100.89693796214279,
      80.06120967121902
    ],
    [
      101.220447814039,
      79.10987694269524
    ],
    [
      101.59200324503931,
      78.17627540298821
    ],
    [
      102.00999307977267,
      77.2634161357478
    ],
    [
      102.4728357468702,
      76.37363014432968
    ],
    [
      102.9789980009841,
      75.50813825873261
    ],
    [
      103.52695105268765,
      74.66805894495312
    ],
    [
      104.11516611255419,
      73.85451066898787
    ],
    [
      104.74211457428228,
      73.06861253253965
    ],
    [
      105.40652585611406,
      72.31237935085397
    ],
    [
      106.10790093925752,
      71.59050436421224
    ],
    [
      106.84588440088112,
      70.90817929588829
    ],
    [
      107.62012081815332,
      70.270595869156
    ],
    [
      108.43025476824278,
      69.68294580728927
    ],
    [
      109.27443737192414,
      69.14739025570452
    ],
    [
      110.14227580938088,
      68.64875267438016
    ],
    [
      111.02034403191647,
      68.16570138122395
    ],
    [
      111.8953524653745,
      67.67712361308823
    ],
    [
      112.7594989878335,
      67.17076915037755
    ],
    [
      113.61213407535246,
      66.64593962094779
    ],
    [
      114.45308866659992,
      66.1027126267537
    ],
    [
      115.28219370024453,
      65.5411657697501
    ],
    [
      116.09929425244833,
      64.96139819378394
    ],
    [
      116.9080217429298,
      64.3692784533401
    ],
    [
      117.72088046533224,
      63.784195073409585
    ],
    [
      118.55164403384939,
      63.22747069599552
    ],
    [
      119.4130092174876,
      62.71908818917823
    ],
    [
      120.3065398971788,
      62.26517926276384
    ],
    [
      121.22722488096865,
      61.86369514593171
    ],
    [
      122.16996771306525,
      61.5124809855129
    ],
    [
      123.12967193767663,
      61.209381928338466
    ],
    [
      124.10131581363451,
      60.952324623640955
    ],
    [
      125.08173748514511,
      60.74126457547353
    ],
    [
      126.06971713331393,
      60.57827575765053
    ],
    [
      127.06412609379814,
      60.46553157987309
    ],
    [
      128.06361605729802,
      60.40461725672478
    ],
    [
      129.06596136819067,
      60.39476852556384
    ],
    [
      130.06871734221556,
      60.434634579094364
    ],
    [
      131.0694392951121,
      60.522864610020434
    ],
    [
      132.06568254261975,
      60.65810781104612
    ],
    [
      133.05472840028608,
      60.83959653867199
    ],
    [
      134.03172793664447,
      61.07109702555248
    ],
    [
      134.9908346540357,
      61.35849865792162
    ],
    [
      135.92625346471246,
      61.70760392472798
    ],
    [
      136.83656003776247,
      62.1166364485288
    ],
    [
      137.72771191877553,
      62.57101972187135
    ],
    [
      138.60637833876763,
      63.05494317900127
    ],
    [
      139.47922852875462,
      63.55259625416414
    ],
    [
      140.35293089553628,
      64.04817034251705
    ],
    [
      141.23245339371044,
      64.52990242393943
    ],
    [
      142.11748682868185,
      64.99858446464134
    ],
    [
      143.00670134039996,
      65.45743671936044
    ],
    [
      143.89876706881387,
      65.90967944283452
    ],
    [
      144.7923541538728,
      66.35853288980124
    ],
    [
      145.68613055541104,
      66.80718551607663
    ],
    [
      146.57875126556775,
      67.2586366320844
    ],
    [
      147.4688665009923,
      67.71581589347217
    ],
    [
      148.35512647087182,
      68.18165284704341
    ],
    [
      149.2361813843934,
      68.6590770396016
    ],
    [
      150.11105615176476,
      69.15018928819761
    ],
    [
      150.98335704969355,
      69.64695775873629
    ],
    [
      151.8597567822061,
      70.1345685711356
    ],
    [
      152.7469843726047,
      70.59808328344393
    ],
    [
      153.65176884419157,
      71.02256345370955
    ],
    [
      154.58065918659125,
      71.39328142649558
    ],
    [
      155.53451438198766,
      71.702171504567
    ],
    [
      156.50748079388362,
      71.94902723965262
    ],
    [
      157.49331847690215,
      72.13409448053633
    ],
    [
      158.4863743321991,
      72.26065761575411
    ],
    [
      159.4836924684738,
      72.34596647776539
    ],
    [
      160.48309140449555,
      72.41128059432677
    ],
    [
      161.4824273258305,
      72.47748486963049
    ],
    [
      162.48055248290268,
      72.55553081541044
    ],
    [
      163.47739408352237,
      72.64564978445253
    ],
    [
      164.47293274263725,
      72.74754051959154
    ],
    [
      165.46714907519495,
      72.86090176366223
    ],
    [
      166.4600236961432,
      72.98543225949935
    ],
    [
      167.4515372204297,
      73.12083074993771
    ],
    [
      168.44167026300212,
      73.26679597781201
    ],
    [
      169.4304034388081,
      73.42302668595707
    ],
    [
      170.41771736279543,
      73.58922161720766
    ],
    [
      171.40359264991167,
      73.76507951439848
    ],
    [
      172.38800991510456,
      73.95029912036436
    ],
    [
      173.37094977332183,
      74.14457917794005
    ],
    [
      174.35239283951108,
      74.3476184299603
    ],
    [
      175.33231972862004,
      74.5591156192599
    ],
    [
      176.31071105559636,
      74.77876948867359
    ],
    [
      177.28754743538778,
      75.00627878103614
    ]
  ],