{
  "test_id": 11,
  "test_outcome": "NOT_EXECUTED",
  "predicted_test_outcome": null,
  "test_duration": null,
  "road_points": [
    [
      100.0,
      100.0
    ],
    [
      99.95926059893577,
      99.00080290384302
    ],
    [
      99.8777176698987,
      97.99758117378312
    ],
    [
      99.75304847557688,
      96.99478006645255
    ],
    [
      99.5829302786585,
      95.99684483848363
    ],
    [
      99.36504034183162,
      95.00822074650867
    ],
    [
      99.09705592778437,
      94.03335304715995
    ],
    [
      98.77665429920495,
      93.0766869970698
    ],
    [
      98.40151271878143,
      92.1426678528705
    ],
    [
      97.96940624134051,
      91.23567238914772
    ],
    [
      97.483417261737,
      90.35636074730128
    ],
    [
      96.95454765903358,
      89.49984719873491
    ],
    [
      96.39444591051452,
      88.66079321393967
    ],
    [
      95.81476049346406,
      87.83386026340663
    ],
    [
      95.22713462286067,
      87.01371022036028
    ],
    [
      94.64120927199706,
      86.19515819306704
    ],
    [
      94.06161531530985,
      85.37340272138061
    ],
    [
      93.49221273651716,
      84.54370134276346
    ],
    [
      92.93538465291395,
      83.70268236010195
    ],
    [
      92.37800825206715,
      82.86136602941133
    ],
    [
      91.79769367178066,
      82.03937389332222
    ],
    [
      91.17200103987237,
      81.25637932577949
    ],
    [
      90.48947149188017,
      80.52266188244417
    ],
    [
      89.7611240679292,
      79.82927215962525
    ],
    [
      89.00072863528023,
      79.16490752969257
    ],
    [
      88.22205506119387,
      78.51826536501599
    ],
    [
      87.43887300254373,
      77.87804319423444
    ],
    [
      86.66190704062495,
      77.23520033196074
    ],
    [
      85.89116595428678,
      76.5886554524525
    ],
    [
      85.12430259844167,
      75.93907713586583
    ],
    [
      84.35893957180109,
      75.28725039120724
    ],
    [
      83.5922058851403,
      74.63585960261135
    ],
    [
      82.82082853514623,
      73.98913614413071
    ],
    [
      82.04152748661618,
      73.35135092694075
    ],
    [
      81.25533210846342,
      72.72171245396362
    ],
    [
      80.47555446164861,
      72.08500031871348
    ],
    [
      79.71768050175876,
      71.4234403643944
    ],
    [
      78.99664090093302,
      70.72029200477341
    ],
    [
      78.32050467702604,
      69.9715865161864
    ],
    [
      77.69271298899469,
      69.18196918776833
    ],
    [
      77.11660563767609,
      68.35624798835892
    ],
    [
      76.5917639992128,
      67.49957141097822
    ],
    [
      76.10904098901113,
      66.61787877250978
    ],
    [
      75.65805346253924,
      65.71722138045331
    ],
    [
      75.2284182752652,
      64.80365054230852
    ],
    [
      74.80975228265716,
      63.883217565575094
    ],
    [
      74.39156495810113,
      62.96212614320957
    ],
    [
      73.96293314436241,
      62.047193912445515
    ],
    [
      73.51282474538472,
      61.14539310513579
    ],
    [
      73.03020766511018,
      60.263695953135354
    ],
    [
      72.50404980748102,
      59.40907468829917
    ],
    [
      71.92489125954431,
      58.587883705094605
    ],
    [
      71.2945451109052,
      57.80204732719825
    ],
    [
      70.61974460512153,
      57.0515563534603
    ],
    [
      69.90720629443763,
      56.33640198311552
    ],
    [
      69.16159419333812,
      55.657042184121615
    ],
    [
      68.38448995107821,
      55.01463588678148
    ],
    [
      67.57722131727657,
      54.41039976085182
    ],
    [
      66.74111604155193,
      53.84555047608932
    ],
    [
      65.87750267359873,
      53.32130636213198
    ],
    [
      64.98802650037764,
      52.83954286918431
    ],
    [
      64.07513080929085,
      52.40379102309138
    ],
    [
      63.14138259955,
      52.01783850902751
    ],
    [
      62.189348870366665,
      51.68547301216702
    ],
    [
      61.22159662095242,
      51.410482217684184
    ],
    [
      60.2406869054461,
      51.194485209084526
    ],
    [
      59.24915467130749,
      51.02957805992026
    ],
    [
      58.24952770193752,
      50.90524358894904
    ],
    [
      57.244333780540664,
      50.81096454325467
    ],
    [
      56.23610069032134,
      50.7362236699209
    ],
    [
      55.22716238396977,
      50.67140466285628
    ],
    [
      54.21832836455996,
      50.61397703548884
    ],
    [
      53.209687169104726,
      50.564761435540824
    ],
    [
      52.20132304299698,
      50.524598458684125
    ],
    [
      51.19332023162968,
      50.49432870059066
    ],
    [
      50.185762980395744,
      50.474792756932324
    ],
    [
      49.178735534688116,
      50.46683122338103
    ],
    [
      48.17232213989972,
      50.471284695608674
    ],
    [
      47.16660704142346,
      50.48899376928713
    ],
    [
      46.16167448465231,
      50.520799040088335
    ],
    [
      45.15760871497916,
      50.56754110368419
    ],
    [
      44.15449397779699,
      50.63006055574658
    ],
    [
      43.15241451849866,
      50.709197991947406
    ],
    [
      42.151462564985465,
      50.8055999162879
    ],
    [
      41.15177876776785,
      50.91873545533976
    ],
    [
      40.15352193896734,
      51.047632142969505
    ],
    [
      39.15685092289592,
      51.19131673034568
    ],
    [
      38.16192456386554,
      51.34881596863679
    ],
    [
      37.16890290548061,
      51.519204884772066
    ],
    [
      36.17795954212811,
      51.70210397261013
    ],
    [
      35.18927662848901,
      51.89747830811845
    ],
    [
      34.20303645395126,
      52.10529838969587
    ],
    [
      33.21942130790277,
      52.32553471574116
    ],
    [
      32.23861347973146,
      52.5581577846532
    ],
    [
      31.2607952588253,
      52.80313809483078
    ],
    [
      30.28614893457218,
      53.06044614467273
    ],
    [
      29.314856796360047,
      53.33005243257789
    ],
    [
      28.34710113357681,
      53.61192745694506
    ],
    [
      27.383064235610412,
      53.906041716173085
    ],
    [
      26.422928391848785,
      54.21236570866076
    ],
    [
      25.466875891679837,
      54.53086993280694
    ],
    [
      24.51508902449151,
      54.86152488701041
    ],
    [
      23.567750079671743,
      55.20430106967003
    ],
    [
      22.62506337258338,
      55.559207426203365
    ],
    [
      21.687413200005427,
      55.92656706514219
    ],
    [
      20.755271784053093,
      56.30685657140518
    ],
    [
      19.829111943165234,
      56.70055357081229
    ],
    [
      18.90940649578071,
      57.10813568918345
    ],
    [
      17.996432768378156,
      57.529727265945056
    ],
    [
      17.087309991174127,
      57.959745436821514
    ],
    [
      16.176601344142913,
      58.38798813083981
    ],
    [
      15.258802099138535,
      58.804130381272586
    ],
    [
      14.333194144069257,
      59.20634509294062
    ],
    [
      13.412607367412724,
      59.6168574797006
    ],
    [
      12.512251908160561,
      60.062118509656244
    ],
    [
      11.64610266061595,
      60.56645165709134
    ],
    [
      10.813005339206331,
      61.1281230191659
    ],
    [
      10.001666651848018,
      61.72793602034459
    ],
    [
      9.200606486859462,
      62.34637232087519
    ],
    [
      8.39834473255916,
      62.96391358100544
    ],
    [
      7.583401277265594,
      63.56104146098312
    ],
    [
      6.744296009297227,
      64.11823762105601
    ],
    [
      5.869548816972561,
      64.61598372147188
    ],
    [
      4.94767958861006,
      65.03476142247848
    ]
  ],