{
  "test_id": 16,
  "test_outcome": "NOT_EXECUTED",
  "predicted_test_outcome": null,
  "test_duration": null,
  "road_points": [
    [
      99.99999999999997,
      99.99999999999997
    ],
    [
      100.13405509612122,
      99.04759143172978
    ],
    [
      100.2269477767063,
      98.08153915142148
    ],
    [
      100.28376487306987,
      97.1032030448255
    ],
    [
      100.30959321652641,
      96.11394299769206
    ],
    [
      100.30951963839061,
      95.1151188957716
    ],
    [
      100.28863096997709,
      94.10809062481445
    ],
    [
      100.25201404260041,
      93.09421807057093
    ],
    [
      100.20475568757513,
      92.07486111879135
    ],
    [
      100.15194273621594,
      91.05137965522613
    ],
    [
      100.09866201983736,
      90.02513356562554
    ],
    [
      100.05000036975404,
      88.99748273574
    ],
    [
      100.01104461728062,
      87.9697870513198
    ],
    [
      99.9868815937316,
      86.94340639811529
    ],
    [
      99.98259813042165,
      85.91970066187685
    ],
    [
      100.00328105866534,
      84.90002972835475
    ],
    [
      100.05401720977727,
      83.8857534832994
    ],
    [
      100.13989341507211,
      82.87823181246115
    ],
    [
      100.2659965058644,
      81.8788246015903
    ],
    [
      100.43741331346871,
      80.88889173643722
    ],
    [
      100.6592306691997,
      79.90979310275222
    ],
    [
      100.93549962299649,
      78.94302808830399
    ],
    [
      101.26486022007133,
      77.9908248505592
    ],
    [
      101.6441913715906,
      77.0556487415894
    ],
    [
      102.07040162907262,
      76.13996730087511
    ],
    [
      102.5413100590944,
      75.24630935913555
    ],
    [
      103.05577860299032,
      74.37727394810928
    ],
    [
      103.61272641870454,
      73.5354639510658
    ],
    [
      104.21107266418136,
      72.72348225127459
    ],
    [
      104.8497325125005,
      71.9439244022406
    ],
    [
      105.527188342954,
      71.19858987604188
    ],
    [
      106.24110731323738,
      70.48777862514663
    ],
    [
      106.98906635796679,
      69.81162464557956
    ],
    [
      107.76885316356396,
      69.17084695373804
    ],
    [
      108.5798242045932,
      68.57051932360206
    ],
    [
      109.42204349797002,
      68.01767957728306
    ],
    [
      110.29551340423806,
      67.51920934904716
    ],
    [
      111.19636008788167,
      67.07212148525163
    ],
    [
      112.11471832034346,
      66.65817475678823
    ],
    [
      113.04020943259616,
      66.25782071607368
    ],
    [
      113.96332943433977,
      65.85312829589876
    ],
    [
      114.87974582865812,
      65.4357291080606
    ],
    [
      115.78701986785062,
      65.00075652188046
    ],
    [
      116.68276922118109,
      64.54345506249162
    ],
    [
      117.56660382102461,
      64.06300732873694
    ],
    [
      118.44067048881455,
      63.56361054631667
    ],
    [
      119.30728054329532,
      63.049787100058936
    ],
    [
      120.16874530321135,
      62.526059374791906
    ],
    [
      121.02737608730702,
      61.996949755343785
    ],
    [
      121.88548421432672,
      61.466980626542735
    ],
    [
      122.74538100301496,
      60.94067437321692
    ],
    [
      123.60937777211609,
      60.42255338019454
    ],
    [
      124.4797858403745,
      59.917140032303735
    ],
    [
      125.35891652653466,
      59.4289567143727
    ],
    [
      126.24908114934092,
      58.9625258112296
    ],
    [
      127.15249834359547,
      58.522200104945036
    ],
    [
      128.06911016456058,
      58.10816645457956
    ],
    [
      128.99649858461677,
      57.71629299304761
    ],
    [
      129.93213618474016,
      57.34224767744675
    ],
    [
      130.87349554590682,
      56.981698464874555
    ],
    [
      131.81805703249134,
      56.630321496308575
    ],
    [
      132.76390642255652,
      56.284429476939835
    ],
    [
      133.71015753095557,
      55.9414160446233
    ],
    [
      134.65602398237115,
      55.5987797825874
    ],
    [
      135.60093867930922,
      55.25444678679214
    ],
    [
      136.54578034450094,
      54.90916198158601
    ],
    [
      137.49201313605585,
      54.5648116793243
    ],
    [
      138.44103387876584,
      54.22316439386192
    ],
    [
      139.39106547187623,
      53.8804206498055
    ],
    [
      140.335898209758,
      53.52500489260683
    ],
    [
      141.26899282301542,
      53.14476341694433
    ],
    [
      142.1838100422528,
      52.72754251749634
    ],
    [
      143.07381653828924,
      52.26120720269183
    ],
    [
      143.93400134688144,
      51.73841846195326
    ],
    [
      144.76288938506806,
      51.1629765450775
    ],
    [
      145.55950635643538,
      50.54025935430569
    ],
    [
      146.32287796456973,
      49.875644791878955
    ],
    [
      147.05202991305748,
      49.17451076003847
    ],
    [
      147.74584197885378,
      48.44137999509733
    ],
    [
      148.4026082318311,
      47.67734284589228
    ],
    [
      149.0204758132385,
      46.88262862341162
    ],
    [
      149.5975968628025,
      46.05752351269677
    ],
    [
      150.13222138547275,
      45.20342723622599
    ],
    [
      150.62268860025404,
      44.32275461854576
    ],
    [
      151.06734110548243,
      43.417957620223596
    ],
    [
      151.4649019619137,
      42.491494515363485
    ],
    [
      151.81532153986944,
      41.54584394450544
    ],
    [
      152.11879721793278,
      40.58348864713751
    ],
    [
      152.3755263746865,
      39.606911362747624
    ],
    [
      152.58570638871376,
      38.61859483082381
    ],
    [
      152.74871988811978,
      37.62114983339126
    ],
    [
      152.85933887200198,
      36.61791173828708
    ],
    [
      152.91071528686942,
      35.6124705135598
    ],
    [
      152.8962807845698,
      34.60836306988415
    ],
    [
      152.81912015370145,
      33.60729719356133
    ],
    [
      152.69415914955155,
      32.60873698561824
    ],
    [
      152.53704830677702,
      31.612009212281276
    ],
    [
      152.3634381600346,
      30.616440639776776
    ],
    [
      152.18895141709322,
      29.621358107047424
    ],
    [
      152.02528242488185,
      28.62609871849819
    ],
    [
      151.87617381970563,
      27.63002035768064
    ],
    [
      151.74440799603047,
      26.632483417418445
    ],
    [
      151.63276734832243,
      25.632848290535314
    ],
    [
      151.54403371359138,
      24.63047544519607
    ],
    [
      151.47523504295978,
      23.62550299729316
    ],
    [
      151.4034712370191,
      22.62076237355505
    ],
    [
      151.30153088892726,
      21.619667681440035
    ],
    [
      151.1432876382179,
      20.625651472246926
    ],
    [
      150.91987401106758,
      19.642439667363146
    ],
    [
      150.63625212234115,
      18.673993266356067
    ],
    [
      150.2977726644338,
      17.724278113076576
    ],
    [
      149.90975339967605,
      16.79587700404718
    ],
    [
      149.47742014365087,
      15.887511015373756
    ],
    [
      149.00598278852874,
      14.997232447296417
    ],
    [
      148.5006512264805,
      14.123093600055292
    ],
    [
      147.96663534967678,
      13.263146773890517
    ],
    [
      147.4091450502884,
      12.415444269042222
    ],
    [
      146.8333902204859,
      11.578038385750528
    ],
    [
      146.2445807524401,
      10.748981424255565
    ],
    [
      145.6479265383217,
      9.926325684797465
    ],
    [
      145.04863747030134,
      9.108123467616366
    ],
    [
      144.45192344054976,
      8.292427072952373
    ],
    [
      143.86299434123765,
      7.477288801045628
    ],
    [
      143.2870600645357,
      6.660760952136257
    ],
    [
      142.72933050261463,
      5.84089582646439
    ],
    [
