{
  "test_id": 25,
  "test_outcome": "NOT_EXECUTED",
  "predicted_test_outcome": null,
  "test_duration": null,
  "road_points": [
    [
      99.99999999999999,
      99.99999999999999
    ],
    [
      100.05860462022649,
      98.99679513789735
    ],
    [
      100.10411726198714,
      97.99409847711644
    ],
    [
      100.13655927130819,
      96.99191837967979
    ],
    [
      100.15595199421588,
      95.99026320761
    ],
    [
      100.1623167767364,
      94.98914132292956
    ],
    [
      100.155674964896,
      93.98856108766098
    ],
    [
      100.13604790472087,
      92.98853086382687
    ],
    [
      100.10345694223726,
      91.98905901344972
    ],
    [
      100.05792342347138,
      90.99015389855207
    ],
    [
      99.99946869444948,
      89.99182388115653
    ],
    [
      99.92811410119774,
      88.99407732328555
    ],
    [
      99.84388098974242,
      87.99692258696172
    ],
    [
      99.74679070610972,
      87.00036803420755
    ],
    [
      99.6373968364873,
      86.00439660873056
    ],
    [
      99.52717774218584,
      85.0084695172548
    ],
    [
      99.43785154189906,
      84.01155894406988
    ],
    [
      99.39153110475212,
      83.01261826049587
    ],
    [
      99.40547409512773,
      82.01145481863338
    ],
    [
      99.47978394640238,
      81.01089322410063
    ],
    [
      99.6107774002177,
      80.0144241228036
    ],
    [
      99.7947711982152,
      79.02553816064831
    ],
    [
      100.02808208203648,
      78.04772598354073
    ],
    [
      100.30733686362993,
      77.08422631571632
    ],
    [
      100.63128075644282,
      76.13655675161304
    ],
    [
      100.99954466608854,
      75.20551529064419
    ],
    [
      101.41178161762349,
      74.29193423763722
    ],
    [
      101.86872981181358,
      73.39872816507072
    ],
    [
      102.37277409479128,
      72.53197127786721
    ],
    [
      102.92643690403834,
      71.69800179535085
    ],
    [
      103.53016056897678,
      70.90110942519044
    ],
    [
      104.17158166629629,
      70.13297263901524
    ],
    [
      104.83346754484904,
      69.38047464316462
    ],
    [
      105.49869016819619,
      68.6305752788162
    ],
    [
      106.15530270697448,
      67.87413809673203
    ],
    [
      106.79855612992463,
      67.10744973017917
    ],
    [
      107.42423249815519,
      66.32719695670305
    ],
    [
      108.02907606076332,
      65.53081932284046
    ],
    [
      108.61517754996969,
      64.71993920297062
    ],
    [
      109.18647400382194,
      63.89762343117478
    ],
    [
      109.74690421223107,
      63.066940212106495
    ],
    [
      110.3004069651082,
      62.2309577504195
    ],
    [
      110.85092105236426,
      61.39274425076744
    ],
    [
      111.40238526391029,
      60.555367917804
    ],
    [
      111.95873838965734,
      59.721896956182825
    ],
    [
      112.5239192195165,
      58.895399570557636
    ],
    [
      113.10186654339873,
      58.07894396558207
    ],
    [
      113.69651915121506,
      57.27559834590982
    ],
    [
      114.31181583287653,
      56.48843091619454
    ],
    [
      114.9507212284204,
      55.71979340294938
    ],
    [
      115.61094722632356,
      54.96817418293805
    ],
    [
      116.28844314138455,
      54.23076527643374
    ],
    [
      116.97915699654732,
      53.5047577535627
    ],
    [
      117.67903681475585,
      52.7873426844511
    ],
    [
      118.38415410844124,
      52.075759577228325
    ],
    [
      119.0919281255444,
      51.367776581112174
    ],
    [
      119.80060765478004,
      50.66148722766319
    ],
    [
      120.5084587937005,
      49.9549938285823
    ],
    [
      121.21483226043419,
      49.24724157645751
    ],
    [
      121.92149284140466,
      48.53905168584327
    ],
    [
      122.63053105549645,
      47.83149850466776
    ],
    [
      123.34323934414977,
      47.125090978227995
    ],
    [
      124.05315588483377,
      46.4148444981773
    ],
    [
      124.74945572301652,
      45.69268336979501
    ],
    [
      125.42126518641173,
      44.95049738398245
    ],
    [
      126.05771060273297,
      44.180176331640936
    ],
    [
      126.64817439787761,
      43.373888403908644
    ],
    [
      127.18790935381378,
      42.53018336205702
    ],
    [
      127.67802757306916,
      41.65398054096306
    ],
    [
      128.1198950492504,
      40.75047527643242
    ],
    [
      128.51487777596427,
      39.82486290427078
    ],
    [
      128.8643306003087,
      38.88232265305399
    ],
    [
      129.16862243922952,
      37.92660903587224
    ],
    [
      129.42637683545757,
      36.95895441790623
    ],
    [
      129.63603858489563,
      35.98033286675505
    ],
    [
      129.796146289981,
      34.99188077150722
    ],
    [
      129.905930558985,
      33.99593195827624
    ],
    [
      129.96493165787726,
      32.99535608044009
    ],
    [
      129.97270016476554,
      31.993021357102716
    ],
    [
      129.92938578976415,
      30.991529424371766
    ],
    [
      129.83610787710887,
      29.993050480930673
    ],
    [
      129.69407416095603,
      28.99971539648436
    ],
    [
      129.50449237546178,
      28.013655040737707
    ],
    [
      129.26856927178667,
      27.037000942706165
    ],
    [
      128.9862224817676,
      26.0727492638208
    ],
    [
      128.6535440424966,
      25.126462051513133
    ],
    [
      128.26591963110639,
      24.20417511984505
    ],
    [
      127.81945094096781,
      23.311410563260534
    ],
    [
      127.32026166620493,
      22.446499999057774
    ],
    [
      126.7818513069386,
      21.602483130698786
    ],
    [
      126.21789049802548,
      20.77227687773872
    ],
    [
      125.64204987432232,
      19.94879815973274
    ],
    [
      125.06787725584728,
      19.125020493009977
    ],
    [
      124.50415416453508,
      18.29611384750831
    ],
    [
      123.95347523104414,
      17.46009929887348
    ],
    [
      123.41802207796627,
      16.6151882492987
    ],
    [
      122.89997632789321,
      15.759592100977173
    ],
    [
      122.4014940590606,
      14.891539302797819
    ],
    [
      121.91798205973198,
      14.013762355017693
    ],
    [
      121.4290738848591,
      13.139519821134687
    ],
    [
      120.91215352280648,
      12.283571483813077
    ],
    [
      120.34621934878508,
      11.459814614122408
    ],
    [
      119.72692763963724,
      10.673246736871706
    ],
    [
      119.05975811624306,
      9.92361704720174
    ],
    [
      118.35031731783872,
      9.21060698554964
    ],
    [
      117.6042117836603,
      8.5338979923525
    ],
    [
      116.82704805294388,
      7.893171508047428
    ],
    [
      116.02443266492557,
      7.288108973071538
    ],
    [
      115.2019721588415,
      6.718391827861952
    ],
    [
      114.36527307392771,
      6.183701512855773
    ]
  ],