{
  "test_id": 32,
  "test_outcome": "NOT_EXECUTED",
  "predicted_test_outcome": null,
  "test_duration": null,
  "road_points": [
    [
      99.99999999999999,
      100.0
    ],
    [
      100.16024491858339,
      99.02108910782162
    ],
    [
      100.26999744780898,
      98.03321202499836
    ],
    [
      100.33572650199928,
      97.03737199915692
    ],
    [
      100.36390099547647,
      96.03457227792373
    ],
    [
      100.36098984256306,
      95.02581610892541
    ],
    [
      100.33346195758139,
      94.01210673978849
    ],
    [
      100.28778625485376,
      92.99444741813954
    ],
    [
      100.23043164870253,
      91.97384139160509
    ],
    [
      100.1678670534502,
      90.95129190781174
    ],
    [
      100.10656138341898,
      89.92780221438598
    ],
    [
      100.05298355293134,
      88.90437555895444
    ],
    [
      100.01360247630959,
      87.88201518914366
    ],
    [
      99.99488706787614,
      86.86172435258015
    ],
    [
      100.0033062419533,
      85.8445062968905
    ],
    [
      100.04532891286345,
      84.83136426970124
    ],
    [
      100.127423994929,
      83.82330151863897
    ],
    [
      100.25606040247229,
      82.82132129133021
    ],
    [
      100.4372274251223,
      81.82654102721933
    ],
    [
      100.67204836063205,
      80.84123668920753
    ],
    [
      100.95881425808622,
      79.86835855832092
    ],
    [
      101.29578102205623,
      78.91086528299446
    ],
    [
      101.68120455711328,
      77.971715511663
    ],
    [
      102.11335336598866,
      77.05383540500193
    ],
    [
      102.59073667338743,
      76.15953035702547
    ],
    [
      103.11207997564705,
      75.29054804690013
    ],
    [
      103.67611645960393,
      74.44861632176261
    ],
    [
      104.28157931209446,
      73.63546302874963
    ],
    [
      104.92719947130102,
      72.85282921652909
    ],
    [
      105.61160735158485,
      72.10304609497805
    ],
    [
      106.33329464991206,
      71.38925926428183
    ],
    [
      107.09074292666713,
      70.71467383506953
    ],
    [
      107.88243374223461,
      70.08249491797032
    ],
    [
      108.70684105620127,
      69.495909839654
    ],
    [
      109.56106758841935,
      68.95489756989743
    ],
    [
      110.43926691576023,
      68.45253682393273
    ],
    [
      111.3352101261602,
      67.98101138886211
    ],
    [
      112.24295622558326,
      67.53272891921635
    ],
    [
      113.15894839648638,
      67.10195085917957
    ],
    [
      114.08080764556823,
      66.68385445694582
    ],
    [
      115.00616332210397,
      66.27362344738586
    ],
    [
      115.93264477536887,
      65.86644156537045
    ],
    [
      116.85788135463817,
      65.45749254577038
    ],
    [
      117.77950240918706,
      65.04196012345639
    ],
    [
      118.69513728829077,
      64.61502803329928
    ],
    [
      119.6024153412246,
      64.17188001016983
    ],
    [
      120.49896591726369,
      63.70769978893877
    ],
    [
      121.3832426956899,
      63.219313455747674
    ],
    [
      122.25852234735476,
      62.71315616867561
    ],
    [
      123.12983039191232,
      62.19914739915956
    ],
    [
      124.00210626190047,
      61.68703701691215
    ],
    [
      124.87732733364594,
      61.18073747522404
    ],
    [
      125.75387969156483,
      60.67708375657431
    ],
    [
      126.62993357581234,
      60.17248547243519
    ],
    [
      127.50430202575869,
      59.6646044405623
    ],
    [
      128.37854336167496,
      59.156450428605105
    ],
    [
      129.25494865177285,
      58.65246063528929
    ],
    [
      130.13576292539935,
      58.156970232335276
    ],
    [
      131.02230791057124,
      57.67226829623425
    ],
    [
      131.915051694241,
      57.19875217988502
    ],
    [
      132.8144302762843,
      56.73674812915717
    ],
    [
      133.72087965657693,
      56.28658238992036
    ],
    [
      134.63476187305926,
      55.848463645490526
    ],
    [
      135.55289215793616,
      55.41696292871293
    ],
    [
      136.4670471351433,
      54.978642400676584
    ],
    [
      137.36861952982673,
      54.519454015046
    ],
    [
      138.2490020671324,
      54.02534972548574
    ],
    [
      139.09959746155326,
      53.48231029790636
    ],
    [
      139.91386912911096,
      52.8822601739236
    ],
    [
      140.68985048204433,
      52.23030502257039
    ],
    [
      141.42618901253135,
      51.533321701945965
    ],
    [
      142.12217711875206,
      50.79822667163952
    ],
    [
      142.78264505431088,
      50.032276452157255
    ],
    [
      143.41524290802528,
      49.24290072052066
    ],
    [
      144.02761804365002,
      48.43750361476167
    ],
    [
      144.62556578181312,
      47.621503725505534
    ],
    [
      145.2117920017294,
      46.79700749999488
    ],
    [
      145.78870950029517,
      45.965807176354346
    ],
    [
      146.3587310744067,
      45.12969499270852
    ],
    [
      146.92426952096028,
      44.29046318718201
    ],
    [
      147.4877376368521,
      43.44990399789937
    ],
    [
      148.05154821897855,
      42.609809662985235
    ],
    [
      148.61811406423593,
      41.77197242056418
    ],
    [
      149.1898479695204,
      40.9381845087608
    ],
    [
      149.7691627317283,
      40.110238165699684
    ],
    [
      150.35847114775598,
      39.28992562950544
    ],
    [
      150.96018601449964,
      38.47903913830266
    ],
    [
      151.57672012885553,
      37.67937093021593
    ],
    [
      152.21048628772007,
      36.892713243369855
    ],
    [
      152.86389728798935,
      36.120858315889016
    ],
    [
      153.5393659265598,
      35.365598385898025
    ]
  ],