{
  "test_id": 59,
  "test_outcome": "NOT_EXECUTED",
  "predicted_test_outcome": null,
  "test_duration": null,
  "road_points": [
    [
      100.00000000000006,
      100.00000000000003
    ],
    [
      99.92645776528109,
      98.99604521353749
    ],
    [
      99.84134803151335,
      97.99273957289273
    ],
    [
      99.74471677084004,
      96.9902424803672
    ],
    [
      99.63660995540435,
      95.98871333826241
    ],
    [
      99.51707355734942,
      94.98831154887985
    ],
    [
      99.38615354881846,
      93.989196514521
    ],
    [
      99.24389590195466,
      92.99152763748734
    ],
    [
      99.09034658890116,
      91.99546432008034
    ],
    [
      98.92555158180116,
      91.00116596460151
    ],
    [
      98.74955685279782,
      90.00879197335232
    ],
    [
      98.5624083740343,
      89.01850174863426
    ],
    [
      98.36415211765382,
      88.0304546927488
    ],
    [
      98.15483405579953,
      87.04481020799744
    ],
    [
      97.93450016061463,
      86.06172769668167
    ],
    [
      97.70319640424226,
      85.08136656110297
    ],
    [
      97.46095108930004,
      84.10388317330715
    ],
    [
      97.20754776611618,
      83.12939193126395
    ],
    [
      96.94259113774346,
      82.1579765613233
    ],
    [
      96.66568221137791,
      81.18972014562502
    ],
    [
      96.37657341339815,
      80.22472764623959
    ],
    [
      96.07539828934803,
      79.26315909660116
    ],
    [
      95.76234940545531,
      78.30518305857763
    ],
    [
      95.43761932794759,
      77.3509680940369
    ],
    [
      95.10140062305256,
      76.40068276484688
    ],
    [
      94.75388585699787,
      75.4544956328755
    ],
    [
      94.39526759601112,
      74.5125752599906
    ],
    [
      94.02573840632,
      73.5750902080601
    ],
    [
      93.64549085415219,
      72.64220903895195
    ],
    [
      93.25471750573533,
      71.714100314534
    ],
    [
      92.85360626346281,
      70.79093276199204
    ],
    [
      92.44167023178346,
      69.87289902792125
    ],
    [
      92.01704788597866,
      68.96024048508453
    ],
    [
      91.57771043988446,
      68.05320443512319
    ],
    [
      91.12390107710767,
      67.15125577724581
    ],
    [
      90.67435248431622,
      66.24749214628856
    ],
    [
      90.25679894024495,
      65.33191128217564
    ],
    [
      89.89877020807387,
      64.39458666089638
    ],
    [
      89.60856931025845,
      63.43259829259259
    ],
    [
      89.36259861477073,
      62.45465129996837
    ],
    [
      89.13425543040843,
      61.47054589771634
    ],
    [
      88.89922160690243,
      60.489182124824595
    ],
    [
      88.64779497759427,
      59.51370089679376
    ],
    [
      88.37603131614905,
      58.54497433283692
    ],
    [
      88.0800821925783,
      57.58384724354119
    ],
    [
      87.75962243266062,
      56.63022531138287
    ],
    [
      87.41911082531523,
      55.68273904764359
    ],
    [
      87.06334759986943,
      54.739927952248756
    ],
    [
      86.69713298565067,
      53.8003315251238
    ],
    [
      86.32526721198627,
      52.862489266194146
    ],
    [
      85.9525505082036,
      51.924940675385216
    ],
    [
      85.58378310363005,
      50.98622525262244
    ],
    [
      85.22376522759302,
      50.04488249783125
    ],
    [
      84.87729710941986,
      49.099451910937084
    ],
    [
      84.54917897843792,
      48.14847299186533
    ],
    [
      84.2442110639746,
      47.190485240541435
    ],
    [
      83.96703470048318,
      46.22408144478382
    ],
    [
      83.71796518061555,
      45.24930519851118
    ],
    [
      83.49258216610289,
      44.26778826389003
    ],
    [
      83.28622429577563,
      43.28124323390434
    ],
    [
      83.0942302084642,
      42.29138270153806
    ],
    [
      82.91194599837543,
      41.29991428094747
    ],
    [
      82.73540004863435,
      40.30808994210141
    ],
    [
      82.56184153717389,
      39.316346387355026
    ],
    [
      82.38864636456792,
      38.3250356915204
    ],
    [
      82.21362291125745,
      37.33437586641255
    ],
    [
      82.03760071689516,
      36.3436484047405
    ],
    [
      81.8626977946216,
      35.351735389597806
    ],
    [
      81.69092304618557,
      34.3575581759139
    ],
    [
      81.5184180393078,
      33.36213757562911
    ],
    [
      81.3327463650556,
      32.369563783326285
    ],
    [
      81.12079094364896,
      31.384170552106745
    ],
    [
      80.86943469530775,
      30.41029163507173
    ],
    [
      80.56557547511827,
      29.4522587893779
    ],
    [
      80.20092229858277,
      28.513760792888384
    ],
    [
      79.77886770370957,
      27.596924999111913
    ],
    [
      79.30454349688918,
      26.70364632001325
    ],
    [
      78.78308148451211,
      25.835819667557097
    ],
    [
      78.21961347296897,
      24.995339953708193
    ],
    [
      77.61843944414531,
      24.18409752889453
    ],
    [
      76.98037532260415,
      23.403963637764736
    ],
    [
      76.30532499989344,
      22.65680452358543
    ],
    [
      75.59324519557435,
      21.944491028692067
    ],
    [
      74.84518943617863,
      21.26898947523917
    ],
    [
      74.06324609543974,
      20.632356271445904
    ],
    [
      73.24954398580638,
      20.03665127936348
    ],
    [
      72.4062818635831,
      19.48357284135866
    ],
    [
      71.53589238579559,
      18.973610334209614
    ],
    [
      70.64085704579206,
      18.507000713781657
    ],
    [
      69.72365733692075,
      18.08398093594012
    ],
    [
      68.78677475252995,
      17.704787956550334
    ],
    [
      67.83267593778758,
      17.370454724584835
    ],
    [
      66.8637407240579,
      17.086668172721804
    ],
    [
      65.88231748385866,
      16.860801704602995
    ],
    [
      64.89075113868475,
      16.699963469961784
    ],
    [
      63.891263248721984,
      16.601573059232248
    ],
    [
      62.88592019562796,
      16.55086264051576
    ],
    [
      61.87677848514066,
      16.53228874623961
    ],
    [
      60.86589462299817,
      16.530307908831116
    ],
    [
      59.85532082384534,
      16.52940137418677
    ],
    [
      58.84644822085514,
      16.517857720309227
    ],
    [
      57.839299621428154,
      16.491846052587228
    ],
    [
      56.83372816293504,
      16.44851264817978
    ],
    [
      55.82958698274656,
      16.385003784245903
    ],
    [
      54.82672920361791,
      16.298466101361452
    ],
    [
      53.82477872606437,
      16.19174589901015
    ],
    [
      52.82254996779329,
      16.087817435891996
    ],
    [
      51.81867874640949,
      16.014095899586184
    ],
    [
      50.81200186401859,
      15.996959974850185
    ],
    [
      49.80462534501102,
      16.04592854824767
    ],
    [
      48.80131292366554,
      16.156814355927253
    ],
    [
      47.80690381199441,
      16.325032615527153
    ],
    [
      46.82488391521821,
      16.545793005054254
    ],
    [
      45.85491104444848,
      16.813723793291228
    ],
    [
      44.895970877982485,
      17.123351165788964
    ],
    [
      43.94704909411751,
      17.46920130809839
    ],
    [
      43.007131371150834,
      17.845800405770397
    ],
    [
      42.07520338737973,
      18.247674644355897
    ],
    [
      41.15025082110145,
      18.669350209405806
    ],
    [
      40.23125935061332,
      19.105353286471022
    ],
    [
      39.317214654212584,
      19.550210061102444
    ],
    [
      38.40710241019653,
      19.998446718851
    ],
    [
      37.499908296862415,
      20.444589445267578
    ],
    [
      36.59461799250754,
      20.883164425903118
    ],
    [
      35.69021717542916,
      21.308697846308483
    ],
    [
      34.78569152392457,
      21.71571589203461
    ],
    [
      33.88002671629103,
