{
  "test_id": 75,
  "test_outcome": "NOT_EXECUTED",
  "predicted_test_outcome": null,
  "test_duration": null,
  "road_points": [
    [
      100.0,
      100.00000000000001
    ],
    [
      99.96888589263013,
      99.00419878195083
    ],
    [
      99.89327134450053,
      98.00488695567509
    ],
    [
      99.77162701539618,
      97.0064097397756
    ],
    [
      99.60242356510206,
      96.01311235285527
    ],
    [
      99.38413165340309,
      95.02934001351693
    ],
    [
      99.11522194008428,
      94.05943794036345
    ],
    [
      98.79416508493055,
      93.10775135199766
    ],
    [
      98.41943174772689,
      92.17862546702247
    ],
    [
      97.98955101420431,
      91.27635836069908
    ],
    [
      97.5074271452349,
      90.4017178209728
    ],
    [
      96.98329973700612,
      89.54955282331039
    ],
    [
      96.4281088659071,
      88.71414713234873
    ],
    [
      95.85279460832709,
      87.88978451272483
    ],
    [
      95.2682969330672,
      87.07074871183477
    ],
    [
      94.68536407509528,
      86.25129275190743
    ],
    [
      94.11415729960835,
      85.42557559381551
    ],
    [
      93.56472593245444,
      84.58773826025595
    ],
    [
      93.04711929948151,
      83.73192177392566
    ],
    [
      92.57138672653757,
      82.85226715752154
    ],
    [
      92.1465811345474,
      81.9441049356916
    ],
    [
      91.77594713637585,
      81.00969955483542
    ],
    [
      91.46063050263685,
      80.05382104607465
    ],
    [
      91.20177414473898,
      79.08124285383234
    ],
    [
      91.00052097409082,
      78.09673842253156
    ],
    [
      90.85747226798742,
      77.10490541379222
    ],
    [
      90.76680934970543,
      76.10825794706878
    ],
    [
      90.71851225054371,
      75.10794664778459
    ],
    [
      90.70248826319055,
      74.10509853465767
    ],
    [
      90.70864468033417,
      73.10084062640605
    ],
    [
      90.7270468884319,
      72.09628495823912
    ],
    [
      90.75248858979329,
      71.0920954340959
    ],
    [
      90.78519225496098,
      70.08842144050988
    ],
    [
      90.82567937731598,
      69.08538402380023
    ],
    [
      90.87447145023931,
      68.08310423028618
    ],
    [
      90.93208996711198,
      67.08170310628694
    ],
    [
      90.99905642131502,
      66.08130169812168
    ],
    [
      91.07589230622946,
      65.08202105210965
    ],
    [
      91.16311911523631,
      64.08398221457004
    ],
    [
      91.2612583417166,
      63.08730623182203
    ],
    [
      91.37083147905135,
      62.09211415018486
    ],
    [
      91.49236002062156,
      61.098527015977716
    ],
    [
      91.62636545980826,
      60.106665875519795
    ],
    [
      91.77336928999247,
      59.11665177513032
    ],
    [
      91.93389300455526,
      58.1286057611285
    ],
    [
      92.10846559082734,
      57.14265694067359
    ],
    [
      92.2978187358059,
      56.15915245409165
    ],
    [
      92.5029052674237,
      55.17867731116007
    ],
    [
      92.72468920458543,
      54.20182855918512
    ],
    [
      92.96413456619581,
      53.229203245473045
    ],
    [
      93.22220005919885,
      52.26139670881186
    ],
    [
      93.49921660182804,
      51.29880236848562
    ],
    [
      93.79430381704842,
      50.341424047508866
    ],
    [
      94.10644326277335,
      49.389221162193245
    ],
    [
      94.43461649691628,
      48.44215312885043
    ],
    [
      94.77780507739055,
      47.50017936379202
    ],
    [
      95.1349905621096,
      46.56325928332972
    ],
    [
      95.5051545089868,
      45.63135230377515
    ],
    [
      95.8872784759356,
      44.70441784143998
    ],
    [
      96.28034402086932,
      43.782415312635834
    ],
    [
      96.68333893858484,
      42.86530428260336
    ],
    [
      97.09590197904059,
      41.95305986057607
    ],
    [
      97.51888388177306,
      41.045686096578784
    ],
    [
      97.95326760934132,
      40.143190197956265
    ],
    [
      98.39829436428228,
      39.24490372809305
    ],
    [
      98.83963822640276,
      38.34489544469851
    ],
    [
      99.25660967509893,
      37.43476560917494
    ],
    [
      99.62858858087351,
      36.50615823010049
    ],
    [
      99.94302155589762,
      35.555127347446195
    ],
    [
      100.20095380631994,
      34.58516125764082
    ],
    [
      100.404738385973,
      33.600463248317624
    ],
    [
      100.55672834868923,
      32.60523660710991
    ],
    [
      100.65927640504326,
      31.603684377893153
    ],
    [
      100.71408376912211,
      30.59954695708041
    ],
    [
      100.72084526604576,
      29.59513994328154
    ],
    [
      100.67887072372928,
      28.59250553688675
    ],
    [
      100.5874699700878,
      27.59368593828621
    ],
    [
      100.44595283303649,
      26.60072334787013
    ],
    [
      100.25382408379603,
      25.61572997732834
    ],
    [
      100.0117319862863,
      24.641228708569596
    ],
    [
      99.72074043875757,
      23.679891693053406
    ],
    [
      99.38191393072026,
      22.734391294582505
    ],
    [
      98.99631695168475,
      21.807399876959618
    ],
    [
      98.5650203737752,
      20.901553441457025
    ],
    [
      98.08917128428678,
      20.01905378220399
    ],
    [
      97.56996691674331,
      19.161817004136005
    ],
    [
      97.00860555808524,
      18.331754207790134
    ],
    [
      96.40633514170324,
      17.53078023741627
    ],
    [
      95.76452157665403,
      16.760818833509866
    ],
    [
      95.08454791525013,
      16.023795029295822
    ],
    [
      94.36784483658674,
      15.32161560707872
    ],
    [
      93.61634176107883,
      14.65599622795811
    ],
    [
      92.83226558438008,
      14.028538558415798
    ],
    [
      92.01784717461881,
      13.440842742653194
    ],
    [
      91.17531739992337,
      12.894508924871705
    ],
    [
      90.30690712842207,
      12.39113724927274
    ],
    [
      89.41484722824327,
      11.932327860057697
    ],
    [
      88.50136856751527,
      11.519680901427995
    ],
    [
      87.5687020143664,
      11.154796517585025
    ]
  ],