{
  "test_id": 97,
  "test_outcome": "NOT_EXECUTED",
  "predicted_test_outcome": null,
  "test_duration": null,
  "road_points": [
    [
      99.99999999999999,
      100.0
    ],
    [
      99.96871450800819,
      99.00097427044524
    ],
    [
      99.89263524830656,
      97.99842911074946
    ],
    [
      99.77021814081841,
      96.99675206071831
    ],
    [
      99.59991910546708,
      96.00033066015749
    ],
    [
      99.38019406217586,
      95.0135524488726
    ],
    [
      99.1094989308681,
      94.04080496666934
    ],
    [
      98.78628963146707,
      93.08647575335333
    ],
    [
      98.40902208389613,
      92.15495234873023
    ],
    [
      97.97622904194051,
      91.25056029023183
    ],
    [
      97.49109558401501,
      90.37387084387812
    ],
    [
      96.96404231584054,
      89.51961644553948
    ],
    [
      96.40611511748787,
      88.68202495545928
    ],
    [
      95.82835986902776,
      87.85532423388103
    ],
    [
      95.24182208596962,
      87.03374208309407
    ],
    [
      94.65733043791121,
      86.21147183351921
    ],
    [
      94.08513091710529,
      85.38261418769855
    ],
    [
      93.53537265397432,
      84.5412544501052
    ],
    [
      93.01820477894078,
      83.68147792521232
    ],
    [
      92.54377642242729,
      82.7973699174932
    ],
    [
      92.121001705721,
      81.88448763904874
    ],
    [
      91.75282721423467,
      80.94550052594843
    ],
    [
      91.44039948924552,
      79.98522334146438
    ],
    [
      91.1848646996216,
      79.00847129271304
    ],
    [
      90.98736901423099,
      78.02005958681094
    ],
    [
      90.84829583764252,
      77.02455655142094
    ],
    [
      90.76115656268738,
      76.02430629041272
    ],
    [
      90.71582291088328,
      75.02047487655767
    ],
    [
      90.70213336519524,
      74.0142176244994
    ],
    [
      90.70992640858834,
      73.00668984888165
    ],
    [
      90.72932376444406,
      71.99901895665975
    ],
    [
      90.75583091096588,
      70.99180189323447
    ],
    [
      90.78977501967147,
      69.98516052239239
    ],
    [
      90.83165366160372,
      68.97919991844884
    ],
    [
      90.88196440780548,
      67.97402515571915
    ],
    [
      90.94120482931966,
      66.96974130851855
    ],
    [
      91.00987249718919,
      65.9664534511624
    ],
    [
      91.0884649824569,
      64.96426665796595
    ],
    [
      91.1774798561657,
      63.963286003244555
    ],
    [
      91.27741468935847,
      62.96361656131347
    ],
    [
      91.38876705307817,
      61.96536340648804
    ],
    [
      91.5120345183676,
      60.9686316130835
    ],
    [
      91.64771465626967,
      59.97352625541524
    ],
    [
      91.7963050378273,
      58.98015240779847
    ],
    [
      91.95830323408336,
      57.98861514454855
    ],
    [
      92.13424221786047,
      56.999048664815035
    ],
    [
      92.32516420471875,
      56.01200611872806
    ],
    [
      92.53249321245688,
      55.02835476285558
    ],
    [
      92.75766250789184,
      54.04896946287798
    ],
    [
      93.0021053578405,
      53.07472508447561
    ],
    [
      93.2672165323326,
      52.10648004506875
    ],
    [
      93.55299966118758,
      51.14449837907382
    ],
    [
      93.85770996164744,
      50.18829708857206
    ],
    [
      94.17949152726733,
      49.237345696583844
    ],
    [
      94.51648845160237,
      48.291113726129524
    ],
    [
      94.86684482820768,
      47.349070700229426
    ],
    [
      95.22870475063846,
      46.41068614190393
    ],
    [
      95.60021231244983,
      45.47542957417338
    ],
    [
      95.97951160719693,
      44.54277052005814
    ],
    [
      96.36474672843491,
      43.612178502578566
    ],
    [
      96.7543277997711,
      42.68326206254793
    ],
    [
      97.15419263787516,
      41.75956344400889
    ],
    [
      97.57868425053573,
      40.84901714334155
    ],
    [
      98.042587844325,
      39.95978873419864
    ],
    [
      98.55763913087935,
      39.09879213543617
    ],
    [
      99.12290126521303,
      38.26773985826109
    ],
    [
      99.73414603917017,
      37.466993485091635
    ],
    [
      100.3871452380708,
      36.69691459566822
    ],
    [
      101.07767064723477,
      35.95786476973114
    ],
    [
      101.8018038238185,
      35.250604722979844
    ],
    [
      102.55799205377188,
      34.57894337407962
    ],
    [
      103.34577356863142,
      33.948095307291126
    ],
    [
      104.16469243721201,
      33.36328262811309
    ],
    [
      105.01429272832874,
      32.82972744204431
    ],
    [
      105.89392605877066,
      32.3520554404194
    ],
    [
      106.79997550846376,
      31.925692736526788
    ],
    [
      107.72649264145747,
      31.53884001130856
    ],
    [
      108.6674663087788,
      31.179503596311722
    ],
    [
      109.61688536145483,
      30.835689823083275
    ],
    [
      110.56875290621826,
      30.495449201997182
    ],
    [
      111.51764327290188,
      30.148602479652816
    ],
    [
      112.4588828371171,
      29.787301013369
    ],
    [
      113.38784925433795,
      29.403855078180687
    ],
    [
      114.29992018003847,
      28.99057494912281
    ],
    [
      115.19047326969273,
      28.539770901230312
    ],
    [
      116.05488617877472,
      28.04375320953813
    ],
    [
      116.88853656275845,
      27.494832149081212
    ],
    [
      117.68680207711799,
      26.88531799489447
    ],
    [
      118.44506037732742,
      26.207521022012884
    ],
    [
      119.1586891188607,
      25.45375150547136
    ]
  ],