{
  "test_id": 101,
  "test_outcome": "NOT_EXECUTED",
  "predicted_test_outcome": null,
  "test_duration": null,
  "road_points": [
    [
      100.0,
      100.0
    ],
    [
      99.96986057865982,
      98.99833966933001
    ],
    [
      99.89361244512689,
      97.99429811667208
    ],
    [
      99.77009377805867,
      96.99190636720792
    ],
    [
      99.59814275611257,
      95.99519544611918
    ],
    [
      99.37659755794598,
      95.00819637858751
    ],
    [
      99.10429636221642,
      94.03494018979467
    ],
    [
      98.7800773475812,
      93.07945790492225
    ],
    [
      98.40277869269782,
      92.14578054915198
    ],
    [
      97.97131067666118,
      91.23788321202134
    ],
    [
      97.48857772598964,
      90.35664231658386
    ],
    [
      96.96349155107724,
      89.49827382466572
    ],
    [
      96.40545973449488,
      88.65860899959966
    ],
    [
      95.82388985881362,
      87.83347910471863
    ],
    [
      95.22819371331926,
      87.01871059512854
    ],
    [
      94.62951567340092,
      86.20814959984708
    ],
    [
      94.04339471154395,
      85.39061927370204
    ],
    [
      93.48605611304323,
      84.55415832383444
    ],
    [
      92.97293590970382,
      83.68770718197669
    ],
    [
      92.51100814158384,
      82.7898741320163
    ],
    [
      92.10210806670054,
      81.8651385324662
    ],
    [
      91.747998611981,
      80.9180623803372
    ],
    [
      91.45044270435227,
      79.9532076726401
    ],
    [
      91.21095567561676,
      78.97508449412685
    ],
    [
      91.02534002054271,
      77.9870051423346
    ],
    [
      90.88367529576594,
      76.99108200972972
    ],
    [
      90.77579144257578,
      75.989375152948
    ],
    [
      90.69151840226168,
      74.98394462862528
    ],
    [
      90.62073913639667,
      73.97684073253524
    ],
    [
      90.55714344525722,
      72.96941293379408
    ],
    [
      90.500712694513,
      71.96185244473664
    ],
    [
      90.4520178832731,
      70.95424192809418
    ],
    [
      90.41163001064649,
      69.94666404659785
    ],
    [
      90.38012007574225,
      68.93920146297893
    ],
    [
      90.35805907766941,
      67.93193683996856
    ],
    [
      90.34601801553703,
      66.92495284029799
    ],
    [
      90.34456788845411,
      65.91833212669839
    ],
    [
      90.3542796955297,
      64.91215736190101
    ],
    [
      90.37572443587285,
      63.90651120863704
    ],
    [
      90.40947310859262,
      62.90147632963769
    ],
    [
      90.45609671279799,
      61.89713538763414
    ],
    [
      90.51616624759805,
      60.893571045357646
    ],
    [
      90.59025271210184,
      59.890865965539405
    ],
    [
      90.67892673102529,
      58.88910594832989
    ],
    [
      90.78274427151001,
      57.88849962456025
    ],
    [
      90.90224220016248,
      56.88941568781581
    ],
    [
      91.0379561010324,
      55.892233579526724
    ],
    [
      91.19042155816936,
      54.897332741123016
    ],
    [
      91.36017310975866,
      53.90509249661687
    ],
    [
      91.5475467435552,
      52.91586987899721
    ],
    [
      91.75244632787829,
      51.92997340771263
    ],
    [
      91.97471891125538,
      50.94770522312047
    ],
    [
      92.21421154221387,
      49.9693674655781
    ],
    [
      92.47077126928123,
      48.99526227544291
    ],
    [
      92.74424514098483,
      48.02569179307226
    ],
    [
      93.03448020585209,
      47.06095815882351
    ],
    [
      93.34132351241045,
      46.10136351305404
    ],
    [
      93.6646221091873,
      45.14720999612121
    ],
    [
      94.00422325418482,
      44.198800321123166
    ],
    [
      94.35999545832694,
      43.256495310385674
    ],
    [
      94.73184647216772,
      42.32076307428724
    ],
    [
      95.11968828282751,
      41.392083306724295
    ],
    [
      95.52343287742674,
      40.47093570159327
    ],
    [
      95.9429921780042,
      39.55779986696682
    ],
    [
      96.37810996627243,
      38.652933682689245
    ],
    [
      96.8279979312123,
      37.755893352918974
    ],
    [
      97.29176275809067,
      36.86609661242998
    ],
    [
      97.76851113217444,
      35.98296119599624
    ],
    [
      98.2573497387305,
      35.10590483839175
    ],
    [
      98.75738526302572,
      34.23434527439048
    ],
    [
      99.26772439032703,
      33.3677002387664
    ],
    [
      99.78747380590126,
      32.505387466293506
    ],
    [
      100.31574019501532,
      31.646824691745763
    ],
    [
      100.85163024293608,
      30.79142964989717
    ],
    [
      101.39425063493047,
      29.938620075521687
    ],
    [
      101.94270805626533,
      29.08781370339331
    ],
    [
      102.49611633374323,
      28.238435477635246
    ],
    [
      103.0564641564631,
      27.392812503365413
    ],
    [
      103.63300394806686,
      26.560604594156384
    ],
    [
      104.23611773143585,
      25.752611889103985
    ],
    [
      104.8761875294514,
      24.979634527304025
    ],
    [
      105.56359536499488,
      24.25247264785234
    ],
    [
      106.30367246207453,
      23.57680057169614
    ],
    [
      107.079384325795,
      22.935594703919335
    ],
    [
      107.86750775840459,
      22.305550826240193
    ],
    [
      108.64540555602478,
      21.663960381544797
    ],
    [
      109.4038806040023,
      21.001776618414745
    ],
    [
      110.14715215488712,
      20.323590477771265
    ],
    [
      110.88002092838673,
      19.634583959954067
    ],
    [
      111.6072876442084,
      18.939939065302873
    ],
    [
      112.33373852345466,
      18.244819781508323
    ],
    [
      113.06312972988826,
      17.55311038269383
    ],
    [
      113.79752123999658,
      16.86658784877205
    ],
    [
      114.53881482617444,
      16.18683261144817
    ],
    [
      115.28891226081664,
      15.515425102427386
    ],
    [
      116.04971110961654,
      14.853941906960726
    ],
    [
      116.81976770361499,
      14.200904507363727
    ],
    [
      117.58829493222639,
      13.546291084175836
    ],
    [
      118.34288498616417,
      12.878597910236609
    ],
    [
      119.07113005614181,
      12.186321258385602
    ],
    [
      119.76062233287274,
      11.457957401462362
    ],
    [
      120.4009401897632,
      10.684444898762363
    ],
    [
      120.99144245082127,
      9.868748726951175
    ],
    [
      121.53449332579598,
      9.017529400328897
    ],
    [
      122.03245783685318,
      8.137448432174365
    ],
    [
      122.48770100615863,
      7.235167335766409
    ],
    [
      122.90258785587821,
      6.317347624383868
    ],
    [
      123.27948340817764,
      5.390650811305571
    ]
  ],