{
  "test_id": 105,
  "test_outcome": "NOT_EXECUTED",
  "predicted_test_outcome": null,
  "test_duration": null,
  "road_points": [
    [
      100.0,
      100.00000000000001
    ],
    [
      100.15971626636713,
      99.02839920597334
    ],
    [
      100.26946410030136,
      98.04771031601564
    ],
    [
      100.33559605212093,
      97.0589416006061
    ],
    [
      100.36446467214405,
      96.06310133022386
    ],
    [
      100.36242251068892,
      95.06119777534812
    ],
    [
      100.3358221180737,
      94.054239206458
    ],
    [
      100.29101604461665,
      93.04323389403271
    ],
    [
      100.23435684063597,
      92.02919010855139
    ],
    [
      100.17219705644985,
      91.01311612049324
    ],
    [
      100.11088924237649,
      89.9960202003374
    ],
    [
      100.0567859487341,
      88.97891061856303
    ],
    [
      100.01623972584088,
      87.96279564564931
    ],
    [
      99.99560312401506,
      86.94868355207541
    ],
    [
      100.00122869357486,
      85.93758260832053
    ],
    [
      100.0394689848384,
      84.93050108486375
    ],
    [
      100.11667654812396,
      83.92844725218433
    ],
    [
      100.23920393374975,
      82.93242938076136
    ],
    [
      100.41312417246756,
      81.94351556523893
    ],
    [
      100.64017516510869,
      80.96370172628116
    ],
    [
      100.91867776277718,
      79.99571511849332
    ],
    [
      101.24686017889681,
      79.0423028232567
    ],
    [
      101.62295062689132,
      78.10621192195264
    ],
    [
      102.04518499987857,
      77.19018462492814
    ],
    [
      102.51211043089941,
      76.29676573097909
    ],
    [
      103.02268586425299,
      75.42823883751527
    ],
    [
      103.5758985338419,
      74.58686959857191
    ],
    [
      104.17073567356874,
      73.77492366818434
    ],
    [
      104.80618287087282,
      72.99466514822593
    ],
    [
      105.4808535346088,
      72.24800727856258
    ],
    [
      106.19251903788944,
      71.53606949102577
    ],
    [
      106.93883499221155,
      70.85986208609266
    ],
    [
      107.71745700907188,
      70.22039536424037
    ],
    [
      108.52604069996717,
      69.61867962594604
    ],
    [
      109.36255387537425,
      69.05661953398727
    ],
    [
      110.22622425753488,
      68.53972904411417
    ],
    [
      111.116597350285,
      68.07443246699691
    ],
    [
      112.03302075535024,
      67.66650996934102
    ],
    [
      112.97080522763929,
      67.30860234052271
    ],
    [
      113.92149156416801,
      66.9810796790762
    ],
    [
      114.87647630332467,
      66.66384235761205
    ],
    [
      115.82845204060916,
      66.33973626744095
    ],
    [
      116.77450432929105,
      66.00159107230343
    ],
    [
      117.71264856798831,
      65.64434967372675
    ],
    [
      118.64102933800022,
      65.26327905884379
    ],
    [
      119.55984757318511,
      64.85880506625034
    ],
    [
      120.470952776117,
      64.43548936285315
    ],
    [
      121.37624082427185,
      63.99800995807501
    ],
    [
      122.2776075951256,
      63.55104486133874
    ],
    [
      123.17694896615421,
      63.09927208206714
    ],
    [
      124.07616081483363,
      62.64736962968298
    ],
    [
      124.97713901863983,
      62.20001551360909
    ],
    [
      125.8817794550487,
      61.76188774326826
    ],
    [
      126.79197800153625,
      61.33766432808333
    ],
    [
      127.70963053557841,
      60.93202327747703
    ],
    [
      128.63663293465115,
      60.54964260087223
    ],
    [
      129.57470735022704,
      60.194803544857976
    ],
    [
      130.52332710256326,
      59.866651379665804
    ],
    [
      131.48039780431105,
      59.560750978233315
    ],
    [
      132.44379315020205,
      59.27259431799578
    ],
    [
      133.4113868349677,
      58.997673376388406
    ],
    [
      134.38107469941747,
      58.73150794097688
    ],
    [
      135.3514418808974,
      58.470483389465436
    ],
    [
      136.3218806460058,
      58.21199865915768
    ],
    [
      137.29182915810063,
      57.95351032261331
    ],
    [
      138.26100575496935,
      57.69316292376246
    ],
    [
      139.23035973062213,
      57.4321236329775
    ],
    [
      140.20117834172828,
      57.17238949162986
    ],
    [
      141.1746108648048,
      56.91565734384196
    ],
    [
      142.14860139864527,
      56.6566506106348
    ],
    [
      143.11787131229084,
      56.38308110242883
    ],
    [
      144.07700047477618,
      56.08235277170325
    ],
    [
      145.0205687551357,
      55.74186957093714
    ],
    [
      145.94317396330086,
      55.34911564468879
    ],
    [
      146.84080290282932,
      54.89778365024867
    ],
    [
      147.71179732667463,
      54.39209237910431
    ],
    [
      148.55472716455992,
      53.83728052546453
    ],
    [
      149.36816234620835,
      53.238586783538096
    ],
    [
      150.15067272654127,
      52.601248934536336
    ],
    [
      150.9007339600756,
      51.929354991819054
    ],
    [
      151.61654337622872,
      51.22359585751625
    ],
    [
      152.29624714920237,
      50.484038056155626
    ],
    [
      152.93799148991513,
      49.7108409860986
    ],
    [
      153.53992309630607,
      48.90539593606941
    ],
    [
      154.10018901168075,
      48.06996778064705
    ],
    [
      154.61693754458923,
      47.20684007422302
    ],
    [
      155.08878924265107,
      46.31834559495413
    ],
    [
      155.51554354763903,
      45.406940002844536
    ],
    [
      155.8971808287665,
      44.47509781684174
    ],
    [
      156.23368145524685,
      43.52529355589323
    ],
    [
      156.5250257962935,
      42.56000173894653
    ],
    [
      156.7701440602226,
      41.581769054058796
    ],
    [
      156.96326214839863,
      40.59346547845679
    ],
    [
      157.0972892292381,
      39.59805147782931
    ],
    [
      157.16558230076853,
      38.598442583773846
    ],
    [
      157.17222542428036,
      37.59647804934915
    ],
    [
      157.13227159361503,
      36.592896581601565
    ],
    [
      157.06127007685095,
      35.588387094889775
    ],
    [
      156.97477014206663,
      34.583638503572494
    ],
    [
      156.88826739273003,
      33.57933516823898
    ],
    [
      156.81287716425513,
      32.575789757025674
    ],
    [
      156.75215775008797,
      31.57267367697921
    ],
    [
      156.70891856440053,
      30.569594788173603
    ],
    [
      156.68596902136463,
      29.56616095068286
    ],
    [
      156.68611417734806,
      28.561980229860087
    ],
    [
      156.70559467391945,
      27.556969914967688
    ],
    [
      156.72088590283332,
      26.551978358889468
    ],
    [
      156.70475824317367,
      25.54802844316666
    ],
    [
      156.6312893634614,
      24.54627984735887
    ],
    [
      156.49232857500098,
      23.549751919930287
    ],
    [
      156.29254482908203,
      22.56280548835969
    ],
    [
      156.03689095091565,
      21.589827503014625
    ],
    [
      155.73041431240594,
      20.63371707951944
    ],
    [
      155.37840270227437,
      19.693590012459726
    ],
    [
      154.98618155909054,
      18.767969619305234
    ],
    [
      154.55907632142404,
      17.855379217525698
    ],
    [
      154.1024124278446,
      16.954342124590887
    ],
    [
      153.62151531692166,
      16.06338165797054
    ],
    [
      153.12171042722494,
      15.181021135134396
    ],
    [
      152.60832319732398,
      14.30578387355222
    ],
    [
      152.08667906578847,
      13.436193190693755
    ],
    [
      151.56210347118792,
      12.570772404028746
    ],
    [
      151.039921852092,
      11.708044831026939
    ],
    [
      150.52545964707025,
      10.84653378915807
    ],
    [
      150.02404229469238,
      9.984762595891915
    ],
    [
