{
  "test_id": 118,
  "test_outcome": "NOT_EXECUTED",
  "predicted_test_outcome": null,
  "test_duration": null,
  "road_points": [
    [
      99.99999999999999,
      100.0
    ],
    [
      100.06283911427268,
      99.03293557826682
    ],
    [
      100.0959935478954,
      98.0532983173106
    ],
    [
      100.10517929024434,
      97.0627856846708
    ],
    [
      100.09611233069586,
      96.06309514788698
    ],
    [
      100.07450865862603,
      95.05592417449847
    ],
    [
      100.04608426341113,
      94.04297023204482
    ],
    [
      100.01655513442742,
      93.02593078806551
    ],
    [
      99.99163726105107,
      92.00650331009994
    ],
    [
      99.97704663265831,
      90.98638526568763
    ],
    [
      99.9784992386254,
      89.96727412236802
    ],
    [
      100.00171106832852,
      88.9508673476806
    ],
    [
      100.05239811114393,
      87.93886240916481
    ],
    [
      100.13627635644785,
      86.93295677436014
    ],
    [
      100.2590617936165,
      85.93484791080603
    ],
    [
      100.42647041202605,
      84.94623328604197
    ],
    [
      100.64421820105281,
      83.9688103676074
    ],
    [
      100.91700112906297,
      83.00423825536635
    ],
    [
      101.24308611823831,
      82.05393422322504
    ],
    [
      101.61824187305679,
      81.11922157564683
    ],
    [
      102.03827963514489,
      80.20145688288748
    ],
    [
      102.50112861466829,
      79.30347085152995
    ],
    [
      103.00762225929898,
      78.43011557890551
    ],
    [
      103.55880429556578,
      77.58638951943048
    ],
    [
      104.15571844999744,
      76.77729112752121
    ],
    [
      104.79939812414148,
      76.00780588488144
    ],
    [
      105.48806662327021,
      75.2793885577148
    ],
    [
      106.21334093180062,
      74.58519347083173
    ],
    [
      106.96588954405806,
      73.91718322878106
    ],
    [
      107.7363809543679,
      73.26732043611165
    ],
    [
      108.51548365705551,
      72.62756769737234
    ],
    [
      109.29460832331223,
      71.99024174663525
    ],
    [
      110.06828635891003,
      71.34914837576969
    ],
    [
      110.83186928634309,
      70.69848469515304
    ],
    [
      111.58087000230745,
      70.03263674035566
    ],
    [
      112.31430425571094,
      69.3500914860482
    ],
    [
      113.03457849737879,
      68.65330554684908
    ],
    [
      113.74423811123462,
      67.9448981923051
    ],
    [
      114.44582848120199,
      67.22748869196299
    ],
    [
      115.14189499120457,
      66.50369631536952
    ],
    [
      115.83498302516583,
      65.77614033207139
    ],
    [
      116.52763796700945,
      65.0474400116154
    ],
    [
      117.22240520065905,
      64.32021462354828
    ],
    [
      117.92183011003817,
      63.597083437416764
    ],
    [
      118.62845807907044,
      62.88066572276763
    ],
    [
      119.34483449167948,
      62.17358074914762
    ],
    [
      120.0735047317888,
      61.47844778610347
    ],
    [
      120.81702580339892,
      60.79800738187376
    ],
    [
      121.57815129081281,
      60.13705179246601
    ],
    [
      122.35979863296589,
      59.50208342397905
    ],
    [
      123.1648902756308,
      58.89965693884946
    ],
    [
      123.99634866458004,
      58.336326999513766
    ],
    [
      124.8570379449859,
      57.81858818170925
    ],
    [
      125.74712441480196,
      57.35015456262688
    ],
    [
      126.66299751258208,
      56.930847652080985
    ],
    [
      127.60076488733453,
      56.56019853742742
    ],
    [
      128.5565341880676,
      56.237738306022
    ],
    [
      129.5264149173022,
      55.962999620288016
    ],
    [
      130.50708201904084,
      55.73599564029009
    ],
    [
      131.49656957771035,
      55.5578944887007
    ],
    [
      132.4931117163748,
      55.43003427588611
    ],
    [
      133.49491767106935,
      55.35361951742956
    ],
    [
      134.49994216202668,
      55.32848847569727
    ],
    [
      135.50599084756615,
      55.353679241449456
    ],
    [
      136.51086750118142,
      55.42821978760945
    ],
    [
      137.512375896366,
      55.551138087100526
    ],
    [
      138.50826771846076,
      55.72153016305299
    ],
    [
      139.4951222938896,
      55.940023658799376
    ],
    [
      140.46836067562413,
      56.2087594360166
    ],
    [
      141.42335464570505,
      56.52994272604845
    ],
    [
      142.35547598617308,
      56.905778760238725
    ],
    [
      143.26014853951966,
      57.338402538577185
    ],
    [
      144.13661799683373,
      57.82479325471093
    ],
    [
      144.9904946371131,
      58.35334405240187
    ],
    [
      145.82799119164403,
      58.91163534637527
    ],
    [
      146.65532039171273,
      59.487247551356354
    ],
    [
      147.47869330273366,
      60.067764495871224
    ],
    [
      148.30255152701847,
      60.644396094988814
    ],
    [
      149.12620802523438,
      61.21886217405359
    ],
    [
      149.94805188977335,
      61.794775802928335
    ],
    [
      150.76642881493956,
      62.375737714026904
    ],
    [
      151.5791228679732,
      62.96518897730943
    ],
    [
      152.3835266668781,
      63.56645937937805
    ],
    [
      153.17702486357607,
      64.18287644219296
    ],
    [
      153.95700210998896,
      64.81776768771442
    ],
    [
      154.72114154679642,
      65.47403692604975
    ],
    [
      155.47641707391256,
      66.14139951478008
    ],
    [
      156.2406817426772,
      66.79412759866851
    ],
    [
      157.0324072543189,
      67.40561513432522
    ],
    [
      157.86582007055353,
      67.9553868832242
    ],
    [
      158.7364918564952,
      68.44990811688187
    ],
    [
      159.63487167691665,
      68.90304196104532
    ],
    [
      160.55140845311158,
      69.32865174866753
    ],
    [
      161.476551106374,
      69.7406008127015
    ],
    [
      162.40102465300888,
      70.15245468408115
    ],
    [
      163.3177987328904,
      70.57535779446687
    ],
    [
      164.22093484897658,
      71.01927686850551
    ],
    [
      165.10450178568075,
      71.4941707769097
    ],
    [
      165.96256832741645,
      72.0099983903921
    ],
    [
      166.78937348812983,
      72.57621452739679
    ],
    [
      167.58200232186795,
      73.19384683780524
    ],
    [
      168.33989447172104,
      73.85695099708386
    ],
    [
      169.0625603274209,
      74.55937373259265
    ],
    [
      169.74940354162382,
      75.29595474626936
    ],
    [
      170.3995121610381,
      76.06446982088737
    ],
    [
      171.0119161789807,
      76.86323480968301
    ],
    [
      171.5856455887686,
      77.69056556589267
    ],
    [
      172.11973038371883,
      78.5447779427527
    ],
    [
      172.61240814103505,
      79.42423293319229
    ],
    [
      173.05767737180255,
      80.32753300698558
    ],
    [
      173.4481249528759,
      81.25336104713227
    ],
    [
      173.77663489159823,
      82.20035466213407
    ],
    [
      174.04571805428796,
      83.16568755607192
    ],
    [
      174.26936153203826,
      84.14478830554249
    ],
    [
      174.4622239652805,
      85.13298336826391
    ],
    [
      174.63896399444596,
      86.12559920195406
    ],
    [
      174.81421600873333,
      87.11797178482223
    ],
    [
      174.99917929648748,
      88.1067856387984
    ],
    [
      175.19809381360108,
      89.0914573639906
    ],
    [
      175.4143582381426,
      90.07173382735333
    ],
    [
      175.6513712481805,
      91.04736189584118
    ],
    [
      175.91253124575434,
      92.01808848222319
    ],
    [
      176.19496799432847,
      92.98470094809802
    ],
    [
      176.47334064287037,
      93.9517162566798
    ],
    [
      176.71727531898426,
      94.92448673617041
    ],
    [
      176.89772319595002,
