{
  "test_id": 113,
  "test_outcome": "NOT_EXECUTED",
  "predicted_test_outcome": null,
  "test_duration": null,
  "road_points": [
    [
      99.99999999999999,
      99.99999999999999
    ],
    [
      99.96895115550794,
      98.99972593614334
    ],
    [
      99.89270739817428,
      97.99596680595272
    ],
    [
      99.76981473856127,
      96.99311371451266
    ],
    [
      99.5988191872311,
      95.99555776690774
    ],
    [
      99.37826675474611,
      95.00769006822256
    ],
    [
      99.10670345166848,
      94.03390172354165
    ],
    [
      98.78267528856048,
      93.07858383794964
    ],
    [
      98.40472827598438,
      92.14612751653107
    ],
    [
      97.97148963287971,
      91.24085601379933
    ],
    [
      97.4861516208341,
      90.3632784364939
    ],
    [
      96.95881097221886,
      89.50813512337157
    ],
    [
      96.40013876783136,
      88.66968653820449
    ],
    [
      95.82080608846908,
      87.84219314476479
    ],
    [
      95.23148463801749,
      87.01991517666796
    ],
    [
      94.64311799328621,
      86.1970124429827
    ],
    [
      94.06734598627705,
      85.36738756971177
    ],
    [
      93.51591833193486,
      84.5249025942454
    ],
    [
      93.00058474520459,
      83.66341955397384
    ],
    [
      92.53309494103124,
      82.77680048628733
    ],
    [
      92.12266844764146,
      81.86069788694783
    ],
    [
      91.76711753951271,
      80.91883646742693
    ],
    [
      91.46104119047773,
      79.95721479550835
    ],
    [
      91.1992992956308,
      78.98174938926304
    ],
    [
      90.98293389217608,
      77.99641103650046
    ],
    [
      90.81926900231517,
      77.00319337081828
    ],
    [
      90.71590961593029,
      76.00400156106006
    ],
    [
      90.67504075964902,
      75.00065108129071
    ],
    [
      90.67888703635707,
      73.99462708123382
    ],
    [
      90.70507920574582,
      72.98733868726565
    ],
    [
      90.73174983900606,
      71.9801561067045
    ],
    [
      90.74582487637912,
      70.97376755843311
    ],
    [
      90.74172327211201,
      69.96828012469932
    ],
    [
      90.71410511627789,
      68.96378226300179
    ],
    [
      90.65989932627033,
      67.96030419878932
    ],
    [
      90.58287607482949,
      66.9577005688618
    ],
    [
      90.4880898624587,
      65.95579304627717
    ],
    [
      90.38059518966128,
      64.95440330409332
    ],
    [
      90.26544655694055,
      63.95335301536816
    ],
    [
      90.14769846479984,
      62.952463853159635
    ],
    [
      90.03240541374245,
      61.9515574905256
    ],
    [
      89.92462190427173,
      60.95045560052402
    ],
    [
      89.82940243689094,
      59.94897985621277
    ],
    [
      89.75180151210347,
      58.94695193064977
    ],
    [
      89.6968736304126,
      57.944193496892915
    ],
    [
      89.6696660062178,
      56.94052667623736
    ],
    [
      89.67263423229936,
      55.93593302515893
    ],
    [
      89.70182563792851,
      54.93078833308906
    ],
    [
      89.75231433697131,
      53.92552826115214
    ],
    [
      89.81917444329393,
      52.9205884704726
    ],
    [
      89.89748007076248,
      51.91640462217487
    ],
    [
      89.9826032683922,
      50.91331626085543
    ],
    [
      90.07121062477518,
      49.91124530113407
    ],
    [
      90.16032024192978,
      48.91000025627413
    ],
    [
      90.24709807017967,
      47.90936944300785
    ],
    [
      90.33201432724267,
      46.90868983324762
    ],
    [
      90.41879098177303,
      45.90685422754623
    ],
    [
      90.51128711860575,
      44.90273670095163
    ],
    [
      90.60943272226152,
      43.89581577149448
    ],
    [
      90.69920942656172,
      42.88771573665235
    ],
    [
      90.76350505042237,
      41.88053683866363
    ],
    [
      90.78520741275948,
      40.87637931976666
    ],
    [
      90.74720433248909,
      39.87734342219981
    ],
    [
      90.63580091525003,
      38.885160654707214
    ],
    [
      90.45895534181308,
      37.899226106908166
    ],
    [
      90.233080860742,
      36.91802254617797
    ],
    [
      89.97461009822989,
      35.94003064899895
    ],
    [
      89.69997568046973,
      34.96373109185336
    ],
    [
      89.42528735078535,
      33.987623570251166
    ],
    [
      89.16277334915449,
      33.01043641499512
    ],
    [
      88.92209557428582,
      32.03104912413823
    ],
    [
      88.71287027177456,
      31.048343884875365
    ],
    [
      88.54471368721593,
      30.06120288440134
    ],
    [
      88.42724206620512,
      29.068508309910996
    ],
    [
      88.37007165433738,
      28.069142348599193
    ],
    [
      88.3828186972079,
      27.061987187660744
    ],
    [
      88.47509944041185,
      26.04592501429049
    ]
  ],