{
  "test_id": 121,
  "test_outcome": "NOT_EXECUTED",
  "predicted_test_outcome": null,
  "test_duration": null,
  "road_points": [
    [
      99.99999999999999,
      100.0
    ],
    [
      99.96992831803989,
      98.99960775342156
    ],
    [
      99.89386502471734,
      97.99683492419643
    ],
    [
      99.77065295609134,
      96.99569737569406
    ],
    [
      99.59913494822102,
      96.000210971284
    ],
    [
      99.37815383716541,
      95.01439157433573
    ],
    [
      99.10655245898367,
      94.04225504821876
    ],
    [
      98.78317364973482,
      93.08781725630259
    ],
    [
      98.40686024547799,
      92.15509406195672
    ],
    [
      97.97652027069243,
      91.24805074541975
    ],
    [
      97.49496341911654,
      90.36762507611571
    ],
    [
      96.9710414376666,
      89.5100664759638
    ],
    [
      96.41412517348847,
      88.67122156965577
    ],
    [
      95.83358547372808,
      87.84693698188352
    ],
    [
      95.23879611178037,
      87.0330559983016
    ],
    [
      94.64078596321897,
      86.22353332719692
    ],
    [
      94.05499839077972,
      85.40728646486191
    ],
    [
      93.49760478043301,
      84.57240218654866
    ],
    [
      92.98406160527016,
      83.7077821978796
    ],
    [
      92.52153511922924,
      82.81177823896755
    ],
    [
      92.11185283360047,
      81.88882769147784
    ],
    [
      91.75675371925219,
      80.94346886444869
    ],
    [
      91.45797674705273,
      79.98024006691837
    ],
    [
      91.21705542413669,
      79.00363675143359
    ],
    [
      91.03008226528388,
      78.0170194654254
    ],
    [
      90.88727896267244,
      77.0225241954049
    ],
    [
      90.77857562287542,
      76.02222610772876
    ],
    [
      90.69390235246591,
      75.01820036875368
    ],
    [
      90.62322567115034,
      74.01251520705402
    ],
    [
      90.56001512228417,
      73.00657142125795
    ],
    [
      90.50410513935671,
      72.00055710956536
    ],
    [
      90.45600374454968,
      70.9945320315438
    ],
    [
      90.41621896004467,
      69.98855594676064
    ],
    [
      90.38525880802338,
      68.98268861478336
    ],
    [
      90.36363131066743,
      67.97698979517939
    ],
    [
      90.35184449015848,
      66.9715192475162
    ],
    [
      90.3504063686782,
      65.96633673136122
    ],
    [
      90.35982496840822,
      64.96150200628195
    ],
    [
      90.38060831153018,
      63.95707483184578
    ],
    [
      90.41326442022574,
      62.95311496762018
    ],
    [
      90.45830131667657,
      61.949682173172626
    ],
    [
      90.5162270230643,
      60.946836208070536
    ],
    [
      90.5875495615706,
      59.94463683188138
    ],
    [
      90.67278372523195,
      58.94314843091793
    ],
    [
      90.7728186230709,
      57.94269117378063
    ],
    [
      90.88910590016629,
      56.94396962825324
    ],
    [
      91.02314358571819,
      55.947720057898245
    ],
    [
      91.17642970892666,
      54.95467872627804
    ],
    [
      91.35046045358695,
      53.96558130836401
    ],
    [
      91.54588462046983,
      52.9808932066613
    ],
    [
      91.76116274753697,
      52.00038187815455
    ],
    [
      91.99440687800247,
      51.02370362757238
    ],
    [
      92.24372905508034,
      50.05051475964337
    ],
    [
      92.50724132198467,
      49.08047157909614
    ],
    [
      92.78305572192954,
      48.1132303906593
    ],
    [
      93.06928429812906,
      47.14844749906147
    ],
    [
      93.36403909379727,
      46.18577920903124
    ],
    [
      93.66543215214827,
      45.22488182529724
    ],
    [
      93.97159693095455,
      44.265420118901716
    ],
    [
      94.28548042542948,
      43.308961908191314
    ],
    [
      94.620906871778,
      42.36137536326065
    ],
    [
      94.99319383308745,
      41.42911904572683
    ],
    [
      95.41643772779533,
      40.518348105805956
    ],
    [
      95.89319610555728,
      39.63235069155848
    ],
    [
      96.41967590676865,
      38.77283704849805
    ],
    [
      96.9920180586871,
      37.9415010202005
    ],
    [
      97.6063634885705,
      37.1400364502417
    ],
    [
      98.25891977921033,
      36.370139491133926
    ],
    [
      98.94723656461039,
      35.63355278381604
    ],
    [
      99.67010727217081,
      34.93206205401945
    ],
    [
      100.42637229764227,
      34.26745465445129
    ],
    [
      101.21487203677542,
      33.641517937818676
    ],
    [
      102.03443731749192,
      33.05603709486142
    ],
    [
      102.88332205408105,
      32.51266695566882
    ],
    [
      103.75888430561669,
      32.01285992095056
    ],
    [
      104.65840487646803,
      31.558050934776432
    ],
    [
      105.57916457100438,
      31.149674941216215
    ],
    [
      106.51844470407887,
      30.789165768250065
    ],
    [
      107.47382115514114,
      30.47731322644864
    ],
    [
      108.4436577979589,
      30.21318430542817
    ],
    [
      109.42644887437295,
      29.99556096629267
    ],
    [
      110.42057471432386,
      29.823496619193126
    ],
    [
      111.4230897732511,
      29.69920419817038
    ],
    [
      112.43019232019016,
      29.62693690683456
    ],
    [
      113.43806631916108,
      29.610982037269487
    ],
    [
      114.44289573418382,
      29.65562688155901
    ],
    [
      115.44099089841434,
      29.764624408986577
    ],
    [
      116.43202581361406,
      29.92750509046963
    ],
    [
      117.4193136318793,
      30.11841208748306
    ],
    [
      118.40634907783455,
      30.310720823866312
    ],
    [
      119.39603077305135,
      30.482708661991843
    ],
    [
      120.38887292689049,
      30.63226071836421
    ],
    [
      121.38479364565994,
      30.76216404802097
    ],
    [
      122.38371103566773,
      30.87520570599972
    ],
    [
      123.38554320322184,
      30.974172747338002
    ],
    [
      124.38992705380754,
      31.062924395913214
    ],
    [
      125.39444449871927,
      31.153155203805007
    ],
    [
      126.39576541672315,
      31.26003714128912
    ],
    [
      127.3905555743884,
      31.398757857717982
    ],
    [
      128.37548073828427,
      31.584505002444033
    ],
    [
      129.34725423057859,
      31.831628840633897
    ],
    [
      130.30328153920163,
      32.14229161584573
    ],
    [
      131.2414912282532,
      32.509444969197055
    ],
    [
      132.15982497600194,
      32.925816030169216
    ],
    [
      133.0563434572537,
      33.38566187610086
    ],
    [
      133.9294247342801,
      33.88732025999089
    ],
    [
      134.77749921188808,
      34.42980190693749
    ],
    [
      135.59899729488455,
      35.012117542038915
    ],
    [
      136.39234938807627,
      35.63327789039334
    ],
    [
      137.15517852385187,
      36.29259532541893
    ],
    [
      137.8812479764164,
      36.990824293045925
    ],
    [
      138.56316892361406,
      37.729149682360344
    ],
    [
      139.1938928578455,
      38.50857235135402
    ],
    [
      139.77538867651356,
      39.32521773286917
    ],
    [
      140.31935504351245,
      40.169950683313665
    ],
    [
      140.8379738701521,
      41.033374782530515
    ],
    [
      141.34342706774237,
      41.90609361036264
    ],
    [
      141.8478653233532,
      42.77873825130691
    ],
    [
      142.36043548338984,
      43.644585798156754
    ],
    [
      142.88482650480861,
      44.50172106234765
    ],
    [
      143.42414974266896,
      45.34873765041523
    ],
    [
      143.98151655203014,
      46.18422916889515
    ],
    [
      144.56003593828274,
      47.0067905500532
    ],
    [
      145.15659669803182,
      47.81852629239877
    ],
    [
      145.7483635304053,
      48.63266962485522
    ],
    [
      146.30860067974814,
      49.46465449097036
    ],
    [
