{
  "test_id": 146,
  "test_outcome": "NOT_EXECUTED",
  "predicted_test_outcome": null,
  "test_duration": null,
  "road_points": [
    [
      100.0,
      99.99999999999999
    ],
    [
      99.91855488302609,
      99.02239623164286
    ],
    [
      99.87511404017513,
      98.03603792830472
    ],
    [
      99.86221187733148,
      97.04229079338829
    ],
    [
      99.87238280037936,
      96.04252053029607
    ],
    [
      99.89816121520307,
      95.03809284243079
    ],
    [
      99.93208152768695,
      94.03037343319508
    ],
    [
      99.96667814371519,
      93.0207280059915
    ],
    [
      99.99448546917218,
      92.01052226422281
    ],
    [
      100.00803790994212,
      91.00112191129153
    ],
    [
      99.99986987190934,
      89.99389265060036
    ],
    [
      99.9625157609581,
      88.99020018555188
    ],
    [
      99.88850998297268,
      87.99141021954875
    ],
    [
      99.77038694383741,
      86.99888845599364
    ],
    [
      99.60091638686147,
      86.01401633938181
    ],
    [
      99.37776100674793,
      85.03850259067681
    ],
    [
      99.10320398659832,
      84.07436498298749
    ],
    [
      98.77970929825663,
      83.12363338189948
    ],
    [
      98.4097409135668,
      82.18833765299829
    ],
    [
      97.99574623162131,
      81.27051993861518
    ],
    [
      97.53893176746575,
      80.37314160187623
    ],
    [
      97.0384236795909,
      79.50070509027432
    ],
    [
      96.49314947571341,
      78.65786000761658
    ],
    [
      95.90203666354984,
      77.84925595770994
    ],
    [
      95.26401463841297,
      77.07954045234709
    ],
    [
      94.58178126036495,
      76.34918443057718
    ],
    [
      93.86969442271064,
      75.6457360683967
    ],
    [
      93.14436025602124,
      74.95425183042579
    ],
    [
      92.4217605214865,
      74.26034733853996
    ],
    [
      91.70861158065024,
      73.55793589158164
    ],
    [
      91.00453645780964,
      72.84728326355246
    ],
    [
      90.30897808558434,
      72.12881653579024
    ],
    [
      89.62148481108156,
      71.40288980723736
    ],
    [
      88.94190220687913,
      70.66965139651826
    ],
    [
      88.27012785449327,
      69.92921361452258
    ],
    [
      87.60605933544029,
      69.18168877213999
    ],
    [
      86.94959423123642,
      68.42718918026011
    ],
    [
      86.30063012339791,
      67.66582714977262
    ],
    [
      85.65906459344106,
      66.89771499156718
    ],
    [
      85.02479522288209,
      66.12296501653341
    ],
    [
      84.39771959323728,
      65.34168953556095
    ],
    [
      83.77773528602289,
      64.55400085953949
    ],
    [
      83.1647398827552,
      63.76001129935865
    ],
    [
      82.55863096495044,
      62.959833165908094
    ],
    [
      81.95930920413022,
      62.15357728201591
    ],
    [
      81.36887401280318,
      61.34029561731877
    ],
    [
      80.79548401589096,
      60.516122191390735
    ],
    [
      80.24833264183172,
      59.67669269089076
    ],
    [
      79.73661331906357,
      58.81764280247775
    ],
    [
      79.2695194760245,
      57.9346082128106
    ],
    [
      78.85491109602158,
      57.02431411096477
    ],
    [
      78.49360953984255,
      56.089236650989704
    ],
    [
      78.18412223891833,
      55.133742602129125
    ],
    [
      77.92495523757619,
      54.16219986697152
    ],
    [
      77.71461458014338,
      53.17897634810537
    ],
    [
      77.55176862102766,
      52.188288558984155
    ],
    [
      77.4368205663238,
      51.1927348899275
    ],
    [
      77.37122469192347,
      50.1939333821184
    ],
    [
      77.35644608975781,
      49.19348911850097
    ],
    [
      77.3931872931566,
      48.19315411423274
    ],
    [
      77.4804778473037,
      47.19500274114131
    ],
    [
      77.61712526530191,
      46.20115215290082
    ],
    [
      77.801937060254,
      45.213719503185494
    ],
    [
      78.03372074526281,
      44.23482194566949
    ],
    [
      78.31176269350716,
      43.26699809154109
    ],
    [
      78.63733415355128,
      42.3145334937103
    ],
    [
      79.01222057623356,
      41.382166268211584
    ],
    [
      79.43820741322219,
      40.474634531809755
    ],
    [
      79.91708011618532,
      39.59667640126957
    ],
    [
      80.44959702415503,
      38.75212179039782
    ],
    [
      81.02815618577347,
      37.93740820033387
    ],
    [
      81.64108481505765,
      37.1453735814782
    ],
    [
      82.27668287031663,
      36.36883178393916
    ],
    [
      82.92325030985943,
      35.60059665782512
    ],
    [
      83.56951185132863,
      34.83373719154115
    ],
    [
      84.21192134402587,
      34.06596499657536
    ],
    [
      84.85367393152448,
      33.29904094761593
    ],
    [
      85.49819077084642,
      32.53486174083325
    ],
    [
      86.14881801501127,
      31.77552016199301
    ],
    [
      86.80865712529693,
      31.023748716116653
    ],
    [
      87.48075974580416,
      30.282410149676817
    ],
    [
      88.16817752063363,
      29.55436720914618
    ],
    [
      88.87396209388606,
      28.84248264099738
    ],
    [
      89.59832971988777,
      28.147226160308517
    ],
    [
      90.32362696068687,
      27.453985698686612
    ],
    [
      91.02525700761488,
      26.742289074868474
    ],
    [
      91.67891426079485,
      25.991905666727206
    ],
    [
      92.27498255408457,
      25.19480052174219
    ],
    [
      92.82470446532994,
      24.360256329085395
    ],
    [
      93.34091083772813,
      23.498874410070638
    ],
    [
      93.83643251447604,
      22.621256086011666
    ],
    [
      94.32409841417027,
      21.73800055313798
    ],
    [
      94.81585321579782,
      20.85873065769504
    ],
    [
      95.32135795304984,
      19.990547715536977
    ],
    [
      95.84990993915633,
      19.140151433652314
    ],
    [
      96.41080648734719,
      18.314241519029554
    ],
    [
      97.0133449108524,
      17.519517678657195
    ],
    [
      97.66475446144847,
      16.761773485553743
    ],
    [
      98.36206911398338,
      16.04233538883104
    ],
    [
      99.09918648516282,
      15.361155622801808
    ],
    [
      99.87006798962229,
      14.718198771422452
    ],
    [
      100.67061580544443,
      14.113811420724828
    ],
    [
      101.49896434297855,
      13.548779528865289
    ],
    [
      102.35337132315702,
      13.023913325324232
    ],
    [
      103.23209446691209,
      12.540023039582051
    ],
    [
      104.13339110980328,
      12.097931589106846
    ],
    [
      105.05546025967654,
      11.70038226949268
    ],
    [
      105.99638073292483,
      11.35407555247315
    ],
    [
      106.95421652075058,
      11.06620001347088
    ],
    [
      107.92693509554485,
      10.84242967686505
    ],
    [
      108.91164803079404,
      10.67500799775366
    ],
    [
      109.90501940275038,
      10.549156407285894
    ],
    [
      110.90370938151685,
      10.45003504221351
    ],
    [
      111.90437813719636,
      10.362804039288282
    ],
    [
      112.90376815778659,
      10.272902623224708
    ],
    [
      113.90029862048591,
      10.171454612292196
    ],
    [
      114.89395320612161,
      10.054888067931614
    ],
    [
      115.8847754425631,
      9.91983395508591
    ],
    [
      116.87280885767979,
      9.76292323869803
    ],
    [
      117.85810977564608,
      9.580952274293642
    ],
    [
      118.84165857219035,
      9.382660664033523
    ],
    [
      119.82596581486936,
      9.196565541237163
    ],
    [
      120.81368584915919,
      9.053042350206594
    ],
    [
      121.80704371647751,
      8.97835746266742
    ],
    [
      122.80533031575013,
      8.970693182159668
    ],
    [
      123.806609371143,
      9.016485941079148
    ],
    [
      124.80894047102956,
