{
  "test_id": 156,
  "test_outcome": "NOT_EXECUTED",
  "predicted_test_outcome": null,
  "test_duration": null,
  "road_points": [
    [
      100.0,
      100.00000000000001
    ],
    [
      99.98723833431382,
      98.98535597991324
    ],
    [
      99.89824237128815,
      97.98078093995287
    ],
    [
      99.75135272628754,
      96.98391329390218
    ],
    [
      99.56491001467671,
      95.99239145554452
    ],
    [
      99.35725485182029,
      95.00385383866319
    ],
    [
      99.1467278530829,
      94.01593885704153
    ],
    [
      98.95166963382917,
      93.0262849244628
    ],
    [
      98.79042080942378,
      92.03253045471038
    ],
    [
      98.68114586589496,
      91.03236066533154
    ],
    [
      98.63304497592378,
      90.02584290745007
    ],
    [
      98.64227466653506,
      89.0165106879425
    ],
    [
      98.70396332207109,
      88.008170727384
    ],
    [
      98.81396220851383,
      87.00446943461942
    ],
    [
      98.97207323086876,
      86.0081770947372
    ],
    [
      99.17944112787225,
      85.02176619580457
    ],
    [
      99.43716306252428,
      84.04769427634952
    ],
    [
      99.74479273320269,
      83.08795271513733
    ],
    [
      100.10006023245981,
      82.14398212245665
    ],
    [
      100.5005904513107,
      81.21719133545216
    ],
    [
      100.9448571830934,
      80.30974710248847
    ],
    [
      101.43498698277976,
      79.42707740582141
    ],
    [
      101.97408867883513,
      78.57548721447151
    ],
    [
      102.5647961569945,
      77.76083360452994
    ],
    [
      103.1995616511808,
      76.97937189836928
    ],
    [
      103.86105183352012,
      76.21812919526957
    ],
    [
      104.53153804539126,
      75.46375970508737
    ],
    [
      105.19592239560906,
      74.70486373712026
    ],
    [
      105.84804090050359,
      73.93665042217711
    ],
    [
      106.48362424429749,
      73.15573046388396
    ],
    [
      107.09869293381779,
      72.35894260917527
    ],
    [
      107.69370389482181,
      71.54661634599299
    ],
    [
      108.27258099773077,
      70.72180908452883
    ],
    [
      108.83934033777486,
      69.8876508009174
    ],
    [
      109.39799801018415,
      69.04727147129317
    ],
    [
      109.95257011018874,
      68.20380107179065
    ],
    [
      110.50707273301876,
      67.36036957854441
    ],
    [
      111.0655219739043,
      66.52010696768892
    ],
    [
      111.63193392807544,
      65.68614321535873
    ],
    [
      112.21032469076236,
      64.86160829768835
    ],
    [
      112.8047103571951,
      64.0496321908123
    ],
    [
      113.41910702260381,
      63.25334487086511
    ],
    [
      114.05709814044536,
      62.47555801093525
    ],
    [
      114.71752388300094,
      61.71559355903135
    ],
    [
      115.39629486771342,
      60.97061813215535
    ],
    [
      116.08927843306687,
      60.237766506129496
    ],
    [
      116.79234191754516,
      59.514173456775914
    ],
    [
      117.50140207613984,
      58.796993067458935
    ],
    [
      118.21350958723973,
      58.08382245717675
    ],
    [
      118.92684757888162,
      57.372701204752246
    ],
    [
      119.63964834228399,
      56.66168811393423
    ],
    [
      120.35087034112972,
      55.94941252108873
    ],
    [
      121.06204855719972,
      55.23652805802894
    ],
    [
      121.77528914372884,
      54.524137109392555
    ],
    [
      122.49227193227755,
      53.8130374172997
    ],
    [
      123.20775145973633,
      53.09907802121309
    ],
    [
      123.9108571882126,
      52.37408837386975
    ],
    [
      124.59055583216845,
      51.62978163119284
    ],
    [
      125.23581410606587,
      50.85787094910547
    ],
    [
      125.83572627143732,
      50.050211815610226
    ],
    [
      126.38443086974732,
      49.20428872178833
    ],
    [
      126.88266926535319,
      48.324954368037695
    ],
    [
      127.33162917884923,
      47.417559551742485
    ],
    [
      127.73249833082967,
      46.487455070286885
    ],
    [
      128.08646210036642,
      45.53998397991734
    ],
    [
      128.394290906241,
      44.57911746675685
    ],
    [
      128.65586645398977,
      43.60588860651449
    ],
    [
      128.87095575040115,
      42.62095127768722
    ],
    [
      129.0389291510311,
      41.62521740466937
    ],
    [
      129.15575235929123,
      40.62181384640148
    ],
    [
      129.2156580533675,
      39.614994900774875
    ],
    [
      129.2129440721536,
      38.609002607819285
    ],
    [
      129.14833501976221,
      37.60635258839692
    ],
    [
      129.03363593154484,
      36.60658393190758
    ],
    [
      128.88174894705645,
      35.60894101312236
    ],
    [
      128.70557620585194,
      34.61266820681233
    ],
    [
      128.51801982538618,
      33.617009902911896
    ],
    [
      128.331959984758,
      32.621225543757724
    ],
    [
      128.16021378239296,
      31.62461785276319
    ],
    [
      128.01558704838408,
      30.626497284799473
    ],
    [
      127.9108856128244,
      29.62617429473773
    ],
    [
      127.85891530580697,
      28.622959337449124
    ],
    [
      127.87006732663444,
      27.616778015155276
    ],
    [
      127.94276637609718,
      26.610604495466433
    ],
    [
      128.0717369639925,
      25.608355600536377
    ],
    [
      128.25177891934487,
      24.61391091233996
    ],
    [
      128.47974133821174,
      23.63014378799151
    ],
    [
      128.75469919337812,
      22.65883464138988
    ],
    [
      129.07583926295868,
      21.701708988121453
    ],
    [
      129.44234832506785,
      20.76049234377262
    ],
    [
      129.85343017583958,
      19.836931861256154
    ],
    [
      130.30976950400495,
      18.93465755398217
    ],
    [
      130.81465908160908,
      18.06061544697119
    ],
    [
      131.37165703114408,
      17.222088941415
    ],
    [
      131.98274758275468,
      16.424711419017378
    ],
    [
      132.6391864651958,
      15.662868836332265
    ],
    [
      133.32775298385147,
      14.926254207724204
    ],
    [
      134.0352115438303,
      14.20454492657509
    ],
    [
      134.7483265502409,
      13.487418386266857
    ],
    [
      135.45449342420454,
      12.765035337911838
    ],
    [
      136.14911304115722,
      12.033688703836017
    ],
    [
      136.8330880666673,
      11.293885772939387
    ],
    [
      137.50742926455993,
      10.546216637294851
    ],
    [
      138.1731473986601,
      9.791271388975318
    ],
    [
      138.831253232793,
      9.029640120053697
    ],
    [
      139.48275753078372,
      8.261912922602898
    ],
    [
      140.12867105645728,
      7.488679888695826
    ],
    [
      140.77000457363883,
      6.7105311104053875
    ]
  ],