{
  "test_id": 214,
  "test_outcome": "NOT_EXECUTED",
  "predicted_test_outcome": null,
  "test_duration": null,
  "road_points": [
    [
      100.0,
      100.0
    ],
    [
      99.9698561003124,
      98.99825627570375
    ],
    [
      99.89359580682616,
      97.99413131741666
    ],
    [
      99.77005698438296,
      96.99165713872083
    ],
    [
      99.59807749782435,
      95.99486575319833
    ],
    [
      99.37649521199197,
      95.00778917443127
    ],
    [
      99.1041479917273,
      94.03445941600165
    ],
    [
      98.77987370187202,
      93.0789084914916
    ],
    [
      98.40251020726771,
      92.14516841448321
    ],
    [
      97.97096794423817,
      91.23721489875479
    ],
    [
      97.48815760526051,
      90.35592032287359
    ],
    [
      96.96299485080324,
      89.49749850658021
    ],
    [
      96.40488971299557,
      88.65777974393033
    ],
    [
      95.82325222396659,
      87.83259432897955
    ],
    [
      95.22749671761707,
      87.01776763798776
    ],
    [
      94.62877519362148,
      86.20713854343902
    ],
    [
      94.04263267087866,
      85.38952380746231
    ],
    [
      93.48529777352515,
      84.55295869300198
    ],
    [
      92.97220485318789,
      83.68638615160364
    ],
    [
      92.51031562569236,
      82.78843159876482
    ],
    [
      92.101466414274,
      81.86357770977224
    ],
    [
      91.7474222039469,
      80.91638868469136
    ],
    [
      91.44994797972507,
      79.95142872358757
    ],
    [
      91.21055812391128,
      78.97320941400162
    ],
    [
      91.02503527291877,
      77.98503899806514
    ],
    [
      90.88344810318041,
      76.9890261065448
    ],
    [
      90.7756182456103,
      75.98722750449369
    ],
    [
      90.69136733112262,
      74.9816999569648
    ],
    [
      90.62057127332486,
      73.97449028454486
    ],
    [
      90.55693430786935,
      72.96694396789331
    ],
    [
      90.50044874041022,
      71.95925452748861
    ],
    [
      90.45169140862555,
      70.95150839886634
    ],
    [
      90.41123915019332,
      69.94379201756215
    ],
    [
      90.37966880279168,
      68.93619181911163
    ],
    [
      90.3575572040987,
      67.92879423905042
    ],
    [
      90.34548119179237,
      66.92168571291414
    ],
    [
      90.34401760355082,
      65.91495267623846
    ],
    [
      90.35374327705215,
      64.90868156455895
    ],
    [
      90.37523504997432,
      63.902958813411246
    ],
    [
      90.40906975999548,
      62.89787085833098
    ],
    [
      90.45582424479366,
      61.89350413485378
    ],
    [
      90.51607534204695,
      60.889945078515254
    ],
    [
      90.59039988943339,
      59.887280124851046
    ],
    [
      90.67937329760495,
      58.88559824516054
    ],
    [
      90.78351626273488,
      57.885085636010686
    ],
    [
      90.90327884218827,
      56.88605401608194
    ],
    [
      91.03910641614637,
      55.888823415208726
    ],
    [
      91.1914443647904,
      54.89371386322543
    ],
    [
      91.36073736787112,
      53.90104553343869
    ],
    [
      91.54730331915383,
      52.91116456928429
    ],
    [
      91.75118721792602,
      51.924473012370186
    ],
    [
      91.97239863812122,
      50.941380160634814
    ],
    [
      92.21094715367306,
      49.962295312016636
    ],
    [
      92.46684233851515,
      48.98762776445409
    ],
    [
      92.74009376658107,
      48.017786815885636
    ],
    [
      93.03071101180436,
      47.05318176424969
    ],
    [
      93.3387036481187,
      46.094221907484744
    ],
    [
      93.66408124945761,
      45.1413165435292
    ],
    [
      94.00684815899942,
      44.19487198334784
    ],
    [
      94.36650058886296,
      43.25500437443321
    ],
    [
      94.74160875734675,
      42.32130108419835
    ],
    [
      95.13064452236412,
      41.39329331228146
    ],
    [
      95.53207974182826,
      40.470512258320746
    ],
    [
      95.94438604789727,
      39.55248901330462
    ],
    [
      96.36554740801468,
      38.63851996853582
    ],
    [
      96.79202812536856,
      37.72717014248543
    ],
    [
      97.21999732813742,
      36.816862493967776
    ],
    [
      97.64588400007935,
      35.90609761677362
    ],
    [
      98.06973234364784,
      34.99445619471407
    ],
    [
      98.49423623436033,
      34.082310533262586
    ],
    [
      98.92214078418984,
      33.17004849856839
    ],
    [
      99.35213368291501,
      32.25695223677186
    ],
    [
      99.7725748665095,
      31.339489396659783
    ],
    [
      100.17020514161743,
      30.413686385360915
    ],
    [
      100.53176531488292,
      29.475569610004
    ],
    [
      100.84399619295013,
      28.521165477717794
    ],
    [
      101.09608633662424,
      27.54776136620853
    ],
    [
      101.28813383530267,
      26.558264741501947
    ],
    [
      101.42327501181381,
      25.557148228014626
    ],
    [
      101.50464631679738,
      24.548884516005735
    ],
    [
      101.53538420089319,
      23.537946295734464
    ],
    [
      101.51828735994548,
      22.528581855288415
    ],
    [
      101.45344304754168,
      21.523238017494936
    ],
    [
      101.33963359825427,
      20.52349462515745
    ],
    [
      101.17564322897931,
      19.530930474045718
    ],
    [
      100.96099059289834,
      18.54744723786014
    ],
    [
      100.69640841822346,
      17.575480330315617
    ],
    [
      100.38274324738519,
      16.617515200916444
    ],
    [
      100.02088395249534,
      15.67604156562495
    ],
    [
      99.61199142684704,
      14.753576557736087
    ],
    [
      99.1573341621461,
      13.85264815551454
    ],
    [
      98.65818091646958,
      12.975784364072846
    ],
    [
      98.11580044789429,
      12.125513188523525
    ],
    [
      97.53147759075111,
      11.304320510828314
    ],
    [
      96.90669245227599,
      10.51418055705835
    ],
    [
      96.24305522226997,
      9.75672670973198
    ],
    [
      95.54217845045414,
      9.033586167883076
    ],
    [
      94.80567468654957,
      8.346386130545492
    ],
    [
      94.0351564802773,
      7.6967537967531
    ],
    [
      93.23223638135846,
      7.086316365539768
    ],
    [
      92.39852693951408,
      6.516701035939363
    ],
    [
      91.5356407044653,
      5.989535006985752
    ]
  ],