{
  "test_id": 274,
  "test_outcome": "NOT_EXECUTED",
  "predicted_test_outcome": null,
  "test_duration": null,
  "road_points": [
    [
      99.99999999999999,
      100.0
    ],
    [
      100.05295753918273,
      99.02151617328943
    ],
    [
      100.07928409829113,
      98.03311804151623
    ],
    [
      100.08434564880014,
      97.03617754334924
    ],
    [
      100.07350816218454,
      96.03206661745702
    ],
    [
      100.0521376099192,
      95.0221572025083
    ],
    [
      100.02559996347901,
      94.00782123717178
    ],
    [
      99.9992611943388,
      92.99043066011613
    ],
    [
      99.97848727397347,
      91.97135741001006
    ],
    [
      99.96864417385787,
      90.95197342552221
    ],
    [
      99.97509786546684,
      89.93365064532132
    ],
    [
      100.00321432027528,
      88.91776100807604
    ],
    [
      100.058359509758,
      87.90567645245508
    ],
    [
      100.14589940538993,
      86.89876891712711
    ],
    [
      100.27119997864588,
      85.89841034076085
    ],
    [
      100.43962720100075,
      84.90597266202494
    ],
    [
      100.65654704392935,
      83.9228278195881
    ],
    [
      100.92679661939209,
      82.9508838015163
    ],
    [
      101.25233949246406,
      81.99496120883555
    ],
    [
      101.63416791590413,
      81.06086515994821
    ],
    [
      102.07309927001765,
      80.15424232876734
    ],
    [
      102.56448518112103,
      79.27574116893871
    ],
    [
      103.09725037391736,
      78.42013298157529
    ],
    [
      103.65995165069464,
      77.58185261699558
    ],
    [
      104.24114581374064,
      76.75533492551793
    ],
    [
      104.8294098612809,
      75.93501717687332
    ],
    [
      105.41563841922631,
      75.11561428561275
    ],
    [
      105.9951610233529,
      74.29237245513893
    ],
    [
      106.56380762398378,
      73.46059783701092
    ],
    [
      107.11971589349471,
      72.61765585250593
    ],
    [
      107.67836272019157,
      71.7763843764651
    ],
    [
      108.2631089010515,
      70.95665640061792
    ],
    [
      108.89707190816883,
      70.17814179198241
    ],
    [
      109.5865119471287,
      69.44630220167254
    ],
    [
      110.31163033961656,
      68.74463544411134
    ],
    [
      111.05039493032325,
      68.05475683851779
    ],
    [
      111.78292638243715,
      67.36000078600172
    ],
    [
      112.50196359874437,
      66.65377768210148
    ],
    [
      113.20482862518335,
      65.93315768206354
    ],
    [
      113.88892457415604,
      65.19529087335107
    ],
    [
      114.554338941797,
      64.44001793184907
    ],
    [
      115.20452683704411,
      63.6705549301517
    ],
    [
      115.84315680197452,
      62.89033186732219
    ],
    [
      116.47389737866541,
      62.10277874242377
    ],
    [
      117.10041710919401,
      61.31132555451972
    ],
    [
      117.7263845356375,
      60.51940230267325
    ],
    [
      118.35546820007302,
      59.7304389859476
    ],
    [
      118.99133664457783,
      58.94786560340604
    ],
    [
      119.63765841122905,
      58.17511215411179
    ],
    [
      120.29810204210395,
      57.4156086371281
    ],
    [
      120.97633607927969,
      56.67278505151823
    ],
    [
      121.67587148695596,
      55.949932191024764
    ],
    [
      122.39662388715968,
      55.24716470075697
    ],
    [
      123.1349295693629,
      54.56143522019168
    ],
    [
      123.88697044710408,
      53.88956001210299
    ],
    [
      124.6489284339217,
      53.22835533926494
    ],
    [
      125.41699734986486,
      52.57464333199175
    ],
    [
      126.18816420445424,
      51.9256370051481
    ],
    [
      126.96069303731932,
      51.279178695290376
    ],
    [
      127.73296349653694,
      50.63316771093131
    ],
    [
      128.50374077835698,
      49.98586011028165
    ],
    [
      129.27415860230627,
      49.337703558264664
    ],
    [
      130.04624952354573,
      48.68997741701694
    ],
    [
      130.82191784876198,
      48.04385237295393
    ],
    [
      131.59795732973313,
      47.396163234250494
    ],
    [
      132.36448919714812,
      46.73808373322637
    ],
    [
      133.11118533673803,
      46.060406370601015
    ],
    [
      133.82771763423386,
      45.35392364709393
    ],
    [
      134.50377674955362,
      44.60945243152169
    ],
    [
      135.13234681933557,
      43.82208438557245
    ],
    [
      135.7134485708171,
      42.99604436660821
    ],
    [
      136.24800833663107,
      42.13673266932303
    ],
    [
      136.73695244941055,
      41.24954958841106
    ],
    [
      137.1812072263397,
      40.33989539146648
    ],
    [
      137.58122271352696,
      39.41233488489691
    ],
    [
      137.93572292788625,
      38.46840512374558
    ],
    [
      138.24304100691594,
      37.50895749349265
    ],
    [
      138.50153965624645,
      36.534906713144025
    ],
    [
      138.71007623100758,
      35.5482270172943
    ],
    [
      138.86791748033244,
      34.55176954292798
    ],
    [
      138.97434288924893,
      33.54841168651231
    ],
    [
      139.02903318904552,
      32.540892782009585
    ],
    [
      139.0328207455154,
      31.53155590412644
    ],
    [
      138.98674325254453,
      30.522673477413594
    ],
    [
      138.89183840401884,
      29.51651792642181
    ],
    [
      138.7491438938244,
      28.51536167570186
    ],
    [
      138.55885973520327,
      27.521938629161056
    ],
    [
      138.31704106030782,
      26.541266111092387
    ],
    [
      138.01846332044377,
      25.57906642363218
    ],
    [
      137.6582405792124,
      24.640861133535935
    ],
    [
      137.2405579423835,
      23.726794746366185
    ],
    [
      136.77944174326217,
      22.83117816205469
    ],
    [
      136.28941165406746,
      21.948029842963248
    ],
    [
      135.78498734701822,
      21.071368251453634
    ],
    [
      135.28064104447694,
      20.195228878343435
    ],
    [
      134.78672810746468,
      19.315124643389524
    ],
    [
      134.30636026414476,
      18.429168008068263
    ],
    [
      133.84191314395724,
      17.535735599555494
    ],
    [
      133.39576237634233,
      16.633204045027025
    ],
    [
      132.97027864359512,
      15.71995268201042
    ],
    [
      132.56187800306367,
      14.79762315957021
    ],
    [
      132.14947031846322,
      13.877448101511337
    ],
    [
      131.70876457076795,
      12.972413773016255
    ],
    [
      131.21680031218048,
      12.094938516494194
    ],
    [
      130.66748661835882,
      11.25024031834334
    ],
    [
      130.06632090416855,
      10.438590957198887
    ],
    [
      129.41902800702744,
      9.66016514177323
    ],
    [
      128.73133276435306,
      8.915137580778763
    ],
    [
      128.0089600135632,
      8.203682982927901
    ],
    [
      127.25763459207543,
      7.525976056933013
    ],
    [
      126.48308133730747,
      6.882191511506509
    ],
    [
      125.69102508667703,
      6.272504055360788
    ]
  ],