{
  "test_id": 446,
  "test_outcome": "NOT_EXECUTED",
  "predicted_test_outcome": null,
  "test_duration": null,
  "road_points": [
    [
      99.99999999999999,
      100.0
    ],
    [
      100.061368270904,
      99.02878146004285
    ],
    [
      100.0934390159783,
      98.04559022082061
    ],
    [
      100.10190276487943,
      97.0520536042643
    ],
    [
      100.09245004726404,
      96.04979893230514
    ],
    [
      100.07077139278869,
      95.04045352687416
    ],
    [
      100.04255733111,
      94.02564470990258
    ],
    [
      100.01349839188464,
      93.00699980332149
    ],
    [
      99.98928510476912,
      91.98614612906205
    ],
    [
      99.9756079994201,
      90.96471100905538
    ],
    [
      99.97815760549419,
      89.94432176523259
    ],
    [
      100.00262445264799,
      88.92660571952483
    ],
    [
      100.05469907053806,
      87.9131901938632
    ],
    [
      100.14007198882108,
      86.90570251017888
    ],
    [
      100.26443373715358,
      85.90576999040297
    ],
    [
      100.43347484519225,
      84.91501995646665
    ],
    [
      100.65288584259363,
      83.93507973030097
    ],
    [
      100.92730081310492,
      82.96766579844545
    ],
    [
      101.25538015579275,
      82.01499882966996
    ],
    [
      101.63368683548299,
      81.07947651733315
    ],
    [
      102.0588132732864,
      80.16349804676912
    ],
    [
      102.52843853317151,
      79.26950707604513
    ],
    [
      103.0415735048089,
      78.40000177049234
    ],
    [
      103.59731049334587,
      77.55748362751068
    ],
    [
      104.19474180392966,
      76.74445414450005
    ],
    [
      104.83295651751143,
      75.96341145676364
    ],
    [
      105.5105904931234,
      75.21638109313521
    ],
    [
      106.22536320686473,
      74.50443300531411
    ],
    [
      106.97488361995845,
      73.82852190334161
    ],
    [
      107.75676069362754,
      73.18960249725895
    ],
    [
      108.56860342641731,
      72.58862960325045
    ],
    [
      109.40839501713828,
      72.02762224874563
    ],
    [
      110.27541277894686,
      71.51227987288803
    ],
    [
      111.16921358476954,
      71.04909697211693
    ],
    [
      112.08907961507202,
      70.64367472620563
    ],
    [
      113.02993347447811,
      70.28743670792194
    ],
    [
      113.98320946655987,
      69.96046232187929
    ],
    [
      114.94024619268862,
      69.64251776916706
    ],
    [
      115.89394341158155,
      69.31691699582612
    ],
    [
      116.8415522287968,
      68.97686242507825
    ],
    [
      117.78107590970406,
      68.61726577048768
    ],
    [
      118.71070365914983,
      68.23350522292867
    ],
    [
      119.63085059765093,
      67.82654325893286
    ],
    [
      120.54339908830387,
      67.40102331285198
    ],
    [
      121.45025738746425,
      66.9616537789814
    ],
    [
      122.35333375148784,
      66.51314305161648
    ],
    [
      123.25453643673032,
      66.06019952505254
    ],
    [
      124.1557736995474,
      65.60753159358494
    ],
    [
      125.05895379629476,
      65.159847651509
    ],
    [
      125.96598498332808,
      64.72185609312007
    ],
    [
      126.8787755170031,
      64.29826531271347
    ],
    [
      127.79923365367551,
      63.893783704584564
    ],
    [
      128.729267649701,
      63.51311966302871
    ],
    [
      129.670515129321,
      63.16036363113621
    ],
    [
      130.62215673132084,
      62.83399586369061
    ],
    [
      131.58206366246384,
      62.52950670757725
    ],
    [
      132.54809491197597,
      62.24235861261617
    ],
    [
      133.51810946908316,
      61.96801402862739
    ],
    [
      134.4900103522504,
      61.70199049246474
    ],
    [
      135.46250764134257,
      61.4408152931324
    ],
    [
      136.43501848754323,
      61.18190036953151
    ],
    [
      137.4069841664997,
      60.92268809611792
    ],
    [
      138.3782369222014,
      60.66159599749222
    ],
    [
      139.34981470226498,
      60.40004885469987
    ],
    [
      140.32298713988408,
      60.1400493171189
    ],
    [
      141.29875385792755,
      59.88300621245883
    ],
    [
      142.27443469878355,
      59.62223559128245
    ],
    [
      143.24469049470036,
      59.34520566170567
    ],
    [
      144.20412300124153,
      59.03925470712526
    ],
    [
      145.1473339739704,
      58.69172101093798
    ],
    [
      146.06897748820793,
      58.29019190113172
    ],
    [
      146.96535658874578,
      57.83010388060011
    ],
    [
      147.834717005023,
      57.31614072567406
    ],
    [
      148.67541602451362,
      56.753517234358206
    ],
    [
      149.4858109346917,
      56.14744820465713
    ],
    [
      150.26426194407304,
      55.50313595185925
    ],
    [
      151.00948104726777,
      54.82427947627529
    ],
    [
      151.72086256881056,
      54.11166192448305
    ],
    [
      152.39787910438199,
      53.36573196086359
    ],
    [
      153.03946734196637,
      52.58696677108478
    ],
    [
      153.6404355494682,
      51.776063257482164
    ],
    [
      154.19367389207153,
      50.93382040481749
    ],
    [
      154.69216742916242,
      50.0610659566149
    ],
    [
      155.1356876719414,
      49.16044146519351
    ],
    [
      155.53479663638478,
      48.237472451254995
    ],
    [
      155.9010170282297,
      47.2979411981784
    ],
    [
      156.24587155321325,
      46.34762998934281
    ],
    [
      156.58088286724322,
      45.392321112009405
    ],
    [
      156.91754536597048,
      44.43779905515698
    ],
    [
      157.267278038955,
      43.48985418254878
    ],
    [
      157.64148743463807,
      42.55427782721831
    ],
    [
      158.0515801014613,
      41.63686132219913
    ],
    [
      158.50896258786622,
      40.743396000524804
    ],
    [
      159.02247865201107,
      39.8789524678383
    ],
    [
      159.58906954692537,
      39.0452540166922
    ],
    [
      160.20222365122225,
      38.243052896013474
    ],
    [
      160.85552421376917,
      37.47310765762072
    ],
    [
      161.54488523923456,
      36.73633363059954
    ],
    [
      162.26863220435018,
      36.033808350646396
    ],
    [
      163.0252019721733,
      35.36661684581013
    ],
    [
      163.8130314057614,
      34.735844144139584
    ],
    [
      164.63056189590188,
      34.142606750460395
    ],
    [
      165.4765846074769,
      33.59045279879019
    ],
    [
      166.35048329278587,
      33.0870500903394
    ],
    [
      167.25169906712733,
      32.64046521383911
    ],
    [
      168.17911368669175,
      32.25646096950689
    ],
    [
      169.1279312098744,
      31.92565311193215
    ],
    [
      170.0918703714251,
      31.63253990963447
    ],
    [
      171.06464576170595,
      31.361602561968603
    ],
    [
      172.03997197107927,
      31.097322268289375
    ],
    [
      173.01187791107841,
      30.824937275059582
    ],
    [
      173.97827528947292,
      30.539037599890392
    ],
    [
      174.93969395523794,
      30.240519091526355
    ],
    [
      175.8967127683287,
      29.93039564236965
    ],
    [
      176.84991058870045,
      29.609681144822428
    ],
    [
      177.7998662763085,
      29.27938949128687
    ],
    [
      178.74715869110798,
      28.940534574165135
    ],
    [
      179.69236669305428,
      28.5941302858594
    ],
    [
      180.63606914210249,
      28.241190518771823
    ]
  ],