{
  "test_id": 543,
  "test_outcome": "NOT_EXECUTED",
  "predicted_test_outcome": null,
  "test_duration": null,
  "road_points": [
    [
      100.0,
      100.0
    ],
    [
      99.87788614114115,
      99.03230161503296
    ],
    [
      99.80907688425948,
      98.04937800597371
    ],
    [
      99.78375219135125,
      97.05356426823833
    ],
    [
      99.79209202441295,
      96.04719549724321
    ],
    [
      99.82427634544091,
      95.03260678840455
    ],
    [
      99.87048511643151,
      94.01213323713861
    ],
    [
      99.92089829938111,
      92.98810993886168
    ],
    [
      99.96569585628609,
      91.96287198898999
    ],
    [
      99.99505774914283,
      90.9387544829398
    ],
    [
      99.9991639399477,
      89.91809251612736
    ],
    [
      99.9681943906971,
      88.90322118396892
    ],
    [
      99.89232906338734,
      87.89647558188074
    ],
    [
      99.76174792001484,
      86.90019080527907
    ],
    [
      99.56756299180935,
      85.91650405345861
    ],
    [
      99.3136746812039,
      84.94483730996382
    ],
    [
      99.01326728028651,
      83.98264141103571
    ],
    [
      98.67973364150689,
      83.02732291156232
    ],
    [
      98.32646661731478,
      82.07628836643164
    ],
    [
      97.96684028912857,
      81.12694018863233
    ],
    [
      97.61365563081877,
      80.17655433279586
    ],
    [
      97.2790488534594,
      79.22226007111762
    ],
    [
      96.97511893947409,
      78.26117846115001
    ],
    [
      96.71396487128631,
      77.29043056044532
    ],
    [
      96.50763676039853,
      76.30715820446471
    ],
    [
      96.36302244596317,
      75.31069801489134
    ],
    [
      96.27736441920668,
      74.30448741927405
    ],
    [
      96.24684830889503,
      73.29241317968142
    ],
    [
      96.26765974379417,
      72.27836205818207
    ],
    [
      96.33598535451966,
      71.26622083635093
    ],
    [
      96.45008660053038,
      70.25991669347428
    ],
    [
      96.61466614534392,
      69.2635022215456
    ],
    [
      96.83567290408803,
      68.28105427755382
    ],
    [
      97.11829373927874,
      67.31634507772219
    ],
    [
      97.45744396302847,
      66.36904064805522
    ],
    [
      97.84067308825495,
      65.43586243740806
    ],
    [
      98.25536994512834,
      64.51346765954969
    ],
    [
      98.68892336381874,
      63.59851352824894
    ],
    [
      99.12881318633141,
      62.68765506051215
    ],
    [
      99.56523073144942,
      61.777481826134945
    ],
    [
      99.99147447001593,
      60.86450839724481
    ],
    [
      100.40101348032266,
      59.9452452279987
    ],
    [
      100.7889513476802,
      59.0170043742957
    ],
    [
      101.1571361812121,
      58.080405569503405
    ],
    [
      101.50915546500836,
      57.13692157850729
    ],
    [
      101.84859668503663,
      56.18802516711365
    ],
    [
      102.17904732726454,
      55.23518910112882
    ],
    [
      102.50409487765971,
      54.27988614635909
    ],
    [
      102.82732682218972,
      53.32358906861078
    ],
    [
      103.15233064682228,
      52.36777063369021
    ],
    [
      103.48269383752492,
      51.413903607403675
    ],
    [
      103.82200388026537,
      50.463460755557485
    ],
    [
      104.17384826101116,
      49.51791484395794
    ],
    [
      104.54181499028411,
      48.57873897191987
    ],
    [
      104.93054120100514,
      47.64807326469607
    ],
    [
      105.34791065758525,
      46.73012203701512
    ],
    [
      105.80243323235179,
      45.82948767938832
    ],
    [
      106.3022097962027,
      44.950776397890436
    ],
    [
      106.84985098319939,
      44.0986456168701
    ],
    [
      107.44404155327483,
      43.27778938505152
    ],
    [
      108.08338121131314,
      42.4929025446352
    ],
    [
      108.76646966219849,
      41.74867993782168
    ],
    [
      109.49180799731008,
      41.04960653788245
    ],
    [
      110.25497591426904,
      40.39395001773182
    ],
    [
      111.04821483328712,
      39.77287353954442
    ],
    [
      111.86358371898683,
      39.17715196412429
    ],
    [
      112.69314153599069,
      38.59756015227553
    ],
    [
      113.52894554256477,
      38.02487232406636
    ],
    [
      114.36288200880541,
      37.44979849361413
    ],
    [
      115.18652267461363,
      36.86293056914418
    ],
    [
      115.9914054774693,
      36.25484776609387
    ],
    [
      116.76906835485234,
      35.6161292999005
    ],
    [
      117.51105032011198,
      34.937356220008915
    ],
    [
      118.2107517214363,
      34.212282546545445
    ],
    [
      118.86725493579104,
      33.444348311173684
    ],
    [
      119.48072274948821,
      32.638835292194344
    ],
    [
      120.05131794883997,
      31.801025267908134
    ],
    [
      120.57920332015826,
      30.93620001661574
    ],
    [
      121.0643156204611,
      30.049074709638738
    ],
    [
      121.50541200125447,
      29.141407500189864
    ],
    [
      121.90086605869173,
      28.213995050447906
    ],
    [
      122.2490621956162,
      27.267664118170714
    ],
    [
      122.54870324129047,
      26.30412659853261
    ],
    [
      122.79885150118366,
      25.326093631184218
    ],
    [
      122.99858854033155,
      24.336329892047157
    ],
    [
      123.14725410749455,
      23.337542188327113
    ],
    [
      123.24523517261146,
      22.332202605444245
    ],
    [
      123.29318418314092,
      21.32272372528802
    ],
    [
      123.29175358656785,
      20.31151812974204
    ],
    [
      123.24159583037716,
      19.300998400689892
    ],
    [
      123.14289424729648,
      18.293806244082475
    ],
    [
      122.99254100098553,
      17.294190831914268
    ],
    [
      122.78601926146938,
      16.30708951395999
    ],
    [
      122.5189354523354,
      15.33737395752288
    ],
    [
      122.19339603976667,
      14.386463944491727
    ],
    [
      121.82093940985,
      13.450770380849379
    ],
    [
      121.4138445205941,
      12.526310887553608
    ],
    [
      120.98439033000757,
      11.609103085562198
    ],
    [
      120.54485579609906,
      10.695164595832924
    ],
    [
      120.10751987687718,
      9.780513039323559
    ],
    [
      119.68466153035061,
      8.861166036991884
    ],
    [
      119.28855971452793,
      7.933141209795674
    ],
    [
      118.93149338741787,
      6.992456178692711
    ],
    [
      118.625741507029,
      6.035128564640768
    ],
    [
      118.38358303136997,
      5.0571759885976135
    ]
  ],