{
  "test_id": 610,
  "test_outcome": "NOT_EXECUTED",
  "predicted_test_outcome": null,
  "test_duration": null,
  "road_points": [
    [
      100.0,
      99.99999999999999
    ],
    [
      99.89890305713506,
      98.99960347555248
    ],
    [
      99.78182381572366,
      98.00233820865151
    ],
    [
      99.65041931990984,
      97.00776406405352
    ],
    [
      99.50634661383761,
      96.01544090651495
    ],
    [
      99.351262741651,
      95.02492860079222
    ],
    [
      99.18682474749394,
      94.0357870116417
    ],
    [
      99.0146896755105,
      93.0475760038199
    ],
    [
      98.8365145698446,
      92.05985544208313
    ],
    [
      98.65391581694597,
      91.07219842116956
    ],
    [
      98.46586112832428,
      90.08503991255537
    ],
    [
      98.26708772724622,
      89.10019148525704
    ],
    [
      98.05195390661854,
      88.1195880119316
    ],
    [
      97.81481795934786,
      87.14516436523606
    ],
    [
      97.55004125234782,
      86.17885442477488
    ],
    [
      97.2545463773448,
      85.22176467094373
    ],
    [
      96.93246252702222,
      84.27267350426823
    ],
    [
      96.58917714501784,
      83.32995284949776
    ],
    [
      96.23007767496932,
      82.3919746313817
    ],
    [
      95.8605515605144,
      81.45711077466937
    ],
    [
      95.48598624529079,
      80.52373320411019
    ],
    [
      95.11176917293619,
      79.59021384445344
    ],
    [
      94.74328778708838,
      78.6549246204486
    ],
    [
      94.38592953138499,
      77.71623745684491
    ],
    [
      94.04508184946378,
      76.77252427839181
    ],
    [
      93.7261321849625,
      75.82215700983865
    ],
    [
      93.43446158764607,
      74.86350975631605
    ],
    [
      93.17300864256042,
      73.89578953044004
    ],
    [
      92.93859607067564,
      72.92028892212385
    ],
    [
      92.7271048478405,
      71.93862166678363
    ],
    [
      92.53441594990383,
      70.9524014998357
    ],
    [
      92.35641035271438,
      69.96324215669621
    ],
    [
      92.18807134365109,
      68.97282508593912
    ],
    [
      92.02028153126864,
      67.9831410527009
    ],
    [
      91.84275327378508,
      66.99626909477416
    ],
    [
      91.64545793195616,
      66.01423240364129
    ],
    [
      91.42488292643226,
      65.03764948664055
    ],
    [
      91.18435705354922,
      64.06566403778672
    ],
    [
      90.92753331261326,
      63.09734986180887
    ],
    [
      90.65806470293063,
      62.131780763436026
    ],
    [
      90.37960422380759,
      61.16803054739726
    ],
    [
      90.09580487455031,
      60.2051730184216
    ],
    [
      89.81031965446512,
      59.242281981238115
    ],
    [
      89.52680156285815,
      58.27843124057583
    ],
    [
      89.24890359903571,
      57.312694601163805
    ],
    [
      88.98027876230401,
      56.344145867731086
    ],
    [
      88.72458005196931,
      55.37185884500671
    ],
    [
      88.4854604673378,
      54.394907337719744
    ],
    [
      88.2666532253746,
      53.4124048382023
    ],
    [
      88.07353517957223,
      52.42427802624474
    ],
    [
      87.91302216936421,
      51.431214993327124
    ],
    [
      87.79208929332475,
      50.4339331493276
    ],
    [
      87.71771165002815,
      49.43314990412433
    ],
    [
      87.6968136097938,
      48.42959737993895
    ],
    [
      87.733006749584,
      47.424968484140685
    ],
    [
      87.82460680057486,
      46.422492039390264
    ],
    [
      87.96945458422044,
      45.42553460293012
    ],
    [
      88.16539092197496,
      44.437462732002736
    ],
    [
      88.41025701572771,
      43.46164220162511
    ],
    [
      88.70221339788307,
      42.50078220068038
    ],
    [
      89.04031996204967,
      41.555742711452794
    ],
    [
      89.42379378489443,
      40.627060526892
    ],
    [
      89.85190774957945,
      39.715481020848316
    ],
    [
      90.32464014354167,
      38.82438606779557
    ],
    [
      90.84245278462382,
      37.95896477284364
    ],
    [
      91.40581692880323,
      37.12444151682814
    ],
    [
      92.01520383205724,
      36.32604068058472
    ],
    [
      92.67095013548322,
      35.568790978921456
    ],
    [
      93.36922313931963,
      34.85166088751495
    ],
    [
      94.10131980647041,
      34.16653972735108
    ],
    [
      94.85826122339752,
      33.504915826245345
    ],
    [
      95.63106847656292,
      32.8582775120133
    ],
    [
      96.41076255867434,
      32.21811316347259
    ],
    [
      97.18835151586968,
      31.575918202353403
    ],
    [
      97.95481733862192,
      30.92320222462444
    ],
    [
      98.70113889251365,
      30.25147652618965
    ],
    [
      99.41829504312742,
      29.552252402952963
    ],
    [
      100.09726471710736,
      28.8170412374314
    ],
    [
      100.7307970976631,
      28.039865438988564
    ],
    [
      101.31804336414767,
      27.223828351640172
    ],
    [
      101.85960143517661,
      26.374085451956613
    ],
    [
      102.35606922936543,
      25.495792216508278
    ],
    [
      102.80804466532962,
      24.594104121865584
    ],
    [
      103.2159156228753,
      23.67377875482495
    ],
    [
      103.5786599098558,
      22.73690251388131
    ],
    [
      103.89467500012789,
      21.784462434210212
    ],
    [
      104.16236620101122,
      20.817454042160325
    ],
    [
      104.38063323804076,
      19.837483530112415
    ],
    [
      104.54909774910733,
      18.84704873913702
    ],
    [
      104.66743855404829,
      17.848718136894306
    ],
    [
      104.73538105103846,
      16.845087513874923
    ],
    [
      104.75291741451844,
      15.83890915139948
    ],
    [
      104.72013463117052,
      14.832990947604213
    ],
    [
      104.63711980147163,
      13.830140867377205
    ],
    [
      104.50396002589855,
      12.833166875606533
    ],
    [
      104.32077763974281,
      11.844842155874924
    ],
    [
      104.08808834996735,
      10.867551583202708
    ],
    [
      103.80665415040022,
      9.90343691571703
    ],
    [
      103.47724081542265,
      8.954636179651729
    ],
    [
      103.10061411941578,
      8.023287401240632
    ],
    [
      102.67753983676084,
      7.1115286067175685
    ],
    [
      102.20878374183899,
      6.221497822316367
    ],
    [
      101.69511160903141,
      5.3553330742708605
    ],
    [
      101.1372892127193,
      4.515172388814877
    ],
    [
      100.5360823272838,
      3.7031537921822375
    ]
  ],