{
  "test_id": 653,
  "test_outcome": "NOT_EXECUTED",
  "predicted_test_outcome": null,
  "test_duration": null,
  "road_points": [
    [
      99.99999999999999,
      100.0
    ],
    [
      100.05295754113838,
      99.02151617487864
    ],
    [
      100.07928410157517,
      98.03311804418496
    ],
    [
      100.08434565286375,
      97.03617754665146
    ],
    [
      100.07350816655715,
      96.03206662101037
    ],
    [
      100.0521376142086,
      95.02215720599403
    ],
    [
      100.02559996737135,
      94.00782124033485
    ],
    [
      99.99926119759853,
      92.9904306627651
    ],
    [
      99.97848727644336,
      91.97135741201718
    ],
    [
      99.96864417545908,
      90.95197342682343
    ],
    [
      99.97509786619884,
      89.9336506459162
    ],
    [
      100.00321432021587,
      88.91776100802778
    ],
    [
      100.05835950906332,
      87.90567645189057
    ],
    [
      100.14589940429443,
      86.89876891623692
    ],
    [
      100.27119997746239,
      85.89841033979911
    ],
    [
      100.43962720012038,
      84.90597266130956
    ],
    [
      100.65654704382163,
      83.92282781950057
    ],
    [
      100.9267966204711,
      82.95088380239315
    ],
    [
      101.25233949436202,
      81.99496121037788
    ],
    [
      101.63416791722575,
      81.0608651610222
    ],
    [
      102.0730992683885,
      80.15424232744346
    ],
    [
      102.56448517471111,
      79.2757411637298
    ],
    [
      103.09725036323266,
      78.42013297289257
    ],
    [
      103.6599516386795,
      77.58185260723172
    ],
    [
      104.241145805778,
      76.75533491904724
    ],
    [
      104.82940986514257,
      75.93501718001147
    ],
    [
      105.41563843938962,
      75.11561430199814
    ],
    [
      105.99516105012513,
      74.29237247689491
    ],
    [
      106.56380763227489,
      73.46059784374856
    ],
    [
      107.11971584915156,
      72.61765581647131
    ],
    [
      107.67836262759002,
      71.77638430121416
    ],
    [
      108.2631088247356,
      70.95665633860125
    ],
    [
      108.89707197117858,
      70.17814184318617
    ],
    [
      109.58651222488697,
      69.44630242738779
    ],
    [
      110.31163069589404,
      68.74463573363377
    ],
    [
      111.0503950031789,
      68.05475689772267
    ],
    [
      111.78292570300641,
      67.36000023387479
    ],
    [
      112.50196228748591,
      66.65377661653125
    ],
    [
      113.20482764476685,
      65.93315688534598
    ],
    [
      113.88892571195262,
      65.19529179796073
    ],
    [
      114.5543441667783,
      64.44002217783479
    ],
    [
      115.20453749299908,
      63.67056358951907
    ],
    [
      115.84317355637715,
      62.89034548248175
    ],
    [
      116.47392022267462,
      62.102797306191
    ],
    [
      117.10044535765374,
      61.31134851011501
    ],
    [
      117.72641682707655,
      60.51942854372193
    ],
    [
      118.3555024967053,
      59.73046685647995
    ],
    [
      118.99137023230212,
      58.947892897857265
    ],
    [
      119.63768789962919,
      58.17513611732201
    ],
    [
      120.2981233644486,
      57.4156259643424
    ],
    [
      120.9763444925226,
      56.67279188838659
    ],
    [
      121.67586174210487,
      55.94992427204939
    ],
    [
      122.39659411646423,
      55.24714050814466
    ],
    [
      123.13488515619389,
      54.56139912864044
    ],
    [
      123.88692419286023,
      53.88952242443588
    ],
    [
      124.64890055802991,
      53.22833268643022
    ],
    [
      125.41701515628377,
      52.57465780205314
    ],
    [
      126.18823986477081,
      51.92569848912363
    ],
    [
      126.96078782167285,
      51.279255720065564
    ],
    [
      127.7329845354752,
      50.63318480784057
    ],
    [
      128.50356935279422,
      49.985720804426535
    ],
    [
      129.27382393613726,
      49.33743159790995
    ],
    [
      130.04599473655225,
      48.68977036901645
    ],
    [
      130.82219288882953,
      48.04407587924549
    ],
    [
      131.59913609320733,
      47.397121134875995
    ],
    [
      132.36650019117548,
      46.739717930823126
    ],
    [
      133.11348680710543,
      46.062276618494494
    ],
    [
      133.8292975653687,
      45.35520754929778
    ],
    [
      134.50315607156932,
      44.60894913661035
    ],
    [
      135.12814200658167,
      43.81886258723546
    ],
    [
      135.70557364693462,
      42.99082677209968
    ],
    [
      136.23782957195186,
      42.13207417980071
    ],
    [
      136.7270729382964,
      41.24938211053556
    ],
    [
      137.17362271244122,
      40.345631087897225
    ],
    [
      137.57686119201819,
      39.42172245282994
    ],
    [
      137.93613891264167,
      38.47855150764128
    ],
    [
      138.24883095344177,
      37.517784583121575
    ],
    [
      138.50891318360226,
      36.54241473515421
    ],
    [
      138.7100257569122,
      35.55556605066956
    ],
    [
      138.8476627487011,
      34.560205980161676
    ],
    [
      138.92962104725652,
      33.558262518712155
    ],
    [
      138.96870825209746,
      32.55124031017992
    ],
    [
      138.9777466125008,
      31.540642760676814
    ],
    [
      138.96955837774345,
      30.527973276314718
    ],
    [
      138.95696226179146,
      29.514737627611883
    ],
    [
      138.95273350714643,
      28.5024706586868
    ],
    [
      138.969618140433,
      27.49272675315852
    ],
    [
      139.0203616459858,
      26.487060657328417
    ],
    [
      139.11770950813937,
      25.487027117497842
    ],
    [
      139.27408610856298,
      24.494203205890518
    ],
    [
      139.49332320841253,
      23.510763430376635
    ],
    [
      139.76993038380454,
      22.53953046030836
    ],
    [
      140.0979498919151,
      21.583359457150802
    ],
    [
      140.4722851904955,
      20.644918230909656
    ],
    [
      140.89120048728986,
      19.72614347106646
    ],
    [
      141.353779674707,
      18.828793547298275
    ],
    [
      141.8591066451557,
      17.954626829282176
    ],
    [
      142.4062652910447,
      17.10540168669523
    ],
    [
      142.99452668184367,
      16.283323798975793
    ],
    [
      143.62443667095852,
      15.493645283494407
    ],
    [
      144.29707259270668,
      14.742888373727693
    ],
    [
      145.01343513803755,
      14.037448925543066
    ],
    [
      145.77074114802136,
      13.377420593858622
    ],
    [
      146.56081818567884,
      12.753920907602815
    ],
    [
      147.37508168004118,
      12.157380964872457
    ],
    [
      148.20494706013943,
      11.578231863764332
    ],
    [
      149.04182975500504,
      11.006904702375234
    ],
    [
      149.87714519366904,
      10.433830578801954
    ],
    [
      150.70230880516266,
      9.849440591141295
    ],
    [
      151.50873601851717,
      9.244165837490034
    ],
    [
      152.28784226276372,
      8.608437415944966
    ],
    [
      153.03104296693357,
      7.932686424602888
    ]
  ],