{
  "test_id": 2,
  "test_outcome": "NOT_EXECUTED",
  "predicted_test_outcome": null,
  "test_duration": null,
  "road_points": [
    [
      99.99999999999997,
      99.99999999999997
    ],
    [
      99.92994895209944,
      98.9946396342805
    ],
    [
      99.8285903483971,
      97.99413870480731
    ],
    [
      99.69804121581456,
      96.99836167376465
    ],
    [
      99.54041858127334,
      96.0071730033366
    ],
    [
      99.35783947169509,
      95.02043715570741
    ],
    [
      99.15242091400127,
      94.0380185930612
    ],
    [
      98.92627993511347,
      93.0597817775821
    ],
    [
      98.68153356195327,
      92.08559117145435
    ],
    [
      98.42029882144223,
      91.11531123686206
    ],
    [
      98.14469274050191,
      90.14880643598944
    ],
    [
      97.8568323460538,
      89.18594123102059
    ],
    [
      97.55883466501956,
      88.22658008413973
    ],
    [
      97.25276740606274,
      87.27054182276174
    ],
    [
      96.94036510275447,
      86.31733698343541
    ],
    [
      96.62322438949776,
      85.36634850297307
    ],
    [
      96.30294146079993,
      84.41695891114632
    ],
    [
      95.98111251116826,
      83.46855073772682
    ],
    [
      95.65933373511007,
      82.52050651248615
    ],
    [
      95.33920132713264,
      81.57220876519595
    ],
    [
      95.02231148174334,
      80.62304002562787
    ],
    [
      94.71026039344946,
      79.67238282355353
    ],
    [
      94.4046442567583,
      78.71961968874459
    ],
    [
      94.10705926617719,
      77.76413315097263
    ],
    [
      93.81910161621343,
      76.8053057400093
    ],
    [
      93.54236750137433,
      75.84251998562623
    ],
    [
      93.27845311616719,
      74.87515841759506
    ],
    [
      93.02895465509937,
      73.9026035656874
    ],
    [
      92.79546831267814,
      72.92423795967493
    ],
    [
      92.57959028341082,
      71.93944412932919
    ],
    [
      92.38291676180474,
      70.94760460442188
    ],
    [
      92.20704394236722,
      69.94810191472463
    ],
    [
      92.0535680196055,
      68.94031859000903
    ],
    [
      91.92408518802698,
      67.92363716004674
    ],
    [
      91.8201916421389,
      66.89744015460934
    ],
    [
      91.74342632442811,
      65.86150733385931
    ],
    [
      91.69503408615606,
      64.81765894441355
    ],
    [
      91.67616560954264,
      63.768368603806174
    ],
    [
      91.68797153427492,
      62.71611022467649
    ],
    [
      91.73160250003993,
      61.66335771966376
    ],
    [
      91.80820914652465,
      60.61258500140721
    ],
    [
      91.91894211341616,
      59.56626598254615
    ],
    [
      92.0649520404015,
      58.52687457571985
    ],
    [
      92.24738956716763,
      57.496884693567544
    ],
    [
      92.46740533340164,
      56.47877024872851
    ],
    [
      92.7261499787905,
      55.47500515384202
    ],
    [
      93.02477414302129,
      54.48806332154736
    ],
    [
      93.36442846578102,
      53.52041866448378
    ],
    [
      93.74626358675674,
      52.57454509529053
    ],
    [
      94.17143014563544,
      51.65291652660692
    ],
    [
      94.64107878210415,
      50.758006871072176
    ],
    [
      95.15636013584991,
      49.89229004132558
    ],
    [
      95.71842484655977,
      49.05823995000641
    ],
    [
      96.32842355392074,
      48.258330509753925
    ],
    [
      96.98750689761982,
      47.495035633207394
    ],
    [
      97.6959478096957,
      46.770798014073094
    ],
    [
      98.45048307727241,
      46.08793456992759
    ],
    [
      99.2469590771007,
      45.4487305475948
    ],
    [
      100.08122218591923,
      44.85547119389827
    ],
    [
      100.94911878046662,
      44.31044175566153
    ],
    [
      101.8464952374815,
      43.815927479708094
    ],
    [
      102.7691979337025,
      43.374213612861496
    ],
    [
      103.71307324586822,
      42.987585401945246
    ],
    [
      104.67396755071736,
      42.6583280937829
    ],
    [
      105.6477272249885,
      42.38872693519796
    ],
    [
      106.63037168236951,
      42.180691240521334
    ],
    [
      107.61979310149852,
      42.03206163702763
    ],
    [
      108.61502910052253,
      41.93819022031294
    ],
    [
      109.61513375540044,
      41.894393330453276
    ],
    [
      110.61916114209087,
      41.89598730752461
    ],
    [
      111.6261653365526,
      41.938288491602925
    ],
    [
      112.63520041474435,
      42.01661322276424
    ],
    [
      113.64532045262486,
      42.12627784108452
    ],
    [
      114.65557952615283,
      42.26259868663977
    ],
    [
      115.66503171128704,
      42.420892099505984
    ],
    [
      116.67273108398615,
      42.596474419759105
    ],
    [
      117.67773172020895,
      42.784661987475175
    ],
    [
      118.67919155157078,
      42.980608728693916
    ],
    [
      119.67731532406427,
      43.17783151516531
    ],
    [
      120.67291400187224,
      43.368899188013756
    ],
    [
      121.66680595581374,
      43.54636900554083
    ],
    [
      122.65980955670786,
      43.70279822604811
    ],
    [
      123.65274317537353,
      43.83074410783713
    ],
    [
      124.64642518262984,
      43.92276390920944
    ],
    [
      125.64167394929585,
      43.971414888466654
    ],
    [
      126.63930764775951,
      43.96925674536449
    ],
    [
      127.63972151107389,
      43.91405293948073
    ],
    [
      128.64199437882712,
      43.81976356866488
    ],
    [
      129.64494971301482,
      43.70349084488342
    ],
    [
      130.64741097563265,
      43.582336980102816
    ],
    [
      131.6482016286762,
      43.47340418628955
    ],
    [
      132.64614513414114,
      43.39379467541012
    ],
    [
      133.6400654159231,
      43.36060521954129
    ],
    [
      134.62923206072782,
      43.385683929826456
    ],
    [
      135.61419172185037,
      43.465838646233856
    ],
    [
      136.59571836027123,
      43.59520016020847
    ],
    [
      137.57458593697066,
      43.767899263195346
    ],
    [
      138.55156841292913,
      43.97806674663953
    ],
    [
      139.52743974912693,
      44.21983340198599
    ],
    [
      140.50297390654458,
      44.48733002067979
    ],
    [
      141.47894484616234,
      44.77468739416594
    ],
    [
      142.45612652896065,
      45.07603631388946
    ],
    [
      143.43529291591986,
      45.38550757129537
    ],
    [
      144.4172179680204,
      45.697231957828706
    ],
    [
      145.40267510857794,
      46.00534146353713
    ],
    [
      146.39210549756487,
      46.30470878496009
    ],
    [
      147.38505253265143,
      46.59220797803697
    ],
    [
      148.38090948397766,
      46.86504777431389
    ],
    [
      149.3790696216839,
      47.12043690533695
    ],
    [
      150.37892621591033,
      47.35558410265227
    ],
    [
      151.37987253679714,
      47.56769809780598
    ],
    [
      152.38130185448463,
      47.753987622344184
    ],
    [
      153.38260743911286,
      47.91166140781299
    ],
    [
      154.3831825608222,
      48.03792818575854
    ],
    [
      155.38242048975275,
      48.12999668772691
    ],
    [
      156.37971449604487,
      48.18507564526428
    ],
    [
      157.3744578498386,
      48.200373789916696
    ],
    [
      158.36604382127427,
      48.173099853230305
    ],
    [
      159.35386568049202,
      48.100462566751226
    ],
    [
      160.3373166976321,
      47.97967066202557
    ],
    [
      161.31591432014457,
      47.80880199317304
    ],
    [
      162.28987470384283,
      47.59082470555821
    ],
    [
      163.25965818456743,
      47.330415971531615
    ],
    [
      164.2257253542415,
      47.032254755777394
    ],
    [
      165.18853680478804,
      46.70102002297963
    ],
    [
      166.14855312813026,
