{
  "test_id": 0,
  "test_outcome": "NOT_EXECUTED",
  "predicted_test_outcome": null,
  "test_duration": null,
  "road_points": [
    [
      99.99999999999999,
      100.0
    ],
    [
      100.01571731942497,
      101.04004123610093
    ],
    [
      99.96692462672175,
      102.07045579230139
    ],
    [
      99.85570262766073,
      103.08951014344194
    ],
    [
      99.68413202801221,
      104.09547076436304
    ],
    [
      99.45429353354655,
      105.08660412990523
    ],
    [
      99.16826785003404,
      106.061176714909
    ],
    [
      98.82813568324511,
      107.01745499421489
    ],
    [
      98.43597773895003,
      107.95370544266343
    ],
    [
      97.99387472291917,
      108.86819453509514
    ],
    [
      97.50390734092285,
      109.75918874635049
    ],
    [
      96.9681562987314,
      110.62495455127002
    ],
    [
      96.38870230211519,
      111.46375842469423
    ],
    [
      95.76762605684455,
      112.27386684146371
    ],
    [
      95.10700826868981,
      113.05354627641886
    ],
    [
      94.40892964342133,
      113.8010632044003
    ],
    [
      93.6754708868094,
      114.51468410024845
    ],
    [
      92.90871270462442,
      115.19267543880392
    ],
    [
      92.1107358026367,
      115.83330369490714
    ],
    [
      91.2836208866166,
      116.43483534339873
    ],
    [
      90.42944866233441,
      116.99553685911907
    ],
    [
      89.55029983556052,
      117.51367471690878
    ],
    [
      88.64825511206524,
      117.98751539160833
    ],
    [
      87.72539519761892,
      118.41532535805825
    ],
    [
      86.78380079799192,
      118.79537109109907
    ],
    [
      85.82555261895453,
      119.12591906557128
    ],
    [
      84.85273229433537,
      119.40524633399487
    ],
    [
      83.86747802101917,
      119.63227463459383
    ],
    [
      82.87201617815093,
      119.80693077579845
    ],
    [
      81.86858079031217,
      119.92922870601933
    ],
    [
      80.85940588208436,
      119.99918237366701
    ],
    [
      79.84672547804897,
      120.01680572715203
    ],
    [
      78.83277360278751,
      119.98211271488508
    ],
    [
      77.81978428088145,
      119.89511728527657
    ],
    [
      76.80999153691228,
      119.75583338673715
    ],
    [
      75.80562939546152,
      119.56427496767745
    ],
    [
      74.80893188111061,
      119.32045597650796
    ],
    [
      73.82213301844108,
      119.02439036163925
    ],
    [
      72.84747291553347,
      118.67610340591445
    ],
    [
      71.88758911291086,
      118.27636086589173
    ],
    [
      70.94575457496595,
      117.82711238405174
    ],
    [
      70.02529925868282,
      117.33041378825705
    ],
    [
      69.12955312104532,
      116.78832090637012
    ],
    [
      68.26184611903747,
      116.20288956625352
    ],
    [
      67.42550820964317,
      115.57617559576977
    ],
    [
      66.62386934984642,
      114.91023482278142
    ],
    [
      65.86025949663112,
      114.20712307515099
    ],
    [
      65.13800860698124,
      113.468896180741
    ],
    [
      64.46044663788072,
      112.69760996741397
    ],
    [
      63.83090354631355,
      111.89532026303249
    ],
    [
      63.25270928926365,
      111.06408289545907
    ],
    [
      62.729193823714965,
      110.20595369255622
    ],
    [
      62.26368710665146,
      109.32298848218647
    ],
    [
      61.859519043321995,
      108.41724309089982
    ],
    [
      61.51899214866277,
      107.49074727904959
    ],
    [
      61.2407452120451,
      106.54543785362021
    ],
    [
      61.02260069076404,
      105.5832309102149
    ],
    [
      60.86238104211464,
      104.60604254443693
    ],
    [
      60.75790872339195,
      103.61578885188955
    ],
    [
      60.707006191891004,
      102.61438592817599
    ],
    [
      60.70749590490687,
      101.60374986889948
    ],
    [
      60.75720031973458,
      100.58579676966328
    ],
    [
      60.85394189366917,
      99.56244272607063
    ],
    [
      60.99554308400573,
      98.5356038337248
    ],
    [
      61.17982634803927,
      97.507196188229
    ],
    [
      61.40461414306485,
      96.47913588518651
    ],
    [
      61.66772892637752,
      95.45333902020052
    ],
    [
      61.96699315527233,
      94.43172168887432
    ],
    [
      62.30022928704431,
      93.41619998681112
    ],
    [
      62.66525977898853,
      92.40869000961419
    ],
    [
      63.05990708840003,
      91.41110785288677
    ],
    [
      63.48199367257385,
      90.4253696122321
    ],
    [
      63.92934198880506,
      89.45339138325343
    ],
    [
      64.39977449438867,
      88.497089261554
    ],
    [
      64.89111364661977,
      87.55837934273704
    ],
    [
      65.40118190279338,
      86.63917772240582
    ],
    [
      65.927800803215,
      85.74139811373509
    ],
    [
      66.46820734847098,
      84.86543553855655
    ],
    [
      67.01805211895031,
      84.00756334391957
    ],
    [
      67.57271914576239,
      83.1633623557835
    ],
    [
      68.12759246001664,
      82.3284134001077
    ],
    [
      68.67805609282246,
      81.49829730285148
    ],
    [
      69.2194940752892,
      80.66859488997422
    ],
    [
      69.74729043852629,
      79.83488698743521
    ],
    [
      70.25682921364319,
      78.99275442119391
    ],
    [
      70.74361531744732,
      78.13788228540903
    ],
    [
      71.20610978968708,
      77.26850543505628
    ],
    [
      71.6458308607019,
      76.3854956603591
    ],
    [
      72.06443786722114,
      75.48984646080359
    ],
    [
      72.46359014597411,
      74.58255133587598
    ],
    [
      72.84494703369018,
      73.66460378506244
    ],
    [
      73.21016786709869,
      72.7369973078492
    ],
    [
      73.5609119829289,
      71.80072540372235
    ],
    [
      73.89883871791027,
      70.85678157216819
    ],
    [
      74.22560740877205,
      69.90615931267284
    ],
    [
      74.54287739224357,
      68.94985212472245
    ],
    [
      74.85230800505424,
      67.98885350780326
    ],
    [
      75.15555858393333,
      67.02415696140147
    ],
    [
      75.45428846561019,
      66.05675598500324
    ],
    [
      75.75015698681418,
      65.08764407809474
    ],
    [
      76.04482348427463,
      64.11781474016219
    ],
    [
      76.33994729472087,
      63.14826147069175
    ],
    [
      76.6371877548822,
      62.1799777691696
    ],
    [
      76.93820420148805,
      61.21395713508194
    ],
    [
      77.24465597126766,
      60.25119306791496
    ],
    [
      77.55820240095045,
      59.292679067154836
    ],
    [
      77.88050282726567,
      58.33940863228776
    ],
    [
      78.21321658694272,
      57.39237526279989
    ],
    [
      78.55776833041172,
      56.452431762341284
    ],
    [
      78.91072780671978,
      55.51752039222603
    ],
    [
      79.26409358404682,
      54.582842963573704
    ],
    [
      79.6096863528864,
      53.643494648769945
    ],
    [
      79.93932680373214,
      52.694570620200466
    ],
    [
      80.24492925526461,
      51.73137290637246
    ],
    [
      80.52027848825794,
      50.75333601497802
    ],
    [
      80.76088485580196,
      49.76370682269631
    ],
    [
      80.96232330215295,
      48.76587490979399
    ],
    [
      81.12016877156721,
      47.763229856537755
    ],
    [
      81.22999620830105,
      46.759161243194264
    ],
    [
      81.28738055661084,
      45.75705865003025
    ],
    [
      81.28789676075283,
      44.76031165731237
    ],
    [
      81.22711976498333,
      43.7723098453073
    ],
    [
      81.10142474576288,
      42.796142434966804
    ],
    [
      80.91169278599192,
      41.83320739942192
    ],
    [
      80.6603807392152,
      40.88431126173611
    ],
    [
      80.3499471208706,
      39.95025992119757
    ],
    [
