{
  "test_id": 1,
  "test_outcome": "NOT_EXECUTED",
  "predicted_test_outcome": null,
  "test_duration": null,
  "road_points": [
    [
      100.0,
      100.0
    ],
    [
      100.04582133358855,
      101.12410512798137
    ],
    [
      100.01991361720118,
      102.22621317482685
    ],
    [
      99.92479270459627,
      103.30528998952583
    ],
    [
      99.76297444953191,
      104.36030142106739
    ],
    [
      99.53697470576654,
      105.3902133184409
    ],
    [
      99.24930932705831,
      106.3939915306355
    ],
    [
      98.90249416716557,
      107.3706019066405
    ],
    [
      98.49904507984658,
      108.31901029544512
    ],
    [
      98.04147791885957,
      109.23818254603854
    ],
    [
      97.53230853796286,
      110.12708450741003
    ],
    [
      96.97405279091467,
      110.9846820285489
    ],
    [
      96.36922653147332,
      111.8099409584443
    ],
    [
      95.72034561339703,
      112.6018271460855
    ],
    [
      95.02992589044412,
      113.35930644046172
    ],
    [
      94.30048321637283,
      114.0813446905622
    ],
    [
      93.53453344494143,
      114.76690774537622
    ],
    [
      92.73459242990822,
      115.41496145389297
    ],
    [
      91.90317602503146,
      116.02447166510171
    ],
    [
      91.04280008406941,
      116.59440422799172
    ],
    [
      90.15598046078033,
      117.12372499155211
    ],
    [
      89.24523300892251,
      117.61139980477226
    ],
    [
      88.31307358225425,
      118.05639451664133
    ],
    [
      87.36201803453375,
      118.4576749761486
    ],
    [
      86.39458221951932,
      118.81420703228322
    ],
    [
      85.41328199096925,
      119.12495653403457
    ],
    [
      84.42063320264177,
      119.38888933039176
    ],
    [
      83.41915170829519,
      119.6049712703441
    ],
    [
      82.41135336168777,
      119.7721682028808
    ],
    [
      81.39975401657777,
      119.88944597699111
    ],
    [
      80.38686952672346,
      119.95577044166427
    ],
    [
      79.37521574588311,
      119.97010744588948
    ],
    [
      78.367308527815,
      119.93142283865605
    ],
    [
      77.36555289144971,
      119.8388378080977
    ],
    [
      76.3717359709504,
      119.69233953089308
    ],
    [
      75.38743085905955,
      119.49221517075466
    ],
    [
      74.41421043995962,
      119.23875218369929
    ],
    [
      73.45364759783315,
      118.93223802574379
    ],
    [
      72.50731521686274,
      118.57296015290518
    ],
    [
      71.5767861812308,
      118.16120602120027
    ],
    [
      70.66363337511989,
      117.69726308664592
    ],
    [
      69.76943364660177,
      117.18142615561
    ],
    [
      68.89619918566339,
      116.61479730117813
    ],
    [
      68.04676484910688,
      116.00000409057418
    ],
    [
      67.22405690249344,
      115.33984359284666
    ],
    [
      66.4310016113843,
      114.63711287704398
    ],
    [
      65.67052524134068,
      113.89460901221462
    ],
    [
      64.94555405792381,
      113.11512906740704
    ],
    [
      64.25901432669491,
      112.30147011166969
    ],
    [
      63.613832313215205,
      111.45642921405106
    ],
    [
      63.01293428304591,
      110.58280344359957
    ],
    [
      62.459246501748254,
      109.68338986936374
    ],
    [
      61.955695234883464,
      108.76098556039197
    ],
    [
      61.505206748012746,
      107.81838758573275
    ],
    [
      61.11070730669733,
      106.85839301443455
    ],
    [
      60.775123176498454,
      105.8837989155458
    ],
    [
      60.50138062297731,
      104.89740235811497
    ],
    [
      60.29240591169514,
      103.90200041119053
    ],
    [
      60.15112530821317,
      102.90039014382094
    ],
    [
      60.080465078092615,
      101.89536862505466
    ],
    [
      60.08119845450397,
      100.8895391852343
    ],
    [
      60.14045483684111,
      99.88427742644801
    ],
    [
      60.240035458924986,
      98.88047950054093
    ],
    [
      60.361729335823455,
      97.87904045986478
    ],
    [
      60.487325482604334,
      96.88085535677106
    ],
    [
      60.59861291433548,
      95.88681924361147
    ],
    [
      60.677380646084735,
      94.89782717273754
    ],
    [
      60.70812034897482,
      93.91461746099176
    ],
    [
      60.68888288759017,
      92.93714208502155
    ],
    [
      60.62196230418141,
      91.96510694628076
    ],
    [
      60.50965409824321,
      90.99821786171309
    ],
    [
      60.354253769270244,
      90.03618064826232
    ],
    [
      60.15805681675714,
      89.07870112287209
    ],
    [
      59.92335874019859,
      88.1254851024862
    ],
    [
      59.652455039089254,
      87.17623840404832
    ],
    [
      59.347641212923804,
      86.23066684450222
    ],
    [
      59.011212761196894,
      85.2884762407916
    ],
    [
      58.645465183403196,
      84.34937240986017
    ],
    [
      58.25269397903737,
      83.41306116865167
    ],
    [
      57.83519464759405,
      82.47924833410978
    ],
    [
      57.395262688567975,
      81.54763972317832
    ],
    [
      56.93519360145375,
      80.61794115280092
    ],
    [
      56.457282885746054,
      79.68985843992134
    ],
    [
      55.96382604093956,
      78.76309740148332
    ],
    [
      55.45711856652892,
      77.83736385443054
    ],
    [
      54.93945596200879,
      76.91236361570675
    ],
    [
      54.41313372687387,
      75.98780250225569
    ],
    [
      53.880447360618795,
      75.06338633102104
    ],
    [
      53.34369236273825,
      74.13882091894656
    ],
    [
      52.8051642299216,
      73.21381208807003
    ],
    [
      52.26713809934657,
      72.28810263127275
    ],
    [
      51.7318199087282,
      71.36156100076107
    ],
    [
      51.201400907328896,
      70.43408232150695
    ],
    [
      50.67807234441113,
      69.50556171848234
    ],
    [
      50.164025469237274,
      68.57589431665915
    ],
    [
      49.66145153106979,
      67.64497524100932
    ],
    [
      49.172541779171105,
      66.7126996165048
    ],
    [
      48.699487462803646,
      65.77896256811755
    ],
    [
      48.244479831229846,
      64.8436592208195
    ],
    [
      47.809710133712116,
      63.906684699582556
    ],
    [
      47.3973696195129,
      62.967934129378655
    ],
    [
      47.0096495378946,
      62.02730263517976
    ],
    [
      46.64874113811969,
      61.0846853419578
    ],
    [
      46.31683566945057,
      60.139977374684705
    ],
    [
      46.01612438114967,
      59.19307385833243
    ],
    [
      45.748798522479426,
      58.24386991787292
    ],
    [
      45.51704934270225,
      57.29226067827807
    ],
    [
      45.323068091080586,
      56.33814126451985
    ],
    [
      45.16904601687688,
      55.381406801570186
    ],
    [
      45.05717436935352,
      54.42195241440102
    ],
    [
      44.98964439777294,
      53.459673227984275
    ],
    [
      44.96864735139761,
      52.494464367291926
    ],
    [
      44.9963684458874,
      51.52622189077916
    ],
    [
      45.073413196942006,
      50.55508625872846
    ],
    [
      45.19670212144082,
      49.58176805262765
    ],
    [
      45.3626312728978,
      48.60705899583202
    ],
    [
      45.56759670482697,
      47.63175081169687
    ],
    [
      45.80799447074232,
      46.65663522357749
    ],
    [
      46.08022062415787,
      45.68250395482919
    ],
    [
      46.380671218587615,
      44.71014872880722
    ],
    [
      46.70574230754554,
      43.740361268866906
    ],
    [
      47.05182994454568,
      42.77393329836351
    ],
    [
      47.41533018310202,
      41.81165654065235
    ],
    [
      47.79263907672857,
      40.85432271908873
    ],
    [
      48.1801668504947,
      39.9027270915453
    ],
    [
      48.57662451495824,
      38.9582387531443
    ],
    [
