{
  "test_id": 15,
  "test_outcome": "NOT_EXECUTED",
  "predicted_test_outcome": null,
  "test_duration": null,
  "road_points": [
    [
      99.99999999999999,
      100.0
    ],
    [
      100.0303365398366,
      100.99463253065909
    ],
    [
      99.99173065801743,
      101.99255973863589
    ],
    [
      99.88662391948706,
      102.99088760023534
    ],
    [
      99.7174578891902,
      103.98672209176237
    ],
    [
      99.48667413207147,
      104.97716918952186
    ],
    [
      99.19671421307545,
      105.95933486981866
    ],
    [
      98.85001969714682,
      106.93032510895775
    ],
    [
      98.44903214923023,
      107.887245883244
    ],
    [
      97.99619313427029,
      108.82720316898234
    ],
    [
      97.49394421721163,
      109.74730294247765
    ],
    [
      96.94472696299887,
      110.6446511800348
    ],
    [
      96.35098293657666,
      111.51635385795875
    ],
    [
      95.7151537028897,
      112.35951695255442
    ],
    [
      95.03968082688252,
      113.17124644012664
    ],
    [
      94.32700587349979,
      113.94864829698034
    ],
    [
      93.57957040768619,
      114.6888284994205
    ],
    [
      92.79981599438628,
      115.38889302375189
    ],
    [
      91.99018419854472,
      116.04594784627949
    ],
    [
      91.15311658510619,
      116.65709894330823
    ],
    [
      90.29105471901529,
      117.21945229114297
    ],
    [
      89.40644016521665,
      117.73011386608859
    ],
    [
      88.5017144886549,
      118.18618964445007
    ],
    [
      87.57931925427468,
      118.58478560253222
    ],
    [
      86.64169602702063,
      118.92300771664003
    ],
    [
      85.6912863718374,
      119.19796196307837
    ],
    [
      84.73049801495142,
      119.40690930064679
    ],
    [
      83.76080590356733,
      119.55138284819374
    ],
    [
      82.78265733549026,
      119.63762239421288
    ],
    [
      81.79644673991,
      119.67210986727744
    ],
    [
      80.80256854601635,
      119.66132719596077
    ],
    [
      79.80141718299907,
      119.61175630883616
    ],
    [
      78.79338708004794,
      119.52987913447687
    ],
    [
      77.77887266635273,
      119.4221776014562
    ],
    [
      76.75826837110321,
      119.29513363834747
    ],
    [
      75.73196862348917,
      119.15522917372395
    ],
    [
      74.70036785270035,
      119.00894613615893
    ],
    [
      73.66386048792656,
      118.8627664542257
    ],
    [
      72.62286800917353,
      118.72309521884931
    ],
    [
      71.57839210613993,
      118.59468943949551
    ],
    [
      70.5319922827796,
      118.48072165824983
    ],
    [
      69.48525061259927,
      118.38430030854568
    ],
    [
      68.4397491691056,
      118.30853382381639
    ],
    [
      67.39707002580523,
      118.25653063749533
    ],
    [
      66.35879525620489,
      118.23139918301588
    ],
    [
      65.32650693381117,
      118.2362478938114
    ],
    [
      64.3017871321308,
      118.27418520331524
    ],
    [
      63.286217924670424,
      118.34831954496076
    ],
    [
      62.2813813849367,
      118.46175935218133
    ],
    [
      61.28885958643632,
      118.61761305841033
    ],
    [
      60.31023460267592,
      118.81898909708107
    ],
    [
      59.34708850716222,
      119.06899590162703
    ],
    [
      58.40100337340184,
      119.37074190548142
    ],
    [
      57.47356127490148,
      119.72733554207774
    ],
    [
      56.566344285167794,
      120.14188524484928
    ],
    [
      55.68110388538369,
      120.61705915412243
    ],
    [
      54.8212045396059,
      121.15133324339463
    ],
    [
      53.990903837123234,
      121.74086224020762
    ],
    [
      53.19446883676997,
      122.38177626061166
    ],
    [
      52.43616659738037,
      123.07020542065696
    ],
    [
      51.72026417778872,
      123.80227983639382
    ],
    [
      51.051028636829265,
      124.57412962387245
    ],
    [
      50.4327270333363,
      125.3818848991431
    ],
    [
      49.86961970863126,
      126.22167472563977
    ],
    [
      49.360959867796474,
      127.08884356198344
    ],
    [
      48.89211559335702,
      127.97656010534779
    ],
    [
      48.446067802919075,
      128.8776189905695
    ],
    [
      48.00579741408874,
      129.78481485248489
    ],
    [
      47.554285344472184,
      130.69094232593062
    ],
    [
      47.07692499444818,
      131.58946363942
    ],
    [
      46.570751870756915,
      132.47706268036515
    ],
    [
      46.036308773750086,
      133.3513938911038
    ],
    [
      45.474139215618514,
      134.21011191095738
    ],
    [
      44.88478670855293,
      135.05087137924696
    ],
    [
      44.268794764744115,
      135.87132693529392
    ],
    [
      43.626706896382856,
      136.66913321841952
    ],
    [
      42.959066615659935,
      137.441944867945
    ],
    [
      42.266417434766105,
      138.18741652319164
    ],
    [
      41.549302865892145,
      138.90320282348065
    ],
    [
      40.808266421228836,
      139.5869584081334
    ],
    [
      40.04385161296694,
      140.23633791647106
    ],
    [
      39.256601953297235,
      140.8489959878149
    ],
    [
      38.4470609544105,
      141.42258726148626
    ],
    [
      37.61577212849752,
      141.95476637680633
    ],
    [
      36.76327898774905,
      142.44318797309634
    ],
    [
      35.89012504435587,
      142.8855066896777
    ],
    [
      34.99685381050876,
      143.27937716587155
    ],
    [
      34.08400879839849,
      143.62245404099923
    ],
    [
      33.15213352021584,
      143.91239195438195
    ],
    [
      32.201771488151564,
      144.14684554534097
    ],
    [
      31.23346621439646,
      144.3234694531976
    ],
    [
      30.247761211141295,
      144.4399183172731
    ],
    [
      29.24519999057683,
      144.49384677688866
    ],
    [
      28.226326064893858,
      144.48290947136564
    ],
    [
      27.191682946283137,
      144.40476104002525
    ],
    [
      26.14181414693546,
      144.2570561221888
    ],
    [
      25.07726317904158,
      144.0374493571775
    ],
    [
      23.998573554792273,
      143.74359538431258
    ],
    [
      22.906288786378333,
      143.37314884291547
    ],
    [
      21.80095238599052,
      142.92376437230726
    ],
    [
      20.683107865819608,
      142.3930966118093
    ],
    [
      19.553298738056373,
      141.77880020074286
    ],
    [
      18.412068514891594,
      141.07852977842919
    ],
    [
      17.259960708516033,
      140.28993998418952
    ],
    [
      16.09751883112046,
      139.41068545734512
    ]
  ],