{
  "test_id": 21,
  "test_outcome": "NOT_EXECUTED",
  "predicted_test_outcome": null,
  "test_duration": null,
  "road_points": [
    [
      100.00000000000003,
      100.00000000000003
    ],
    [
      99.52076701968821,
      99.07751327198743
    ],
    [
      99.06473282949028,
      98.15120107867656
    ],
    [
      98.63144428329923,
      97.22110463793088
    ],
    [
      98.22044823500809,
      96.28726516761388
    ],
    [
      97.83129153850993,
      95.34972388558911
    ],
    [
      97.4635210476978,
      94.40852200972012
    ],
    [
      97.11668361646467,
      93.46370075787033
    ],
    [
      96.79032609870355,
      92.51530134790322
    ],
    [
      96.48399534830754,
      91.56336499768238
    ],
    [
      96.19723821916962,
      90.60793292507128
    ],
    [
      95.92960156518288,
      89.64904634793345
    ],
    [
      95.68063224024031,
      88.68674648413239
    ],
    [
      95.44987709823492,
      87.72107455153156
    ],
    [
      95.23688299305978,
      86.7520717679945
    ],
    [
      95.04119677860793,
      85.77977935138473
    ],
    [
      94.86236530877237,
      84.80423851956574
    ],
    [
      94.69993543744613,
      83.82549049040104
    ],
    [
      94.55345401852227,
      82.84357648175414
    ],
    [
      94.4224679058938,
      81.85853771148852
    ],
    [
      94.30652395345375,
      80.87041539746772
    ],
    [
      94.20516901509515,
      79.87925075755521
    ],
    [
      94.11794994471106,
      78.88508500961454
    ],
    [
      94.04441359619446,
      77.88795937150918
    ],
    [
      93.98410682343841,
      76.88791506110265
    ],
    [
      93.93657648033596,
      75.88499329625847
    ],
    [
      93.90136942078009,
      74.8792352948401
    ],
    [
      93.87803249866388,
      73.87068227471111
    ],
    [
      93.86611256788032,
      72.85937545373494
    ],
    [
      93.86515648232249,
      71.84535604977513
    ],
    [
      93.87471109588338,
      70.82866528069522
    ],
    [
      93.89432326245607,
      69.80934436435867
    ],
    [
      93.92353983593352,
      68.78743451862896
    ],
    [
      93.9619076702088,
      67.76297696136967
    ],
    [
      94.00897361917495,
      66.73601291044424
    ],
    [
      94.06428453672498,
      65.70658358371622
    ],
    [
      94.12738727675192,
      64.6747301990491
    ],
    [
      94.19782869314884,
      63.640493974306374
    ],
    [
      94.27515330473892,
      62.603916953559576
    ],
    [
      94.35844274129515,
      61.56520496298056
    ],
    [
      94.44576122310744,
      60.52492381449146
    ],
    [
      94.53503765734457,
      59.48368719729123
    ],
    [
      94.62420095117544,
      58.44210880057881
    ],
    [
      94.71118001176885,
      57.40080231355313
    ],
    [
      94.79390374629364,
      56.36038142541313
    ],
    [
      94.87030106191861,
      55.32145982535772
    ],
    [
      94.93830086581256,
      54.284651202585835
    ],
    [
      94.99583206514444,
      53.250569246296465
    ],
    [
      95.04082356708297,
      52.21982764568848
    ],
    [
      95.07120427879698,
      51.19304008996084
    ],
    [
      95.0849031074554,
      50.17082026831248
    ],
    [
      95.07984896022694,
      49.15378186994232
    ],
    [
      95.05397074428052,
      48.14253858404932
    ],
    [
      95.0051973667849,
      47.137704099832376
    ],
    [
      94.93145773490893,
      46.13989210649045
    ],
    [
      94.83068075582145,
      45.14971629322247
    ],
    [
      94.7007953366913,
      44.167790349227374
    ],
    [
      94.53973038468729,
      43.19472796370408
    ],
    [
      94.3454148069783,
      42.231142825851556
    ],
    [
      94.11577751073303,
      41.27764862486868
    ],
    [
      93.84874740312046,
      40.33485904995445
    ],
    [
      93.54225339130932,
      39.40338779030774
    ],
    [
      93.19422438264914,
      38.4838485350938
    ],
    [
      92.8032947959834,
      37.57672324158846
    ],
    [
      92.37086750860367,
      36.68197694528096
    ],
    [
      91.89902436896311,
      35.799447905336265
    ],
    [
      91.3898472255149,
      34.92897438091935
    ],
    [
      90.84541792671219,
      34.07039463119521
    ],
    [
      90.26781832100811,
      33.2235469153288
    ],
    [
      89.65913007912329,
      32.38826983256923
    ],
    [
      89.02122117875665,
      31.564810875207183
    ],
    [
      88.35533143114941,
      30.754619506901072
    ],
    [
      87.66258580641419,
      29.959364935210825
    ],
    [
      86.94410927466376,
      29.180716367696444
    ],
    [
      86.20102680601077,
      28.420343011917865
    ],
    [
      85.43446337056795,
      27.679914075435065
    ],
    [
      84.645543938448,
      26.961098765808018
    ],
    [
      83.83539347976358,
      26.26556629059666
    ],
    [
      83.00513696462745,
      25.594985857360975
    ],
    [
      82.15589936315223,
      24.951026673660916
    ],
    [
      81.28880564545072,
      24.33535794705647
    ],
    [
      80.4049807816355,
      23.74964888510755
    ],
    [
      79.50554974181941,
      23.19556869537418
    ],
    [
      78.59163749611501,
      22.674786585416282
    ],
    [
      77.66436901463511,
      22.188971762793848
    ],
    [
      76.72486926749232,
      21.73979343506681
    ],
    [
      75.77426322479944,
      21.328920809795168
    ],
    [
      74.81367585666905,
      20.958023094538856
    ],
    [
      73.84423213321395,
      20.628769496857853
    ],
    [
      72.8670570245468,
      20.34282922431212
    ],
    [
      71.88327550078029,
      20.10187148446162
    ],
    [
      70.89401253202713,
      19.90756548486631
    ],
    [
      69.9003930884,
      19.76158043308616
    ],
    [
      68.90354214001162,
      19.665585536681135
    ],
    [
      67.90458465697472,
      19.621250003211205
    ],
    [
      66.90465109742019,
      19.63012854010072
    ],
    [
      65.90497188375457,
      19.691690234315192
    ],
    [
      64.90686468083737,
      19.803583976116954
    ],
    [
      63.91165008239389,
      19.963397548916554
    ],
    [
      62.92064868214925,
      20.168718736124543
    ],
    [
      61.93518107382873,
      20.41713532115146
    ],
    [
      60.9565678511575,
      20.706235087407862
    ],
    [
      59.98612960786078,
      21.033605818304277
    ],
    [
      59.02518693766379,
      21.39683529725128
    ],
    [
      58.07506043429179,
      21.793511307659408
    ],
    [
      57.137070691469916,
      22.2212216329392
    ],
    [
      56.212538302923434,
      22.677554056501208
    ],
    [
      55.30278386237754,
      23.160096361755986
    ],
    [
      54.40912796355744,
      23.66643633211408
    ],
    [
      53.53289120018836,
      24.194161750986034
    ],
    [
      52.6753941659955,
      24.7408604017824
    ],
    [
      51.837957454704096,
      25.30412006791372
    ],
    [
      51.021901660039326,
      25.881528532790544
    ],
    [
      50.22854737572645,
      26.47067357982342
    ],
    [
      49.45921519549065,
      27.0691429924229
    ],
    [
      48.71522571305715,
      27.674524553999518
    ]
  ],