{
  "test_id": 37,
  "test_outcome": "NOT_EXECUTED",
  "predicted_test_outcome": null,
  "test_duration": null,
  "road_points": [
    [
      99.99999999999999,
      99.99999999999999
    ],
    [
      99.73489275237868,
      98.89866631078075
    ],
    [
      99.5283133106665,
      97.81914032501047
    ],
    [
      99.37850654178801,
      96.76062756496248
    ],
    [
      99.28371731266782,
      95.72233355291017
    ],
    [
      99.24219049023044,
      94.70346381112688
    ],
    [
      99.25217094140041,
      93.70322386188593
    ],
    [
      99.31190353310237,
      92.72081922746077
    ],
    [
      99.41963313226083,
      91.75545543012468
    ],
    [
      99.57360460580034,
      90.80633799215106
    ],
    [
      99.77206282064549,
      89.87267243581326
    ],
    [
      100.01325264372082,
      88.95366428338463
    ],
    [
      100.29541894195094,
      88.04851905713855
    ],
    [
      100.61680658226034,
      87.15644227934835
    ],
    [
      100.97566043157363,
      86.27663947228744
    ],
    [
      101.37022535681538,
      85.40831615822914
    ],
    [
      101.79874622491015,
      84.55067785944682
    ],
    [
      102.25946790278246,
      83.70293009821386
    ],
    [
      102.75063525735693,
      82.8642783968036
    ],
    [
      103.27049315555809,
      82.0339282774894
    ],
    [
      103.81728646431048,
      81.2110852625446
    ],
    [
      104.38926005053874,
      80.39495487424261
    ],
    [
      104.98465878116735,
      79.58474263485675
    ],
    [
      105.6017275231209,
      78.77965406666038
    ],
    [
      106.23871114332398,
      77.97889469192693
    ],
    [
      106.89385450870114,
      77.18167003292966
    ],
    [
      107.56540248617686,
      76.38718561194194
    ],
    [
      108.25159994267585,
      75.59464695123724
    ],
    [
      108.95069174512254,
      74.80325957308878
    ],
    [
      109.6609227604416,
      74.01222899977003
    ],
    [
      110.38053785555752,
      73.2207607535543
    ],
    [
      111.1077818973949,
      72.42806035671494
    ],
    [
      111.84089975287829,
      71.63333333152534
    ],
    [
      112.57813628893221,
      70.83578520025884
    ],
    [
      113.3177354983793,
      70.03462257623633
    ],
    [
      114.05778467653118,
      69.22924766142837
    ],
    [
      114.79603460997981,
      68.41948268544834
    ],
    [
      115.53019251751843,
      67.60520425890678
    ],
    [
      116.25796561794027,
      66.78628899241428
    ],
    [
      116.97706113003863,
      65.96261349658143
    ],
    [
      117.68518627260677,
      65.13405438201882
    ],
    [
      118.38004826443792,
      64.30048825933702
    ],
    [
      119.05935432432538,
      63.46179173914663
    ],
    [
      119.72081167106235,
      62.617841432058206
    ],
    [
      120.36212752344211,
      61.76851394868238
    ],
    [
      120.98100910025796,
      60.913685899629705
    ],
    [
      121.57516362030314,
      60.053233895510765
    ],
    [
      122.14229830237088,
      59.18703454693614
    ],
    [
      122.68012036525452,
      58.314964464516464
    ],
    [
      123.18633702774719,
      57.43690025886224
    ],
    [
      123.65865550864225,
      56.55271854058411
    ],
    [
      124.09478302673293,
      55.66229592029262
    ],
    [
      124.49242680081247,
      54.7655090085984
    ],
    [
      124.8492940496742,
      53.86223441611202
    ],
    [
      125.1630919921113,
      52.952348753444035
    ],
    [
      125.43152784691706,
      52.03572863120506
    ],
    [
      125.65230883288473,
      51.11225066000566
    ],
    [
      125.8231421688076,
      50.18179145045644
    ],
    [
      125.94173507347888,
      49.244227613167965
    ],
    [
      126.00579476569183,
      48.2994357587508
    ],
    [
      126.01338272919268,
      47.34731395408728
    ],
    [
      125.96744652954581,
      46.38805619456763
    ],
    [
      125.87449359577951,
      45.422072080871416
    ],
    [
      125.74111201210067,
      44.449776098607934
    ],
    [
      125.5738898627162,
      43.47158273338653
    ],
    [
      125.37941523183292,
      42.48790647081651
    ],
    [
      125.16427620365776,
      41.49916179650719
    ],
    [
      124.93506086239755,
      40.50576319606789
    ],
    [
      124.6983572922592,
      39.50812515510793
    ],
    [
      124.4607535774496,
      38.50666215923666
    ],
    [
      124.2288378021756,
      37.501788694063364
    ],
    [
      124.00919805064409,
      36.49391924519739
    ],
    [
      123.80842240706197,
      35.48346829824803
    ],
    [
      123.63309895563611,
      34.47085033882463
    ],
    [
      123.48967822836953,
      33.456559114080115
    ],
    [
      123.38311637733871,
      32.44194947594416
    ],
    [
      123.31745291720783,
      31.428904469237697
    ],
    [
      123.29671408348247,
      30.41931479061556
    ],
    [
      123.32492611166809,
      29.41507113673258
    ],
    [
      123.4061152372703,
      28.41806420424356
    ],
    [
      123.54430769579466,
      27.430184689803365
    ],
    [
      123.74293597467009,
      26.453244054715043
    ],
    [
      124.00062202268501,
      25.488411796566233
    ],
    [
      124.31365456192381,
      24.53654604513405
    ],
    [
      124.67830693222994,
      23.598502877444087
    ],
    [
      125.09085247344687,
      22.67513837052192
    ],
    [
      125.5475645254181,
      21.767308601393175
    ],
    [
      126.04471642798707,
      20.875869647083423
    ],
    [
      126.57858152099728,
      20.001677584618246
    ],
    [
      127.14543314429213,
      19.145588491023258
    ],
    [
      127.74154463771525,
      18.308458443324035
    ],
    [
      128.36318934110994,
      17.491143518546185
    ],
    [
      129.0066405943198,
      16.694499793715277
    ],
    [
      129.66851659370454,
      15.91940342739404
    ],
    [
      130.34799266468283,
      15.16687948379046
    ],
    [
      131.0453935500919,
      14.438019959495893
    ],
    [
      131.76104948574567,
      13.733917170966345
    ],
    [
      132.49529070745808,
      13.05566343465785
    ],
    [
      133.2484474510431,
      12.404351067026413
    ],
    [
      134.02084995231465,
      11.781072384528038
    ],
    [
      134.81282844708662,
      11.186919703618763
    ],
    [
      135.624713171173,
      10.622985340754584
    ],
    [
      136.4568343603877,
      10.090361612391536
    ],
    [
      137.30952225054466,
      9.59014083498562
    ],
    [
      138.18310707745783,
      9.123415324992868
    ],
    [
      139.0779190769411,
      8.691277398869277
    ],
    [
      139.99428848480844,
      8.29481937307088
    ],
    [
      140.93254553687382,
      7.935133564053686
    ],
    [
      141.89302046895114,
      7.613312288273708
    ],
    [
      142.87604351685428,
      7.330447862186968
    ],
    [
      143.8819449163973,
      7.08763260224948
    ],
    [
      144.911054903394,
      6.885958824917259
    ],
    [
      145.96370371365842,
      6.726518846646322
    ],
    [
      147.04022158300444,
      6.610404983892688
    ],
    [
      148.14093874724603,
      6.538709553112368
    ],
    [
      149.26618544219707,
      6.512524870761381
    ]
  ],