{
  "test_id": 33,
  "test_outcome": "NOT_EXECUTED",
  "predicted_test_outcome": null,
  "test_duration": null,
  "road_points": [
    [
      100.0,
      100.00000000000001
    ],
    [
      99.91261719189608,
      101.52895969656913
    ],
    [
      99.76679355177936,
      102.97187567019094
    ],
    [
      99.56451692281338,
      104.33181907593254
    ],
    [
      99.30777514816187,
      105.61186106886119
    ],
    [
      98.99855607098844,
      106.81507280404408
    ],
    [
      98.63884753445677,
      107.94452543654836
    ],
    [
      98.23063738173049,
      109.00329012144125
    ],
    [
      97.7759134559732,
      109.99443801378993
    ],
    [
      97.27666360034857,
      110.92104026866154
    ],
    [
      96.73487565802031,
      111.78616804112342
    ],
    [
      96.15253747215196,
      112.59289248624259
    ],
    [
      95.53163688590726,
      113.34428475908632
    ],
    [
      94.87416174244979,
      114.04341601472176
    ],
    [
      94.1820998849432,
      114.69335740821614
    ],
    [
      93.45743915655116,
      115.2971800946366
    ],
    [
      92.70216740043729,
      115.8579552290504
    ],
    [
      91.91827245976526,
      116.37875396652467
    ],
    [
      91.1077421776987,
      116.86264746212662
    ],
    [
      90.27256439740125,
      117.31270687092344
    ],
    [
      89.41472696203655,
      117.73200334798231
    ],
    [
      88.5362177147683,
      118.12360804837044
    ],
    [
      87.6390244987601,
      118.49059212715503
    ],
    [
      86.72513515717556,
      118.83602673940321
    ],
    [
      85.79653753317835,
      119.1629830401822
    ],
    [
      84.85521946993217,
      119.4745321845592
    ],
    [
      83.9031688106006,
      119.77374532760139
    ],
    [
      82.94237339834731,
      120.06369362437599
    ],
    [
      81.97482107633593,
      120.34744822995012
    ],
    [
      81.00249968773012,
      120.62808029939103
    ],
    [
      80.0273970756935,
      120.90866098776587
    ],
    [
      79.05150108338977,
      121.19226145014187
    ],
    [
      78.07679955398251,
      121.48195284158615
    ],
    [
      77.10528033063541,
      121.78080631716601
    ],
    [
      76.13893125651208,
      122.09189303194852
    ],
    [
      75.17974017477619,
      122.41828414100095
    ],
    [
      74.22969492859136,
      122.76305079939044
    ],
    [
      73.29078336112129,
      123.12926416218421
    ],
    [
      72.36499331552957,
      123.51999538444949
    ],
    [
      71.45431263497984,
      123.93831562125334
    ],
    [
      70.56072916263578,
      124.38729602766307
    ],
    [
      69.686230741661,
      124.8700077587458
    ],
    [
      68.83280355189845,
      125.38951723676425
    ],
    [
      68.00198308341359,
      125.94760849354465
    ],
    [
      67.194246226558,
      126.5430534265867
    ],
    [
      66.40991803619767,
      127.17419190145955
    ],
    [
      65.64932356719865,
      127.8393637837325
    ],
    [
      64.91278787442687,
      128.53690893897453
    ],
    [
      64.20063601274835,
      129.26516723275495
    ],
    [
      63.513193037029104,
      130.02247853064284
    ],
    [
      62.85078400213516,
      130.80718269820744
    ],
    [
      62.21373396293248,
      131.6176196010179
    ],
    [
      61.60236797428706,
      132.45212910464338
    ],
    [
      61.01701109106492,
      133.30905107465307
    ],
    [
      60.45798836813205,
      134.18672537661607
    ],
    [
      59.925624860354475,
      135.08349187610165
    ],
    [
      59.42024562259815,
      135.99769043867892
    ],
    [
      58.94217570972912,
      136.92766092991704
    ],
    [
      58.49174017661336,
      137.87174321538527
    ],
    [
      58.06926407811686,
      138.82827716065265
    ],
    [
      57.67507246910565,
      139.79560263128843
    ],
    [
      57.30949040444571,
      140.77205949286179
    ],
    [
      56.972842939003066,
      141.7559876109419
    ],
    [
      56.665455127643675,
      142.74572685109783
    ],
    [
      56.38765202523358,
      143.7396170788989
    ],
    [
      56.13975868663874,
      144.73599815991417
    ],
    [
      55.9221001667252,
      145.73320995971287
    ],
    [
      55.73505613895661,
      146.72988284704508
    ],
    [
      55.579298362390574,
      147.72620072366496
    ],
    [
      55.455595830609006,
      148.72286465836893
    ],
    [
      55.36471760323597,
      149.72057607121573
    ],
    [
      55.30743273989558,
      150.72003638226423
    ],
    [
      55.284510300211885,
      151.7219470115731
    ],
    [
      55.296719343808995,
      152.72700937920123
    ],
    [
      55.34461293432152,
      153.7356051007459
    ],
    [
      55.42782246171221,
      154.74675115835439
    ],
    [
      55.5457335249516,
      155.75910061512127
    ],
    [
      55.697731720705875,
      156.7713065307292
    ],
    [
      55.88320264564121,
      157.78202196486077
    ],
    [
      56.10153189642381,
      158.7898999771988
    ],
    [
      56.3521050697198,
      159.7935936274257
    ],
    [
      56.6343077621954,
      160.79175597522442
    ],
    [
      56.94752557051677,
      161.78304008027743
    ],
    [
      57.29114409135013,
      162.7660990022675
    ],
    [
      57.66454892136162,
      163.73958580087725
    ],
    [
      58.06712565721743,
      164.70215353578942
    ],
    [
      58.498259895583764,
      165.65245526668656
    ],
    [
      58.95733723312675,
      166.58914405325137
    ],
    [
      59.44374326651264,
      167.51087295516663
    ],
    [
      59.956863592407544,
      168.41629503211482
    ],
    [
      60.49608380747768,
      169.30406334377872
    ],
    [
      61.06078950838922,
      170.172830949841
    ],
    [
      61.65036629180836,
      171.0212509099843
    ],
    [
      62.26419975440127,
      171.8479762838913
    ],
    [
      62.901675492834116,
      172.65166013124463
    ],
    [
      63.56217910377312,
      173.43095551172706
    ],
    [
      64.24509618388441,
      174.18451548502117
    ],
    [
      64.94981232983422,
      174.9109931108096
    ],
    [
      65.67571313828867,
      175.6090414487751
    ],
    [
      66.42218255734562,
      176.2773316513378
    ],
    [
      67.18851246197579,
      176.91554535670826
    ],
    [
      67.97385581425985,
      177.52488874674964
    ],
    [
      68.77735406018971,
      178.10669439030164
    ],
    [
      69.59814864575726,
      178.6622948562042
    ],
    [
      70.43538101695434,
      179.19302271329687
    ],
    [
      71.28819261977281,
      179.70021053041947
    ],
    [
      72.15572490020455,
      180.1851908764118
    ],
    [
      73.03711930424137,
      180.64929632011365
    ],
    [
      73.93151727787522,
      181.0938594303647
    ],
    [
      74.8380602670979,
      181.52021277600477
    ],
    [
      75.7558897179013,
      181.9296889258736
    ],
    [
      76.68414707627727,
      182.32362044881097
    ],
    [
      77.62197378821767,
      182.70333991365655
    ],
    [
      78.56851129971437,
      183.07017988925026
    ],
    [
      79.52290105675925,
      183.42547294443173
    ],
    [
      80.48428450534418,
      183.77055164804082
    ],
    [
      81.45180309146099,
      184.10674856891725
    ],
    [
      82.42459826110158,
      184.43539627590076
    ],
    [
      83.40181146025776,
      184.75782733783112
    ],
    [
      84.38258413492146,
      185.0753743235481
    ],
    [
      85.36605773108451,
      185.3893698018915
    ],
    [
      86.35137369473877,
      185.70114634170096
    ],
    [
      87.33767347187612,
      186.0120365118164
    ],
    [
      88.32410336381304,
      186.3232615926803
    ],
    [
      89.3099828521913,
      186.63207341633114
    ],
    [
      90.2948477712196,
