{
  "test_id": 38,
  "test_outcome": "NOT_EXECUTED",
  "predicted_test_outcome": null,
  "test_duration": null,
  "road_points": [
    [
      99.99999999999999,
      100.0
    ],
    [
      100.03719064527844,
      98.80173976841611
    ],
    [
      100.00081630316384,
      97.63300745033658
    ],
    [
      99.89353038696751,
      96.49457175663717
    ],
    [
      99.71798631000061,
      95.38720139819347
    ],
    [
      99.47683748557444,
      94.3116650858812
    ],
    [
      99.17273732700009,
      93.26873153057599
    ],
    [
      98.80833924758882,
      92.25916944315348
    ],
    [
      98.38629666065194,
      91.28374753448941
    ],
    [
      97.90926297950048,
      90.3432345154593
    ],
    [
      97.37989161744584,
      89.43839909693897
    ],
    [
      96.80083598779912,
      88.57000998980396
    ],
    [
      96.17474950387158,
      87.73883590493
    ],
    [
      95.50428557897442,
      86.9456455531927
    ],
    [
      94.79209762641885,
      86.19120764546774
    ],
    [
      94.04083905951613,
      85.47629089263084
    ],
    [
      93.25316329157742,
      84.80166400555757
    ],
    [
      92.43172373591396,
      84.16809569512363
    ],
    [
      91.57917380583697,
      83.57635467220467
    ],
    [
      90.69816691465765,
      83.02720964767636
    ],
    [
      89.79135647568722,
      82.52142933241437
    ],
    [
      88.86139590223691,
      82.05978243729436
    ],
    [
      87.91093860761792,
      81.64303767319196
    ],
    [
      86.94263800514148,
      81.27196375098285
    ],
    [
      85.95914750811878,
      80.94732938154272
    ],
    [
      84.96312052986104,
      80.66990327574715
    ],
    [
      83.95721048367952,
      80.44045414447189
    ],
    [
      82.94407078288536,
      80.25975069859251
    ],
    [
      81.92635484078984,
      80.12856164898479
    ],
    [
      80.90671607070415,
      80.0476557065243
    ],
    [
      79.8878078859395,
      80.0178015820867
    ],
    [
      78.8722836998071,
      80.03976798654769
    ],
    [
      77.8627969256182,
      80.11432363078292
    ],
    [
      76.862000976684,
      80.24223722566805
    ],
    [
      75.87254926631567,
      80.42427748207872
    ],
    [
      74.89709520782449,
      80.66121311089059
    ],
    [
      73.93798659248907,
      80.95322071324834
    ],
    [
      72.99603454777385,
      81.2974997698644
    ],
    [
      72.07156829390331,
      81.69031611814091
    ],
    [
      71.16491688112163,
      82.12793526616136
    ],
    [
      70.27640935967294,
      82.60662272200925
    ],
    [
      69.40637477980142,
      83.12264399376816
    ],
    [
      68.55514219175124,
      83.6722645895216
    ],
    [
      67.72304064576656,
      84.2517500173531
    ],
    [
      66.91038566944833,
      84.85736468135997
    ],
    [
      66.11635905504873,
      85.48528042767877
    ],
    [
      65.33816955031993,
      86.1315080234295
    ],
    [
      64.5728281895769,
      86.79204209444082
    ],
    [
      63.817346007134525,
      87.46287726654141
    ],
    [
      63.068734037307735,
      88.14000816555992
    ],
    [
      62.32400331441147,
      88.81942941732504
    ],
    [
      61.58016487276061,
      89.49713564766537
    ],
    [
      60.834229746670154,
      90.16912148240966
    ],
    [
      60.08320897045496,
      90.83138154738654
    ],
    [
      59.32411357842998,
      91.47991046842466
    ],
    [
      58.553954604910125,
      92.11070287135267
    ],
    [
      57.76974308421036,
      92.71975338199928
    ],
    [
      56.968490050645556,
      93.30305662619314
    ],
    [
      56.14723881437939,
      93.85665710595838
    ],
    [
      55.30503421167779,
      94.37969230184962
    ],
    [
      54.4440613932041,
      94.87615245402273
    ],
    [
      53.56678012876118,
      95.35045217436752
    ],
    [
      52.67565018815186,
      95.8070060747738
    ],
    [
      51.773131341179024,
      96.25022876713139
    ],
    [
      50.86168335764552,
      96.68453486333006
    ],
    [
      49.94376600735417,
      97.11433897525966
    ],
    [
      49.021839060107865,
      97.54405571480994
    ],
    [
      48.09841726265976,
      97.97802087179632
    ],
    [
      47.176592907932246,
      98.41974219106527
    ],
    [
      46.25980360868237,
      98.87223232223643
    ],
    [
      45.35149162239851,
      99.33849725564095
    ],
    [
      44.45509920656913,
      99.82154298161005
    ],
    [
      43.57406861868264,
      100.32437549047496
    ],
    [
      42.71184211622749,
      100.85000077256684
    ],
    [
      41.871861956692115,
      101.40142481821691
    ],
    [
      41.057570397564945,
      101.98165361775636
    ],
    [
      40.272409696334414,
      102.59369316151641
    ],
    [
      39.51982211048896,
      103.24054943982829
    ],
    [
      38.803249897517006,
      103.92522844302312
    ],
    [
      38.12516984986554,
      104.64985891094207
    ],
    [
      37.47808813471674,
      105.4075099743012
    ],
    [
      36.84862717606398,
      106.1859046183072
    ],
    [
      36.22333328904185,
      106.97269667337541
    ],
    [
      35.58875278878494,
      107.75553996992095
    ],
    [
      34.93143199042783,
      108.52208833835913
    ],
    [
      34.23888712554874,
      109.26068629311087
    ],
    [
      33.50809337692734,
      109.96641413119778
    ],
    [
      32.741363866924935,
      110.63815333222438
    ],
    [
      31.94107187845134,
      111.27482821652514
    ],
    [
      31.10959069441634,
      111.8753631044346
    ],
    [
      30.249293597729736,
      112.43868231628736
    ],
    [
      29.362553871301326,
      112.96371017241796
    ],
    [
      28.451744798040874,
      113.44937099316094
    ],
    [
      27.519239660858215,
      113.89458909885082
    ],
    [
      26.567411742663115,
      114.29828880982217
    ],
    [
      25.598634326365378,
      114.65939444640955
    ],
    [
      24.615280694874784,
      114.97683032894747
    ],
    [
      23.61972413110115,
      115.24952077777053
    ],
    [
      22.614337917954263,
      115.47639011321323
    ],
    [
      21.601495338343913,
      115.65636265561014
    ],
    [
      20.583569675179895,
      115.78836272529578
    ],
    [
      19.562934211371996,
      115.87131464260476
    ],
    [
      18.541962229830027,
      115.90414272787154
    ],
    [
      17.523027013463768,
      115.88577130143072
    ],
    [
      16.50850184518302,
      115.81512468361689
    ],
    [
      15.500760007897577,
      115.6911271947645
    ],
    [
      14.502174784517214,
      115.51270315520816
    ],
    [
      13.51511945795176,
      115.27877688528244
    ],
    [
      12.541967311110987,
      114.98827270532178
    ],
    [
      11.585091626904694,
      114.64011493566085
    ],
    [
      10.646865688242674,
      114.23322789663413
    ],
    [
      9.729662778034712,
      113.7665359085762
    ],
    [
      8.835856179190623,
      113.23896329182158
    ],
    [
      7.967819174620189,
      112.64943436670481
    ],
    [
      7.127925047233207,
      111.99687345356048
    ],
    [
      6.318547079939465,
      111.28020487272309
    ],
    [
      5.5420585556487545,
      110.49835294452723
    ],
    [
      4.800832757270884,
      109.65024198930742
    ],
    [
      4.0972429677156414,
      108.73479632739821
    ]
  ],