{
  "test_id": 44,
  "test_outcome": "NOT_EXECUTED",
  "predicted_test_outcome": null,
  "test_duration": null,
  "road_points": [
    [
      100.00000000000004,
      100.00000000000003
    ],
    [
      99.99314444733632,
      98.99550950495265
    ],
    [
      99.98775756837901,
      97.99117779507381
    ],
    [
      99.98373648643508,
      96.98699374788417
    ],
    [
      99.98097832481128,
      95.98294624090425
    ],
    [
      99.97938020681454,
      94.97902415165467
    ],
    [
      99.97883925575171,
      93.97521635765605
    ],
    [
      99.97925259492969,
      92.97151173642897
    ],
    [
      99.98051734765531,
      91.96789916549395
    ],
    [
      99.98253063723546,
      90.96436752237165
    ],
    [
      99.98518958697699,
      89.96090568458266
    ],
    [
      99.98839132018678,
      88.95750252964753
    ],
    [
      99.99203296017168,
      87.95414693508687
    ],
    [
      99.99601163023857,
      86.95082777842126
    ],
    [
      100.0002244536943,
      85.94753393717129
    ],
    [
      100.00456855384577,
      84.94425428885756
    ],
    [
      100.00894105399983,
      83.94097771100063
    ],
    [
      100.01323907746333,
      82.93769308112111
    ],
    [
      100.01735974754315,
      81.93438927673961
    ],
    [
      100.02120018754614,
      80.93105517537668
    ],
    [
      100.02465752077921,
      79.92767965455292
    ],
    [
      100.02762887054922,
      78.92425159178893
    ],
    [
      100.03001136016297,
      77.92075986460529
    ],
    [
      100.03170211292743,
      76.91719335052261
    ],
    [
      100.03259825214938,
      75.91354092706146
    ],
    [
      100.03259690113573,
      74.90979147174241
    ],
    [
      100.0315951831933,
      73.90593386208606
    ],
    [
      100.02949022162902,
      72.90195697561302
    ],
    [
      100.02617913974973,
      71.89784968984385
    ],
    [
      100.0215590608623,
      70.89360088229917
    ],
    [
      100.01552710827357,
      69.88919943049954
    ],
    [
      100.00798040529045,
      68.88463421196558
    ],
    [
      99.99881623789493,
      67.87989412180542
    ],
    [
      99.9880649009656,
      66.87498243533976
    ],
    [
      99.97613003643879,
      65.86994279218214
    ],
    [
      99.96348030480543,
      64.86482586140538
    ],
    [
      99.95058436655648,
      63.859682312082406
    ],
    [
      99.93791088218285,
      62.85456281328605
    ],
    [
      99.92592851217555,
      61.849518034089215
    ],
    [
      99.91510591702541,
      60.84459864356476
    ],
    [
      99.90591175722348,
      59.839855310785566
    ],
    [
      99.89881469326068,
      58.83533870482452
    ],
    [
      99.89428338562787,
      57.831099494754454
    ],
    [
      99.89278649481606,
      56.82718834964828
    ],
    [
      99.8947926813162,
      55.82365593857885
    ],
    [
      99.90077060561917,
      54.82055293061905
    ],
    [
      99.91118892821595,
      53.81792999484175
    ],
    [
      99.92651630959749,
      52.81583780031983
    ],
    [
      99.94722141025471,
      51.81432701612615
    ],
    [
      99.97377289067853,
      50.81344831133358
    ],
    [
      100.00663109717047,
      49.813251456129194
    ],
    [
      100.04415645858397,
      48.81355918882459
    ],
    [
      100.07984660740951,
      47.81366850812232
    ],
    [
      100.1065127722738,
      46.81280220239984
    ],
    [
      100.11696618180366,
      45.810183060034625
    ],
    [
      100.10401806462589,
      44.805033869404134
    ],
    [
      100.0604796493672,
      43.796577418885825
    ],
    [
      99.97917431369,
      42.78404239862672
    ],
    [
      99.85512293081469,
      41.76772500015923
    ],
    [
      99.6880754508386,
      40.750218710270644
    ],
    [
      99.4783955978967,
      39.734415175456945
    ],
    [
      99.22644709612392,
      38.723206042214166
    ],
    [
      98.93259366965532,
      37.71948295703829
    ],
    [
      98.59719904262579,
      36.726137566425315
    ],
    [
      98.22062693917027,
      35.74606151687124
    ],
    [
      97.80324108342379,
      34.78214645487206
    ],
    [
      97.34540519952125,
      33.8372840269238
    ],
    [
      96.84748301159765,
      32.914365879522435
    ],
    [
      96.3098382437879,
      32.016283659163975
    ],
    [
      95.73283462022702,
      31.14592901234442
    ],
    [
      95.11683586504994,
      30.30619358555977
    ],
    [
      94.46220570239163,
      29.499969025306022
    ],
    [
      93.76930785638706,
      28.730146978079183
    ],
    [
      93.03850605117115,
      27.999619090375255
    ],
    [
      92.27016401087893,
      27.311277008690215
    ],
    [
      91.46464545964528,
      26.668012379520082
    ],
    [
      90.62231412160523,
      26.07271684936086
    ],
    [
      89.74354635007958,
      25.52827114811915
    ],
    [
      88.8298011298893,
      25.036620185791037
    ],
    [
      87.88443504822601,
      24.59806859672931
    ],
    [
      86.91099658706466,
      24.212755142633835
    ],
    [
      85.91303422838023,
      23.88081858520449
    ],
    [
      84.89409645414773,
      23.602397686141156
    ],
    [
      83.85773174634211,
      23.37763120714371
    ],
    [
      82.80748858693843,
      23.20665790991203
    ],
    [
      81.74691545791158,
      23.089616556145977
    ],
    [
      80.67956084123662,
      23.026645907545443
    ],
    [
      79.6089732188885,
      23.017884725810294
    ],
    [
      78.53870107284219,
      23.063471772640415
    ],
    [
      77.4722928850727,
      23.16354580973567
    ],
    [
      76.41329713755503,
      23.318245598795954
    ],
    [
      75.36526231226416,
      23.527709901521124
    ],
    [
      74.33173689117504,
      23.79207747961107
    ],
    [
      73.31626935626268,
      24.11148709476566
    ],
    [
      72.32240818950206,
      24.48607750868477
    ],
    [
      71.35370187286817,
      24.915987483068285
    ],
    [
      70.41369888833597,
      25.401355779616075
    ],
    [
      69.5059477178805,
      25.942321160028012
    ],
    [
      68.63399684347671,
      26.53902238600398
    ],
    [
      67.80107776477026,
      27.191195688890552
    ],
    [
      67.00857611551052,
      27.896233266999367
    ],
    [
      66.25721117048899,
      28.650681120977776
    ],
    [
      65.5477013032822,
      29.451084107035786
    ],
    [
      64.8807648874667,
      30.293987081383435
    ],
    [
      64.257120296619,
      31.17593490023073
    ],
    [
      63.67748590431561,
      32.09347241978769
    ],
    [
      63.14258008413306,
      33.04314449626433
    ],
    [
      62.65312120964786,
      34.02149598587068
    ],
    [
      62.20982765443652,
      35.025071744816735
    ],
    [
      61.81341779207558,
      36.05041662931254
    ],
    [
      61.46460999614157,
      37.09407549556809
    ],
    [
      61.16412264021096,
      38.15259319979341
    ],
    [
      60.91267409786032,
      39.222514598198515
    ],
    [
      60.71098274266613,
      40.300384546993435
    ],
    [
      60.55976694820494,
      41.382747902388175
    ],
    [
      60.45974508805325,
      42.46614952059275
    ],
    [
      60.411635535787596,
      43.5471342578172
    ],
    [
      60.41615666498447,
      44.62224697027151
    ],
    [
      60.47402684922042,
      45.68803251416573
    ],
    [
      60.585964462071956,
      46.741035745709844
    ],
    [
      60.75268787711559,
      47.7778015211139
    ],
    [
      60.97491546792786,
      48.79487469658791
    ],
    [
      61.25336560808525,
      49.788800128341876
    ],
    [
      61.58875667116433,
      50.75612267258584
    ],
    [
      61.98179253108805,
      51.69339845521507
    ],
    [
      62.43159157861951,
      52.59841590027541
    ],
    [
