{
  "test_id": 58,
  "test_outcome": "NOT_EXECUTED",
  "predicted_test_outcome": null,
  "test_duration": null,
  "road_points": [
    [
      100.0,
      100.0
    ],
    [
      99.99408280637057,
      98.99472993375204
    ],
    [
      99.98938527252236,
      97.98958881212455
    ],
    [
      99.9858307934385,
      96.98456853629776
    ],
    [
      99.98334276410205,
      95.97966100745168
    ],
    [
      99.98184457949617,
      94.97485812676656
    ],
    [
      99.981259634604,
      93.97015179542261
    ],
    [
      99.98151132440867,
      92.96553391459992
    ],
    [
      99.9825230438933,
      91.96099638547874
    ],
    [
      99.98421818804098,
      90.95653110923915
    ],
    [
      99.98652015183491,
      89.95212998706135
    ],
    [
      99.98935233025811,
      88.94778492012551
    ],
    [
      99.99263811829378,
      87.94348780961177
    ],
    [
      99.99630091092506,
      86.93923055670037
    ],
    [
      100.00026410313505,
      85.9350050625714
    ],
    [
      100.00445108990685,
      84.93080322840508
    ],
    [
      100.00878526622363,
      83.92661695538152
    ],
    [
      100.01319002706846,
      82.92243814468092
    ],
    [
      100.01758876742451,
      81.91825869748344
    ],
    [
      100.02190488227491,
      80.91407051496927
    ],
    [
      100.02606176660277,
      79.90986549831854
    ],
    [
      100.02998281539124,
      78.90563554871143
    ],
    [
      100.03359142362338,
      77.90137256732812
    ],
    [
      100.03681098628242,
      76.89706845534877
    ],
    [
      100.03956489835139,
      75.89271511395353
    ],
    [
      100.04177655481345,
      74.88830444432256
    ],
    [
      100.04336935065172,
      73.88382834763605
    ],
    [
      100.04426668084935,
      72.87927872507419
    ],
    [
      100.04439194038943,
      71.87464747781706
    ],
    [
      100.04366852425514,
      70.86992650704494
    ],
    [
      100.04201982742956,
      69.86510771393792
    ],
    [
      100.03936924489584,
      68.86018299967618
    ],
    [
      100.03564017163706,
      67.85514426543989
    ],
    [
      100.03075600263642,
      66.84998341240922
    ],
    [
      100.02464013287695,
      65.84469234176433
    ],
    [
      100.0172159573419,
      64.83926295468541
    ],
    [
      100.00840687101427,
      63.83368715235258
    ],
    [
      99.99813671360022,
      62.827956882962965
    ],
    [
      99.98647024976127,
      61.82207899355276
    ],
    [
      99.97381341970225,
      60.816096400848785
    ],
    [
      99.96062277986637,
      59.810057372817404
    ],
    [
      99.94735488669673,
      58.804010177424956
    ],
    [
      99.93446629663653,
      57.79800308263783
    ],
    [
      99.92241356612888,
      56.79208435642233
    ],
    [
      99.91165325161701,
      55.786302266744855
    ],
    [
      99.90264190954403,
      54.78070508157174
    ],
    [
      99.89583609635314,
      53.77534106886935
    ],
    [
      99.89169236848744,
      52.77025849660402
    ],
    [
      99.89066728239011,
      51.7655056327421
    ],
    [
      99.89321739450436,
      50.76113074524998
    ],
    [
      99.89979926127327,
      49.757182102093985
    ],
    [
      99.9108694391401,
      48.75370797124049
    ],
    [
      99.92688448454791,
      47.75075662065582
    ],
    [
      99.94830095393993,
      46.74837631830636
    ],
    [
      99.97557540375931,
      45.74661533215844
    ],
    [
      100.00914337304305,
      44.74551970818055
    ],
    [
      100.0470016685294,
      43.74487766518678
    ],
    [
      100.08246584097621,
      42.74398251120958
    ],
    [
      100.10832120904938,
      41.74207149719326
    ],
    [
      100.11735309141474,
      40.73838187408209
    ],
    [
      100.10234680673825,
      39.73215089282041
    ],
    [
      100.05608767368577,
      38.72261580435249
    ],
    [
      99.97139083356953,
      37.70902816544501
    ],
    [
      99.84364958075223,
      36.69187626414022
    ],
    [
      99.67278826894034,
      35.67382192228264
    ],
    [
      99.45919102541598,
      34.65774751354193
    ],
    [
      99.20324197746132,
      33.646535411587735
    ],
    [
      98.90532525235838,
      32.643067990089655
    ],
    [
      98.56582497738941,
      31.65022762271737
    ],
    [
      98.18512527983646,
      30.6708966831405
    ],
    [
      97.76361028698166,
      29.707957545028695
    ],
    [
      97.30166412610714,
      28.76429258205157
    ],
    [
      96.79967092449506,
      27.842784167878804
    ],
    [
      96.25801480942746,
      26.946314676179984
    ],
    [
      95.67707990818657,
      26.07776648062481
    ],
    [
      95.05725034805448,
      25.240021954882888
    ],
    [
      94.39891025631324,
      24.43596347262385
    ],
    [
      93.70244376024505,
      23.668473407517354
    ],
    [
      92.968234987132,
      22.940434133233026
    ],
    [
      92.19666806425629,
      22.254728023440528
    ],
    [
      91.38812711889994,
      21.614237451809476
    ],
    [
      90.54299627834511,
      21.021844792009503
    ],
    [
      89.66168793385562,
      20.480407978982605
    ],
    [
      88.74586220855367,
      19.991706084137356
    ],
    [
      87.79889194139778,
      19.55603726241297
    ],
    [
      86.82427416692309,
      19.173592281830693
    ],
    [
      85.82550591966485,
      18.844561910411734
    ],
    [
      84.80608423415822,
      18.56913691617732
    ],
    [
      83.7695061449384,
      18.347508067148667
    ],
    [
      82.71926868654066,
      18.179866131346998
    ],
    [
      81.65886889350013,
      18.06640187679353
    ],
    [
      80.59180380035204,
      18.007306071509497
    ],
    [
      79.5215704416316,
      18.00276948351611
    ],
    [
      78.45166585187398,
      18.052982880834588
    ],
    [
      77.38558706561442,
      18.158137031486163
    ],
    [
      76.32683111738811,
      18.318422703492057
    ],
    [
      75.27889504173027,
      18.53403066487348
    ],
    [
      74.24527587317607,
      18.80515168365166
    ],
    [
      73.22947064626071,
      19.131976527847822
    ],
    [
      72.23497639551942,
      19.514695965483185
    ],
    [
      71.26529015548738,
      19.953500764578973
    ],
    [
      70.32390896069981,
      20.448581693156395
    ],
    [
      69.41432984569192,
      21.000129519236683
    ],
    [
      68.54004984499888,
      21.608335010841067
    ],
    [
      67.70414993610379,
      22.272780332819167
    ],
    [
      66.9079778733184,
      22.990512312345857
    ],
    [
      66.15243014730062,
      23.757917673637575
    ],
    [
      65.43840324763268,
      24.57138313933734
    ],
    [
      64.7667936638968,
      25.42729543208815
    ],
    [
      64.13849788567524,
      26.322041274533003
    ],
    [
      63.55441240255018,
      27.25200738931491
    ],
    [
      63.01543370410391,
      28.21358049907686
    ],
    [
      62.52245827991864,
      29.203147326461877
    ],
    [
      62.07638261957661,
      30.217094594112943
    ],
    [
      61.678103212660034,
      31.25180902467305
    ],
    [
      61.328516548751175,
      32.303677340785256
    ],
    [
      61.02851911743227,
      33.369086265092506
    ],
    [
      60.77900740828551,
      34.444422520237836
    ],
    [
      60.580877910893165,
      35.52607282886423
    ],
    [
      60.43502711483745,
      36.61042391361469
    ],
    [
      60.34235150970061,
      37.693862497132244
    ],
    [
      60.30374758506488,
      38.77277530205986
    ],
    [
      60.3201118305125,
      39.84354905104058
    ],
    [
      60.392340735625666,
      40.90257046671736
    ],
    [
      60.52133078998665,
      41.94622627173322
    ],
    [
      60.707978483177676,
      42.9709031887312
    ],
    [
