{
  "test_id": 53,
  "test_outcome": "NOT_EXECUTED",
  "predicted_test_outcome": null,
  "test_duration": null,
  "road_points": [
    [
      99.99999999999999,
      99.99999999999997
    ],
    [
      99.94301353002858,
      99.01565506090301
    ],
    [
      99.9132956129415,
      98.01992635666832
    ],
    [
      99.91213776548332,
      97.0154741785155
    ],
    [
      99.94083150439862,
      96.0049588176642
    ],
    [
      100.00066834643192,
      94.9910405653339
    ],
    [
      100.09293980832778,
      93.97637971274428
    ],
    [
      100.21893740683082,
      92.96363655111486
    ],
    [
      100.37995265868553,
      91.95547137166528
    ],
    [
      100.57727708063645,
      90.95454446561507
    ],
    [
      100.81220218942819,
      89.96351612418385
    ],
    [
      101.08601950180528,
      88.98504663859121
    ],
    [
      101.40002053451227,
      88.02179630005669
    ],
    [
      101.75549680429376,
      87.07642539979992
    ],
    [
      102.15373982789424,
      86.15159422904046
    ],
    [
      102.5960411220583,
      85.24996307899794
    ],
    [
      103.08369220353048,
      84.37419224089186
    ],
    [
      103.61798458905184,
      83.52694200594064
    ],
    [
      104.19963800169482,
      82.7106720439014
    ],
    [
      104.82709756501183,
      81.92704395084752
    ],
    [
      105.49824287919812,
      81.17752090141389
    ],
    [
      106.21095354444888,
      80.46356607023536
    ],
    [
      106.96310916095946,
      79.78664263194685
    ],
    [
      107.75258932892498,
      79.14821376118314
    ],
    [
      108.57727364854078,
      78.5497426325792
    ],
    [
      109.43504172000208,
      77.99269242076984
    ],
    [
      110.32377314350411,
      77.47852630038994
    ],
    [
      111.2413475192421,
      77.00870744607435
    ],
    [
      112.18564444741135,
      76.58469903245799
    ],
    [
      113.154543528207,
      76.20796423417568
    ],
    [
      114.14563355901578,
      75.87982581054932
    ],
    [
      115.15532200093303,
      75.60103610789189
    ],
    [
      116.17971637933452,
      75.3722026473404
    ],
    [
      117.21492421955561,
      75.19393295001227
    ],
    [
      118.25705304693157,
      75.0668345370249
    ],
    [
      119.3022103867978,
      74.99151492949582
    ],
    [
      120.34650376448961,
      74.9685816485424
    ],
    [
      121.38604070534234,
      74.99864221528215
    ],
    [
      122.41692873469135,
      75.08230415083248
    ],
    [
      123.43527537787195,
      75.22017497631086
    ],
    [
      124.43718816021946,
      75.41286221283471
    ],
    [
      125.41877460706925,
      75.66097338152149
    ],
    [
      126.37614224375668,
      75.96511600348867
    ],
    [
      127.30539859561702,
      76.32589759985366
    ],
    [
      128.20265118798565,
      76.74392569173392
    ],
    [
      129.06428255803246,
      77.21958979934027
    ],
    [
      129.88937459455747,
      77.75113967641171
    ],
    [
      130.67854025552293,
      78.33561140358808
    ],
    [
      131.43241003403244,
      78.97002716146484
    ],
    [
      132.15161442318959,
      79.65140913063745
    ],
    [
      132.83678391609783,
      80.37677949170137
    ],
    [
      133.48854900586073,
      81.14316042525206
    ],
    [
      134.10754018558185,
      81.94757411188503
    ],
    [
      134.6943879483647,
      82.78704273219566
    ],
    [
      135.24972278731283,
      83.65858846677946
    ],
    [
      135.7741751955298,
      84.5592334962319
    ],
    [
      136.26837566611908,
      85.48600000114838
    ],
    [
      136.73295469218436,
      86.43591016212443
    ],
    [
      137.16854276682906,
      87.4059861597555
    ],
    [
      137.57577038315677,
      88.39325017463702
    ],
    [
      137.95526803427097,
      89.39472438736446
    ],
    [
      138.30766621327527,
      90.40743097853333
    ],
    [
      138.63359541327318,
      91.42839212873903
    ],
    [
      138.93368612736822,
      92.45463001857699
    ],
    [
      139.20856884866402,
      93.4831668286428
    ],
    [
      139.45887407026402,
      94.51102473953182
    ],
    [
      139.6852322852718,
      95.53522593183952
    ],
    [
      139.88827398679092,
      96.5527925861614
    ],
    [
      140.06886683436576,
      97.5611972256677
    ],
    [
      140.22956531859867,
      98.56111540612855
    ],
    [
      140.37365490594834,
      99.55461069397911
    ],
    [
      140.50442400651832,
      100.54375224518266
    ],
    [
      140.62516103041187,
      101.5306092157024
    ],
    [
      140.7391543877325,
      102.51725076150163
    ],
    [
      140.84969248858363,
      103.50574603854362
    ],
    [
      140.96006374306856,
      104.4981642027916
    ],
    [
      141.07354981948617,
      105.49657137181389
    ],
    [
      141.19125159993894,
      106.50205082695493
    ],
    [
      141.30897004619058,
      107.51329728267379
    ],
    [
      141.42171647705504,
      108.52864957732567
    ],
    [
      141.5245022113461,
      109.54644654926568
    ],
    [
      141.6123385678776,
      110.56502703684897
    ],
    [
      141.6802368654634,
      111.58272987843073
    ],
    [
      141.72320842291737,
      112.59789391236605
    ],
    [
      141.73626455905332,
      113.6088579770101
    ],
    [
      141.7144165926851,
      114.61396091071802
    ],
    [
      141.65267584262662,
      115.61154155184501
    ],
    [
      141.5460536276916,
      116.59993873874612
    ],
    [
      141.38956126669402,
      117.57749130977658
    ],
    [
      141.17821007844762,
      118.54253810329149
    ],
    [
      140.90757344657095,
      119.49360487957647
    ],
    [
      140.58539304809298,
      120.43326412248972
    ],
    [
      140.23117144983465,
      121.3679995521123
    ],
    [
      139.86489177307502,
      122.30445470313428
    ],
    [
      139.50653713909344,
      123.24927311024577
    ],
    [
      139.17569237340547,
      124.20885619149828
    ],
    [
      138.8836583637591,
      125.18456971216942
    ],
    [
      138.6339117706521,
      126.17302323429612
    ],
    [
      138.42962299488278,
      127.17064015030049
    ],
    [
      138.27396243724962,
      128.17384385260445
    ],
    [
      138.17010049855088,
      129.17905773363
    ],
    [
      138.12120757958508,
      130.18270518579916
    ],
    [
      138.1304540811506,
      131.181209601534
    ],
    [
      138.20101040404566,
      132.17099437325643
    ],
    [
      138.335416365641,
      133.14879826609913
    ],
    [
      138.5325810185078,
      134.11317589395665
    ],
    [
      138.79011659376954,
      135.0633304480205
    ],
    [
      139.1056337047197,
      135.99846592860533
    ],
    [
      139.4767429646518,
      136.91778633602544
    ],
    [
      139.9010549868592,
      137.82049567059528
    ],
    [
      140.3761803846355,
      138.70579793262934
    ],
    [
      140.89972977127402,
      139.57289712244204
    ],
    [
      141.4693137600684,
      140.42099724034796
    ],
    [
      142.08254296431198,
      141.24930228666133
    ],
    [
      142.7370279972983,
      142.0570162616968
    ],
    [
      143.43037947232085,
      142.8433431657687
    ],
    [
      144.16020800267304,
      143.6074869991915
    ],
    [
      144.92412420164843,
      144.3486517622797
    ],
    [
      145.71973868254037,
      145.06604145534772
    ],
    [
      146.54466205864242,
      145.75886007870992
    ],
    [
      147.39650494324798,
      146.4263116326809
    ],
    [
      148.27287794965062,
      147.06760011757507
    ],
    [
      149.17139169114378,
      147.6819295337068
    ],
    [
      150.08965678102086,
      148.26850388139061
    ],
    [
      151.02528383257544,
      148.82652716094094
    ],
