{
  "test_id": 2,
  "test_outcome": "NOT_EXECUTED",
  "predicted_test_outcome": null,
  "test_duration": null,
  "road_points": [
    [
      100.0,
      100.0
    ],
    [
      100.08002681521883,
      99.11135536674226
    ],
    [
      100.13258310506833,
      98.1978561000695
    ],
    [
      100.16127165050051,
      97.26159840411397
    ],
    [
      100.16969523246745,
      96.30467848300802
    ],
    [
      100.16145663192113,
      95.32919254088387
    ],
    [
      100.14015862981356,
      94.3372367818738
    ],
    [
      100.1094040070968,
      93.33090741011011
    ],
    [
      100.07279554472288,
      92.3123006297251
    ],
    [
      100.0339360236438,
      91.28351264485104
    ],
    [
      99.99642822481164,
      90.24663965962021
    ],
    [
      99.9638749291784,
      89.20377787816487
    ],
    [
      99.93987891769605,
      88.15702350461731
    ],
    [
      99.9280429713167,
      87.10847274310981
    ],
    [
      99.93196987099233,
      86.06022179777466
    ],
    [
      99.95526239767503,
      85.01436687274418
    ],
    [
      100.00152333231672,
      83.97300417215055
    ],
    [
      100.07435545586952,
      82.93822990012612
    ],
    [
      100.17736154928542,
      81.9121402608032
    ],
    [
      100.31414439351646,
      80.896831458314
    ],
    [
      100.48830676951465,
      79.89439969679086
    ],
    [
      100.703451458232,
      78.90694118036598
    ],
    [
      100.96318124062064,
      77.93655211317177
    ],
    [
      101.27109889763247,
      76.9853286993404
    ],
    [
      101.63080721021959,
      76.0553671430042
    ],
    [
      102.04590895933397,
      75.1487636482954
    ],
    [
      102.52000692592775,
      74.26761441934637
    ],
    [
      103.05631310422662,
      73.41398097650935
    ],
    [
      103.65386155900042,
      72.58955403331005
    ],
    [
      104.30915466942429,
      71.79579960673202
    ],
    [
      105.01865940236982,
      71.03418057078477
    ],
    [
      105.7788427247086,
      70.30615979947787
    ],
    [
      106.58617160331212,
      69.61320016682085
    ],
    [
      107.437113005052,
      68.95676454682324
    ],
    [
      108.32813389679977,
      68.33831581349456
    ],
    [
      109.25570124542693,
      67.7593168408443
    ],
    [
      110.21628201780511,
      67.2212305028821
    ],
    [
      111.20634318080587,
      66.72551967361741
    ],
    [
      112.22235170130074,
      66.27364722705977
    ],
    [
      113.26077454616123,
      65.86707603721872
    ],
    [
      114.31807868225894,
      65.5072689781038
    ],
    [
      115.39073107646547,
      65.19568892372453
    ],
    [
      116.47519869565228,
      64.93379874809045
    ],
    [
      117.567948506691,
      64.72306132521108
    ],
    [
      118.66544747645311,
      64.56493952909594
    ],
    [
      119.76416257181027,
      64.46089623375461
    ],
    [
      120.86056075963398,
      64.4123943131966
    ],
    [
      121.95110900679579,
      64.42089664143141
    ],
    [
      123.0322742801672,
      64.48786609246858
    ],
    [
      124.10052354661988,
      64.61476554031768
    ],
    [
      125.15232377302533,
      64.80305785898821
    ],
    [
      126.18414192625507,
      65.05420592248969
    ],
    [
      127.19244497318073,
      65.36967260483169
    ],
    [
      128.17369988067378,
      65.75092078002372
    ],
    [
      129.12451472388463,
      66.19911112037248
    ],
    [
      130.0429028024567,
      66.71239482745547
    ],
    [
      130.92768355699278,
      67.28719664730292
    ],
    [
      131.77768599471375,
      67.91992083779047
    ],
    [
      132.5917391228405,
      68.60697165679377
    ],
    [
      133.3686719485937,
      69.34475336218847
    ],
    [
      134.1073134791943,
      70.12967021185017
    ],
    [
      134.80649272186307,
      70.95812646365452
    ],
    [
      135.46503868382084,
      71.8265263754772
    ],
    [
      136.08178037228845,
      72.73127420519378
    ],
    [
      136.65554679448675,
      73.66877421067993
    ],
    [
      137.18516695763645,
      74.63543064981127
    ],
    [
      137.66946986895852,
      75.62764778046348
    ],
    [
      138.1072845356737,
      76.64182986051217
    ],
    [
      138.4974399650028,
      77.67438114783295
    ],
    [
      138.8387651641667,
      78.72170590030149
    ],
    [
      139.13008914038622,
      79.78020837579346
    ],
    [
      139.37024090088212,
      80.8462928321844
    ],
    [
      139.55804945287528,
      81.91636352735003
    ],
    [
      139.6923438035865,
      82.98682471916598
    ],
    [
      139.77195296023663,
      84.05408066550784
    ],
    [
      139.79570593004647,
      85.1145356242513
    ],
    [
      139.76243172023683,
      86.16459385327195
    ],
    [
      139.67095933802858,
      87.20065961044546
    ],
    [
      139.52011779064253,
      88.2191371536475
    ],
    [
      139.30873612200915,
      89.21643076755373
    ],
    [
      139.03626052073133,
      90.18939528690898
    ],
    [
      138.70432303225786,
      91.1364813440026
    ],
    [
      138.31503941783544,
      92.0564927106646
    ],
    [
      137.87055208416905,
      92.9482705987207
    ],
    [
      137.37347276594753,
      93.8113156808863
    ],
    [
      136.82681440578696,
      94.64569237409415
    ],
    [
      136.23360286263156,
      95.45148324423329
    ],
    [
      135.5968639954252,
      96.2287708571926
    ],
    [
      134.91962366311216,
      96.97763777886118
    ],
    [
      134.2049077246364,
      97.698166575128
    ],
    [
      133.45574203894196,
      98.39043981188206
    ],
    [
      132.67515246497297,
      99.05454005501234
    ],
    [
      131.8661648616735,
      99.69054987040786
    ],
    [
      131.03180508798758,
      100.2985518239576
    ],
    [
      130.17509900285927,
      100.87862848155058
    ],
    [
      129.29907246523265,
      101.43086240907577
    ],
    [
      128.40675133405182,
      101.95533617242221
    ],
    [
      127.50116146826085,
      102.45213233747886
    ],
    [
      126.58532044798713,
      102.92134055321004
    ],
    [
      125.66147182624795,
      103.36371269998058
    ],
    [
      124.73046501715294,
      103.78119343622315
    ],
    [
      123.79300350589735,
      104.17585227221134
    ],
    [
      122.84979077767622,
      104.54975871821851
    ],
    [
      121.90153031768473,
      104.90498228451818
    ],
    [
      120.94892561111809,
      105.24359248138384
    ],
    [
      119.99268014317146,
      105.56765881908895
    ],
    [
      119.0334973990399,
      105.87925080790689
    ],
    [
      118.07208086391861,
      106.18043795811121
    ],
    [
      117.10913402300274,
      106.47328977997537
    ],
    [
      116.1453603614875,
      106.75987578377284
    ],
    [
      115.18146336456797,
      107.04226547977704
    ],
    [
      114.2181465174393,
      107.32252837826144
    ],
    [
      113.25611330529671,
      107.60273398949957
    ],
    [
      112.29606721333526,
      107.88495182376485
    ],
    [
      111.33871172675022,
      108.17125139133077
    ],
    [
      110.3847503307366,
      108.4637022024707
    ],
    [
      109.43488651048966,
      108.76437376745822
    ],
    [
      108.48982375120451,
      109.07533559656677
    ],
    [
      107.55026553807632,
      109.39865720006983
    ],
    [
      106.61691535630024,
      109.73640808824081
    ],
    [
      105.69047669107142,
      110.09065777135322
    ],
    [
      104.77165302758502,
      110.46347575968048
    ],
    [
      103.86114785103615,
      110.85693156349609
    ],
    [
      102.95966464662004,
      111.27309469307355
    ],
    [
      102.06790689953174,
      111.71403465868627
    ],
    [
      101.18658090373563,
