{
  "test_id": 9,
  "test_outcome": "NOT_EXECUTED",
  "predicted_test_outcome": null,
  "test_duration": null,
  "road_points": [
    [
      100.0,
      100.00000000000001
    ],
    [
      100.00025533061495,
      99.14306572891361
    ],
    [
      99.98911372363415,
      98.25764943127626
    ],
    [
      99.96871659546143,
      97.34583764221892
    ],
    [
      99.94120536250028,
      96.4097168968723
    ],
    [
      99.90872144115461,
      95.45137373036734
    ],
    [
      99.8734062478281,
      94.47289467783493
    ],
    [
      99.83740119892447,
      93.4763662744059
    ],
    [
      99.80284771084743,
      92.46387505521115
    ],
    [
      99.77188720000065,
      91.43750755538146
    ],
    [
      99.7466610827879,
      90.39935031004774
    ],
    [
      99.72931077561299,
      89.35148985434091
    ],
    [
      99.7219776948795,
      88.29601272339178
    ],
    [
      99.72680325699118,
      87.23500545233118
    ],
    [
      99.74592887835182,
      86.17055457629002
    ],
    [
      99.78149597536505,
      85.10474663039915
    ],
    [
      99.83564596443466,
      84.03966814978946
    ],
    [
      99.91052026196436,
      82.97740566959176
    ],
    [
      100.00826028435785,
      81.92004572493695
    ],
    [
      100.13100744801885,
      80.86967485095587
    ],
    [
      100.28090316935109,
      79.82837958277942
    ],
    [
      100.46008886475835,
      78.79824645553848
    ],
    [
      100.67070595064422,
      77.7813620043638
    ],
    [
      100.91489584341252,
      76.77981276438634
    ],
    [
      101.19479995946696,
      75.79568527073695
    ],
    [
      101.51255971521124,
      74.8310660585465
    ],
    [
      101.87031652704908,
      73.88804166294582
    ],
    [
      102.27021181138423,
      72.9686986190658
    ],
    [
      102.71438698462038,
      72.0751234620373
    ],
    [
      103.20498346316124,
      71.20940272699114
    ],
    [
      103.74414266341057,
      70.37362294905826
    ],
    [
      104.33400600177208,
      69.56987066336949
    ],
    [
      104.97662581535789,
      68.80021734275208
    ],
    [
      105.67146649020688,
      68.06629686669389
    ],
    [
      106.41506395708078,
      67.36924794592244
    ],
    [
      107.20379664026197,
      66.71018265859608
    ],
    [
      108.03404296403298,
      66.09021308287312
    ],
    [
      108.90218135267631,
      65.51045129691188
    ],
    [
      109.80459023047443,
      64.9720093788707
    ],
    [
      110.7376480217098,
      64.47599940690786
    ],
    [
      111.6977331506649,
      64.02353345918169
    ],
    [
      112.68122404162227,
      63.615723613850534
    ],
    [
      113.68449911886432,
      63.25368194907269
    ],
    [
      114.70393680667357,
      62.93852054300648
    ],
    [
      115.73591552933249,
      62.671351473810226
    ],
    [
      116.77681371112361,
      62.45328681964226
    ],
    [
      117.82300977632931,
      62.28543865866086
    ],
    [
      118.8708821492322,
      62.1689190690244
    ],
    [
      119.91680925411465,
      62.10484012889114
    ],
    [
      120.9571695152592,
      62.09431391641945
    ],
    [
      121.98834135694833,
      62.13845250976764
    ],
    [
      123.00670320346447,
      62.23836798709399
    ],
    [
      124.00873876777489,
      62.395132950557304
    ],
    [
      124.99298031139021,
      62.60905193781245
    ],
    [
      125.95982059248692,
      62.87973192850273
    ],
    [
      126.90971993820636,
      63.20675456856692
    ],
    [
      127.84313867568987,
      63.58970150394383
    ],
    [
      128.76051605265945,
      64.02813898878331
    ],
    [
      129.66106665264712,
      64.52073905086189
    ],
    [
      130.542129535582,
      65.06480424648531
    ],
    [
      131.4008850509518,
      65.65752124462978
    ],
    [
      132.23451354824434,
      66.29607671427163
    ],
    [
      133.0401953769472,
      66.97765732438707
    ],
    [
      133.8151108865482,
      67.69944974395241
    ],
    [
      134.55644042653506,
      68.45864064194389
    ],
    [
      135.26136434639537,
      69.25241668733776
    ],
    [
      135.92706299561706,
      70.07796454911033
    ],
    [
      136.55071672368763,
      70.93247089623786
    ],
    [
      137.12950588009497,
      71.81312239769657
    ],
    [
      137.66061081432673,
      72.71710572246275
    ],
    [
      138.1412118758706,
      73.64160753951266
    ],
    [
      138.56848941421433,
      74.5838145178226
    ],
    [
      138.93962377884563,
      75.54091332636878
    ],
    [
      139.25179531925224,
      76.5100906341275
    ],
    [
      139.50218438492186,
      77.48853311007501
    ],
    [
      139.6879713253422,
      78.47342742318759
    ],
    [
      139.80711897316806,
      79.46218960233084
    ],
    [
      139.8612748583363,
      80.45331572741361
    ],
    [
      139.8531701116496,
      81.44561950124731
    ],
    [
      139.78553601202867,
      82.43791467005934
    ],
    [
      139.66110383839413,
      83.42901498007708
    ],
    [
      139.48260486966663,
      84.41773417752798
    ],
    [
      139.25277038476682,
      85.40288600863941
    ],
    [
      138.97433166261527,
      86.3832842196388
    ],
    [
      138.65001998213262,
      87.35774255675354
    ],
    [
      138.2825666222395,
      88.32507476621097
    ],
    [
      137.87470286185663,
      89.2840945942386
    ],
    [
      137.4291599799045,
      90.23361578706374
    ],
    [
      136.94866925530386,
      91.17245209091388
    ],
    [
      136.43596196697527,
      92.09941725201635
    ],
    [
      135.89376939383936,
      93.01332501659857
    ],
    [
      135.3248228148168,
      93.91298913088795
    ],
    [
      134.73185350882827,
      94.7972233411119
    ],
    [
      134.1175927547943,
      95.66484139349784
    ],
    [
      133.4847718316355,
      96.51465703427311
    ],
    [
      132.83612200684402,
      97.34548401606294
    ],
    [
      132.17390975660064,
      98.15639628343388
    ],
    [
      131.49870199186677,
      98.94741920401766
    ],
    [
      130.81067726072314,
      99.71879555246174
    ],
    [
      130.1100141112506,
      100.47076810341349
    ],
    [
      129.39689109152994,
      101.20357963152034
    ],
    [
      128.67148674964187,
      101.91747291142966
    ],
    [
      127.93397963366728,
      102.61269071778887
    ],
    [
      127.18454829168694,
      103.28947582524542
    ],
    [
      126.42337127178155,
      103.94807100844662
    ],
    [
      125.65062712203206,
      104.58871904203997
    ],
    [
      124.86649439051915,
      105.21166270067286
    ],
    [
      124.07115162532364,
      105.81714475899264
    ],
    [
      123.26477737452629,
      106.40540799164675
    ],
    [
      122.4475501862079,
      106.97669517328261
    ],
    [
      121.61964860844931,
      107.53124907854763
    ],
    [
      120.7812511893313,
      108.06931248208917
    ],
    [
      119.93253647693457,
      108.59112815855468
    ],
    [
      119.07368301934002,
      109.09693888259154
    ],
    [
      118.20486948824234,
      109.58698763268131
    ],
    [
      117.32640112384514,
      110.06172609339764
    ],
    [
      116.43894843819241,
      110.52220826705518
    ],
    [
      115.54324744611492,
      110.9695961672802
    ],
    [
      114.6400341624434,
      111.40505180769905
    ],
    [
      113.73004460200875,
      111.82973720193812
    ],
    [
      112.81401477964168,
      112.2448143636236
    ],
    [
      111.89268071017295,
      112.65144530638186
    ],
    [
      110.96677840843337,
      113.05079204383917
    ],
    [
      110.03704388925378,
      113.4440165896219
    ],
    [
      109.10421316746486,
      113.83228095735629
    ],
    [
      108.16913253933066,
