{
  "test_id": 3,
  "test_outcome": "NOT_EXECUTED",
  "predicted_test_outcome": null,
  "test_duration": null,
  "road_points": [
    [
      100.00000000000001,
      100.00000000000001
    ],
    [
      100.02943539497238,
      101.04968580179427
    ],
    [
      99.98608051559248,
      102.07897852715412
    ],
    [
      99.87255363343246,
      103.08723960938538
    ],
    [
      99.69147302006462,
      104.07383048179405
    ],
    [
      99.44545694706113,
      105.03811257768605
    ],
    [
      99.13712368599438,
      105.97944733036736
    ],
    [
      98.76909150843659,
      106.89719617314394
    ],
    [
      98.34397868595997,
      107.79072053932168
    ],
    [
      97.86440349013677,
      108.65938186220652
    ],
    [
      97.33298419253926,
      109.50254157510442
    ],
    [
      96.75233906473976,
      110.31956111132135
    ],
    [
      96.1250863783104,
      111.10980190416318
    ],
    [
      95.4538444048236,
      111.87262538693597
    ],
    [
      94.74123141585147,
      112.60739299294558
    ],
    [
      93.98986568296631,
      113.31346615549793
    ],
    [
      93.20236547774041,
      113.99020630789904
    ],
    [
      92.381349071746,
      114.63697488345481
    ],
    [
      91.52943473655533,
      115.25313331547116
    ],
    [
      90.64924074374065,
      115.83804303725407
    ],
    [
      89.74338536487424,
      116.39106548210948
    ],
    [
      88.81448687152837,
      116.91156208334333
    ],
    [
      87.86516353527522,
      117.39889427426155
    ],
    [
      86.89803362768711,
      117.85242348817007
    ],
    [
      85.91571542033628,
      118.27151115837488
    ],
    [
      84.92082718479499,
      118.6555187181819
    ],
    [
      83.91598719263548,
      119.00380760089703
    ],
    [
      82.90381371543003,
      119.31573923982629
    ],
    [
      81.88692502475088,
      119.59067506827554
    ],
    [
      80.86793939217029,
      119.82797651955083
    ],
    [
      79.84947371451727,
      120.0270061170874
    ],
    [
      78.83350797728772,
      120.18763143555823
    ],
    [
      77.82037505632665,
      120.31102615729078
    ],
    [
      76.81014510527334,
      120.398572295299
    ],
    [
      75.802888277767,
      120.45165186259672
    ],
    [
      74.79867472744687,
      120.47164687219788
    ],
    [
      73.79757460795216,
      120.45993933711635
    ],
    [
      72.7996580729221,
      120.41791127036599
    ],
    [
      71.80499527599594,
      120.3469446849607
    ],
    [
      70.81365637081288,
      120.24842159391439
    ],
    [
      69.82571151101219,
      120.12372401024093
    ],
    [
      68.84123026902974,
      119.97423540511812
    ],
    [
      67.8600683815874,
      119.801875735843
    ],
    [
      66.88154965530906,
      119.6098995034551
    ],
    [
      65.90491657771146,
      119.4017652281041
    ],
    [
      64.92941163631151,
      119.18093142993989
    ],
    [
      63.954277318626005,
      118.95085662911224
    ],
    [
      62.978756112171816,
      118.714999345771
    ],
    [
      62.00209050446574,
      118.47681810006591
    ],
    [
      61.02352298302461,
      118.23977141214678
    ],
    [
      60.042319534482445,
      118.00729999174334
    ],
    [
      59.058251251848176,
      117.78246171902131
    ],
    [
      58.071575430834166,
      117.56794597202905
    ],
    [
      57.082569083811,
      117.3664271851909
    ],
    [
      56.09150922314933,
      117.18057979293123
    ],
    [
      55.09867286121977,
      117.01307822967436
    ],
    [
      54.10433701039294,
      116.86659692984468
    ],
    [
      53.10877868303949,
      116.74381032786654
    ],
    [
      52.11227489153002,
      116.64739285816428
    ],
    [
      51.115102648235144,
      116.58001895516227
    ],
    [
      50.11753896552552,
      116.54436305328484
    ],
    [
      49.11986085577175,
      116.54309958695634
    ],
    [
      48.12232312099076,
      116.57842034365221
    ],
    [
      47.124672695777974,
      116.64148078677117
    ],
    [
      46.1261502922421,
      116.71243580124867
    ],
    [
      45.125974741126164,
      116.77096477421759
    ],
    [
      44.12336487317313,
      116.79674709281062
    ],
    [
      43.11756830019918,
      116.76954954659237
    ],
    [
      42.11032038898523,
      116.67669374535608
    ],
    [
      41.10772849417338,
      116.51877816209144
    ],
    [
      40.1163435771179,
      116.29774841571293
    ],
    [
      39.1427165991731,
      116.015550125135
    ],
    [
      38.19339852169327,
      115.67412890927223
    ],
    [
      37.27494030603266,
      115.27543038703904
    ],
    [
      36.393828403230934,
      114.82140903809758
    ],
    [
      35.553088762216916,
      114.31449465580016
    ],
    [
      34.75060695233721,
      113.75782308502303
    ],
    [
      33.983851477099826,
      113.15458745628958
    ],
    [
      33.25029084001275,
      112.50798090012323
    ],
    [
      32.54739354458397,
      111.82119654704731
    ],
    [
      31.872628094321424,
      111.09742752758521
    ],
    [
      31.223462992733143,
      110.33986697226037
    ],
    [
      30.597366743327093,
      109.55170801159612
    ],
    [
      29.991807849611252,
      108.73614377611585
    ],
    [
      29.40425481509359,
      107.89636739634294
    ],
    [
      28.832176143282112,
      107.03557200280079
    ],
    [
      28.273040337684787,
      106.15695072601278
    ],
    [
      27.724315901809607,
      105.26369669650234
    ],
    [
      27.18347133916453,
      104.35900304479276
    ],
    [
      26.64797515325756,
      103.44606290140749
    ],
    [
      26.115295847596666,
      102.52806939686988
    ],
    [
      25.58290192568984,
      101.60821566170333
    ],
    [
      25.04826189104506,
      100.68969482643125
    ],
    [
      24.508844247170305,
      99.77570002157697
    ],
    [
      23.962117497573562,
      98.86942437766393
    ],
    [
      23.405550145762806,
      97.9740610252155
    ],
    [
      22.836610695246023,
      97.09280309475501
    ],
    [
      22.252767649531197,
      96.22884371680593
    ],
    [
      21.651489512126297,
      95.38537602189157
    ],
    [
      21.030244786539317,
      94.56559314053536
    ],
    [
      20.38650197627824,
      93.77268820326064
    ],
    [
      19.717729584851035,
      93.00985434059082
    ],
    [
      19.021396115765693,
      92.2802846830493
    ],
    [
      18.2949700725302,
      91.58717236115947
    ],
    [
      17.535919958652535,
      90.93371050544468
    ],
    [
      16.741714277640668,
      90.32309224642833
    ],
    [
      15.909821533002592,
      89.75851071463379
    ],
    [
      15.037710228246292,
      89.24315904058446
    ],
    [
      14.122848866879743,
      88.78023035480373
    ],
    [
      13.162705952410912,
      88.37291778781496
    ],
    [
      12.154749988347813,
      88.02441447014158
    ],
    [
      11.09644947819841,
      87.7379135323069
    ],
    [
      9.985272925470671,
      87.51660810483438
    ]
  ],