{
  "test_id": 19,
  "test_outcome": "NOT_EXECUTED",
  "predicted_test_outcome": null,
  "test_duration": null,
  "road_points": [
    [
      100.00000000000001,
      100.00000000000001
    ],
    [
      99.79918679335655,
      100.93859132020437
    ],
    [
      99.57814688302204,
      101.88501418618245
    ],
    [
      99.33963856213744,
      102.8387371469531
    ],
    [
      99.08642012384371,
      103.79922875153524
    ],
    [
      98.82124986128174,
      104.7659575489477
    ],
    [
      98.54688606759241,
      105.73839208820934
    ],
    [
      98.26608703591674,
      106.71600091833899
    ],
    [
      97.98161105939558,
      107.69825258835552
    ],
    [
      97.6962164311699,
      108.68461564727785
    ],
    [
      97.41266144438063,
      109.67455864412476
    ],
    [
      97.13370439216865,
      110.66755012791513
    ],
    [
      96.86210356767488,
      111.66305864766782
    ],
    [
      96.60061726404032,
      112.66055275240173
    ],
    [
      96.3520037744058,
      113.65950099113562
    ],
    [
      96.1190213919123,
      114.65937191288842
    ],
    [
      95.90442840970076,
      115.65963406667899
    ],
    [
      95.71098312091203,
      116.65975600152615
    ],
    [
      95.54144381868714,
      117.65920626644879
    ],
    [
      95.39856879616696,
      118.65745341046576
    ],
    [
      95.28511634649239,
      119.65396598259593
    ],
    [
      95.20384476280438,
      120.64821253185812
    ],
    [
      95.15751233824386,
      121.63966160727122
    ],
    [
      95.14887736595175,
      122.62778175785407
    ],
    [
      95.18069813906897,
      123.61204153262555
    ],
    [
      95.25573295073644,
      124.5919094806045
    ],
    [
      95.37664326544943,
      125.56687052849414
    ],
    [
      95.5423517752865,
      126.53704198233301
    ],
    [
      95.74693904179875,
      127.50336015048005
    ],
    [
      95.98416348997822,
      128.46681582776188
    ],
    [
      96.24778354481704,
      129.42839980900527
    ],
    [
      96.5315576313073,
      130.3891028890369
    ],
    [
      96.8292441744411,
      131.3499158626835
    ],
    [
      97.13460159921057,
      132.3118295247718
    ],
    [
      97.4413883306078,
      133.27583467012846
    ],
    [
      97.74336279362485,
      134.24292209358026
    ],
    [
      98.03428341325386,
      135.21408258995385
    ],
    [
      98.30790861448695,
      136.190306954076
    ],
    [
      98.55799682231617,
      137.1725859807733
    ],
    [
      98.77835543773412,
      138.16187693536216
    ],
    [
      98.964378267085,
      139.1580510125475
    ],
    [
      99.1133529983385,
      140.15968283477233
    ],
    [
      99.22267839637105,
      141.16527098000367
    ],
    [
      99.28975322605909,
      142.1733140262084
    ],
    [
      99.31197625227901,
      143.1823105513535
    ],
    [
      99.2867462399072,
      144.1907591334058
    ],
    [
      99.21146195382008,
      145.1971583503323
    ],
    [
      99.08352215889407,
      146.2000067801
    ],
    [
      98.90032562000557,
      147.19780300067578
    ],
    [
      98.65927206332319,
      148.18904528565588
    ],
    [
      98.35890341048942,
      149.17187025927333
    ],
    [
      98.001114731023,
      150.14335285026064
    ],
    [
      97.58841327150942,
      151.10037415586405
    ],
    [
      97.12330627853417,
      152.03981527332965
    ],
    [
      96.60830099868275,
      152.9585572999037
    ],
    [
      96.0459046785406,
      153.8534813328323
    ],
    [
      95.43862456469321,
      154.7214684693617
    ],
    [
      94.78896790372606,
      155.55939980673793
    ],
    [
      94.0994419422247,
      156.36415644220727
    ],
    [
      93.3725539267745,
      157.1326194730159
    ],
    [
      92.61081110396105,
      157.86166999640994
    ],
    [
      91.81672072036973,
      158.54818910963553
    ],
    [
      90.9927900225861,
      159.18905790993895
    ],
    [
      90.14152625719561,
      159.78115749456626
    ],
    [
      89.26543667078376,
      160.3213689607637
    ],
    [
      88.36702850993599,
      160.80657340577744
    ],
    [
      87.4488090212378,
      161.23365192685355
    ],
    [
      86.51328545127467,
      161.59948562123827
    ],
    [
      85.56291333050491,
      161.90124692277502
    ],
    [
      84.59957161923518,
      162.13935630407212
    ],
    [
      83.62477866778025,
      162.31626569085748
    ],
    [
      82.64004730710101,
      162.43445810147716
    ],
    [
      81.64689036815825,
      162.49641655427718
    ],
    [
      80.64682068191279,
      162.5046240676035
    ],
    [
      79.6413510793255,
      162.46156365980224
    ],
    [
      78.6319943913572,
      162.36971834921937
    ],
    [
      77.6202634489687,
      162.23157115420096
    ],
    [
      76.60767108312082,
      162.049605093093
    ],
    [
      75.59573012477442,
      161.82630318424148
    ],
    [
      74.58595340489032,
      161.5641484459925
    ],
    [
      73.57985375442935,
      161.26562389669212
    ],
    [
      72.57894400435238,
      160.93321255468626
    ],
    [
      71.58473698562015,
      160.569397438321
    ],
    [
      70.59874552919358,
      160.17666156594237
    ],
    [
      69.62248246603347,
      159.75748795589644
    ],
    [
      68.65746062710062,
      159.3143596265291
    ],
    [
      67.70519284335593,
      158.84975959618657
    ],
    [
      66.76719194576015,
      158.3661708832147
    ],
    [
      65.8448792080397,
      157.86592063577933
    ],
    [
      64.93881187655647,
      157.3498650521876
    ],
    [
      64.04907215616326,
      156.81805160376706
    ],
    [
      63.175737330477304,
      156.270519383765
    ],
    [
      62.318884683115925,
      155.70730748542883
    ],
    [
      61.478591497696364,
      155.12845500200572
    ],
    [
      60.65493505783593,
      154.5340010267431
    ],
    [
      59.84799264715188,
      153.9239846528882
    ],
    [
      59.05784154926151,
      153.29844497368833
    ],
    [
      58.2845590477821,
      152.6574210823909
    ],
    [
      57.52822242633093,
      152.00095207224302
    ],
    [
      56.788908968525305,
      151.3290770364922
    ],
    [
      56.06669595798243,
      150.6418350683856
    ],
    [
      55.36166067831966,
      149.93926526117056
    ],
    [
      54.67388041315426,
      149.22140670809443
    ],
    [
      54.00343244610348,
      148.48829850240446
    ],
    [
      53.35039406078462,
      147.739979737348
    ],
    [
      52.714842540814985,
      146.97648950617236
    ],
    [
      52.096855169811796,
      146.19786690212476
    ],
    [
      51.49646251892586,
      145.40420830730417
    ],
    [
      50.91331631558483,
      144.59607472328824
    ],
    [
      50.346884383043026,
      143.77425269442028
    ],
    [
      49.79663332805327,
      142.9395302569789
    ],
    [
      49.26202975736835,
      142.0926954472428
    ],
    [
      48.742540277741114,
      141.23453630149058
    ],
    [
      48.23763149592433,
      140.36584085600083
    ],
    [
      47.74677001867084,
      139.4873971470523
    ],
    [
      47.26942245273343,
      138.5999932109235
    ],
    [
      46.80505540486493,
      137.70441708389316
    ],
    [
      46.35313548181813,
      136.80145680223984
    ],
    [
      45.913129290345864,
      135.89190040224227
    ],
    [
      45.48450343720093,
      134.976535920179
    ],
    [
      45.066723583351376,
      134.05615177763937
    ],
    [
      44.65854263836053,
      133.13182676954818
    ],
    [
      44.25673411201106,
      132.20544609389492
    ],
    [
      43.85773068161671,
      131.279033803058
    ],
    [
      43.457965024491244,
      130.35461394941606
    ],
    [
      43.05386981794845,
