{
  "test_id": 17,
  "test_outcome": "NOT_EXECUTED",
  "predicted_test_outcome": null,
  "test_duration": null,
  "road_points": [
    [
      100.0,
      99.99999999999999
    ],
    [
      100.0456242647064,
      98.74444391526855
    ],
    [
      100.00709220695218,
      97.54749588392153
    ],
    [
      99.88857510089564,
      96.40630860086546
    ],
    [
      99.6942442206948,
      95.31803476100659
    ],
    [
      99.4282708405079,
      94.27982705925129
    ],
    [
      99.09482623449307,
      93.2888381905059
    ],
    [
      98.69808167680856,
      92.34222084967686
    ],
    [
      98.24220844161246,
      91.43712773167047
    ],
    [
      97.73137780306294,
      90.57071153139303
    ],
    [
      97.16976103531825,
      89.740124943751
    ],
    [
      96.56152941253649,
      88.94252066365073
    ],
    [
      95.91085420887583,
      88.17505138599851
    ],
    [
      95.22190669849446,
      87.43486980570073
    ],
    [
      94.49885815555056,
      86.71912861766376
    ],
    [
      93.7458798542023,
      86.02498051679395
    ],
    [
      92.9671430686078,
      85.34957819799763
    ],
    [
      92.16681907292526,
      84.69007435618121
    ],
    [
      91.34907914131287,
      84.04362168625102
    ],
    [
      90.5180945479288,
      83.40737288311341
    ],
    [
      89.67803656693117,
      82.77848064167473
    ],
    [
      88.8330764724782,
      82.15409765684137
    ],
    [
      87.98738553872803,
      81.53137662351966
    ],
    [
      87.14513503983885,
      80.90747023661596
    ],
    [
      86.31049624996882,
      80.27953119103668
    ],
    [
      85.4876404432761,
      79.6447121816881
    ],
    [
      84.68073889391887,
      79.0001659034766
    ],
    [
      83.89396287605533,
      78.34304505130856
    ],
    [
      83.13148366384358,
      77.67050232009035
    ],
    [
      82.39747253144185,
      76.97969040472827
    ],
    [
      81.69610075300828,
      76.26776200012873
    ],
    [
      81.03153960270105,
      75.53186980119806
    ],
    [
      80.40796035467832,
      74.76916650284262
    ],
    [
      79.82953428309827,
      73.97680479996879
    ],
    [
      79.30043266211906,
      73.1519373874829
    ],
    [
      78.82482676589888,
      72.29171696029132
    ],
    [
      78.40629564933114,
      71.39412286330526
    ],
    [
      78.04517518525692,
      70.4616614411792
    ],
    [
      77.74069672031668,
      69.49838079285263
    ],
    [
      77.49209067315361,
      68.50833031261128
    ],
    [
      77.29858746241088,
      67.49555939474082
    ],
    [
      77.15941750673164,
      66.46411743352702
    ],
    [
      77.07381122475904,
      65.41805382325555
    ],
    [
      77.04099903513631,
      64.36141795821214
    ],
    [
      77.06021135650654,
      63.29825923268251
    ],
    [
      77.13067860751298,
      62.23262704095236
    ],
    [
      77.25163120679873,
      61.16857077730742
    ],
    [
      77.422299573007,
      60.11013983603341
    ],
    [
      77.64191412478091,
      59.061383611416026
    ],
    [
      77.90970528076366,
      58.02635149774098
    ],
    [
      78.22490345959844,
      57.00909288929402
    ],
    [
      78.58673907992836,
      56.01365718036082
    ],
    [
      78.99444256039664,
      55.04409376522712
    ],
    [
      79.44724431964642,
      54.10445203817861
    ],
    [
      79.94437477632087,
      53.19878139350105
    ],
    [
      80.48506434906315,
      52.33113122548011
    ],
    [
      81.06866536555631,
      51.50486471338263
    ],
    [
      81.69512303677405,
      50.720007749766104
    ],
    [
      82.36456254929102,
      49.97557316071982
    ],
    [
      83.0771091306082,
      49.27057354196298
    ],
    [
      83.83288800822653,
      48.604021489214865
    ],
    [
      84.63178051745952,
      47.97507898067505
    ],
    [
      85.47135188958744,
      47.38432659416803
    ],
    [
      86.3478875745573,
      46.833128765796104
    ],
    [
      87.25765954506124,
      46.32285818639826
    ],
    [
      88.1969397737913,
      45.854887546813494
    ],
    [
      89.16200023343957,
      45.43058953788075
    ],
    [
      90.1491128966981,
      45.051336850439014
    ],
    [
      91.15454973625897,
      44.718502175327295
    ],
    [
      92.17458272481426,
      44.433458203384546
    ],
    [
      93.20548383505607,
      44.19757762544976
    ],
    [
      94.24352503967641,
      44.01223313236192
    ],
    [
      95.28497831136744,
      43.878797414960005
    ],
    [
      96.32611562282118,
      43.79864316408298
    ],
    [
      97.3632089467297,
      43.77314307056984
    ],
    [
      98.39253025578509,
      43.80366982525956
    ],
    [
      99.41035152267942,
      43.89159611899113
    ],
    [
      100.41294472010478,
      44.03829464260351
    ],
    [
      101.39658182075321,
      44.2451380869357
    ],
    [
      102.35755033315634,
      44.51348147246746
    ],
    [
      103.29343961920114,
      44.8431991004398
    ],
    [
      104.20410428699168,
      45.23158879630244
    ],
    [
      105.08962589076627,
      45.67569025850047
    ],
    [
      105.9500859847632,
      46.172543185479014
    ],
    [
      106.78556612322078,
      46.719187275683176
    ],
    [
      107.59614786037727,
      47.31266222755803
    ],
    [
      108.38191275047095,
      47.950007739548695
    ],
    [
      109.14294234774013,
      48.62826351010029
    ],
    [
      109.87931820642314,
      49.34446923765788
    ],
    [
      110.59112188075821,
      50.09566462066661
    ],
    [
      111.27843492498369,
      50.878889357571566
    ],
    [
      111.94133889333777,
      51.69118314681783
    ],
    [
      112.57991534005882,
      52.52958568685051
    ],
    [
      113.19424581938512,
      53.39113667611472
    ],
    [
      113.78441188555496,
      54.27287581305557
    ],
    [
      114.35049509280665,
      55.17184279611815
    ],
    [
      114.89257699537845,
      56.08507732374757
    ],
    [
      115.41073914750866,
      57.00961909438892
    ],
    [
      115.90506310343554,
      57.9425078064873
    ],
    [
      116.3756316744348,
      58.88080044831573
    ],
    [
      116.8226052780562,
      59.8226214379119
    ],
    [
      117.24626589448708,
      60.76776721763376
    ],
    [
      117.64690611111838,
      61.71618012583703
    ],
    [
      118.024818515341,
      62.66780250087742
    ],
    [
      118.38029569454578,
      63.622576681110615
    ],
    [
      118.71363023612368,
      64.58044500489233
    ],
    [
      119.0251147274656,
      65.54134981057828
    ],
    [
      119.31504175596251,
      66.50523343652416
    ],
    [
      119.58370390900522,
      67.4720382210857
    ],
    [
      119.83139377398463,
      68.44170650261857
    ],
    [
      120.05840393829175,
      69.4141806194785
    ],
    [
      120.26502698931742,
      70.38940291002123
    ],
    [
      120.45155551445256,
      71.3673157126024
    ],
    [
      120.61828210108806,
      72.34786136557776
    ],
    [
      120.76549933661485,
      73.33098220730301
    ],
    [
      120.89349980842381,
      74.31662057613384
    ],
    [
      121.00257610390588,
      75.30471881042598
    ],
    [
      121.09302081045195,
      76.29521924853512
    ],
    [
      121.16513523777539,
      77.28806326216937
    ],
    [
      121.21963785738346,
      78.28314599125973
    ],
    [
      121.25783911927779,
      79.28029696997454
    ],
    [
      121.2810945072775,
      80.27934074162856
    ],
    [
      121.2907595052017,
      81.28010184953646
    ],
    [
      121.28818959686961,
      82.28240483701305
    ],
    [
      121.2747402661003,
      83.28607424737307
    ],
    [
      121.25176699671302,
      84.29093462393122
    ],
    [
      121.2206252725269,
