{
  "test_id": 13,
  "test_outcome": "NOT_EXECUTED",
  "predicted_test_outcome": null,
  "test_duration": null,
  "road_points": [
    [
      100.00000000000001,
      100.00000000000004
    ],
    [
      99.75096581924646,
      99.08996841810908
    ],
    [
      99.48530420201402,
      98.16944456690317
    ],
    [
      99.2051359486525,
      97.23903783655643
    ],
    [
      98.9125818595116,
      96.29935761724307
    ],
    [
      98.60976273494107,
      95.35101329913721
    ],
    [
      98.29879937529066,
      94.39461427241292
    ],
    [
      97.9818125809102,
      93.4307699272445
    ],
    [
      97.6609231521493,
      92.46008965380594
    ],
    [
      97.33825188935779,
      91.48318284227145
    ],
    [
      97.01591959288541,
      90.50065888281519
    ],
    [
      96.69604706308186,
      89.51312716561127
    ],
    [
      96.38075510029695,
      88.52119708083384
    ],
    [
      96.07216450488039,
      87.52547801865707
    ],
    [
      95.77239607718195,
      86.52657936925509
    ],
    [
      95.48357061755138,
      85.52511052280204
    ],
    [
      95.20780892633837,
      84.52168086947205
    ],
    [
      94.94723180389273,
      83.51689979943929
    ],
    [
      94.70396005056419,
      82.51137670287788
    ],
    [
      94.48011446670247,
      81.50572096996198
    ],
    [
      94.27781585265737,
      80.50054199086574
    ],
    [
      94.09918500877856,
      79.49644915576329
    ],
    [
      93.94634273541585,
      78.49405185482877
    ],
    [
      93.82140983291902,
      77.49395947823633
    ],
    [
      93.72650710163771,
      76.49678141616015
    ],
    [
      93.66375534192174,
      75.50312705877431
    ],
    [
      93.63527535412085,
      74.513605796253
    ],
    [
      93.64318793858479,
      73.52882701877036
    ],
    [
      93.68961389566326,
      72.54940011650051
    ],
    [
      93.77667402570609,
      71.57593447961762
    ],
    [
      93.90648912906292,
      70.6090394982958
    ],
    [
      94.08095352738648,
      69.64927212141376
    ],
    [
      94.29846250655889,
      68.69637909375123
    ],
    [
      94.55466026655866,
      67.74947014428649
    ],
    [
      94.84511683599547,
      66.8076378275673
    ],
    [
      95.16540224347901,
      65.86997469814128
    ],
    [
      95.51108651761896,
      64.93557331055618
    ],
    [
      95.87773968702506,
      64.00352621935969
    ],
    [
      96.26093178030696,
      63.07292597909948
    ],
    [
      96.65623282607433,
      62.14286514432326
    ],
    [
      97.05921285293697,
      61.212436269578745
    ],
    [
      97.46544188950445,
      60.28073190941361
    ],
    [
      97.87048996438654,
      59.34684461837556
    ],
    [
      98.2699271061929,
      58.40986695101229
    ],
    [
      98.6593233435332,
      57.46889146187149
    ],
    [
      99.0342487050172,
      56.523010705500866
    ],
    [
      99.39027321925457,
      55.571317236448124
    ],
    [
      99.72296691485496,
      54.61290360926094
    ],
    [
      100.02789982042812,
      53.64686237848703
    ],
    [
      100.30083576134962,
      52.67238829294294
    ],
    [
      100.53997675871057,
      51.689961827898884
    ],
    [
      100.74519057383141,
      50.70094184843753
    ],
    [
      100.91637720938434,
      49.70670422137724
    ],
    [
      101.05343666804171,
      48.70862481353643
    ],
    [
      101.15626895247586,
      47.708079491733486
    ],
    [
      101.22477406535896,
      46.706444122786735
    ],
    [
      101.25885200936347,
      45.705094573514614
    ],
    [
      101.25840278904882,
      44.70540670998929
    ],
    [
      101.22418586434551,
      43.708416586117934
    ],
    [
      101.16026537462956,
      42.71385364895507
    ],
    [
      101.07149962305138,
      41.72113334843486
    ],
    [
      100.9627469127613,
      40.72967113449142
    ],
    [
      100.83886554690977,
      39.73888245705889
    ],
    [
      100.70471382864713,
      38.7481827660714
    ],
    [
      100.5651500611238,
      37.7569875114631
    ],
    [
      100.4250325474902,
      36.764712143168126
    ],
    [
      100.28921959089674,
      35.77077211112062
    ],
    [
      100.16256949449371,
      34.77458286525469
    ],
    [
      100.04994056143161,
      33.77555985550452
    ],
    [
      99.9561910948608,
      32.77311853180421
    ],
    [
      99.88617939793167,
      31.76667434408791
    ],
    [
      99.8447637737946,
      30.75564274228976
    ],
    [
      99.83680252559999,
      29.73943917634388
    ],
    [
      99.86715375599438,
      28.717479215206957
    ],
    [
      99.93959436417364,
      27.689820248562278
    ],
    [
      100.05429136808432,
      26.658662552897127
    ],
    [
      100.21065930382503,
      25.626653090700596
    ],
    [
      100.40811270749425,
      24.59643882446172
    ],
    [
      100.6460661151906,
      23.570666716669585
    ],
    [
      100.92393406301267,
      22.55198372981326
    ],
    [
      101.241131087059,
      21.543036826381794
    ],
    [
      101.5970717234282,
      20.546472968864265
    ],
    [
      101.99117050821881,
      19.564939119749745
    ],
    [
      102.42284197752942,
      18.6010822415273
    ],
    [
      102.89150066745854,
      17.657549296685993
    ],
    [
      103.39656111410486,
      16.736987247714882
    ],
    [
      103.93743785356685,
      15.842043057103048
    ],
    [
      104.5135454219431,
      14.97536368733955
    ],
    [
      105.12429835533223,
      14.139596100913458
    ],
    [
      105.76911118983276,
      13.337387260313836
    ],
    [
      106.44739846154329,
      12.571384128029752
    ],
    [
      107.15857470656236,
      11.844233666550268
    ],
    [
      107.90205446098861,
      11.158582838364458
    ],
    [
      108.67725226092053,
      10.517078605961386
    ],
    [
      109.48358264245672,
      9.922367931830117
    ],
    [
      110.3204601416958,
      9.377097778459717
    ],
    [
      111.18729929473628,
      8.883915108339258
    ],
    [
      112.08351463767674,
      8.445466883957799
    ],
    [
      113.0085207066158,
      8.064400067804415
    ],
    [
      113.96173203765198,
      7.743361622368169
    ],
    [
      114.94256316688386,
      7.484998510138123
    ],
    [
      115.95042863041003,
      7.291957693603352
    ],
    [
      116.98474296432906,
      7.166886135252916
    ],
    [
      118.0449207047395,
      7.112430797575884
    ],
    [
      119.13037638773996,
      7.1312386430613275
    ]
  ],