{
  "test_id": 10,
  "test_outcome": "NOT_EXECUTED",
  "predicted_test_outcome": null,
  "test_duration": null,
  "road_points": [
    [
      100.00000000000001,
      100.0
    ],
    [
      99.83473892154858,
      99.01609771491043
    ],
    [
      99.70762311756522,
      98.02373713534647
    ],
    [
      99.61819555310706,
      97.02431966431014
    ],
    [
      99.5659991932311,
      96.01924670480341
    ],
    [
      99.55057700299439,
      95.00991965982816
    ],
    [
      99.57147194745404,
      93.99773993238637
    ],
    [
      99.62822699166708,
      92.98410892547999
    ],
    [
      99.72038510069056,
      91.97042804211095
    ],
    [
      99.8474892395815,
      90.95809868528117
    ],
    [
      100.00908237339705,
      89.9485222579927
    ],
    [
      100.20470746719421,
      88.94310016324741
    ],
    [
      100.43390748603001,
      87.94323380404722
    ],
    [
      100.69622539496157,
      86.95032458339415
    ],
    [
      100.9912041590459,
      85.96577390429012
    ],
    [
      101.31838674334004,
      84.99098316973705
    ],
    [
      101.67731611290114,
      84.02735378273694
    ],
    [
      102.06753523278613,
      83.07628714629169
    ],
    [
      102.48858706805217,
      82.13918466340327
    ],
    [
      102.94001458375627,
      81.21744773707364
    ],
    [
      103.42136074495548,
      80.31247777030472
    ],
    [
      103.93216851670687,
      79.42567616609847
    ],
    [
      104.47198086406753,
      78.55844432745685
    ],
    [
      105.04034075209444,
      77.71218365738179
    ],
    [
      105.63679114584473,
      76.88829555887523
    ],
    [
      106.2608750103754,
      76.08818143493913
    ],
    [
      106.91213531074354,
      75.31324268857546
    ],
    [
      107.59011501200621,
      74.56488072278613
    ],
    [
      108.29435707922048,
      73.84449694057312
    ],
    [
      109.02442567897938,
      73.15338214063574
    ],
    [
      109.78012373277713,
      72.49158158364777
    ],
    [
      110.56140461249136,
      71.85835565980379
    ],
    [
      111.36822174088532,
      71.25295478747428
    ],
    [
      112.20008196851376,
      70.6750747591087
    ],
    [
      113.05551525184214,
      70.12538564029096
    ],
    [
      113.93292233257233,
      69.60468636469207
    ],
    [
      114.83070395240628,
      69.11377586598311
    ],
    [
      115.7472608530459,
      68.6534530778351
    ],
    [
      116.68099377619302,
      68.22451693391902
    ],
    [
      117.63030346354964,
      67.827766367906
    ],
    [
      118.59359065681764,
      67.46400031346701
    ],
    [
      119.56925609769891,
      67.13401770427309
    ],
    [
      120.55570052789541,
      66.83861747399531
    ],
    [
      121.551324689109,
      66.5785985563047
    ],
    [
      122.55452932304162,
      66.35475988487227
    ],
    [
      123.56371517139515,
      66.16790039336905
    ],
    [
      124.57728297587153,
      66.01881901546611
    ],
    [
      125.59363347817268,
      65.90831468483448
    ],
    [
      126.6111674200005,
      65.83718633514519
    ],
    [
      127.62828554305685,
      65.80623290006926
    ],
    [
      128.6433885890437,
      65.81625331327776
    ],
    [
      129.65503754534856,
      65.86750853285054
    ],
    [
      130.6628650630608,
      65.9566617356763
    ],
    [
      131.666943323977,
      66.07890050951234
    ],
    [
      132.66734584499437,
      66.22940795992606
    ],
    [
      133.66414614301016,
      66.40336719248488
    ],
    [
      134.65741773492167,
      66.5959613127563
    ],
    [
      135.64723413762607,
      66.80237342630765
    ],
    [
      136.63366886802066,
      67.01778663870643
    ],
    [
      137.61679544300267,
      67.23738405552005
    ],
    [
      138.59668737946936,
      67.45634878231594
    ],
    [
      139.57341819431795,
      67.66986392466154
    ],
    [
      140.54706140444569,
      67.87311258812423
    ],
    [
      141.51769052674985,
      68.0612778782715
    ],
    [
      142.4853790781276,
      68.22954290067074
    ],
    [
      143.45020057547632,
      68.37309076088941
    ],
    [
      144.41222853569317,
      68.48710456449494
    ],
    [
      145.37153647567538,
      68.5667674170547
    ],
    [
      146.3281979123202,
      68.6072624241362
    ],
    [
      147.2822863625249,
      68.6037726913068
    ],
    [
      148.23387534318675,
      68.55148132413399
    ],
    [
      149.18303837120297,
      68.44557142818516
    ],
    [
      150.1298489634708,
      68.28122610902776
    ],
    [
      151.07438063688747,
      68.05362847222919
    ],
    [
      152.01670690835024,
      67.7579616233569
    ],
    [
      152.9569012947564,
      67.38940866797836
    ],
    [
      153.89503731300312,
      66.9431527116609
    ],
    [
      154.8311884799877,
      66.41437685997204
    ],
    [
      155.76542831260733,
      65.79826421847918
    ],
    [
      156.69783032775933,
      65.08999789274975
    ],
    [
      157.6284680423409,
      64.28476098835115
    ],
    [
      158.5574149732493,
      63.377736610850846
    ],
    [
      159.48474463738177,
      62.36410786581625
    ],
    [
      160.41053055163553,
      61.23905785881482
    ]
  ],