{
  "test_id": 18,
  "test_outcome": "NOT_EXECUTED",
  "predicted_test_outcome": null,
  "test_duration": null,
  "road_points": [
    [
      100.00000000000003,
      100.00000000000001
    ],
    [
      99.72684831626242,
      99.07871260120103
    ],
    [
      99.44273452227951,
      98.14909105605496
    ],
    [
      99.14935663675567,
      97.21158067299851
    ],
    [
      98.84841267839546,
      96.26662676046863
    ],
    [
      98.54160066590336,
      95.31467462690215
    ],
    [
      98.23061861798374,
      94.35616958073582
    ],
    [
      97.91716455334104,
      93.39155693040647
    ],
    [
      97.60293649067985,
      92.42128198435107
    ],
    [
      97.28963244870457,
      91.44579005100633
    ],
    [
      96.97895044611964,
      90.46552643880909
    ],
    [
      96.67258850162949,
      89.48093645619618
    ],
    [
      96.37224463393862,
      88.49246541160446
    ],
    [
      96.0796168617515,
      87.50055861347073
    ],
    [
      95.79640320377257,
      86.50566137023186
    ],
    [
      95.5243016787063,
      85.50821899032465
    ],
    [
      95.26501030525714,
      84.50867678218592
    ],
    [
      95.02022710212954,
      83.50748005425251
    ],
    [
      94.791650088028,
      82.5050741149613
    ],
    [
      94.58097728165696,
      81.50190427274906
    ],
    [
      94.38990670172085,
      80.49841583605263
    ],
    [
      94.22013636692417,
      79.49505411330885
    ],
    [
      94.07336429597134,
      78.49226441295457
    ],
    [
      93.95128850756684,
      77.49049204342656
    ],
    [
      93.85560702041515,
      76.49018231316171
    ],
    [
      93.78801785322068,
      75.49178053059683
    ],
    [
      93.75021902468796,
      74.49573200416876
    ],
    [
      93.74390855352141,
      73.50248204231431
    ],
    [
      93.77078445842547,
      72.51247595347031
    ],
    [
      93.8325447581046,
      71.52615904607362
    ],
    [
      93.93088747126332,
      70.54397662856105
    ],
    [
      94.06730389874271,
      69.56634413300326
    ],
    [
      94.24087296563361,
      68.59332833741605
    ],
    [
      94.44911280742818,
      67.62477044317261
    ],
    [
      94.68951534723998,
      66.66050786324293
    ],
    [
      94.9595725081825,
      65.70037801059702
    ],
    [
      95.2567762133693,
      64.74421829820481
    ],
    [
      95.5786183859139,
      63.79186613903633
    ],
    [
      95.92259094892987,
      62.84315894606155
    ],
    [
      96.28618582553068,
      61.897934132250434
    ],
    [
      96.66689493882991,
      60.95602911057299
    ],
    [
      97.06221021194104,
      60.017281293999154
    ],
    [
      97.4696235679776,
      59.08152809549896
    ],
    [
      97.8866269300532,
      58.148606928042355
    ],
    [
      98.31071222128128,
      57.21835520459932
    ],
    [
      98.73937136477548,
      56.290610338139885
    ],
    [
      99.17009628364919,
      55.36520974163396
    ],
    [
      99.600378901016,
      54.44199082805157
    ],
    [
      100.02771113998948,
      53.520791010362686
    ],
    [
      100.45069492554879,
      52.601842186757175
    ],
    [
      100.87720779704603,
      51.68867272986206
    ],
    [
      101.31974462296301,
      50.786451971795834
    ],
    [
      101.79083394278915,
      49.90036121106666
    ],
    [
      102.30300429601385,
      49.03558174618264
    ],
    [
      102.86828351023313,
      48.1971970237434
    ],
    [
      103.49021308484869,
      47.388632044800744
    ],
    [
      104.1652527106643,
      46.61192784390526
    ],
    [
      104.88964515616756,
      45.869083063439646
    ],
    [
      105.6596331898462,
      45.16209634578662
    ],
    [
      106.47145958018778,
      44.49296633332891
    ],
    [
      107.32136709568003,
      43.86369166844919
    ],
    [
      108.20559850481058,
      43.27627099353025
    ],
    [
      109.12039657606711,
      42.73270295095474
    ],
    [
      110.06200407793722,
      42.23498618310539
    ],
    [
      111.02666377890861,
      41.785119332364935
    ],
    [
      112.0106184474689,
      41.38510104111606
    ],
    [
      113.01011085210581,
      41.036929951741506
    ],
    [
      114.02138376130698,
      40.74260470662398
    ],
    [
      115.04067994356002,
      40.50412394814619
    ],
    [
      116.0642421673526,
      40.32348631869084
    ],
    [
      117.08831320117241,
      40.20269046064067
    ],
    [
      118.1091358135071,
      40.143735016378386
    ],
    [
      119.12295774661672,
      40.14861070822025
    ],
    [
      120.12710157209196,
      40.217596736713304
    ],
    [
      121.12129803902636,
      40.34713760223183
    ],
    [
      122.10560530843846,
      40.53315644550612
    ],
    [
      123.08008154134679,
      40.77157640726647
    ],
    [
      124.04478489876985,
      41.058320628243166
    ],
    [
      124.99977354172626,
      41.38931224916649
    ],
    [
      125.94510563123443,
      41.76047441076674
    ],
    [
      126.880839328313,
      42.167730253774224
    ],
    [
      127.80703279398041,
      42.60700291891919
    ],
    [
      128.72374418925529,
      43.074215546931974
    ],
    [
      129.63103167515612,
      43.565291278542844
    ],
    [
      130.5289534127014,
      44.076153254482094
    ],
    [
      131.41756756290977,
      44.60272461548003
    ],
    [
      132.29691706579382,
      45.141077332766436
    ],
    [
      133.16680894667232,
      45.68959014376817
    ],
    [
      134.0268643554362,
      46.248459269793855
    ],
    [
      134.87669940745562,
      46.8179301595318
    ],
    [
      135.71593021810077,
      47.39824826167037
    ],
    [
      136.54417290274185,
      47.9896590248979
    ],
    [
      137.36104357674907,
      48.59240789790275
    ],
    [
      138.16615835549254,
      49.20674032937325
    ],
    [
      138.95913335434255,
      49.83290176799777
    ],
    [
      139.73958468866917,
      50.471137662464635
    ],
    [
      140.5071284738427,
      51.121693461462186
    ],
    [
      141.26138082523323,
      51.78481461367881
    ],
    [
      142.001957858211,
      52.460746567802815
    ],
    [
      142.72847568814623,
      53.14973477252257
    ],
    [
      143.44055043040902,
      53.8520246765264
    ],
    [
      144.13779820036964,
      54.56786172850268
    ],
    [
      144.8198351133982,
      55.297491377139735
    ],
    [
      145.48627728486497,
      56.04115907112593
    ],
    [
      146.13674083014,
      56.799110259149586
    ],
    [
      146.7709392492169,
      57.57150997426362
    ],
    [
      147.38961569144286,
      58.35767301357713
    ],
    [
      147.99413197900822,
      59.15640330330252
    ],
    [
      148.58585837683287,
      59.9664977980439
    ],
    [
      149.16616514983653,
      60.786753452405264
    ],
    [
      149.73642256293914,
      61.615967220990676
    ],
    [
      150.29800088106046,
      62.45293605840419
    ],
    [
      150.8522703691203,
      63.2964569192498
    ],
    [
      151.4006012920386,
      64.14532675813162
    ],
    [
      151.9443639147351,
      64.99834252965363
    ],
    [
      152.4849428012868,
      65.85428781915715
    ],
    [
      153.0242916446237,
      66.71141409438302
    ],
    [
      153.5651112136527,
      67.56727433050067
    ],
    [
      154.1101529936728,
      68.41937408444598
    ],
    [
      154.66216846998284,
      69.2652189131549
    ],
    [
      155.22390912788177,
      70.10231437356325
    ],
    [
      155.7981264526685,
      70.92816602260694
    ],
    [
      156.38757192964195,
      71.7402794172219
    ],
    [
      156.99499704410113,
      72.53616011434401
    ],
    [
      157.62315328134488,
      73.31331367090918
    ],
    [
      158.27479134020103,
      74.06924634142821
