{
  "test_id": 12,
  "test_outcome": "NOT_EXECUTED",
  "predicted_test_outcome": null,
  "test_duration": null,
  "road_points": [
    [
      99.99999999999999,
      99.99999999999999
    ],
    [
      99.81929252865291,
      99.12081700725226
    ],
    [
      99.66561437900162,
      98.21239911524962
    ],
    [
      99.53919436269473,
      97.27721962395337
    ],
    [
      99.44026129138084,
      96.31775183332464
    ],
    [
      99.36904397670851,
      95.33646904332461
    ],
    [
      99.32577123032638,
      94.33584455391451
    ],
    [
      99.31067186388307,
      93.31835166505553
    ],
    [
      99.32397468902712,
      92.28646367670883
    ],
    [
      99.36590851740718,
      91.24265388883566
    ],
    [
      99.43670216067186,
      90.1893956013972
    ],
    [
      99.5365844304697,
      89.12916211435463
    ],
    [
      99.66578413844937,
      88.06442672766913
    ],
    [
      99.82453009625942,
      86.99766274130194
    ],
    [
      100.01305111554849,
      85.93134345521425
    ],
    [
      100.23157600796515,
      84.86794216936723
    ],
    [
      100.48033358515802,
      83.8099321837221
    ],
    [
      100.7595526587757,
      82.75978679824001
    ],
    [
      101.06946204046676,
      81.7199793128822
    ],
    [
      101.41029054187986,
      80.69298302760988
    ],
    [
      101.78226697466354,
      79.68127124238418
    ],
    [
      102.18562015046645,
      78.68731725716638
    ],
    [
      102.62057888093719,
      77.71359437191764
    ],
    [
      103.08737197772432,
      76.76257588659911
    ],
    [
      103.58622825247647,
      75.83673510117204
    ],
    [
      104.1173765168422,
      74.9385453155976
    ],
    [
      104.68104558247019,
      74.07047982983703
    ],
    [
      105.27746426100897,
      73.23501194385148
    ],
    [
      105.90686136410719,
      72.43461495760214
    ],
    [
      106.56946570341341,
      71.67176217105023
    ],
    [
      107.26550609057627,
      70.94892688415696
    ],
    [
      107.99521133724433,
      70.26858239688349
    ],
    [
      108.75881025506624,
      69.63320200919105
    ],
    [
      109.55653165569052,
      69.04525902104078
    ],
    [
      110.38860435076589,
      68.50722673239396
    ],
    [
      111.25525715194084,
      68.0215784432117
    ],
    [
      112.1565270805525,
      67.59064691262247
    ],
    [
      113.09025938994024,
      67.21515880767835
    ],
    [
      114.05290303135517,
      66.89481760788476
    ],
    [
      115.0408844686131,
      66.62931031431906
    ],
    [
      116.05063016553004,
      66.41832392805867
    ],
    [
      117.07856658592195,
      66.26154545018099
    ],
    [
      118.12112019360478,
      66.15866188176338
    ],
    [
      119.17471745239455,
      66.10936022388326
    ],
    [
      120.23578482610716,
      66.113327477618
    ],
    [
      121.30074877855856,
      66.17025064404501
    ],
    [
      122.36603577356473,
      66.27981672424167
    ],
    [
      123.42807227494163,
      66.44171271928536
    ],
    [
      124.48328474650518,
      66.65562563025348
    ],
    [
      125.5280996520714,
      66.92124245822345
    ],
    [
      126.55894345545626,
      67.23825020427262
    ],
    [
      127.57224262047559,
      67.60633586947839
    ],
    [
      128.5644236109455,
      68.02518645491816
    ],
    [
      129.53191289068187,
      68.49448896166929
    ],
    [
      130.47113692350067,
      69.01393039080924
    ],
    [
      131.37852217321785,
      69.58319774341533
    ],
    [
      132.2504951036494,
      70.20197802056501
    ],
    [
      133.08349139384254,
      70.86994725309013
    ],
    [
      133.87480260854662,
      71.58576258516328
    ],
    [
      134.6232587411709,
      72.34624974300658
    ],
    [
      135.3278504032217,
      73.14804324549321
    ],
    [
      135.98756820620508,
      73.98777761149626
    ],
    [
      136.60140276162744,
      74.86208735988896
    ],
    [
      137.1683446809948,
      75.76760700954435
    ],
    [
      137.68738457581344,
      76.70097107933563
    ],
    [
      138.1575130575896,
      77.65881408813594
    ],
    [
      138.5777207378294,
      78.63777055481836
    ],
    [
      138.94699822803912,
      79.63447499825611
    ],
    [
      139.26433613972495,
      80.6455619373223
    ],
    [
      139.52872508439302,
      81.66766589089004
    ],
    [
      139.7391556735497,
      82.69742137783251
    ],
    [
      139.894618518701,
      83.73146291702282
    ],
    [
      139.99410423135328,
      84.76642502733415
    ],
    [
      140.03660342301265,
      85.79894222763961
    ],
    [
      140.02110670518533,
      86.82564903681231
    ],
    [
      139.94660468937758,
      87.84317997372548
    ],
    [
      139.81208798709557,
      88.84816955725216
    ],
    [
      139.61676865823583,
      89.83734307158555
    ],
    [
      139.37018800110954,
      90.81165945837893
    ],
    [
      139.0963953154071,
      91.77802407138365
    ],
    [
      138.8205274559902,
      92.74378802190645
    ],
    [
      138.56234576350758,
      93.71472908149805
    ],
    [
      138.31255597977326,
      94.68812084388193
    ],
    [
      138.05209155540183,
      95.65837668631835
    ],
    [
      137.76215263603038,
      96.61997406988438
    ],
    [
      137.432919594743,
      97.56956087387996
    ],
    [
      137.06535393059988,
      98.50639065239653
    ],
    [
      136.6610551136325,
      99.42987114980967
    ],
    [
      136.22162261387237,
      100.3394101104951
    ],
    [
      135.74865590135093,
      101.23441527882832
    ],
    [
      135.24375444609973,
      102.11429439918503
    ],
    [
      134.70851771815023,
      102.97845521594078
    ],
    [
      134.14454518753388,
      103.82630547347122
    ],
    [
      133.55343632428225,
      104.65725291615195
    ],
    [
      132.9367905984268,
      105.4707052883586
    ],
    [
      132.296207479999,
      106.26607033446676
    ],
    [
      131.63328643903031,
      107.04275579885208
    ],
    [
      130.94962694555232,
      107.80016942589015
    ],
    [
      130.24682846959644,
      108.53771895995659
    ],
    [
      129.5264891442678,
      109.25481327884584
    ],
    [
      128.7898973521951,
      109.95112386047562
    ],
    [
      128.03763698492384,
      110.6269194359058
    ],
    [
      127.27019450029829,
      111.28255133849655
    ],
    [
      126.48805635616296,
      111.91837090160807
    ],
    [
      125.69170901036219,
      112.53472945860061
    ],
    [
      124.8816389207404,
      113.13197834283424
    ],
    [
      124.05833254514211,
      113.7104688876693
    ],
    [
      123.22227634141167,
      114.27055242646584
    ],
    [
      122.37395676739344,
      114.8125802925841
    ],
    [
      121.51386028093188,
      115.33690381938432
    ],
    [
      120.64247333987146,
      115.84387434022662
    ],
    [
      119.76028240205655,
      116.33384318847122
    ],
    [
      118.8677739253315,
      116.8071616974783
    ],
    [
      117.96543449887197,
      117.26417587459191
    ],
    [
      117.0537654669899,
      117.70463334558353
    ],
    [
      116.13329623916101,
      118.12714357822773
    ],
    [
      115.20455936832242,
      118.53018855998685
    ],
    [
      114.26808740741122,
      118.91225027832337
    ],
    [
      113.3244129093646,
      119.27181072069962
    ],
    [
      112.37406842711967,
      119.607351874578
    ],
    [
      111.41758651361353,
      119.91735572742094
    ],
    [
      110.4554997217833,
      120.20030426669082
    ],
    [
      109.48834060456618,
      120.45467947985004
    ],
    [
      108.51664171489924,
      120.67896335436102
    ],
    [
      107.54088684703052,
      120.87228318988548
    ],
    [
