{
  "test_id": 28,
  "test_outcome": "NOT_EXECUTED",
  "predicted_test_outcome": null,
  "test_duration": null,
  "road_points": [
    [
      100.0,
      100.00000000000001
    ],
    [
      99.98809558661875,
      98.9965180498942
    ],
    [
      99.97840468313716,
      97.99323916646483
    ],
    [
      99.97078256266082,
      96.99015007251384
    ],
    [
      99.96508449829507,
      95.98723749084301
    ],
    [
      99.9611657631455,
      94.98448814425429
    ],
    [
      99.95888163031763,
      93.98188875554956
    ],
    [
      99.95808737291692,
      92.97942604753074
    ],
    [
      99.95863826404896,
      91.97708674299969
    ],
    [
      99.96038957681913,
      90.97485756475827
    ],
    [
      99.96319658433303,
      89.97272523560845
    ],
    [
      99.96691455969612,
      88.97067647835206
    ],
    [
      99.9713987760139,
      87.96869801579098
    ],
    [
      99.97650450639193,
      86.9667765707272
    ],
    [
      99.98208702393565,
      85.96489886596244
    ],
    [
      99.98800160175061,
      84.96305162429876
    ],
    [
      99.99410351294226,
      83.96122156853797
    ],
    [
      100.00024803061616,
      82.95939542148193
    ],
    [
      100.00629042787777,
      81.9575599059326
    ],
    [
      100.01208597783261,
      80.95570174469181
    ],
    [
      100.01748995358622,
      79.9538076605615
    ],
    [
      100.02235762824405,
      78.95186437634351
    ],
    [
      100.0265442749116,
      77.94985861483975
    ],
    [
      100.02990516669443,
      76.94777709885216
    ],
    [
      100.03229557669802,
      75.94560655118256
    ],
    [
      100.03357077802785,
      74.94333369463286
    ],
    [
      100.03358604378946,
      73.940945252005
    ],
    [
      100.03219664708831,
      72.93842794610077
    ],
    [
      100.02925786102995,
      71.93576849972214
    ],
    [
      100.02462495871985,
      70.932953635671
    ],
    [
      100.01815321326353,
      69.92997007674921
    ],
    [
      100.00969789776651,
      68.92680454575866
    ],
    [
      99.99911434759424,
      67.92344377121293
    ],
    [
      99.98643245336136,
      66.91989049526732
    ],
    [
      99.97223821277026,
      65.91619847715994
    ],
    [
      99.95722812400071,
      64.91243161340668
    ],
    [
      99.94209868523244,
      63.908653800523474
    ],
    [
      99.92754639464522,
      62.904928935026184
    ],
    [
      99.91426775041883,
      61.901320913430744
    ],
    [
      99.90295925073302,
      60.897893632253044
    ],
    [
      99.89431739376757,
      59.89471098800901
    ],
    [
      99.88903867770223,
      58.89183687721453
    ],
    [
      99.88781960071674,
      57.8893351963855
    ],
    [
      99.8913566609909,
      56.88726984203785
    ],
    [
      99.90034635670445,
      55.885704710687456
    ],
    [
      99.91548518603717,
      54.88470369885024
    ],
    [
      99.93746964716878,
      53.88433070304209
    ],
    [
      99.9669962382791,
      52.88464961977893
    ],
    [
      100.00476049267674,
      51.885724257059685
    ],
    [
      100.05057072401574,
      50.88753702964149
    ],
    [
      100.10170776043059,
      49.889838481584036
    ],
    [
      100.15500533190293,
      48.892338140308276
    ],
    [
      100.20729716841436,
      47.894745533235145
    ],
    [
      100.2554169999465,
      46.89677018778557
    ],
    [
      100.29619855648106,
      45.89812163138051
    ],
    [
      100.3264755679997,
      44.89850939144094
    ],
    [
      100.34308176448393,
      43.897642995387734
    ],
    [
      100.34285087591546,
      42.89523197064186
    ],
    [
      100.32261663227597,
      41.89098584462428
    ],
    [
      100.27921276354704,
      40.884614144755915
    ],
    [
      100.20947299971033,
      39.875826398457725
    ],
    [
      100.11023107074745,
      38.86433213315063
    ],
    [
      99.978322375874,
      37.84984249197264
    ],
    [
      99.8113571966094,
      36.83281865707785
    ],
    [
      99.60895036873602,
      35.81566209742191
    ],
    [
      99.37103657520285,
      34.801083874595335
    ],
    [
      99.097550498959,
      33.79179505018868
    ],
    [
      98.7884268229535,
      32.79050668579253
    ],
    [
      98.44360023013539,
      31.799929842997404
    ],
    [
      98.06300540345376,
      30.822775583393888
    ],
    [
      97.64657702585761,
      29.861754968572512
    ],
    [
      97.19424978029605,
      28.91957906012382
    ],
    [
      96.70595834971812,
      27.998958919638397
    ],
    [
      96.18163741707285,
      27.102605608706764
    ],
    [
      95.6212216653093,
      26.2332301889195
    ],
    [
      95.02464577737653,
      25.393543721867143
    ],
    [
      94.39184443622358,
      24.586257269140248
    ],
    [
      93.72275232479953,
      23.814081892329366
    ],
    [
      93.01730412605339,
      23.07972865302505
    ],
    [
      92.27543452293426,
      22.38590861281787
    ],
    [
      91.49707819839121,
      21.73533283329836
    ],
    [
      90.6821698353732,
      21.130712376057073
    ],
    [
      89.83064924297771,
      20.574755715069333
    ],
    [
      88.94360792125993,
      20.069589965191277
    ],
    [
      88.02473959689593,
      19.616028669990058
    ],
    [
      87.07809521156264,
      19.214705055390386
    ],
    [
      86.10772570693706,
      18.866252347317015
    ],
    [
      85.11768202469621,
      18.57130377169465
    ],
    [
      84.11201510651698,
      18.330492554448032
    ],
    [
      83.09477589407643,
      18.144451921501883
    ],
    [
      82.07001532905149,
      18.01381509878094
    ],
    [
      81.04178435311916,
      17.939215312209924
    ],
    [
      80.0141339079564,
      17.921285787713565
    ],
    [
      78.99111493524019,
      17.960659751216596
    ],
    [
      77.97677837664753,
      18.057970428643745
    ],
    [
      76.97517517385535,
      18.21385104591974
    ],
    [
      75.9902500585431,
      18.42883744293989
    ],
    [
      75.02397269006941,
      18.701654477059694
    ],
    [
      74.07656711672203,
      19.029426420614342
    ],
    [
      73.14819728857664,
      19.409222440709915
    ],
    [
      72.23902715570887,
      19.83811170445248
    ],
    [
      71.34922066819443,
      20.31316337894811
    ],
    [
      70.47894177610895,
      20.83144663130287
    ],
    [
      69.6283544295281,
      21.39003062862284
    ],
    [
      68.79762257852755,
      21.985984538014083
    ],
    [
      67.98691017318295,
      22.61637752658269
    ],
    [
      67.19638116356997,
      23.27827876143473
    ],
    [
      66.4261994997643,
      23.96875740967625
    ],
    [
      65.67652913184158,
      24.68488263841334
    ],
    [
      64.94753400987747,
      25.42372361475207
    ],
    [
      64.23937808394764,
      26.182349505798513
    ],
    [
      63.552225304127745,
      26.957829478658752
    ],
    [
      62.886239620493484,
      27.747232700438843
    ],
    [
      62.24154718817804,
      28.547770213945245
    ],
    [
      61.61785968226905,
      29.358208948643927
    ],
    [
      61.01463273278323,
      30.178276983070468
    ],
    [
      60.43131818490311,
      31.007716603375354
    ],
    [
      59.86736788381134,
      31.846270095708974
    ],
    [
      59.32223367469047,
      32.693679746221804
    ],
    [
      58.79536740272311,
      33.549687841064284
    ],
    [
      58.28622091309186,
      34.41403666638688
    ],
    [
      57.79424605097928,
      35.28646850834004
    ],
    [
      57.31889466156799,
      36.16672565307419
    ],
    [
      56.85961859004059,
      37.0545503867398
    ],
    [
      56.41586968157963,
      37.949684995487296
    ],
    [
      55.987099781367725,
      38.85187176546714
    ],
    [
