{
  "test_id": 21,
  "test_outcome": "NOT_EXECUTED",
  "predicted_test_outcome": null,
  "test_duration": null,
  "road_points": [
    [
      99.99999999999997,
      99.99999999999999
    ],
    [
      99.9761186104079,
      98.99359729963294
    ],
    [
      99.95675205699065,
      97.98761107815456
    ],
    [
      99.94161690302467,
      96.98201518945307
    ],
    [
      99.93042971178626,
      95.97678348741654
    ],
    [
      99.92290704655171,
      94.9718898259331
    ],
    [
      99.91876547059748,
      93.96730805889098
    ],
    [
      99.91772154719986,
      92.9630120401782
    ],
    [
      99.91949183963517,
      91.9589756236829
    ],
    [
      99.9237929111798,
      90.95517266329331
    ],
    [
      99.93034132511006,
      89.95157701289747
    ],
    [
      99.93885364470236,
      88.94816252638353
    ],
    [
      99.949046433233,
      87.94490305763966
    ],
    [
      99.96063625397831,
      86.94177246055396
    ],
    [
      99.97333967021468,
      85.93874458901459
    ],
    [
      99.98687324521846,
      84.93579329690967
    ],
    [
      100.00095354226595,
      83.93289243812731
    ],
    [
      100.01529712463355,
      82.93001586655569
    ],
    [
      100.02962055559755,
      81.9271374360829
    ],
    [
      100.04364039843436,
      80.92423100059712
    ],
    [
      100.05707321642028,
      79.92127041398642
    ],
    [
      100.06963557283169,
      78.91822953013897
    ],
    [
      100.08104403094491,
      77.91508220294291
    ],
    [
      100.09101515403631,
      76.91180228628639
    ],
    [
      100.09926550538222,
      75.90836363405748
    ],
    [
      100.105511648259,
      74.90474010014438
    ],
    [
      100.10947014594299,
      73.90090553843518
    ],
    [
      100.11085756171055,
      72.89683380281804
    ],
    [
      100.109390458838,
      71.89249874718108
    ],
    [
      100.10478540060171,
      70.88787422541243
    ],
    [
      100.09675895027804,
      69.88293409140026
    ],
    [
      100.08502767114332,
      68.87765219903264
    ],
    [
      100.06930812647389,
      67.87200240219775
    ],
    [
      100.0493168795461,
      66.8659585547837
    ],
    [
      100.02477049363631,
      65.85949451067864
    ],
    [
      99.9953865650392,
      64.85258421906327
    ],
    [
      99.96137478884651,
      63.84524702362479
    ],
    [
      99.92422315318768,
      62.8376201864074
    ],
    [
      99.88562452818174,
      61.82985986914955
    ],
    [
      99.84727178394766,
      60.82212223358972
    ],
    [
      99.81085779060442,
      59.81456344146631
    ],
    [
      99.77807541827109,
      58.80733965451782
    ],
    [
      99.7506175370666,
      57.80060703448267
    ],
    [
      99.73017701711002,
      56.79452174309936
    ],
    [
      99.71844672852028,
      55.78923994210628
    ],
    [
      99.71711954141647,
      54.78491779324194
    ],
    [
      99.72788832591749,
      53.78171145824475
    ],
    [
      99.75244595214245,
      52.779777098853195
    ],
    [
      99.79248529021028,
      51.779270876805704
    ],
    [
      99.84969921024,
      50.78034895384075
    ],
    [
      99.92578058235063,
      49.78316749169677
    ],
    [
      100.02240926764144,
      48.78788019570022
    ],
    [
      100.13892259577266,
      47.79419844558409
    ],
    [
      100.26962200198503,
      46.80088272456382
    ],
    [
      100.40815612576313,
      45.80657025250594
    ],
    [
      100.54817360659167,
      44.80989824927694
    ],
    [
      100.68332308544562,
      43.80950393617392
    ],
    [
      100.80781026838343,
      42.80455927176987
    ],
    [
      100.91797699746543,
      41.79628673185845
    ],
    [
      101.01067706225123,
      40.78640022028956
    ],
    [
      101.08276425230046,
      39.77661364091313
    ],
    [
      101.13109235717273,
      38.76864089757907
    ],
    [
      101.15251516642762,
      37.764195894137266
    ],
    [
      101.14388646962479,
      36.76499253443765
    ],
    [
      101.10206005632382,
      35.772744722330124
    ],
    [
      101.02388971608437,
      34.7891663616646
    ],
    [
      100.90622923846601,
      33.815971356290994
    ],
    [
      100.74593241302838,
      32.85487361005921
    ],
    [
      100.5398530293311,
      31.907587026819158
    ],
    [
      100.28484487693376,
      30.97582551042076
    ],
    [
      99.97776174539602,
      30.061302964713914
    ],
    [
      99.61545742427744,
      29.165733293548538
    ],
    [
      99.19478570313768,
      28.29083040077455
    ],
    [
      98.71260037153634,
      27.43830819024184
    ],
    [
      98.165755219033,
      26.60988056580033
    ],
    [
      97.55110403518734,
      25.80726143129995
    ],
    [
      96.86550060955895,
      25.032164690590577
    ],
    [
      96.10579873170741,
      24.286304247522143
    ],
    [
      95.2688521911924,
      23.571394005944555
    ],
    [
      94.3515147775735,
      22.889147869707728
    ],
    [
      93.35064028041032,
      22.24127974266157
    ],
    [
      92.26308248926246,
      21.629503528655974
    ],
    [
      91.08569519368957,
      21.055533131540873
    ],
    [
      89.81533218325126,
      20.521082455166173
    ]
  ],