{
  "test_id": 29,
  "test_outcome": "NOT_EXECUTED",
  "predicted_test_outcome": null,
  "test_duration": null,
  "road_points": [
    [
      100.00000000000003,
      100.00000000000001
    ],
    [
      99.79868824291665,
      99.08534692739845
    ],
    [
      99.651796318405,
      98.14899575492137
    ],
    [
      99.5534102811786,
      97.192936694844
    ],
    [
      99.49761618595087,
      96.21915995944151
    ],
    [
      99.47850008743532,
      95.22965576098905
    ],
    [
      99.49014804034539,
      94.22641431176181
    ],
    [
      99.52664609939455,
      93.21142582403496
    ],
    [
      99.58208031929631,
      92.18668051008373
    ],
    [
      99.65053675476408,
      91.15416858218323
    ],
    [
      99.72610146051142,
      90.11588025260872
    ],
    [
      99.8028604912517,
      89.07380573363525
    ],
    [
      99.87489990169847,
      88.02993523753813
    ],
    [
      99.93630574656515,
      86.98625897659245
    ],
    [
      99.98116408056524,
      85.94476716307342
    ],
    [
      100.00356095841218,
      84.90745000925622
    ],
    [
      99.99758243481952,
      83.87629772741604
    ],
    [
      99.95731456450066,
      82.85330052982805
    ],
    [
      99.87684340216903,
      81.84044862876739
    ],
    [
      99.75025500253821,
      80.83973223650932
    ],
    [
      99.57163542032158,
      79.85314156532891
    ],
    [
      99.3350707102327,
      78.88266682750142
    ],
    [
      99.03587393427892,
      77.93016512367554
    ],
    [
      98.6752617930185,
      76.99685309952203
    ],
    [
      98.25622431178628,
      76.08375502194868
    ],
    [
      97.7817518599683,
      75.19189512053906
    ],
    [
      97.25483480695064,
      74.32229762487668
    ],
    [
      96.67846352211937,
      73.47598676454513
    ],
    [
      96.05562837486053,
      72.65398676912785
    ],
    [
      95.38931973456016,
      71.85732186820843
    ],
    [
      94.68252797060437,
      71.08701629137036
    ],
    [
      93.93824345237914,
      70.3440942681972
    ],
    [
      93.1594565492706,
      69.62958002827247
    ],
    [
      92.34915763066472,
      68.94449780117968
    ],
    [
      91.51033706594767,
      68.28987181650238
    ],
    [
      90.6459852245054,
      67.66672630382409
    ],
    [
      89.75909247572405,
      67.07608549272837
    ],
    [
      88.85264918898964,
      66.5189736127987
    ],
    [
      87.9296457336882,
      65.99641489361862
    ],
    [
      86.99307247920584,
      65.50943356477171
    ],
    [
      86.0459197949286,
      65.05905385584143
    ],
    [
      85.09117776340713,
      64.64629939542286
    ],
    [
      84.13131215324428,
      64.27109524953019
    ],
    [
      83.16717972622976,
      63.92999523173459
    ],
    [
      82.19932962659873,
      63.618908623574384
    ],
    [
      81.2283109985863,
      63.33374470658782
    ],
    [
      80.25467298642764,
      63.070412762313204
    ],
    [
      79.27896473435784,
      62.8248220722888
    ],
    [
      78.30173538661211,
      62.592881918052896
    ],
    [
      77.32353408742556,
      62.37050158114379
    ],
    [
      76.3449099810333,
      62.153590343099765
    ],
    [
      75.36641221167052,
      61.938057485459076
    ],
    [
      74.38858992357233,
      61.719812289760014
    ],
    [
      73.41199226097386,
      61.49476403754089
    ],
    [
      72.43716836811028,
      61.258822010339955
    ],
    [
      71.46466603424183,
      61.007904578730376
    ],
    [
      70.49472381142104,
      60.7400044452661
    ],
    [
      69.52687918143258,
      60.457817021105875
    ],
    [
      68.56057301878951,
      60.16468574923588
    ],
    [
      67.59524619800506,
      59.863954072642365
    ],
    [
      66.63033959359231,
      59.55896543431154
    ],
    [
      65.66529408006441,
      59.253063277229586
    ],
    [
      64.69955053193452,
      58.94959104438278
    ],
    [
      63.73254982371576,
      58.65189217875731
    ],
    [
      62.76373282992128,
      58.36331012333941
    ],
    [
      61.792540425064225,
      58.08718832111528
    ],
    [
      60.8184134836577,
      57.82687021507115
    ],
    [
      59.84079288021487,
      57.585699248193244
    ],
    [
      58.859119489248904,
      57.36701886346778
    ],
    [
      57.872834185272886,
      57.17417250388097
    ],
    [
      56.88137784279998,
      57.01050361241903
    ],
    [
      55.88420032989808,
      56.87933428037529
    ],
    [
      54.88137151025655,
      56.782514660925166
    ],
    [
      53.87397155304784,
      56.71949633038273
    ],
    [
      52.86317356591379,
      56.68951021886593
    ],
    [
      51.85015065649615,
      56.69178725649257
    ],
    [
      50.83607593243672,
      56.725558373380565
    ],
    [
      49.822122501377315,
      56.79005449964778
    ],
    [
      48.809463470959685,
      56.884506565412096
    ],
    [
      47.799271948825634,
      57.00814550079138
    ],
    [
      46.79272104261697,
      57.160202235903526
    ],
    [
      45.79098385997544,
      57.3399077008664
    ],
    [
      44.795233508542886,
      57.54649282579786
    ],
    [
      43.80664309596107,
      57.77918854081583
    ],
    [
      42.82638572987178,
      58.03722577603814
    ],
    [
      41.85551971253883,
      58.319795799699804
    ],
    [
      40.89405866508783,
      58.625728973415235
    ],
    [
      39.94145841609809,
      58.95366295787282
    ],
    [
      38.99716955637744,
      59.30223360426485
    ],
    [
      38.06064267673376,
      59.67007676378363
    ],
    [
      37.131328367974916,
      60.05582828762144
    ],
    [
      36.208677220908775,
      60.45812402697063
    ],
    [
      35.29213982634322,
      60.87559983302347
    ],
    [
      34.38116677508607,
      61.306891556972275
    ],
    [
      33.475208657945245,
      61.75063505000938
    ],
    [
      32.57371606572858,
      62.20546616332702
    ],
    [
      31.67613958924395,
      62.670020748117565
    ],
    [
      30.78192981929922,
      63.14293465557328
    ],
    [
      29.890537346702267,
      63.622843736886495
    ],
    [
      29.00141276226094,
      64.10838384324951
    ],
    [
      28.1140066567831,
      64.59819082585463
    ],
    [
      27.227769621076632,
      65.09090053589412
    ],
    [
      26.342152245949404,
      65.58514882456035
    ],
    [
      25.456605122209265,
      66.07957154304557
    ],
    [
      24.570578840664094,
      66.57280454254214
    ],
    [
      23.683523992121746,
      67.0634836742423
    ],
    [
      22.79489116739011,
      67.55024478933842
    ],
    [
      21.90413095727703,
      68.03172373902277
    ],
    [
      21.010693952590366,
      68.50655637448764
    ],
    [
      20.114030744138006,
      68.97337854692535
    ],
    [
      19.213591922727815,
      69.43082610752822
    ],
    [
      18.308828079167647,
      69.87753490748852
    ],
    [
      17.399189804265358,
      70.3121407979986
    ],
    [
      16.48412768882885,
      70.73327963025073
    ],
    [
      15.563092323665956,
      71.13958725543722
    ],
    [
      14.635534299584549,
      71.52969952475038
    ],
    [
      13.700904207392512,
      71.90225228938255
    ],
    [
      12.7586526378977,
      72.25588140052596
    ],
    [
      11.808230181907978,
      72.58922270937295
    ],
    [
      10.8490874302312,
      72.90091206711585
    ]
  ],