{
  "test_id": 24,
  "test_outcome": "NOT_EXECUTED",
  "predicted_test_outcome": null,
  "test_duration": null,
  "road_points": [
    [
      100.0,
      100.00000000000003
    ],
    [
      100.09071602055381,
      98.989553467091
    ],
    [
      100.15481543331262,
      97.98210362739923
    ],
    [
      100.19471854509928,
      96.97737798500434
    ],
    [
      100.21284566273631,
      95.9751040439858
    ],
    [
      100.21161709304661,
      94.97500930842327
    ],
    [
      100.19345314285293,
      93.97682128239637
    ],
    [
      100.16077411897788,
      92.98026746998462
    ],
    [
      100.1160003282443,
      91.98507537526766
    ],
    [
      100.06155207747487,
      90.99097250232504
    ],
    [
      99.99984967349236,
      89.99768635523637
    ],
    [
      99.93331342311954,
      89.00494443808125
    ],
    [
      99.86436363317905,
      88.01247425493924
    ],
    [
      99.79542061049374,
      87.02000330988996
    ],
    [
      99.72890466188626,
      86.02725910701295
    ],
    [
      99.66723609417936,
      85.03396915038783
    ],
    [
      99.61283521419581,
      84.03986094409419
    ],
    [
      99.56812232875835,
      83.0446619922116
    ],
    [
      99.53551774468971,
      82.04809979881968
    ],
    [
      99.5174417688126,
      81.049901867998
    ],
    [
      99.51631470794976,
      80.04979570382612
    ],
    [
      99.53455686892396,
      79.04750881038366
    ],
    [
      99.57458855855789,
      78.04276869175021
    ],
    [
      99.63883008367435,
      77.03530285200536
    ],
    [
      99.72970175109603,
      76.02483879522867
    ],
    [
      99.84962386764568,
      75.01110402549975
    ],
    [
      100.00101674005911,
      73.99382604701253
    ],
    [
      100.18590258479257,
      72.97325612547992
    ],
    [
      100.40473993441314,
      71.95170284248204
    ],
    [
      100.65760344117221,
      70.93197984527787
    ],
    [
      100.94456775732104,
      69.9169007811264
    ],
    [
      101.26570753511098,
      68.90927929728667
    ],
    [
      101.62109742679334,
      67.91192904101763
    ],
    [
      102.01081208461946,
      66.92766365957829
    ],
    [
      102.43492616084056,
      65.95929680022763
    ],
    [
      102.89351430770806,
      65.00964211022468
    ],
    [
      103.38665117747323,
      64.08151323682839
    ],
    [
      103.91441142238736,
      63.17772382729775
    ],
    [
      104.47686969470179,
      62.3010875288918
    ],
    [
      105.07410064666789,
      61.454417988869494
    ],
    [
      105.70617893053686,
      60.64052885448985
    ],
    [
      106.37317919856007,
      59.86223377301182
    ],
    [
      107.07517610298889,
      59.122346391694464
    ],
    [
      107.81224429607457,
      58.42368035779672
    ],
    [
      108.58445843006842,
      57.769049318577615
    ],
    [
      109.39189315722179,
      57.16126692129612
    ],
    [
      110.23462312978594,
      56.603146813211225
    ],
    [
      111.11272300001224,
      56.097502641581926
    ],
    [
      112.02617082209832,
      55.647072822364386
    ],
    [
      112.97290998513706,
      55.25301115877232
    ],
    [
      113.9489480246084,
      54.91496379642244
    ],
    [
      114.95021565559132,
      54.63251705261597
    ],
    [
      115.97264359316534,
      54.405257244654244
    ],
    [
      117.0121625524095,
      54.23277068983852
    ],
    [
      118.06470324840318,
      54.11464370547011
    ],
    [
      119.12619639622557,
      54.05046260885026
    ],
    [
      120.19257271095591,
      54.0398137172803
    ],
    [
      121.25976290767348,
      54.082283348061495
    ],
    [
      122.32369770145749,
      54.17745781849512
    ],
    [
      123.38030780738724,
      54.324923445882476
    ],
    [
      124.4255239405419,
      54.524266547524846
    ],
    [
      125.45527681600082,
      54.775073440723524
    ],
    [
      126.46549714884316,
      55.07693044277978
    ],
    [
      127.45211565414823,
      55.42942387099491
    ],
    [
      128.4110630469952,
      55.832140042670176
    ],
    [
      129.33827004246336,
      56.28466527510689
    ],
    [
      130.229667355632,
      56.78658588560634
    ],
    [
      131.0811857015803,
      57.33748819146981
    ],
    [
      131.88929504439523,
      57.93649893819898
    ],
    [
      132.66158756446848,
      58.57326602777464
    ],
    [
      133.41610960447545,
      59.2285278637726
    ],
    [
      134.17131268698782,
      59.882677606454294
    ],
    [
      134.93973152019856,
      60.52252043032572
    ],
    [
      135.7128001029899,
      61.15772821484586
    ],
    [
      136.47725064910253,
      61.803068134233925
    ],
    [
      137.22019323663693,
      62.47284415874849
    ],
    [
      137.93559824154545,
      63.1729505818567
    ],
    [
      138.62341126589675,
      63.90195698292807
    ],
    [
      139.28377770236807,
      64.65818802857719
    ],
    [
      139.91684294363677,
      65.43996838541868
    ],
    [
      140.52275238238022,
      66.24562272006719
    ],
    [
      141.1016514112756,
      67.0734756991373
    ],
    [
      141.65368542300044,
      67.92185198924366
    ],
    [
      142.17899981023203,
      68.78907625700089
    ],
    [
      142.67773996564765,
      69.6734731690236
    ],
    [
      143.15005128192462,
      70.57336739192641
    ],
    [
      143.59607915174033,
      71.48708359232397
    ],
    [
      144.0159689677721,
      72.41294643683088
    ],
    [
      144.40986612269722,
      73.34928059206173
    ],
    [
      144.77791600919306,
      74.29441072463122
    ],
    [
      145.1202649775046,
      75.24666504253766
    ],
    [
      145.43717624255675,
      76.20480395581758
    ],
    [
      145.72914052717383,
      77.16842926968218
    ],
    [
      145.99667476881,
      78.13723973922073
    ],
    [
      146.24029590491958,
      79.11093411952262
    ],
    [
      146.4605208729568,
      80.08921116567713
    ],
    [
      146.65786661037586,
      81.07176963277358
    ],
    [
      146.83285005463105,
      82.05830827590131
    ],
    [
      146.9859881431766,
      83.0485258501497
    ],
    [
      147.11779781346675,
      84.04212111060806
    ],
    [
      147.22879600295565,
      85.03879281236564
    ],
    [
      147.31949964909765,
      86.03823971051185
    ],
    [
      147.3904256893469,
      87.04016056013597
    ],
    [
      147.44209106115775,
      88.04425411632737
    ],
    [
      147.47500823792006,
      89.05021716674241
    ],
    [
      147.48916216879604,
      90.05751400495072
    ],
    [
      147.4835199949073,
      91.06516034919903
    ],
    [
      147.45693285050385,
      92.07212079039188
    ],
    [
      147.40825186983594,
      93.07735991943395
    ],
    [
      147.33632818715353,
      94.07984232722978
    ],
    [
      147.24001293670688,
      95.07853260468407
    ],
    [
      147.118157252746,
      96.0723953427014
    ],
    [
      146.96961226952106,
      97.06039513218636
    ],
    [
      146.79322912128214,
      98.04149656404361
    ],
    [
      146.58785894227935,
      99.01466422917775
    ],
    [
      146.35283031674336,
      99.979104349139
    ],
    [
      146.09003816213638,
      100.93532193023191
    ],
    [
      145.8022359201144,
      101.88425646564686
    ],
    [
      145.49217764365818,
      102.82684775795708
    ],
    [
      145.16261738574823,
      103.76403560973566
    ],
    [
      144.81630919936524,
      104.69675982355574
    ],
    [
      144.4560071374899,
      105.62596020199057
    ],
    [
      144.08446525310285,
      106.55257654761317
    ],
    [
      143.70443759918479,
      107.47754866299677
    ],
    [
      143.3186782287162,
      108.40181635071447
    ],
    [
      142.92994119467795,
