{
  "test_id": 35,
  "test_outcome": "NOT_EXECUTED",
  "predicted_test_outcome": null,
  "test_duration": null,
  "road_points": [
    [
      100.00000000000003,
      100.00000000000001
    ],
    [
      99.79865737082582,
      99.085882170748
    ],
    [
      99.65174159470662,
      98.14994452433896
    ],
    [
      99.55333810582624,
      97.19418803145011
    ],
    [
      99.49753233836853,
      96.22061366275848
    ],
    [
      99.47840972651731,
      95.23122238894119
    ],
    [
      99.49005570445642,
      94.22801518067531
    ],
    [
      99.52655570636969,
      93.21299300863794
    ],
    [
      99.581995166441,
      92.18815684350623
    ],
    [
      99.65045951885409,
      91.1555076559572
    ],
    [
      99.72603419779291,
      90.11704641666803
    ],
    [
      99.8028046374412,
      89.07477409631575
    ],
    [
      99.87485627198284,
      88.0306916655775
    ],
    [
      99.93627453560165,
      86.98680009513036
    ],
    [
      99.98114486248147,
      85.9451003556514
    ],
    [
      100.00355268680612,
      84.90759341781776
    ],
    [
      99.99758344275949,
      83.87628025230654
    ],
    [
      99.95732256452536,
      82.85316182979483
    ],
    [
      99.87685548628755,
      81.84023912095965
    ],
    [
      99.75026764222996,
      80.83951309647824
    ],
    [
      99.57164446653634,
      79.85298472702756
    ],
    [
      99.33507139339062,
      78.88265498328482
    ],
    [
      99.0358610865152,
      77.9303878711448
    ],
    [
      98.67523091749408,
      76.99738840240151
    ],
    [
      98.2561719038857,
      76.08466364133623
    ],
    [
      97.78167540736194,
      75.1932206138255
    ],
    [
      97.2547327895947,
      74.32406634574589
    ],
    [
      96.67833541225593,
      73.478207862974
    ],
    [
      96.05547463701753,
      72.65665219138631
    ],
    [
      95.3891418255514,
      71.86040635685941
    ],
    [
      94.68232833952943,
      71.09047738526986
    ],
    [
      93.93802554062357,
      70.34787230249421
    ],
    [
      93.15922479050572,
      69.633598134409
    ],
    [
      92.34891745084778,
      68.9486619068908
    ],
    [
      91.51009488332168,
      68.29407064581616
    ],
    [
      90.64574844959931,
      67.67083137706165
    ],
    [
      89.75886951135259,
      67.07995112650381
    ],
    [
      88.85244943025343,
      66.52243692001919
    ],
    [
      87.92947956797373,
      65.99929578348434
    ],
    [
      86.99295128618543,
      65.51153474277586
    ],
    [
      86.04585594656041,
      65.06016082377027
    ],
    [
      85.0911846231775,
      64.6461804644924
    ],
    [
      84.131402691131,
      64.26952555339149
    ],
    [
      83.16736226832211,
      63.92683041722586
    ],
    [
      82.1996070424897,
      63.61409893926844
    ],
    [
      81.22868070137267,
      63.32733500279214
    ],
    [
      80.25512693270984,
      63.06254249106989
    ],
    [
      79.27948942424013,
      62.815725287374605
    ],
    [
      78.30231186370231,
      62.5828872749792
    ],
    [
      77.32413793883535,
      62.36003233715662
    ],
    [
      76.34551133737804,
      62.14316435717974
    ],
    [
      75.36697574706926,
      61.928287218321515
    ],
    [
      74.38907485564792,
      61.71140480385486
    ],
    [
      73.41235235085281,
      61.488520997052674
    ],
    [
      72.43735192042288,
      61.25563968118791
    ],
    [
      71.46461603486344,
      61.00877278768566
    ],
    [
      70.49440936330949,
      60.745769025996
    ],
    [
      69.52636677267184,
      60.468641256680144
    ],
    [
      68.56003634330477,
      60.17997615906665
    ],
    [
      67.59496615556255,
      59.88236041248402
    ],
    [
      66.63070428979952,
      59.57838069626081
    ],
    [
      65.66679882636991,
      59.270623689725554
    ],
    [
      64.70279784562801,
      58.961676072206785
    ],
    [
      63.73824942792806,
      58.65412452303303
    ],
    [
      62.772701653624445,
      58.35055572153283
    ],
    [
      61.80570260307136,
      58.05355634703471
    ],
    [
      60.836800356623115,
      57.76571307886722
    ],
    [
      59.865542994633984,
      57.489612596358874
    ],
    [
      58.891478597458274,
      57.22784157883823
    ],
    [
      57.91415524545021,
      56.98298670563379
    ],
    [
      56.93312101896414,
      56.75763465607414
    ],
    [
      55.94792399835429,
      56.55437210948776
    ],
    [
      54.95811226397498,
      56.37578574520322
    ],
    [
      53.963233896180476,
      56.22446224254904
    ],
    [
      52.96284757449531,
      56.10296967135216
    ],
    [
      51.95713051921564,
      56.01279009799304
    ],
    [
      50.94720881017495,
      55.95373962797222
    ],
    [
      49.93428900576364,
      55.92549306650073
    ],
    [
      48.91957766437207,
      55.9277252187896
    ],
    [
      47.90428134439066,
      55.96011089004984
    ],
    [
      46.889606604209746,
      56.022324885492445
    ],
    [
      45.87676000221974,
      56.11404201032849
    ],
    [
      44.86694809681103,
      56.234937069768954
    ],
    [
      43.861377446373986,
      56.38468486902487
    ],
    [
      42.86125460929899,
      56.56296021330726
    ],
    [
      41.8677861439764,
      56.76943790782715
    ],
    [
      40.88217860879666,
      57.003792757795544
    ],
    [
      39.905638562150095,
      57.265699568423486
    ],
    [
      38.93923598682528,
      57.554732131281
    ],
    [
      37.98288836135719,
      57.86961182616534
    ],
    [
      37.03593475342036,
      58.20863223035105
    ],
    [
      36.09770988060386,
      58.57008370371549
    ],
    [
      35.167548460496846,
      58.95225660613605
    ],
    [
      34.244785210688434,
      59.353441297490086
    ],
    [
      33.32875484876778,
      59.77192813765494
    ],
    [
      32.41879209232399,
      60.206007486507986
    ],
    [
      31.514231658946205,
      60.653969703926606
    ],
    [
      30.614408266223553,
      61.114105149788145
    ],
    [
      29.718656631745166,
      61.58470418396996
    ],
    [
      28.82631147310018,
      62.06405716634944
    ],
    [
      27.936707507877713,
      62.55045445680395
    ],
    [
      27.049179453666905,
      63.04218641521082
    ],
    [
      26.163062028056885,
      63.53754340144744
    ],
    [
      25.277689948636777,
      64.03481577539115
    ],
    [
      24.392397932995706,
      64.53229389691937
    ],
    [
      23.50652069872282,
      65.02826812590939
    ],
    [
      22.61939296340725,
      65.52102882223862
    ],
    [
      21.730349444638104,
      66.00886634578438
    ],
    [
      20.838724860004525,
      66.49007105642413
    ],
    [
      19.943853927095653,
      66.96293331403513
    ],
    [
      19.04507136350061,
      67.4257434784948
    ],
    [
      18.141711886808523,
      67.87679190968046
    ],
    [
      17.233110214608512,
      68.31436896746952
    ],
    [
      16.31860106448974,
      68.73676501173934
    ],
    [
      15.397519154041309,
      69.14227040236725
    ],
    [
      14.469199200852351,
      69.52917549923063
    ],
    [
      13.532975922512012,
      69.89577066220686
    ],
    [
      12.588184036609416,
      70.24034625117328
    ],
    [
      11.63415826073369,
      70.56119262600726
    ],
    [
      10.670233312473954,
      70.85660014658617
    ]
  ],