{
  "test_id": 33,
  "test_outcome": "NOT_EXECUTED",
  "predicted_test_outcome": null,
  "test_duration": null,
  "road_points": [
    [
      100.0,
      100.00000000000003
    ],
    [
      99.90489084752502,
      101.03993867410888
    ],
    [
      99.76880886811297,
      102.06244614231773
    ],
    [
      99.59376154107171,
      103.06839629523171
    ],
    [
      99.38175634570902,
      104.05866302345584
    ],
    [
      99.13480076133271,
      105.03412021759517
    ],
    [
      98.8549022672505,
      105.99564176825469
    ],
    [
      98.54406834277026,
      106.94410156603949
    ],
    [
      98.20430646719981,
      107.88037350155467
    ],
    [
      97.8376241198469,
      108.80533146540515
    ],
    [
      97.4460287800193,
      109.71984934819609
    ],
    [
      97.03152792702487,
      110.6248010405325
    ],
    [
      96.59612904017138,
      111.52106043301939
    ],
    [
      96.14183959876664,
      112.40950141626185
    ],
    [
      95.67066708211843,
      113.29099788086488
    ],
    [
      95.18461896953458,
      114.1664237174336
    ],
    [
      94.68570274032284,
      115.03665281657297
    ],
    [
      94.17592587379102,
      115.90255906888808
    ],
    [
      93.65729584924695,
      116.76501636498398
    ],
    [
      93.13182014599839,
      117.62489859546571
    ],
    [
      92.60150624335317,
      118.48307965093832
    ],
    [
      92.06836162061906,
      119.34043342200684
    ],
    [
      91.53439375710387,
      120.19783379927631
    ],
    [
      91.0016101321154,
      121.0561546733518
    ],
    [
      90.47201822496145,
      121.91626993483834
    ],
    [
      89.9476255149498,
      122.779053474341
    ],
    [
      89.43022004913895,
      123.6452730344596
    ],
    [
      88.9197155696692,
      124.51478968282376
    ],
    [
      88.41507562298041,
      125.3870048400491
    ],
    [
      87.91525633580719,
      126.26131633754837
    ],
    [
      87.41921383488393,
      127.13712200673402
    ],
    [
      86.92590424694518,
      128.01381967901878
    ],
    [
      86.43428369872542,
      128.8908071858151
    ],
    [
      85.94330831695909,
      129.76748235853566
    ],
    [
      85.45193422838076,
      130.64324302859296
    ],
    [
      84.95911755972489,
      131.51748702739968
    ],
    [
      84.46381443772594,
      132.38961218636828
    ],
    [
      83.96498098911846,
      133.2590163369115
    ],
    [
      83.46157334063692,
      134.12509731044184
    ],
    [
      82.95254761901576,
      134.98725293837185
    ],
    [
      82.43685995098953,
      135.84488105211423
    ],
    [
      81.91346646329268,
      136.69737948308142
    ],
    [
      81.38167771239154,
      137.54437996033766
    ],
    [
      80.8432303837579,
      138.3871152803122
    ],
    [
      80.30087726475095,
      139.22748879222337
    ],
    [
      79.75737459176479,
      140.06740612139993
    ],
    [
      79.2154786011935,
      140.9087728931704
    ],
    [
      78.67794552943121,
      141.7534947328637
    ],
    [
      78.14753161287194,
      142.60347726580832
    ],
    [
      77.62699308790987,
      143.46062611733305
    ],
    [
      77.11908619093902,
      144.32684691276648
    ],
    [
      76.6265671583535,
      145.2040452774374
    ],
    [
      76.15219222654741,
      146.0941268366744
    ],
    [
      75.69871763191485,
      146.9989972158062
    ],
    [
      75.2688996108499,
      147.92056204016154
    ],
    [
      74.86549439974661,
      148.86072693506895
    ],
    [
      74.49110161780966,
      149.8209089755726
    ],
    [
      74.14743107208565,
      150.79974956448947
    ],
    [
      73.83587873541649,
      151.79491113297615
    ],
    [
      73.55784022604382,
      152.8040550060523
    ],
    [
      73.31471116220945,
      153.82484250873782
    ],
    [
      73.10788716215501,
      154.85493496605244
    ],
    [
      72.9387638441223,
      155.89199370301606
    ],
    [
      72.80873682635303,
      156.9336800446486
    ],
    [
      72.71920172708889,
      157.97765531596966
    ],
    [
      72.6715541645716,
      159.0215808419992
    ],
    [
      72.6671897570429,
      160.063117947757
    ],
    [
      72.70750412274451,
      161.09992795826287
    ],
    [
      72.79389287991815,
      162.1296721985367
    ],
    [
      72.92775164680555,
      163.15001199359824
    ],
    [
      73.11047604164841,
      164.1586086684673
    ],
    [
      73.34346168268846,
      165.15312354816376
    ],
    [
      73.62810418816743,
      166.13121795770746
    ],
    [
      73.96579917632701,
      167.09055322211813
    ],
    [
      74.35794226540897,
      168.0287906664156
    ],
    [
      74.80592907365497,
      168.9435916156197
    ],
    [
      75.31045747198495,
      169.83258012230908
    ],
    [
      75.86916632588598,
      170.6932168323435
    ],
    [
      76.4788564337797,
      171.5229176235064
    ],
    [
      77.13632857225683,
      172.31909837241494
    ],
    [
      77.83838351790824,
      173.07917495568637
    ],
    [
      78.5818220473247,
      173.80056324993794
    ],
    [
      79.363444937097,
      174.48067913178681
    ],
    [
      80.18005296381592,
      175.11693847785017
    ],
    [
      81.02844690407233,
      175.70675716474534
    ],
    [
      81.90542753445695,
      176.24755106908947
    ],
    [
      82.8077956315606,
      176.73673606749975
    ],
    [
      83.73235197197408,
      177.17172803659346
    ],
    [
      84.6758973322882,
      177.54994285298775
    ],
    [
      85.63524350903593,
      177.86883162833476
    ],
    [
      86.60780221904812,
      178.12776365246458
    ],
    [
      87.59188143541338,
      178.32897389453407
    ],
    [
      88.58586242871998,
      178.47493168427266
    ],
    [
      89.58812646955614,
      178.56810635140968
    ],
    [
      90.59705482851022,
      178.61096722567456
    ],
    [
      91.61102877617039,
      178.6059836367965
    ],
    [
      92.62842958312498,
      178.55562491450488
    ],
    [
      93.64763851996227,
      178.46236038852916
    ],
    [
      94.66703685727047,
      178.32865938859857
    ],
    [
      95.68500586563792,
      178.1569912444425
    ],
    [
      96.69992681565283,
      177.9498252857903
    ],
    [
      97.7101809779035,
      177.7096308423713
    ],
    [
      98.7141496229782,
      177.43887724391487
    ],
    [
      99.71021402146516,
      177.1400338201503
    ],
    [
      100.6967554439527,
      176.81556990080696
    ],
    [
      101.67215516102905,
      176.46795481561426
    ],
    [
      102.63483915010157,
      176.09961314891555
    ],
    [
      103.58419399308012,
      175.71200805187502
    ],
    [
      104.5205307303767,
      175.3056774196597
    ],
    [
      105.44419787668839,
      174.88112164082386
    ],
    [
      106.35554394671234,
      174.43884110392193
    ],
    [
      107.25491745514559,
      173.97933619750822
    ],
    [
      108.14266691668524,
      173.503107310137
    ],
    [
      109.01914084602839,
      173.01065483036274
    ],
    [
      109.88468775787211,
      172.50247914673966
    ],
    [
      110.7396561669135,
      171.9790806478221
    ],
    [
      111.58439458784963,
      171.4409597221645
    ],
    [
      112.4192515353776,
      170.88861675832104
    ],
    [
      113.24457552419449,
      170.32255214484616
    ],
    [
      114.06071506899744,
      169.74326627029416
    ],
    [
      114.86801868448347,
      169.15125952321944
    ],
    [
      115.66683488534972,
      168.5470322921763
    ],
    [
      116.45752409302628,
      167.9311068675995
    ],
    [
      117.240637367958,
      167.30435621150556
    ],
    [
      118.01687918114342,
      166.6679354774738
    ],
    [
      118.78695835427284,
