{
  "test_id": 38,
  "test_outcome": "NOT_EXECUTED",
  "predicted_test_outcome": null,
  "test_duration": null,
  "road_points": [
    [
      99.99999999999997,
      99.99999999999997
    ],
    [
      99.9903649449472,
      98.99777063852295
    ],
    [
      99.9825458471575,
      97.99573022983691
    ],
    [
      99.97642906134715,
      96.9938669489975
    ],
    [
      99.97190094223235,
      95.9921689710604
    ],
    [
      99.96884784452932,
      94.99062447108122
    ],
    [
      99.96715612295428,
      93.98922162411567
    ],
    [
      99.96671213222355,
      92.9879486052194
    ],
    [
      99.96740222705336,
      91.98679358944814
    ],
    [
      99.96911276215994,
      90.98574475185748
    ],
    [
      99.97173009225948,
      89.98479026750312
    ],
    [
      99.97514057206831,
      88.98391831144073
    ],
    [
      99.97923055630264,
      87.983117058726
    ],
    [
      99.98388639967867,
      86.98237468441452
    ],
    [
      99.98899445691269,
      85.98167936356205
    ],
    [
      99.99444108272093,
      84.98101927122423
    ],
    [
      100.00011263181963,
      83.9803825824567
    ],
    [
      100.00589545892505,
      82.97975747231516
    ],
    [
      100.01167591875341,
      81.97913211585525
    ],
    [
      100.01734036602095,
      80.97849468813266
    ],
    [
      100.02277515544394,
      79.97783336420304
    ],
    [
      100.0278666417386,
      78.97713631912208
    ],
    [
      100.03250117962119,
      77.97639172794544
    ],
    [
      100.03656512380795,
      76.9755877657288
    ],
    [
      100.03994482901508,
      75.97471260752779
    ],
    [
      100.04252664995889,
      74.97375442839811
    ],
    [
      100.04419694135557,
      73.9727014033954
    ],
    [
      100.04484205792143,
      72.9715417075754
    ],
    [
      100.0443483543726,
      71.97026351599366
    ],
    [
      100.04260218542544,
      70.96885500370597
    ],
    [
      100.03948990579612,
      69.96730434576791
    ],
    [
      100.03489787020091,
      68.96559971723521
    ],
    [
      100.02871243335605,
      67.96372929316348
    ],
    [
      100.02081994997776,
      66.96168124860843
    ],
    [
      100.01110677478233,
      65.95944375862572
    ],
    [
      99.99945927290312,
      64.95700499935492
    ],
    [
      99.98591356686518,
      63.95436872939328
    ],
    [
      99.97103262602859,
      62.95159352645841
    ],
    [
      99.95549521460765,
      61.94875001687801
    ],
    [
      99.93998009681673,
      60.94590882697974
    ],
    [
      99.92516603687011,
      59.94314058309126
    ],
    [
      99.91173179898213,
      58.940515911540245
    ],
    [
      99.90035614736709,
      57.938105438654375
    ],
    [
      99.89171784623927,
      56.93597979076131
    ],
    [
      99.88649565981306,
      55.934209594188715
    ],
    [
      99.88536835230275,
      54.932865475264265
    ],
    [
      99.88901468792261,
      53.93201806031564
    ],
    [
      99.89811343088698,
      52.931737975670465
    ],
    [
      99.91334334541021,
      51.93209584765648
    ],
    [
      99.93538319570658,
      50.93316230260131
    ],
    [
      99.9649117459904,
      49.93500796683262
    ],
    [
      100.00260760430248,
      48.937703450428046
    ],
    [
      100.04838241793765,
      47.941239560169976
    ],
    [
      100.09960253303795,
      46.945342260839084
    ],
    [
      100.15310697271539,
      45.94968264854695
    ],
    [
      100.2057347600818,
      44.953931819405
    ],
    [
      100.25432491824917,
      43.957760869524805
    ],
    [
      100.29571647032941,
      42.96084089501788
    ],
    [
      100.32674843943447,
      41.96284299199574
    ],
    [
      100.3442598486762,
      40.963438256569866
    ],
    [
      100.3450897211666,
      39.962297784851806
    ],
    [
      100.32607708001754,
      38.959092672953055
    ],
    [
      100.284060948341,
      37.95349401698514
    ],
    [
      100.21588034924882,
      36.945172913059565
    ],
    [
      100.11837430585302,
      35.93380045728786
    ],
    [
      99.98838210410308,
      34.91904800892661
    ],
    [
      99.82339668259678,
      33.901241344448735
    ],
    [
      99.62297291605815,
      32.882770588270745
    ],
    [
      99.3870712498081,
      31.8664319097962
    ],
    [
      99.11565212916767,
      30.85502147842872
    ],
    [
      98.80867599945783,
      29.851335463571907
    ],
    [
      98.46610330599955,
      28.85817003462935
    ],
    [
      98.08789449411385,
      27.87832136100463
    ],
    [
      97.67401000912169,
      26.914585612101366
    ],
    [
      97.22441029634406,
      25.96975895732314
    ],
    [
      96.73905580110194,
      25.046637566073557
    ],
    [
      96.21790696871632,
      24.148017607756216
    ],
    [
      95.6609242445082,
      23.276695251774708
    ],
    [
      95.06806807379853,
      22.435466667532626
    ],
    [
      94.43929890190833,
      21.627128024433578
    ],
    [
      93.77457717415857,
      20.854475491881146
    ],
    [
      93.07386333587024,
      20.12030523927895
    ],
    [
      92.33711783236431,
      19.427413436030555
    ],
    [
      91.56430110896179,
      18.778596251539586
    ],
    [
      90.75537361098367,
      18.176649855209636
    ],
    [
      89.91029652099785,
      17.62436989998181
    ],
    [
      89.02990648118788,
      17.123938754439607
    ],
    [
      88.11761005111457,
      16.67573848695844
    ],
    [
      87.17728294165299,
      16.279822512076024
    ],
    [
      86.21280086367825,
      15.93624424433007
    ],
    [
      85.22803952806548,
      15.645057098258295
    ],
    [
      84.22687464568973,
      15.406314488398403
    ],
    [
      83.2131819274261,
      15.220069829288107
    ],
    [
      82.1908370841497,
      15.086376535465122
    ],
    [
      81.1637158267356,
      15.005288021467157
    ],
    [
      80.13569386605892,
      14.976857701831923
    ],
    [
      79.11064691299474,
      15.001138991097132
    ],
    [
      78.09245067841815,
      15.078185303800494
    ],
    [
      77.08498087320423,
      15.208050054479717
    ],
    [
      76.09203749632984,
      15.390714547159822
    ],
    [
      75.11507081606915,
      15.623922124731921
    ],
    [
      74.15278358176872,
      15.902799302308702
    ],
    [
      73.20372266270775,
      16.22232412967791
    ],
    [
      72.26643492816554,
      16.577474656627324
    ],
    [
      71.3394674848507,
      16.96323027678142
    ],
    [
      70.42140461620706,
      17.374780801933444
    ],
    [
      69.5109078679472,
      17.80775334384474
    ],
    [
      68.60664841214732,
      18.25782949893749
    ],
    [
      67.70729742088369,
      18.720690863633887
    ],
    [
      66.81152606623249,
      19.19201903435611
    ],
    [
      65.91800552026996,
      19.667495607526345
    ],
    [
      65.02540695507231,
      20.142802179566775
    ],
    [
      64.13240154271575,
      20.61362034689959
    ],
    [
      63.23766045527652,
      21.075631705946964
    ],
    [
      62.33985486483084,
      21.524517853131098
    ],
    [
      61.437655943454914,
      21.95596038487416
    ],
    [
      60.52973486322498,
      22.36564089759833
    ],
    [
      59.61476279621723,
      22.749240987725813
    ],
    [
      58.69141091450792,
      23.102442251678788
    ],
    [
      57.758350390173234,
      23.420926285879432
    ],
    [
      56.81425838099575,
      23.70039708448463
    ],
    [
      55.85857306628455,
      23.93940628523885
    ],
    [
      54.892230833258694,
      24.142111625055563
    ],
    [
      53.9163430554379,
      24.313325616829765
    ],
    [
      52.932021106341836,
      24.457860773456463
    ],
    [
      51.94037635949024,
      24.580529607830652
