{
  "test_id": 34,
  "test_outcome": "NOT_EXECUTED",
  "predicted_test_outcome": null,
  "test_duration": null,
  "road_points": [
    [
      100.00000000000001,
      100.00000000000003
    ],
    [
      99.98646191769132,
      98.99639172289177
    ],
    [
      99.97520850673418,
      97.99299304078833
    ],
    [
      99.96610234296344,
      96.9897913464416
    ],
    [
      99.95900600221415,
      95.98677403260355
    ],
    [
      99.95378206032125,
      94.98392849202607
    ],
    [
      99.95029309311958,
      93.98124211746101
    ],
    [
      99.94840167644422,
      92.97870230166035
    ],
    [
      99.94797038612997,
      91.9762964373759
    ],
    [
      99.94886179801188,
      90.97401191735963
    ],
    [
      99.95093848792489,
      89.9718361343635
    ],
    [
      99.95406303170387,
      88.96975648113934
    ],
    [
      99.95809800518381,
      87.96776035043908
    ],
    [
      99.9629059841997,
      86.96583513501464
    ],
    [
      99.96834954458637,
      85.96396822761788
    ],
    [
      99.97429126217887,
      84.96214702100079
    ],
    [
      99.98059371281211,
      83.96035890791521
    ],
    [
      99.98711947232101,
      82.95859128111307
    ],
    [
      99.99373111654053,
      81.9568315333463
    ],
    [
      100.0002912213056,
      80.95506705736678
    ],
    [
      100.00666236245118,
      79.9532852459264
    ],
    [
      100.01270711581223,
      78.95147349177711
    ],
    [
      100.01828805722371,
      77.9496191876708
    ],
    [
      100.02326776252046,
      76.94770972635935
    ],
    [
      100.02750880753756,
      75.94573250059473
    ],
    [
      100.03087376810981,
      74.94367490312878
    ],
    [
      100.03322522007227,
      73.94152432671345
    ],
    [
      100.03442573925985,
      72.93926816410064
    ],
    [
      100.03433790150746,
      71.93689380804226
    ],
    [
      100.03282428265008,
      70.93438865129019
    ],
    [
      100.02974745852266,
      69.93174008659639
    ],
    [
      100.02497000496012,
      68.92893550671272
    ],
    [
      100.0183544977974,
      67.9259623043911
    ],
    [
      100.00976351286947,
      66.92280787238346
    ],
    [
      99.99905969771955,
      65.9194596100202
    ],
    [
      99.98628023403286,
      64.91592092833694
    ],
    [
      99.97201186511877,
      63.91224565497364
    ],
    [
      99.95694922718656,
      62.90849751562958
    ],
    [
      99.94178695644551,
      61.90474023600414
    ],
    [
      99.92721968910497,
      60.90103754179663
    ],
    [
      99.91394206137424,
      59.89745315870645
    ],
    [
      99.90264870946264,
      58.89405081243287
    ],
    [
      99.8940342695794,
      57.89089422867525
    ],
    [
      99.88879337793395,
      56.88804713313299
    ],
    [
      99.88762067073552,
      55.885573251505356
    ],
    [
      99.89121078419342,
      54.88353630949173
    ],
    [
      99.90025835451699,
      53.88200003279145
    ],
    [
      99.9154580179155,
      52.88102814710384
    ],
    [
      99.93750441059831,
      51.88068437812827
    ],
    [
      99.96709216877467,
      50.88103245156404
    ],
    [
      100.00491487064589,
      49.88213599604923
    ],
    [
      100.05077120787624,
      48.88397654362272
    ],
    [
      100.10193706242146,
      47.886304184583416
    ],
    [
      100.1552469457653,
      46.88882851804697
    ],
    [
      100.2075353693915,
      45.89125914312912
    ],
    [
      100.25563684478377,
      44.89330565894552
    ],
    [
      100.29638588342587,
      43.894677664611876
    ],
    [
      100.32661699680152,
      42.895084759243865
    ],
    [
      100.34316469639448,
      41.8942365419572
    ],
    [
      100.34286349368843,
      40.89184261186752
    ],
    [
      100.32254790016717,
      39.88761256809057
    ],
    [
      100.27905242731437,
      38.88125600974201
    ],
    [
      100.20921158661379,
      37.87248253593753
    ],
    [
      100.10985988954918,
      36.86100174579284
    ],
    [
      99.9778336295341,
      35.84652496355249
    ],
    [
      99.81075000567996,
      34.82951952692291
    ],
    [
      99.60822751866745,
      33.81239028147103
    ],
    [
      99.37020076125333,
      32.79784808905411
    ],
    [
      99.09660432619454,
      31.788603811529438
    ],
    [
      98.7873728062478,
      30.787368310754246
    ],
    [
      98.44244079416998,
      29.79685244858581
    ],
    [
      98.06174288271792,
      28.81976708688142
    ],
    [
      97.64521366464848,
      27.85882308749832
    ],
    [
      97.19278773271834,
      26.91673131229376
    ],
    [
      96.70439967968444,
      25.996202623125022
    ],
    [
      96.17998409830362,
      25.099947881849367
    ],
    [
      95.61947558133265,
      24.230677950324065
    ],
    [
      95.02280872152834,
      23.39110369040637
    ],
    [
      94.38991811164755,
      22.583935963953543
    ],
    [
      93.72073834444708,
      21.811885632822857
    ],
    [
      93.01520401268377,
      21.07766355887158
    ],
    [
      92.27324970911445,
      20.383980603956974
    ],
    [
      91.49481002649594,
      19.7335476299363
    ],
    [
      90.67981955758505,
      19.129075498666822
    ],
    [
      89.82821824449896,
      18.573272371821197
    ],
    [
      88.94110503837483,
      18.06826138069265
    ],
    [
      88.02217715129221,
      17.614854138235255
    ],
    [
      87.07548528045234,
      17.213683829512227
    ],
    [
      86.10508012305657,
      16.86538363958679
    ],
    [
      85.11501237630615,
      16.57058675352215
    ],
    [
      84.1093327374024,
      16.32992635638153
    ],
    [
      83.09209190354662,
      16.144035633228146
    ],
    [
      82.06734057194011,
      16.013547769125218
    ],
    [
      81.03912943978416,
      15.939095949135957
    ],
    [
      80.01150920428006,
      15.921313358323584
    ],
    [
      78.98853056262914,
      15.96083318175131
    ],
    [
      77.97424421203266,
      16.058288604482357
    ],
    [
      76.97270084969193,
      16.21431281157994
    ],
    [
      75.98784351911839,
      16.42944027945427
    ],
    [
      75.02163455092749,
      16.702389350742052
    ],
    [
      74.074296988107,
      17.030283599343633
    ],
    [
      73.14599476088262,
      17.41019239812708
    ],
    [
      72.23689179948015,
      17.839185119960487
    ],
    [
      71.34715203412533,
      18.31433113771192
    ],
    [
      70.47693939504393,
      18.832699824249474
    ],
    [
      69.62641781246171,
      19.391360552441228
    ],
    [
      68.79575121660437,
      19.98738269515525
    ],
    [
      67.98510353769771,
      20.617835625259637
    ],
    [
      67.19463870596748,
      21.27978871562248
    ],
    [
      66.42452065163943,
      21.970311339111834
    ],
    [
      65.67491330493928,
      22.686472868595793
    ],
    [
      64.94598059609284,
      23.425342676942446
    ],
    [
      64.2378864553258,
      24.183990137019862
    ],
    [
      63.550794812864,
      24.959484621696134
    ],
    [
      62.88486959893311,
      25.748895503839336
    ],
    [
      62.24023660515378,
      26.5494353243187
    ],
    [
      61.61660646328972,
      27.359875087053844
    ],
    [
      61.01343477019455,
      28.179943168111592
    ],
    [
      60.43017341230509,
      29.009381872043484
    ],
    [
      59.86627427605805,
      29.847933503401066
    ],
    [
      59.32118924789021,
      30.695340366735834
    ],
    [
      58.79437021423834,
      31.551344766599343
    ],
    [
      58.28526906153918,
      32.41568900754312
    ],
    [
      57.7933376762295,
      33.2881153941187
    ],
    [
      57.318027944746035,
      34.1683662308776
    ],
    [
      56.858791753525544,
      35.056183822371366
    ],
    [
