{
  "test_id": 42,
  "test_outcome": "NOT_EXECUTED",
  "predicted_test_outcome": null,
  "test_duration": null,
  "road_points": [
    [
      99.99999999999999,
      99.99999999999999
    ],
    [
      99.98293918461644,
      98.99914407809476
    ],
    [
      99.96889935001947,
      97.99785318471227
    ],
    [
      99.95769102026544,
      96.99615460126772
    ],
    [
      99.94912471941072,
      95.99407560917626
    ],
    [
      99.94301097151167,
      94.99164348985309
    ],
    [
      99.93916030062465,
      93.98888552471338
    ],
    [
      99.93738323080606,
      92.98582899517233
    ],
    [
      99.93749028611226,
      91.98250118264515
    ],
    [
      99.93929199059961,
      90.978929368547
    ],
    [
      99.94259886832451,
      89.97514083429307
    ],
    [
      99.94722144334328,
      88.97116286129854
    ],
    [
      99.95297023971236,
      87.9670227309786
    ],
    [
      99.95965578148805,
      86.96274772474843
    ],
    [
      99.9670885927268,
      85.95836512402323
    ],
    [
      99.97507919748489,
      84.95390221021819
    ],
    [
      99.98343811981874,
      83.94938626474847
    ],
    [
      99.99197588378473,
      82.94484456902927
    ],
    [
      100.00050301343923,
      81.9403044044758
    ],
    [
      100.0088300328386,
      80.9357930525032
    ],
    [
      100.0167674660392,
      79.93133779452668
    ],
    [
      100.02412583709743,
      78.92696591196143
    ],
    [
      100.03071567006961,
      77.92270468622263
    ],
    [
      100.03634748901217,
      76.91858139872546
    ],
    [
      100.04083181798147,
      75.91462333088512
    ],
    [
      100.04397918103385,
      74.9108577641168
    ],
    [
      100.04560010222572,
      73.90731197983568
    ],
    [
      100.04550510561339,
      72.90401325945692
    ],
    [
      100.04350471525333,
      71.90098888439574
    ],
    [
      100.03940945520178,
      70.89826613606729
    ],
    [
      100.03302984951523,
      69.89587229588682
    ],
    [
      100.02417642225001,
      68.89383464526944
    ],
    [
      100.01265969746245,
      67.89218046563036
    ],
    [
      99.99829051044722,
      66.89093699357163
    ],
    [
      99.98120667215247,
      65.89008438658644
    ],
    [
      99.9624924889562,
      64.88946652241505
    ],
    [
      99.94340253826033,
      63.888902762574645
    ],
    [
      99.92519139746675,
      62.88821246858245
    ],
    [
      99.90911364397735,
      61.88721500195564
    ],
    [
      99.896423855194,
      60.88572972421144
    ],
    [
      99.88837660851867,
      59.883575996867044
    ],
    [
      99.88622648135323,
      58.88057318143964
    ],
    [
      99.89122805109955,
      57.876540639446446
    ],
    [
      99.90463589515953,
      56.87129773240464
    ],
    [
      99.92770459093511,
      55.86466382183146
    ],
    [
      99.96168871582813,
      54.856458269244065
    ],
    [
      100.00784805072527,
      53.84650323608654
    ],
    [
      100.06969199709368,
      52.835831375117344
    ],
    [
      100.1564823834463,
      51.82857064460383
    ],
    [
      100.27838738240241,
      50.82933669468373
    ],
    [
      100.44557516658132,
      49.842745175494805
    ],
    [
      100.6682139086023,
      48.87341173717477
    ],
    [
      100.95455447067216,
      47.925333627229804
    ],
    [
      101.30388304894133,
      46.99961666095756
    ],
    [
      101.7128679137404,
      46.096522276967534
    ],
    [
      102.17817702006046,
      45.21631181216074
    ],
    [
      102.69647832289243,
      44.35924660343809
    ],
    [
      103.26443977722744,
      43.52558798770062
    ],
    [
      103.87872933805646,
      42.715597301849286
    ],
    [
      104.53601496037045,
      41.929535882785046
    ],
    [
      105.23296459916051,
      41.167665067408905
    ],
    [
      105.96624620941759,
      40.4302461926218
    ],
    [
      106.73252774613276,
      39.71754059532474
    ],
    [
      107.52847716429703,
      39.02980961241869
    ],
    [
      108.35076241890138,
      38.36731458080461
    ],
    [
      109.19605146493687,
      37.730316837383505
    ],
    [
      110.06101225739451,
      37.119077719056314
    ],
    [
      110.94231275126529,
      36.53385856272403
    ],
    [
      111.83662090154027,
      35.97492070528763
    ],
    [
      112.74060466321039,
      35.44252548364808
    ],
    [
      113.65101292639255,
      34.93688606994015
    ],
    [
      114.56615425252718,
      34.45728747063604
    ],
    [
      115.4857456057752,
      34.002176547001106
    ],
    [
      116.40955453296117,
      33.569970058387035
    ],
    [
      117.33734858090965,
      33.15908476414551
    ],
    [
      118.26889529644517,
      32.76793742362819
    ],
    [
      119.20396222639238,
      32.39494479618678
    ],
    [
      120.14231691757573,
      32.03852364117294
    ],
    [
      121.08372691681993,
      31.697090717938377
    ],
    [
      122.02795977094942,
      31.369062785834746
    ],
    [
      122.97478302678886,
      31.05285660421375
    ],
    [
      123.92396423116273,
      30.746888932427055
    ],
    [
      124.87527093089572,
      30.449576529826352
    ],
    [
      125.82847067281226,
      30.159336155763317
    ],
    [
      126.783331003737,
      29.874584569589633
    ],
    [
      127.73961947049449,
      29.593738530656985
    ],
    [
      128.6971036199093,
      29.315214798317044
    ],
    [
      129.65555099880604,
      29.037430131921504
    ],
    [
      130.61472915400915,
      28.758801290822028
    ],
    [
      131.5744056323433,
      28.477745034370322
    ],
    [
      132.53434369761035,
      28.19272484333843
    ],
    [
      133.49424380841594,
      27.902889309955935
    ],
    [
      134.45375872296052,
      27.607907367065856
    ],
    [
      135.4125400092294,
      27.307460930990825
    ],
    [
      136.37023923520792,
      27.001231918053467
    ],
    [
      137.32650796888146,
      26.688902244576376
    ],
    [
      138.2809977782353,
      26.370153826882174
    ],
    [
      139.23336023125478,
      26.044668581293482
    ],
    [
      140.1832468959252,
      25.71212842413292
    ],
    [
      141.13030934023195,
      25.372215271723096
    ],
    [
      142.07419913216035,
      25.02461104038664
    ],
    [
      143.0145678396957,
      24.66899764644615
    ],
    [
      143.95106703082337,
      24.30505700622426
    ],
    [
      144.88334827352864,
      23.932471036043577
    ],
    [
      145.81106313579687,
      23.550921652226723
    ],
    [
      146.73386318561342,
      23.160090771096314
    ],
    [
      147.6513999909636,
      22.75966030897495
    ],
    [
      148.56332511983274,
      22.34931218218528
    ],
    [
      149.46962034617738,
      21.9290553602946
    ],
    [
      150.3741357876795,
      21.50273022258782
    ],
    [
      151.28323144279963,
      21.07666306539536
    ],
    [
      152.20329999009056,
      20.65722115150148
    ],
    [
      153.13836176100253,
      20.250505053644755
    ],
    [
      154.0869905869597,
      19.862003070188113
    ],
    [
      155.04699896334137,
      19.49711791305377
    ],
    [
      156.01619938552656,
      19.16125229416395
    ],
    [
      156.99240434889455,
      18.859808925440852
    ],
    [
      157.97342634882443,
      18.598190518806703
    ],
    [
      158.95707788069546,
      18.381799786183734
    ],
    [
      159.94117143988683,
      18.216039439494143
    ],
    [
      160.92351952177762,
      18.10631219066015
    ],
    [
      161.90193462174705,
      18.058020751603973
    ],
    [
      162.87440009689035,
      18.075698838895523
    ],
    [
      163.83990870345838,
      18.15874640833442
    ],
    [
      164.79782255120077,
      18.304684899683433
    ],
    [
