{
  "test_id": 40,
  "test_outcome": "NOT_EXECUTED",
  "predicted_test_outcome": null,
  "test_duration": null,
  "road_points": [
    [
      99.99999999999997,
      100.0
    ],
    [
      99.95919172573807,
      99.09754158294905
    ],
    [
      99.91631442173075,
      98.1701251790215
    ],
    [
      99.8734754227236,
      97.22003996265548
    ],
    [
      99.83278206346205,
      96.24957510828885
    ],
    [
      99.79634167869165,
      95.26101979035971
    ],
    [
      99.76626160315793,
      94.2566631833061
    ],
    [
      99.74464917160641,
      93.23879446156603
    ],
    [
      99.7336117187826,
      92.20970279957753
    ],
    [
      99.73525657943202,
      91.17167737177861
    ],
    [
      99.75169108830022,
      90.12700735260731
    ],
    [
      99.78502258013266,
      89.07798191650157
    ],
    [
      99.8373583896749,
      88.02689023789955
    ],
    [
      99.91080585167248,
      86.9760214912392
    ],
    [
      100.00747230087089,
      85.92766485095851
    ],
    [
      100.12946507201562,
      84.88410949149556
    ],
    [
      100.27889149985222,
      83.84764458728834
    ],
    [
      100.45785891912624,
      82.8205593127749
    ],
    [
      100.66847466458313,
      81.80514284239324
    ],
    [
      100.91284607096846,
      80.80368435058138
    ],
    [
      101.19308047302775,
      79.81847301177737
    ],
    [
      101.5112852055065,
      78.85179800041922
    ],
    [
      101.86956760315022,
      77.90594849094492
    ],
    [
      102.27003500070447,
      76.98321365779256
    ],
    [
      102.71479473291471,
      76.0858826754001
    ],
    [
      103.20595413452651,
      75.21624471820559
    ],
    [
      103.74562054028536,
      74.37658896064704
    ],
    [
      104.33590128493677,
      73.56920457716245
    ],
    [
      104.97881375426884,
      72.79636166035732
    ],
    [
      105.6738051800046,
      72.05978506861771
    ],
    [
      106.41743879442939,
      71.36058784674104
    ],
    [
      107.20612485049449,
      70.6998505863855
    ],
    [
      108.03627360115107,
      70.07865387920918
    ],
    [
      108.90429529935032,
      69.49807831687029
    ],
    [
      109.80660019804345,
      68.95920449102692
    ],
    [
      110.73959855018177,
      68.46311299333729
    ],
    [
      111.6997006087163,
      68.01088441545949
    ],
    [
      112.68331662659843,
      67.6035993490517
    ],
    [
      113.6868568567792,
      67.24233838577206
    ],
    [
      114.70673155220993,
      66.92818211727872
    ],
    [
      115.73935096584184,
      66.66221113522982
    ],
    [
      116.78112535062604,
      66.44550603128354
    ],
    [
      117.82846495951381,
      66.279147397098
    ],
    [
      118.87778004545629,
      66.16421582433135
    ],
    [
      119.92548086140476,
      66.10179190464176
    ],
    [
      120.9679776603104,
      66.09295622968737
    ],
    [
      122.00168069512436,
      66.13878939112632
    ],
    [
      123.02300021879793,
      66.24037198061677
    ],
    [
      124.02843359380942,
      66.39874177904224
    ],
    [
      125.0160483050899,
      66.61416491623122
    ],
    [
      125.98527333468577,
      66.88623840178963
    ],
    [
      126.93558278306297,
      67.2145370714629
    ],
    [
      127.86645075068746,
      67.59863576099652
    ],
    [
      128.77734022140265,
      68.03809240532586
    ],
    [
      129.66715683974303,
      68.53161760597179
    ],
    [
      130.5340001407018,
      69.0766964209855
    ],
    [
      131.37590665460093,
      69.6707181212336
    ],
    [
      132.19091291176227,
      70.31107197758273
    ],
    [
      132.97705544250778,
      70.9951472608995
    ],
    [
      133.7323707771593,
      71.72033324205051
    ],
    [
      134.4548954460387,
      72.48401919190239
    ],
    [
      135.14266597946806,
      73.28359438132179
    ],
    [
      135.79371890776918,
      74.11644808117528
    ],
    [
      136.40609076126387,
      74.97996956232952
    ],
    [
      136.97781807027422,
      75.87154809565108
    ],
    [
      137.50693736512204,
      76.78857295200663
    ],
    [
      137.9914851761292,
      77.72843340226272
    ],
    [
      138.4294980336177,
      78.68851871728604
    ],
    [
      138.81901246790937,
      79.66621816794319
    ],
    [
      139.15806500932618,
      80.65892102510077
    ],
    [
      139.44469218818998,
      81.66401655962541
    ],
    [
      139.67693053482267,
      82.6788940423837
    ],
    [
      139.85281657954621,
      83.70094274424233
    ],
    [
      139.97043296343264,
      84.72754542912809
    ],
    [
      140.0291649352298,
      85.75590104288483
    ],
    [
      140.02985096818952,
      86.7830034589104
    ],
    [
      139.97340588277683,
      87.80583577683028
    ],
    [
      139.8607444994569,
      88.82138109627003
    ],
    [
      139.6927816386947,
      89.8266225168552
    ],
    [
      139.47043212095542,
      90.81854313821137
    ],
    [
      139.1946107667041,
      91.79412605996406
    ],
    [
      138.86623239640574,
      92.75035438173877
    ],
    [
      138.48621183052558,
      93.68421120316111
    ],
    [
      138.0554735391157,
      94.59268778246776
    ],
    [
      137.57880196700006,
      95.4760389406477
    ],
    [
      137.07072380147162,
      96.34275644880678
    ],
    [
      136.5472789797391,
      97.20261151285331
    ],
    [
      136.0241923619848,
      98.06502511473386
    ],
    [
      135.5137886642416,
      98.9356388051596
    ],
    [
      135.02631755171544,
      99.81778761148128
    ],
    [
      134.57199906325332,
      100.7147736298614
    ],
    [
      134.16105323770196,
      101.62989895646236
    ],
    [
      133.803440138645,
      102.56633152921368
    ],
    [
      133.50291386074684,
      103.5240367435661
    ],
    [
      133.25689400379494,
      104.49971112766046
    ],
    [
      133.06251448373564,
      105.48990378469114
    ],
    [
      132.9169092165154,
      106.49116381785244
    ],
    [
      132.8172444114732,
      107.50003635721302
    ],
    [
      132.76324924046833,
      108.51275120603171
    ],
    [
      132.7590341104924,
      109.52499913475451
    ],
    [
      132.8091384792261,
      110.53241812679524
    ],
    [
      132.91810180435027,
      111.53064616556769
    ],
    [
      133.0904615488411,
      112.51532221991337
    ],
    [
      133.32822072839105,
      113.48333733105312
    ],
    [
      133.6258868020177,
      114.43528550911185
    ],
    [
      133.976588175413,
      115.37244204671347
    ],
    [
      134.3734532542688,
      116.29608223648184
    ],
    [
      134.809610444277,
      117.20748137104081
    ],
    [
      135.2781881511295,
      118.10791474301429
    ],
    [
      135.77231478051817,
      118.99865764502611
    ],
    [
      136.28511873813483,
      119.88098536970013
    ],
    [
      136.8097284296714,
      120.75617320966026
    ],
    [
      137.33927226081977,
      121.62549645753035
    ],
    [
      137.8673012945897,
      122.49032924411893
    ],
    [
      138.39049075985056,
      123.35277628472747
    ],
    [
      138.90691632748906,
      124.21526978726412
    ],
    [
      139.41466027814383,
      125.0802435053239
    ],
    [
      139.9118048924535,
      125.95013119250181
    ],
    [
      140.39643245105677,
      126.82736660239293
    ],
    [
      140.8666252345922,
      127.71438348859226
    ],
    [
      141.3204463431114,
      128.61324723241478
    ],
    [
      141.75585136056566,
      129.52395831742902
    ],
    [
      142.17075843160006,
      130.44579818755517
    ],
    [
      142.56308566274626,
      131.37804755472635
    ],
    [
      142.93075116053583,
      132.3199871308757
    ],
    [
      143.27167303150046,
