{
  "test_id": 7,
  "test_outcome": "NOT_EXECUTED",
  "predicted_test_outcome": null,
  "test_duration": null,
  "road_points": [
    [
      100.0,
      100.0
    ],
    [
      100.04432010938937,
      99.0378275238829
    ],
    [
      100.08354338281713,
      98.05977272884779
    ],
    [
      100.11507035194093,
      97.06814550716744
    ],
    [
      100.13630154841859,
      96.06525575111473
    ],
    [
      100.1446375039077,
      95.05341335296228
    ],
    [
      100.13747875006615,
      94.03492820498309
    ],
    [
      100.1122258185516,
      93.01211019944982
    ],
    [
      100.06627924102175,
      91.9872692286353
    ],
    [
      99.99703954913436,
      90.96271518481232
    ],
    [
      99.90190727454714,
      89.94075796025368
    ],
    [
      99.77828294891788,
      88.92370744723218
    ],
    [
      99.62356710390422,
      87.91387353802058
    ],
    [
      99.43516027116395,
      86.91356612489173
    ],
    [
      99.2104629823548,
      85.92509510011838
    ],
    [
      98.94687576913448,
      84.95077035597335
    ],
    [
      98.6417991631607,
      83.99290178472938
    ],
    [
      98.2926336960912,
      83.05379927865934
    ],
    [
      97.89677989958378,
      82.13577273003601
    ],
    [
      97.45163830529604,
      81.24113203113212
    ],
    [
      96.95494087083742,
      80.37214535898134
    ],
    [
      96.40755205479505,
      79.53068661543462
    ],
    [
      95.81206068405238,
      78.71841266310517
    ],
    [
      95.1710735216548,
      77.93697810705424
    ],
    [
      94.48719733064767,
      77.18803755234302
    ],
    [
      93.76303887407644,
      76.47324560403284
    ],
    [
      93.00120491498653,
      75.79425686718491
    ],
    [
      92.20430221642329,
      75.15272594686047
    ],
    [
      91.3749375414321,
      74.55030744812079
    ],
    [
      90.51571765305845,
      73.9886559760271
    ],
    [
      89.62925290472494,
      73.4694279601527
    ],
    [
      88.71828183260581,
      72.99434496834297
    ],
    [
      87.7857031800807,
      72.56520998049305
    ],
    [
      86.83442578581794,
      72.18383110659278
    ],
    [
      85.86735848848586,
      71.85201645663204
    ],
    [
      84.88741012675285,
      71.57157414060075
    ],
    [
      83.89748953928718,
      71.34431226848876
    ],
    [
      82.90050556475724,
      71.17203895028597
    ],
    [
      81.89936704183134,
      71.05656229598223
    ],
    [
      80.89698280917783,
      70.99969041556743
    ],
    [
      79.89626124196408,
      71.00323015702465
    ],
    [
      78.89955560129845,
      71.067476919989
    ],
    [
      77.90758805595465,
      71.18828501352351
    ],
    [
      76.92078271410517,
      71.36069719599104
    ],
    [
      75.93956368392257,
      71.57975622575432
    ],
    [
      74.96435507357926,
      71.84050486117621
    ],
    [
      73.99558099124782,
      72.13798586061954
    ],
    [
      73.03366554510066,
      72.46724198244704
    ],
    [
      72.07903284331034,
      72.82331598502158
    ],
    [
      71.13210699404931,
      73.20125062670593
    ],
    [
      70.19331210549011,
      73.59608866586294
    ],
    [
      69.26301981627331,
      74.0032945240314
    ],
    [
      68.34120509659482,
      74.42152038658801
    ],
    [
      67.42766159111294,
      74.85087563319557
    ],
    [
      66.52218201057077,
      75.29147714878091
    ],
    [
      65.62455906571137,
      75.74344181827081
    ],
    [
      64.73458546727778,
      76.20688652659203
    ],
    [
      63.85205392601314,
      76.68192815867144
    ],
    [
      62.97675715266047,
      77.16868359943578
    ],
    [
      62.108487857962864,
      77.66726973381188
    ],
    [
      61.24703875266337,
      78.17780344672649
    ],
    [
      60.39220254750508,
      78.70040162310643
    ],
    [
      59.543771953231044,
      79.23518114787852
    ],
    [
      58.70153968058434,
      79.78225890596951
    ],
    [
      57.86529844030805,
      80.34175178230623
    ],
    [
      57.03484094314523,
      80.91377666181543
    ],
    [
      56.20995989983895,
      81.49845042942397
    ],
    [
      55.39044802113231,
      82.09588997005861
    ],
    [
      54.57660013376655,
      82.70642746804556
    ],
    [
      53.77176571211085,
      83.3317048923067
    ],
    [
      52.98044298624767,
      83.97385678004706
    ],
    [
      52.20713225909311,
      84.63501855726986
    ],
    [
      51.4563338335633,
      85.3173256499784
    ],
    [
      50.73254801257436,
      86.02291348417596
    ],
    [
      50.04027509904241,
      86.75391748586578
    ],
    [
      49.38401539588356,
      87.51247308105121
    ],
    [
      48.76826920601394,
      88.30071569573545
    ],
    [
      48.19753683234967,
      89.1207807559218
    ],
    [
      47.676190784596805,
      89.97464618968772
    ],
    [
      47.20626338966007,
      90.86140578175856
    ],
    [
      46.787737947179274,
      91.77762800628949
    ],
    [
      46.4205285171191,
      92.71979600344008
    ],
    [
      46.104549159444225,
      93.6843929133699
    ],
    [
      45.83971393411937,
      94.66790187623866
    ],
    [
      45.62593690110918,
      95.6668060322059
    ],
    [
      45.463132120378376,
      96.67758852143128
    ],
    [
      45.35121365189163,
      97.69673248407437
    ],
    [
      45.290095555613625,
      98.7207210602948
    ],
    [
      45.279691566994444,
      99.74603919409931
    ],
    [
      45.319871974623375,
      100.76941333321658
    ],
    [
      45.41042033923338,
      101.78805201084283
    ],
    [
      45.551109921433145,
      102.7992210144451
    ],
    [
      45.74171398183137,
      103.80018613149038
    ],
    [
      45.98200578103675,
      104.78821314944567
    ],
    [
      46.271758579658005,
      105.76056785577802
    ],
    [
      46.61074563830385,
      106.71451603795451
    ],
    [
      46.99874021758296,
      107.64732348344205
    ],
    [
      47.43551557810405,
      108.55625597970774
    ],
    [
      47.92084498047584,
      109.43857931421857
    ],
    [
      48.45413934231702,
      110.29189641945743
    ],
    [
      49.03301592142271,
      111.11547915344522
    ],
    [
      49.65453797256806,
      111.90911485087027
    ],
    [
      50.31576858997001,
      112.6725909958136
    ],
    [
      51.01377086784548,
      113.4056950723563
    ],
    [
      51.74560790041138,
      114.10821456457938
    ],
    [
      52.50834278188464,
      114.77993695656389
    ],
    [
      53.29903860648216,
      115.42064973239084
    ],
    [
      54.11475846842091,
      116.03014037614133
    ],
    [
      54.95256546191778,
      116.60819637189641
    ],
    [
      55.80947259382483,
      117.1548610447821
    ],
    [
      56.68179514878877,
      117.67374161230828
    ],
    [
      57.56533659070429,
      118.17105961909994
    ],
    [
      58.45588859895573,
      118.65309680383376
    ],
    [
      59.34924285292744,
      119.12613490518646
    ],
    [
      60.241191032003755,
      119.59645566183475
    ],
    [
      61.12752481556904,
      120.07034081245538
    ],
    [
      62.00403588300764,
      120.55407209572503
    ],
    [
      62.86651591370388,
      121.05393125032039
    ],
    [
      63.71075658704215,
      121.5762000149182
    ],
    [
      64.53254958240676,
      122.12716012819519
    ],
    [
      65.32794841994645,
      122.71268952296353
    ],
    [
      66.09609348246441,
      123.33390563095254
    ],
    [
      66.83813726958199,
      123.9888228354681
    ],
    [
      67.55526675362921,
      124.67540235665804
    ],
    [
      68.24866890693605,
      125.39160541467042
    ],
    [
      68.91953070183254,
      126.1353932296532
    ],
    [
      69.56903911064867,
