{
  "test_id": 8,
  "test_outcome": "NOT_EXECUTED",
  "predicted_test_outcome": null,
  "test_duration": null,
  "road_points": [
    [
      100.0,
      99.99999999999999
    ],
    [
      99.71127550941618,
      99.06025219236373
    ],
    [
      99.39243830717622,
      98.12873859200027
    ],
    [
      99.04529016562061,
      97.20494115347094
    ],
    [
      98.6716328570897,
      96.28834183133698
    ],
    [
      98.273268153924,
      95.37842258015972
    ],
    [
      97.85199782846398,
      94.47466535450052
    ],
    [
      97.40962365305005,
      93.57655210892067
    ],
    [
      96.94794740002267,
      92.68356479798146
    ],
    [
      96.46877084172233,
      91.79518537624425
    ],
    [
      95.97389575048942,
      90.91089579827025
    ],
    [
      95.46512389866443,
      90.0301780186209
    ],
    [
      94.9442570585878,
      89.15251399185742
    ],
    [
      94.41309700259998,
      88.2773856725412
    ],
    [
      93.87344550304142,
      87.40427501523347
    ],
    [
      93.32710433225257,
      86.53266397449558
    ],
    [
      92.77587526257386,
      85.66203450488882
    ],
    [
      92.22156006634576,
      84.7918685609745
    ],
    [
      91.66596051590875,
      83.92164809731403
    ],
    [
      91.11087838360324,
      83.05085506846862
    ],
    [
      90.55811544176969,
      82.17897142899957
    ],
    [
      90.00947346274855,
      81.30547913346825
    ],
    [
      89.46675421888027,
      80.42986013643596
    ],
    [
      88.93175948250527,
      79.55159639246399
    ],
    [
      88.4062910259641,
      78.67016985611369
    ],
    [
      87.89215062159707,
      77.78506248194628
    ],
    [
      87.39114004174475,
      76.8957562245232
    ],
    [
      86.90506105874753,
      76.00173303840566
    ],
    [
      86.43571544494588,
      75.10247487815504
    ],
    [
      85.98490497268023,
      74.19746369833258
    ],
    [
      85.55443141429103,
      73.28618145349967
    ],
    [
      85.14609654211876,
      72.36811009821756
    ],
    [
      84.76170212850387,
      71.4427315870476
    ],
    [
      84.40304994578679,
      70.50952787455111
    ],
    [
      84.07194176630796,
      69.56798091528934
    ],
    [
      83.77017936240784,
      68.61757266382368
    ],
    [
      83.4995645064269,
      67.65778507471536
    ],
    [
      83.26189897070557,
      66.68810010252577
    ],
    [
      83.05898452758429,
      65.70799970181615
    ],
    [
      82.89163780305168,
      64.71724651459009
    ],
    [
      82.75290496093125,
      63.71781713933142
    ],
    [
      82.63214815987754,
      62.712737819570094
    ],
    [
      82.51870740486822,
      61.70504111085151
    ],
    [
      82.40192270088079,
      60.69775956872103
    ],
    [
      82.27113405289286,
      59.69392574872399
    ],
    [
      82.11568146588199,
      58.69657220640579
    ],
    [
      81.92490494482577,
      57.70873149731182
    ],
    [
      81.68814449470177,
      56.73343617698738
    ],
    [
      81.39474012048754,
      55.773718800977875
    ],
    [
      81.03432864940144,
      54.83260237090218
    ],
    [
      80.60355871429867,
      53.91288419681563
    ],
    [
      80.10619503729517,
      53.01713254059479
    ],
    [
      79.54632002089737,
      52.14790543882068
    ],
    [
      78.92801606761175,
      51.30776092807446
    ],
    [
      78.25536557994477,
      50.49925704493721
    ],
    [
      77.53245096040287,
      49.72495182599003
    ],
    [
      76.76335461149255,
      48.987403307814034
    ],
    [
      75.9521589357202,
      48.28916952699032
    ],
    [
      75.10294633559236,
      47.63280852009997
    ],
    [
      74.21979921361546,
      47.0208783237241
    ],
    [
      73.3067999722959,
      46.4559369744438
    ],
    [
      72.36803101414023,
      45.940542508840174
    ],
    [
      71.40757474165487,
      45.47725296349433
    ],
    [
      70.42951355734624,
      45.06862637498736
    ],
    [
      69.43792986372088,
      44.71722077990037
    ],
    [
      68.43690606328516,
      44.42559421481444
    ],
    [
      67.4305245585456,
      44.1963047163107
    ],
    [
      66.42286551230211,
      44.03190572849326
    ],
    [
      65.41690191010093,
      43.93268044892911
    ],
    [
      64.41271381669013,
      43.892980194447055
    ],
    [
      63.409914677569276,
      43.90619948771368
    ],
    [
      62.408117938238064,
      43.965732851395614
    ],
    [
      61.4069370441961,
      44.064974808159434
    ],
    [
      60.40598544094302,
      44.197319880671756
    ],
    [
      59.40487657397846,
      44.356162591599166
    ],
    [
      58.40322388880206,
      44.534897463608274
    ],
    [
      57.40064083091346,
      44.72691901936569
    ],
    [
      56.39674084581228,
      44.92562178153799
    ],
    [
      55.39124564463615,
      45.124453044757324
    ],
    [
      54.384541639005434,
      45.31718409889208
    ],
    [
      53.37726734719358,
      45.49770911826271
    ],
    [
      52.37006176860896,
      45.65992251170955
    ],
    [
      51.36356390266007,
      45.79771868807292
    ],
    [
      50.3584127487553,
      45.9049920561931
    ],
    [
      49.3552473063031,
      45.97563702491044
    ],
    [
      48.35470657471194,
      46.00354800306525
    ],
    [
      47.357429553390226,
      45.98261939949784
    ],
    [
      46.36405524174641,
      45.906745623048536
    ],
    [
      45.375289063608236,
      45.77007534141959
    ],
    [
      44.392943701208196,
      45.570995577195355
    ],
    [
      43.419746175524836,
      45.31139325151284
    ],
    [
      42.45845090419732,
      44.99326015422787
    ],
    [
      41.5118123048648,
      44.618588075196236
    ],
    [
      40.58258479516643,
      44.18936880427377
    ],
    [
      39.67352279274139,
      43.70759413131624
    ],
    [
      38.78738071522881,
      43.175255846179496
    ],
    [
      37.92691298026787,
      42.59434573871932
    ],
    [
      37.09487400549774,
      41.96685559879152
    ],
    [
      36.29401820855755,
      41.29477721625191
    ],
    [
      35.5271000070865,
      40.58010238095631
    ],
    [
      34.79687381872372,
      39.824822882760515
    ],
    [
      34.106094061108365,
      39.030930511520324
    ],
    [
      33.4572623376678,
      38.20059981914309
    ],
    [
      32.85181065414892,
      37.33677858094375
    ],
    [
      32.29088819996479,
      36.44261902313822
    ],
    [
      31.775644162781134,
      35.5212733732056
    ],
    [
      31.30722773026365,
      34.57589385862498
    ],
    [
      30.886788090078056,
      33.609632706875445
    ],
    [
      30.515474429890048,
      32.62564214543609
    ],
    [
      30.19443593736533,
      31.62707440178598
    ],
    [
      29.92482180016963,
      30.61708170340425
    ],
    [
      29.707781205968644,
      29.598816277769952
    ],
    [
      29.544463342428084,
      28.575430352362204
    ],
    [
      29.436017397213657,
      27.550076154660093
    ],
    [
      29.383592557991065,
      26.525905912142697
    ],
    [
      29.388338012426026,
      25.506071852289107
    ],
    [
      29.451402948184253,
      24.493726202578422
    ],
    [
      29.573936552931443,
      23.492021190489723
    ],
    [
      29.757077196714643,
      22.504103033236568
    ],
    [
      29.99921552403667,
      21.531591312582176
    ],
    [
      30.292371864019568,
      20.572566265062697
    ],
    [
      30.627666171314647,
      19.624607879440827
    ],
    [
      30.996218400573245,
      18.685296144479285
    ],
    [
      31.389148506446666,
      17.75221104894077
    ],
    [
      31.79757644358626,
      16.822932581587963
    ],
    [
      32.21262216664335,
      15.895040731183586
    ],
    [
      32.62540563026925,
