{
  "test_id": 14,
  "test_outcome": "NOT_EXECUTED",
  "predicted_test_outcome": null,
  "test_duration": null,
  "road_points": [
    [
      100.00000000000003,
      100.00000000000004
    ],
    [
      99.80793701807158,
      98.79848368824359
    ],
    [
      99.56720498641972,
      97.64575839118277
    ],
    [
      99.27977721874613,
      96.53981464847787
    ],
    [
      98.94762702875246,
      95.47864299978909
    ],
    [
      98.57272773014041,
      94.46023398477672
    ],
    [
      98.1570526366117,
      93.48257814310101
    ],
    [
      97.70257506186792,
      92.54366601442221
    ],
    [
      97.21126831961087,
      91.64148813840063
    ],
    [
      96.68510572354215,
      90.7740350546965
    ],
    [
      96.12606058736348,
      89.93929730297006
    ],
    [
      95.53610622477657,
      89.13526542288162
    ],
    [
      94.91721594948304,
      88.35992995409137
    ],
    [
      94.27136307518462,
      87.61128143625963
    ],
    [
      93.60052091558296,
      86.88731040904662
    ],
    [
      92.90666278437979,
      86.18600741211263
    ],
    [
      92.19176199527676,
      85.5053629851179
    ],
    [
      91.45779186197558,
      84.84336766772269
    ],
    [
      90.7067256981779,
      84.1980119995873
    ],
    [
      89.94053681758542,
      83.56728652037191
    ],
    [
      89.16119853389985,
      82.94918176973685
    ],
    [
      88.37068416082286,
      82.34168828734235
    ],
    [
      87.5709670120561,
      81.74279661284868
    ],
    [
      86.7640204013013,
      81.1504972859161
    ],
    [
      85.95181764226014,
      80.56278084620487
    ],
    [
      85.13633204863424,
      79.97763783337523
    ],
    [
      84.31953693412538,
      79.39305878708747
    ],
    [
      83.50340561243517,
      78.80703424700181
    ],
    [
      82.68991139726535,
      78.21755475277855
    ],
    [
      81.88102760231754,
      77.62261084407795
    ],
    [
      81.07872754129352,
      77.02019306056025
    ],
    [
      80.28498452789486,
      76.4082919418857
    ],
    [
      79.50177187582331,
      75.78489802771456
    ],
    [
      78.73106289878059,
      75.14800185770716
    ],
    [
      77.97483091046828,
      74.49559397152365
    ],
    [
      77.23504899091826,
      73.82566519114542
    ],
    [
      76.51321626175886,
      73.13677897720544
    ],
    [
      75.80936324157703,
      72.42927316306572
    ],
    [
      75.12323685556241,
      71.70382822089286
    ],
    [
      74.45458402890452,
      70.9611246228533
    ],
    [
      73.80315168679296,
      70.2018428411136
    ],
    [
      73.16868675441732,
      69.4266633478403
    ],
    [
      72.55093615696715,
      68.63626661519984
    ],
    [
      71.94964681963212,
      67.83133311535882
    ],
    [
      71.36456566760172,
      67.0125433204837
    ],
    [
      70.79543962606557,
      66.18057770274103
    ],
    [
      70.24201562021325,
      65.3361167342973
    ],
    [
      69.70404057523437,
      64.47984088731909
    ],
    [
      69.18126141631845,
      63.61243063397282
    ],
    [
      68.67342506865513,
      62.73456644642509
    ],
    [
      68.18027845743397,
      61.84692879684239
    ],
    [
      67.70156850784456,
      60.95019815739123
    ],
    [
      67.23704214507646,
      60.04505500023813
    ],
    [
      66.78644629431928,
      59.13217979754961
    ],
    [
      66.34952849588998,
      58.212252906695845
    ],
    [
      65.9265729961882,
      57.28585452384633
    ],
    [
      65.51938304533405,
      56.35328136555029
    ],
    [
      65.13002875169927,
      55.41478034671739
    ],
    [
      64.76058022365547,
      54.47059838225729
    ],
    [
      64.41310756957434,
      53.520982387079684
    ],
    [
      64.08968089782755,
      52.56617927609423
    ],
    [
      63.79237031678672,
      51.60643596421057
    ],
    [
      63.523245934823564,
      50.64199936633842
    ],
    [
      63.284377860309704,
      49.67311639738738
    ],
    [
      63.07783620161681,
      48.70003397226718
    ],
    [
      62.90569106711658,
      47.72299900588746
    ],
    [
      62.77001121458943,
      46.74225840247828
    ],
    [
      62.671414537496084,
      45.758047593750895
    ],
    [
      62.606308197515354,
      44.770568715608775
    ],
    [
      62.57033979412144,
      43.78001789781724
    ],
    [
      62.559156926788525,
      42.78659127014152
    ],
    [
      62.56840719499079,
      41.79048496234687
    ],
    [
      62.59373819820245,
      40.791895104198595
    ],
    [
      62.63079753589768,
      39.79101782546194
    ],
    [
      62.67523280755065,
      38.788049255902195
    ],
    [
      62.722691612635586,
      37.783185525284594
    ],
    [
      62.76882155062666,
      36.77662276337442
    ],
    [
      62.809270220998044,
      35.768557099936935
    ],
    [
      62.839685223223974,
      34.759184664737404
    ],
    [
      62.8557141567786,
      33.74870158754112
    ],
    [
      62.853004621136115,
      32.73730399811331
    ],
    [
      62.827204215770706,
      31.72518802621927
    ],
    [
      62.77396152844723,
      30.712550786983154
    ],
    [
      62.68951854089577,
      29.700181029215077
    ],
    [
      62.571713899711625,
      28.690459430148096
    ],
    [
      62.41865206379185,
      27.686031690795478
    ],
    [
      62.22843749203347,
      26.689543512170506
    ],
    [
      61.99917464333353,
      25.703640595286455
    ],
    [
      61.72896797658908,
      24.730968641156625
    ],
    [
      61.415921950697154,
      23.774173350794293
    ],
    [
      61.058141024554786,
      22.835900425212728
    ],
    [
      60.65372965705901,
      21.91879556542521
    ],
    [
      60.200792307106894,
      21.025504472445014
    ],
    [
      59.69779569144127,
      20.158578776820605
    ],
    [
      59.14589892328821,
      19.319870952431675
    ],
    [
      58.547473783973764,
      18.51091856969019
    ],
    [
      57.904897903150776,
      17.733257680325163
    ],
    [
      57.22054891047205,
      16.98842433606563
    ],
    [
      56.496804435590356,
      16.277954588640586
    ],
    [
      55.736042108158586,
      15.603384489779062
    ],
    [
      54.94063955782951,
      14.96625009121006
    ],
    [
      54.112974414255945,
      14.36808744466259
    ],
    [
      53.25542430709073,
      13.810432601865688
    ],
    [
      52.370377838249034,
      13.294827095123411
    ],
    [
      51.46052686464039,
      12.822963930674673
    ],
    [
      50.52889779568184,
      12.39670322160141
    ],
    [
      49.57853429149146,
      12.01791369760064
    ],
    [
      48.6124800121873,
      11.688464088369395
    ],
    [
      47.63377861788743,
      11.410223123604695
    ],
    [
      46.64547376870991,
      11.185059533003562
    ],
    [
      45.65060912477278,
      11.014842046263015
    ],
    [
      44.65222834619409,
      10.901439393080075
    ],
    [
      43.65337509309196,
      10.84672030315177
    ],
    [
      42.65709200185163,
      10.85255115305357
    ],
    [
      41.66570251348484,
      10.919145198355768
    ],
    [
      40.679551589215585,
      11.04216802008085
    ],
    [
      39.69864692868618,
      11.2165099798527
    ],
    [
      38.72299623153891,
      11.437061439295192
    ],
    [
      37.75260719741606,
      11.698712760032198
    ],
    [
      36.78748752595994,
      11.9963543036876
    ],
    [
      35.827644916812815,
      12.324876431885272
    ],
    [
      34.873087069616965,
      12.679169506249103
    ],
    [
      33.92382168401473,
      13.054123888402954
    ],
    [
      32.97985645964838,
      13.44462993997071
    ],
    [
      32.0413108332891,
      13.846120123623246
    ],
    [
      31.109155462042384,
      14.25815666121714
    ],
    [
