{
  "test_id": 28,
  "test_outcome": "NOT_EXECUTED",
  "predicted_test_outcome": null,
  "test_duration": null,
  "road_points": [
    [
      100.00000000000001,
      100.0
    ],
    [
      99.69689471035528,
      99.07992248612113
    ],
    [
      99.38999659780247,
      98.1524556294721
    ],
    [
      99.08055963633063,
      97.21794553793703
    ],
    [
      98.76983779992904,
      96.27673831940018
    ],
    [
      98.45908506258688,
      95.32918008174585
    ],
    [
      98.1495553982934,
      94.37561693285825
    ],
    [
      97.84250278103775,
      93.41639498062165
    ],
    [
      97.5391811848092,
      92.45186033292036
    ],
    [
      97.24084458359684,
      91.48235909763844
    ],
    [
      96.94874695138999,
      90.5082373826604
    ],
    [
      96.66414226217775,
      89.52984129587028
    ],
    [
      96.38828448994941,
      88.54751694515244
    ],
    [
      96.12242760869415,
      87.56161043839109
    ],
    [
      95.86782559240116,
      86.57246788347048
    ],
    [
      95.62573241505964,
      85.58043538827489
    ],
    [
      95.39740205065878,
      84.58585906068852
    ],
    [
      95.1840884731878,
      83.58908500859565
    ],
    [
      94.9870456566359,
      82.59045933988054
    ],
    [
      94.80752757499232,
      81.59032816242743
    ],
    [
      94.64678820224623,
      80.58903758412056
    ],
    [
      94.50608151238679,
      79.5869337128442
    ],
    [
      94.38666147940327,
      78.58436265648257
    ],
    [
      94.28978207728485,
      77.58167052291996
    ],
    [
      94.21669728002072,
      76.57920342004059
    ],
    [
      94.16866106160009,
      75.5773074557287
    ],
    [
      94.14692739601219,
      74.57632873786855
    ],
    [
      94.15275025724618,
      73.57661337434443
    ],
    [
      94.18738361929132,
      72.57850747304056
    ],
    [
      94.25208145613672,
      71.58235714184116
    ],
    [
      94.34809774177168,
      70.58850848863054
    ],
    [
      94.47668645018534,
      69.59730762129288
    ],
    [
      94.63910155536692,
      68.6091006477125
    ],
    [
      94.8346618333249,
      67.62402710758552
    ],
    [
      95.05483806051471,
      66.64138882422772
    ],
    [
      95.289111841441,
      65.66027529144137
    ],
    [
      95.52696478041942,
      64.67977600300866
    ],
    [
      95.75787848176553,
      63.698980452711666
    ],
    [
      95.97133454979495,
      62.71697813433257
    ],
    [
      96.1568145888233,
      61.7328585416535
    ],
    [
      96.30380020316612,
      60.74571116845656
    ],
    [
      96.40177299713903,
      59.75462550852388
    ],
    [
      96.44021457505758,
      58.758691055637605
    ],
    [
      96.4092199445827,
      57.75721083585299
    ],
    [
      96.30645579537602,
      56.752123658811215
    ],
    [
      96.1346916052252,
      55.74714466934334
    ],
    [
      95.89679224321733,
      54.74602221901329
    ],
    [
      95.59562257843949,
      53.75250465938498
    ],
    [
      95.23404747997887,
      52.77034034202236
    ],
    [
      94.81493181692254,
      51.803277618489346
    ],
    [
      94.34114045835761,
      50.85506484034984
    ],
    [
      93.81553827337125,
      49.92945035916782
    ],
    [
      93.24099013105054,
      49.030182526507154
    ],
    [
      92.62036090048258,
      48.1610096939318
    ],
    [
      91.95651545075457,
      47.3256802130057
    ],
    [
      91.25231865095354,
      46.52794243529272
    ],
    [
      90.51063537016665,
      45.771544712356864
    ],
    [
      89.73433047748104,
      45.06023539576199
    ],
    [
      88.92626884198378,
      44.39776283707207
    ],
    [
      88.08931533276203,
      43.78787538785102
    ],
    [
      87.22633481890287,
      43.23432139966273
    ],
    [
      86.34019100312916,
      42.74083709731827
    ],
    [
      85.4334802952901,
      42.30837964716717
    ],
    [
      84.50819259263858,
      41.93160027129388
    ],
    [
      83.5662341313288,
      41.604280362816525
    ],
    [
      82.60951114751514,
      41.32020131485327
    ],
    [
      81.63992987735178,
      41.07314452052224
    ],
    [
      80.65939655699302,
      40.85689137294156
    ],
    [
      79.66981742259316,
      40.6652232652294
    ],
    [
      78.67309871030646,
      40.49192159050391
    ],
    [
      77.67114665628715,
      40.33076774188318
    ],
    [
      76.66586749668956,
      40.175543112485386
    ],
    [
      75.65923444629416,
      40.02010177492678
    ],
    [
      74.65364484484095,
      39.85875802609109
    ],
    [
      73.65166154569704,
      39.68600576414725
    ],
    [
      72.65584778019598,
      39.49633929740112
    ],
    [
      71.66876677967123,
      39.284252934158545
    ],
    [
      70.69298177545633,
      39.04424098272539
    ],
    [
      69.7310559988848,
      38.77079775140749
    ],
    [
      68.78555268129013,
      38.458417548510695
    ],
    [
      67.8590350540058,
      38.101594682340846
    ],
    [
      66.95406634836542,
      37.69482346120382
    ],
    [
      66.07319915700513,
      37.232779036838984
    ],
    [
      65.21874564130157,
      36.71422356651169
    ],
    [
      64.39277987382557,
      36.14196639447008
    ],
    [
      63.597365756955746,
      35.518989744447964
    ],
    [
      62.834567193070555,
      34.84827584017913
    ],
    [
      62.10644808454853,
      34.13280690539739
    ],
    [
      61.41507233376821,
      33.375565163836505
    ],
    [
      60.7625038431081,
      32.57953283923031
    ],
    [
      60.15080651494673,
      31.74769215531259
    ],
    [
      59.582044251662595,
      30.88302533581712
    ],
    [
      59.058280955634245,
      29.98851460447773
    ],
    [
      58.58158052924018,
      29.06714218502818
    ],
    [
      58.154006874858936,
      28.121890301202306
    ],
    [
      57.77762389486902,
      27.155741176733883
    ],
    [
      57.45424738986672,
      26.17165049684145
    ],
    [
      57.184042299427716,
      25.1723973603444
    ],
    [
      56.96649956066463,
      24.160688770551623
    ],
    [
      56.80110811361843,
      23.139231517152755
    ],
    [
      56.687356898330094,
      22.11073238983742
    ],
    [
      56.624734854840625,
      21.077898178295303
    ],
    [
      56.612730923191016,
      20.043435672216035
    ],
    [
      56.650834043422236,
      19.01005166128925
    ],
    [
      56.7385331555753,
      17.980452935204593
    ],
    [
      56.87531719969117,
      16.95734628365173
    ],
    [
      57.060675115810845,
      15.9434384963203
    ],
    [
      57.29409584397531,
      14.941436362899944
    ],
    [
      57.575068324225576,
      13.954046673080297
    ],
    [
      57.9030814966026,
      12.983976216551032
    ],
    [
      58.2776243011474,
      12.033931783001776
    ],
    [
      58.69818567790094,
      11.10662016212218
    ],
    [
      59.16425456690422,
      10.204748143601876
    ],
    [
      59.67531990819822,
      9.331022517130533
    ],
    [
      60.23087064182394,
      8.488150072397787
    ],
    [
      60.83039570782238,
      7.678837599093273
    ],
    [
      61.47338404623448,
      6.9057918869066555
    ],
    [
      62.15932459710128,
      6.1717197255275735
    ],
    [
      62.88770630046375,
      5.47932790464567
    ],
    [
      63.65801809636288,
      4.831323213950583
    ]
  ],