{
  "test_id": 38,
  "test_outcome": "NOT_EXECUTED",
  "predicted_test_outcome": null,
  "test_duration": null,
  "road_points": [
    [
      100.00000000000001,
      100.00000000000003
    ],
    [
      99.94972504812178,
      99.10870712071497
    ],
    [
      99.91966368163288,
      98.19461880164691
    ],
    [
      99.90712511507974,
      97.25949048486015
    ],
    [
      99.90941856300887,
      96.305077612419
    ],
    [
      99.92385323996669,
      95.3331356263878
    ],
    [
      99.94773836049971,
      94.34541996883092
    ],
    [
      99.97838313915435,
      93.34368608181263
    ],
    [
      100.01309679047708,
      92.32968940739727
    ],
    [
      100.04918852901437,
      91.30518538764922
    ],
    [
      100.0839675693127,
      90.27192946463275
    ],
    [
      100.11474312591848,
      89.23167708041218
    ],
    [
      100.13882441337827,
      88.18618367705189
    ],
    [
      100.15352064623843,
      87.13720469661618
    ],
    [
      100.15614103904548,
      86.08649558116939
    ],
    [
      100.14399480634583,
      85.03581177277582
    ],
    [
      100.114391162686,
      83.98690871349982
    ],
    [
      100.06463932261244,
      82.9415418454057
    ],
    [
      99.99204850067159,
      81.90146661055783
    ],
    [
      99.89392791140995,
      80.86843845102051
    ],
    [
      99.76758676937393,
      79.84421280885805
    ],
    [
      99.61033428911004,
      78.8305451261348
    ],
    [
      99.41947968516472,
      77.82919084491509
    ],
    [
      99.1923321720844,
      76.84190540726324
    ],
    [
      98.92620096441566,
      75.8704442552436
    ],
    [
      98.61839527670482,
      74.91656283092045
    ],
    [
      98.2662243234984,
      73.98201657635815
    ],
    [
      97.86699731934291,
      73.06856093362106
    ],
    [
      97.41802347878473,
      72.17795134477343
    ],
    [
      96.91706517985507,
      71.31195838338571
    ],
    [
      96.36526771568427,
      70.47246558138
    ],
    [
      95.76530592135957,
      69.66140754335788
    ],
    [
      95.11986213664754,
      68.8807191245084
    ],
    [
      94.43161870131495,
      68.13233518002065
    ],
    [
      93.70325795512832,
      67.41819056508359
    ],
    [
      92.93746223785436,
      66.74022013488637
    ],
    [
      92.13691388925972,
      66.100358744618
    ],
    [
      91.30429524911104,
      65.50054124946756
    ],
    [
      90.44228865717494,
      64.94270250462408
    ],
    [
      89.55357759917231,
      64.42876385415431
    ],
    [
      88.64087207200626,
      63.96033406782446
    ],
    [
      87.70690866973321,
      63.53870832747904
    ],
    [
      86.75442514955796,
      63.16516810111537
    ],
    [
      85.78615926868535,
      62.84099485673077
    ],
    [
      84.80484878432017,
      62.56747006232254
    ],
    [
      83.81323145366726,
      62.34587518588802
    ],
    [
      82.81404503393144,
      62.177491695424514
    ],
    [
      81.81002728231749,
      62.06360105892935
    ],
    [
      80.80391595603024,
      62.00548474439982
    ],
    [
      79.79844659064915,
      62.00441829986038
    ],
    [
      78.79588753956455,
      62.06043237133278
    ],
    [
      77.79746667215841,
      62.17078502348602
    ],
    [
      76.80427136150163,
      62.33235993998071
    ],
    [
      75.81738898066507,
      62.54204080447744
    ],
    [
      74.83790690271964,
      62.79671130063682
    ],
    [
      73.86691250073619,
      63.09325511211945
    ],
    [
      72.90549314778566,
      63.42855592258593
    ],
    [
      71.95473621693885,
      63.79949741569684
    ],
    [
      71.01572908126668,
      64.2029632751128
    ],
    [
      70.08955911384002,
      64.63583718449439
    ],
    [
      69.17701757045793,
      65.095030370932
    ],
    [
      68.2773063210757,
      65.57760189867886
    ],
    [
      67.38909626110878,
      66.08066022073167
    ],
    [
      66.51105791281296,
      66.60131382479666
    ],
    [
      65.64186179844401,
      67.13667119857999
    ],
    [
      64.78017844025774,
      67.68384082978788
    ],
    [
      63.92467836050986,
      68.23993120612654
    ],
    [
      63.07403208145615,
      68.80205081530221
    ],
    [
      62.226910125352404,
      69.36730814502101
    ],
    [
      61.38198301445441,
      69.93281168298924
    ],
    [
      60.5379212710179,
      70.49566991691306
    ],
    [
      59.69339541729865,
      71.05299133449871
    ],
    [
      58.84707597555247,
      71.60188442345236
    ],
    [
      57.99763346803507,
      72.13945767148022
    ],
    [
      57.14373841700229,
      72.66281956628852
    ],
    [
      56.28406134470983,
      73.16907859558347
    ],
    [
      55.4172727734135,
      73.65534324707126
    ],
    [
      54.5420432253691,
      74.11872200845809
    ],
    [
      53.65704322283232,
      74.55632336745018
    ],
    [
      52.76094328805901,
      74.96525581175374
    ],
    [
      51.85241394330491,
      75.34262782907498
    ],
    [
      50.93012571350453,
      75.68554791196709
    ],
    [
      49.99318702659103,
      75.99191690404655
    ],
    [
      49.04236275151569,
      76.2626328487804
    ],
    [
      48.07880935413387,
      76.49930235345975
    ],
    [
      47.1036833003008,
      76.70353202537564
    ],
    [
      46.11814105587183,
      76.87692847181918
    ],
    [
      45.12333908670227,
      77.02109830008149
    ],
    [
      44.120433858647395,
      77.13764811745355
    ],
    [
      43.11058183756253,
      77.22818453122657
    ],
    [
      42.094939489302995,
      77.2943141486916
    ],
    [
      41.07466327972405,
      77.3376435771397
    ],
    [
      40.050909674681044,
      77.359779423862
    ],
    [
      39.02483514002926,
      77.3623282961495
    ],
    [
      37.99759614162399,
      77.3468968012934
    ],
    [
      36.97034914532058,
      77.3150915465847
    ],
    [
      35.94425061697431,
      77.26851913931452
    ],
    [
      34.92045702244048,
      77.20878618677396
    ],
    [
      33.90012282367614,
      77.13750019385645
    ],
    [
      32.88399406459769,
      77.05645160737825
    ],
    [
      31.871913483690708,
      76.96783549005387
    ],
    [
      30.863602815801904,
      76.8739011055296
    ],
    [
      29.858783795777974,
      76.77689771745167
    ],
    [
      28.857178158465693,
      76.67907458946645
    ],
    [
      27.858507638711753,
      76.58268098522011
    ],
    [
      26.862493971362884,
      76.489966168359
    ],
    [
      25.868858891265813,
      76.40317940252939
    ],
    [
      24.87732413326725,
      76.32456995137755
    ],
    [
      23.887611432213948,
      76.25638707854975
    ],
    [
      22.89944252295261,
      76.20088004769228
    ],
    [
      21.912539140329955,
      76.16029812245142
    ],
    [
      20.92662301919274,
      76.13689056647347
    ],
    [
      19.94141589438766,
      76.13290664340464
    ],
    [
      18.95663950076145,
      76.15059561689128
    ],
    [
      17.972015573160828,
      76.19220675057962
    ],
    [
      16.98726584643251,
      76.25998930811596
    ],
    [
      16.00211205542325,
      76.3561925531466
    ],
    [
      15.016275934979756,
      76.48306574931776
    ],
    [
      14.029479219948735,
      76.64285816027578
    ],
    [
      13.041443645176944,
      76.8378190496669
    ],
    [
      12.051890945511094,
      77.07019768113744
    ],
    [
      11.060542855797905,
      77.34224331833363
    ],
    [
      10.067121110884106,
      77.65620522490177
    ],
    [
      9.071347445616402,
      78.01433266448812
    ],
    [
      8.072943594841547,
      78.418874900739
    ],
    [
      7.07163129340626,
      78.87208119730067
    ],
    [
      6.06713227615724,
      79.37620081781938
    ]
  ],