{
  "test_id": 43,
  "test_outcome": "NOT_EXECUTED",
  "predicted_test_outcome": null,
  "test_duration": null,
  "road_points": [
    [
      99.99999999999999,
      100.00000000000001
    ],
    [
      99.9719956187796,
      99.0151865753245
    ],
    [
      99.9499616472745,
      98.02134112496462
    ],
    [
      99.93782562707183,
      97.02060532276307
    ],
    [
      99.93951509975862,
      96.01512084256248
    ],
    [
      99.95895760692197,
      95.00702935820554
    ],
    [
      100.00008069014903,
      93.99847254353502
    ],
    [
      100.06681189102686,
      92.9915920723935
    ],
    [
      100.16307875114258,
      91.98852961862377
    ],
    [
      100.29280881208328,
      90.99142685606849
    ],
    [
      100.4599296154361,
      90.00242545857031
    ],
    [
      100.66836870278807,
      89.02366709997199
    ],
    [
      100.92205361572636,
      88.05729345411616
    ],
    [
      101.22491172935231,
      87.10544620207926
    ],
    [
      101.57982732549911,
      86.17031234677268
    ],
    [
      101.98616966445465,
      85.25423161688141
    ],
    [
      102.4425683743383,
      84.35957587770581
    ],
    [
      102.94765308326947,
      83.48871699454624
    ],
    [
      103.50005341936752,
      82.64402683270299
    ],
    [
      104.09839901075178,
      81.82787725747639
    ],
    [
      104.74131948554172,
      81.04264013416685
    ],
    [
      105.42744447185673,
      80.29068732807463
    ],
    [
      106.15538857415267,
      79.57437830697502
    ],
    [
      106.92318900477147,
      78.89559607474857
    ],
    [
      107.72813674949077,
      78.25560784921527
    ],
    [
      108.56747330554086,
      77.65564001025267
    ],
    [
      109.43844017015208,
      77.0969189377383
    ],
    [
      110.33827884055474,
      76.58067101154965
    ],
    [
      111.26423081397918,
      76.1081226115643
    ],
    [
      112.21353758765576,
      75.68050011765972
    ],
    [
      113.18344065881486,
      75.29902990971351
    ],
    [
      114.17118152468676,
      74.96493836760311
    ],
    [
      115.1740016825018,
      74.6794518712061
    ],
    [
      116.18914262949033,
      74.44379680039998
    ],
    [
      117.21384586288265,
      74.2591995350623
    ],
    [
      118.24535287990916,
      74.12688645507058
    ],
    [
      119.2809051778002,
      74.04808394030235
    ],
    [
      120.31774425378602,
      74.0240183706351
    ],
    [
      121.35311160509701,
      74.0559161259464
    ],
    [
      122.38424872896351,
      74.14500358611375
    ],
    [
      123.40839712261585,
      74.29250713101467
    ],
    [
      124.42285325193934,
      74.49918786090305
    ],
    [
      125.42517958548638,
      74.76355530882388
    ],
    [
      126.41301894597777,
      75.08343885370165
    ],
    [
      127.38401417312917,
      75.45666773060798
    ],
    [
      128.33580810665623,
      75.8810711746144
    ],
    [
      129.2660435862746,
      76.35447842079256
    ],
    [
      130.1723634517,
      76.87471870421412
    ],
    [
      131.05241054264798,
      77.43962125995057
    ],
    [
      131.90382769883422,
      78.04701532307354
    ],
    [
      132.72425775997448,
      78.69473012865467
    ],
    [
      133.51134356578436,
      79.38059491176554
    ],
    [
      134.26272795597947,
      80.10243890747775
    ],
    [
      134.97605377027557,
      80.85809135086292
    ],
    [
      135.64896384838823,
      81.6453814769926
    ],
    [
      136.2791010300332,
      82.46213852093842
    ],
    [
      136.86410815492602,
      83.306191717772
    ],
    [
      137.40162806278246,
      84.17537030256491
    ],
    [
      137.88930359331815,
      85.06750351038878
    ],
    [
      138.32484135868359,
      85.98042463086362
    ],
    [
      138.70763237018315,
      86.9120740449889
    ],
    [
      139.03888262558357,
      87.8605075276735
    ],
    [
      139.31988805820492,
      88.82378657178377
    ],
    [
      139.55194460136727,
      89.79997267018595
    ],
    [
      139.73634818839054,
      90.78712731574633
    ],
    [
      139.8743947525948,
      91.7833120013312
    ],
    [
      139.96723150615873,
      92.78652796801693
    ],
    [
      140.01298547270915,
      93.7935528798935
    ],
    [
      140.00697048356946,
      94.80002468500257
    ],
    [
      139.94439311360244,
      95.8015378782919
    ],
    [
      139.82045993767105,
      96.7936869547093
    ],
    [
      139.63049005208018,
      97.77211170917185
    ],
    [
      139.37800384406654,
      98.73575369153319
    ],
    [
      139.08014600464313,
      99.68903945548684
    ],
    [
      138.75534672731754,
      100.63691308474002
    ],
    [
      138.42203620559732,
      101.58431866299979
    ],
    [
      138.09864257421202,
      102.53619961366067
    ],
    [
      137.79968094990085,
      103.49624433634332
    ],
    [
      137.52761409401512,
      104.46427567406252
    ],
    [
      137.2825917801421,
      105.4393746243726
    ],
    [
      137.0647637818689,
      106.4206221848279
    ],
    [
      136.87427987278267,
      107.40709935298284
    ],
    [
      136.71128982647056,
      108.3978871263917
    ],
    [
      136.57594341651983,
      109.39206650260884
    ],
    [
      136.46839041651754,
      110.38871847918864
    ],
    [
      136.38878060005095,
      111.38692405368548
    ],
    [
      136.3372637407072,
      112.3857642236537
    ],
    [
      136.31380861510237,
      113.38438444034462
    ],
    [
      136.3167417790647,
      114.38251495596197
    ],
    [
      136.34351500859344,
      115.38019753507176
    ],
    [
      136.39157193138448,
      116.37747684388133
    ],
    [
      136.4583561751336,
      117.37439754859794
    ],
    [
      136.5413113675366,
      118.37100431542889
    ],
    [
      136.6378811362894,
      119.36734181058154
    ],
    [
      136.74550910908766,
      120.3634547002631
    ],
    [
      136.8616389136273,
      121.3593876506809
    ],
    [
      136.98371417760416,
      122.35518532804231
    ],
    [
      137.109178528714,
      123.35089239855455
    ],
    [
      137.23547559465268,
      124.34655352842495
    ],
    [
      137.36004900311602,
      125.34221338386078
    ],
    [
      137.4803423817998,
      126.33791663106942
    ],
    [
      137.59379935839988,
      127.33370793625812
    ],
    [
      137.69786356061203,
      128.32963196563418
    ],
    [
      137.79029221788184,
      129.3257286372906
    ],
    [
      137.87164948658656,
      130.32199537080228
    ],
    [
      137.9439782834281,
      131.31840719644606
    ],
    [
      138.00933478187787,
      132.31493894378374
    ],
    [
      138.06977515540714,
      133.3115654423771
    ],
    [
      138.1273555774874,
      134.3082615217878
    ],
    [
      138.1841322215899,
      135.30500201157773
    ],
    [
      138.242161261186,
      136.30176174130847
    ],
    [
      138.3034988697471,
      137.2985155405418
    ],
    [
      138.37020122074452,
      138.29523823883952
    ],
    [
      138.44432448764968,
      139.2919046657634
    ],
    [
      138.52792484393382,
      140.28848965087508
    ],
    [
      138.6230584630684,
      141.28496802373638
    ],
    [
      138.7317815185247,
      142.28131461390902
    ],
    [
      138.85615018377416,
      143.27750425095473
    ],
    [
      138.99822063228802,
      144.27351176443523
    ],
    [
      139.16004903753768,
      145.2693119839123
    ],
    [
      139.34373729470786,
      146.26467046608704
    ],
    [
      139.55179068550044,
      147.25750642717352
    ],
    [
      139.7869245207178,
      148.24477775915838
    ],
    [
      140.0518559176271,
      149.22343408565965
    ],
    [
      140.3493019934953,
      150.1904250302953
    ],
    [
