{
  "test_id": 41,
  "test_outcome": "NOT_EXECUTED",
  "predicted_test_outcome": null,
  "test_duration": null,
  "road_points": [
    [
      100.00000000000001,
      100.00000000000001
    ],
    [
      99.94966147536735,
      99.10910890159181
    ],
    [
      99.91953225746731,
      98.19546096379301
    ],
    [
      99.90692476884259,
      97.26080775954512
    ],
    [
      99.90915143203578,
      96.30690086178949
    ],
    [
      99.9235246695896,
      95.33549184346765
    ],
    [
      99.94735690404659,
      94.34833227752097
    ],
    [
      99.97796055794942,
      93.34717373689088
    ],
    [
      100.01264805384068,
      92.33376779451882
    ],
    [
      100.04873181426314,
      91.3098660233463
    ],
    [
      100.08352426175927,
      90.27721999631466
    ],
    [
      100.11433781887177,
      89.23758128636533
    ],
    [
      100.13848490814327,
      88.19270146643976
    ],
    [
      100.15327795211641,
      87.14433210947944
    ],
    [
      100.15602937333381,
      86.09422478842572
    ],
    [
      100.14405159433815,
      85.04413107622013
    ],
    [
      100.114657037672,
      83.99580254580401
    ],
    [
      100.065158125878,
      82.95099077011884
    ],
    [
      99.99286728149883,
      81.91144732210603
    ],
    [
      99.89509692707708,
      80.87892377470703
    ],
    [
      99.76915948515541,
      79.85517170086328
    ],
    [
      99.6123673782764,
      78.84194267351619
    ],
    [
      99.42203302898277,
      77.84098826560721
    ],
    [
      99.19546885981708,
      76.85406005007776
    ],
    [
      98.92998729332199,
      75.88290959986931
    ],
    [
      98.62290075204014,
      74.92928848792323
    ],
    [
      98.27152165851416,
      73.99494828718103
    ],
    [
      97.87316243528664,
      73.08164057058406
    ],
    [
      97.42513550490028,
      72.1911169110738
    ],
    [
      96.92518117305184,
      71.32514377533101
    ],
    [
      96.37439368936766,
      70.4856043739795
    ],
    [
      95.77544894976766,
      69.6744369715225
    ],
    [
      95.13103215364981,
      68.89358015629841
    ],
    [
      94.44382850041205,
      68.14497251664558
    ],
    [
      93.7165231894524,
      67.43055264090239
    ],
    [
      92.95180142016879,
      66.75225911740715
    ],
    [
      92.15234839195922,
      66.11203053449823
    ],
    [
      91.32084930422162,
      65.511805480514
    ],
    [
      90.45998935635397,
      64.95352254379281
    ],
    [
      89.57245412378796,
      64.43910782268819
    ],
    [
      88.66093878651267,
      63.97016839953783
    ],
    [
      87.72814869213063,
      63.54797363872242
    ],
    [
      86.77678967700375,
      63.173776670443516
    ],
    [
      85.80956757749404,
      62.84883062490279
    ],
    [
      84.8291882299634,
      62.57438863230182
    ],
    [
      83.83835747077387,
      62.351703822842204
    ],
    [
      82.83978113628736,
      62.182029326725576
    ],
    [
      81.83616506286592,
      62.06661827415357
    ],
    [
      80.8302150868714,
      62.00672379532775
    ],
    [
      79.82463570020514,
      62.00359524010822
    ],
    [
      78.82172704073794,
      62.05734499964786
    ],
    [
      77.82281994047814,
      62.165359980356534
    ],
    [
      76.82910299907482,
      62.32462716108789
    ],
    [
      75.84176481617705,
      62.532133520695545
    ],
    [
      74.86199399143395,
      62.784866038033186
    ],
    [
      73.89097912449466,
      63.079811691954504
    ],
    [
      72.92990881500822,
      63.41395746131307
    ],
    [
      71.9799716626238,
      63.78429032496262
    ],
    [
      71.04235626699042,
      64.18779726175677
    ],
    [
      70.11825122775723,
      64.62146525054918
    ],
    [
      69.20854268760185,
      65.08225427142045
    ],
    [
      68.31232810048508,
      65.56696463743984
    ],
    [
      67.42804977381249,
      66.07233818012436
    ],
    [
      66.55414902989149,
      66.59511664305639
    ],
    [
      65.68906719102938,
      67.13204176981834
    ],
    [
      64.8312455795335,
      67.67985530399264
    ],
    [
      63.97912551771119,
      68.23529898916168
    ],
    [
      63.13114832786979,
      68.79511456890785
    ],
    [
      62.28575533231665,
      69.35604378681354
    ],
    [
      61.4413878533591,
      69.91482838646121
    ],
    [
      60.596487213304464,
      70.46821011143321
    ],
    [
      59.74949473446012,
      71.01293070531196
    ],
    [
      58.89885173913336,
      71.54573191167985
    ],
    [
      58.042999549631574,
      72.0633554741193
    ],
    [
      57.18037948826205,
      72.56254313621271
    ],
    [
      56.30943287733215,
      73.04003664154249
    ],
    [
      55.428601039149235,
      73.49257773369102
    ],
    [
      54.53632529602061,
      73.91690815624071
    ],
    [
      53.631046970253614,
      74.30976965277398
    ],
    [
      52.711207384155635,
      74.66790396687321
    ],
    [
      51.77567661374309,
      74.98869031378231
    ],
    [
      50.82522506764597,
      75.2723333261414
    ],
    [
      49.861149466217604,
      75.5198201576549
    ],
    [
      48.88474654881366,
      75.73213799027982
    ],
    [
      47.89731305478978,
      75.91027400597316
    ],
    [
      46.90014572350157,
      76.055215386692
    ],
    [
      45.89454129430473,
      76.1679493143933
    ],
    [
      44.88179650655484,
      76.24946297103412
    ],
    [
      43.86320809960757,
      76.30074353857142
    ],
    [
      42.84007281281859,
      76.32277819896234
    ],
    [
      41.8136873855435,
      76.31655413416381
    ],
    [
      40.78534855713797,
      76.28305852613288
    ],
    [
      39.75635306695762,
      76.22327855682656
    ],
    [
      38.727997654358106,
      76.13820140820191
    ],
    [
      37.701579058695074,
      76.0288142622159
    ],
    [
      36.678394019324145,
      75.8961043008256
    ],
    [
      35.65973927560099,
      75.74105870598798
    ],
    [
      34.64691156688124,
      75.56466465966014
    ],
    [
      33.6411224221223,
      75.36810767485882
    ],
    [
      32.64222134383097,
      75.15574344283228
    ],
    [
      31.648962971937216,
      74.93447599704713
    ],
    [
      30.660070968561943,
      74.71128147322328
    ],
    [
      29.67426899582608,
      74.49313600708062
    ],
    [
      28.690280715850495,
      74.28701573433905
    ],
    [
      27.706829790756142,
      74.09989679071847
    ],
    [
      26.722639882663884,
      73.93875531193878
    ],
    [
      25.736434653694655,
      73.81056743371991
    ],
    [
      24.746937765969353,
      73.72230929178173
    ],
    [
      23.752884538632024,
      73.68092156007451
    ],
    [
      22.75407822404345,
      73.69009615845142
    ],
    [
      21.752233514844608,
      73.7477102242076
    ],
    [
      20.749263599720084,
      73.85103705085403
    ],
    [
      19.747081667354447,
      73.99734993190168
    ],
    [
      18.747600906432236,
      74.18392216086156
    ],
    [
      17.752734505638045,
      74.40802703124459
    ],
    [
      16.76439565365641,
      74.6669378365618
    ],
    [
      15.784497539171905,
      74.95792787032413
    ],
    [
      14.814953350869116,
      75.27827042604261
    ],
    [
      13.857676277432574,
      75.62523879722819
    ],
    [
      12.914579507546858,
      75.99610627739185
    ],
    [
      11.987576229896547,
      76.38814616004457
    ],
    [
      11.078579633166177,
      76.79863173869734
    ],
    [
      10.18950290604034,
      77.22483630686114
    ],
    [
      9.322259237203586,
      77.66403315804692
    ]
  ],