{
  "test_id": 53,
  "test_outcome": "NOT_EXECUTED",
  "predicted_test_outcome": null,
  "test_duration": null,
  "road_points": [
    [
      100.0,
      100.00000000000001
    ],
    [
      99.93068157697104,
      99.11213675066898
    ],
    [
      99.8851377204919,
      98.20089356346476
    ],
    [
      99.8604313902672,
      97.2680659389138
    ],
    [
      99.85362554600175,
      96.31544937754268
    ],
    [
      99.86178314740033,
      95.34483937987788
    ],
    [
      99.8819671541677,
      94.35803144644592
    ],
    [
      99.91124052600863,
      93.35682107777339
    ],
    [
      99.94666622262784,
      92.3430037743867
    ],
    [
      99.9853072037301,
      91.31837503681244
    ],
    [
      100.02422642902022,
      90.28473036557712
    ],
    [
      100.06048685820292,
      89.24386526120723
    ],
    [
      100.0911514509829,
      88.1975752242293
    ],
    [
      100.11328316706505,
      87.1476557551699
    ],
    [
      100.12394496615404,
      86.09590235455546
    ],
    [
      100.12019980795466,
      85.04411052291258
    ],
    [
      100.09911065217166,
      83.99407576076774
    ],
    [
      100.05774045850984,
      82.94759356864746
    ],
    [
      99.9931521866739,
      81.90645944707828
    ],
    [
      99.90240879636862,
      80.8724688965867
    ],
    [
      99.78257324729879,
      79.84741741769923
    ],
    [
      99.63070849916912,
      78.8331005109424
    ],
    [
      99.44387751168442,
      77.83131367684274
    ],
    [
      99.21914324454941,
      76.84385241592675
    ],
    [
      98.95356865746888,
      75.87251222872095
    ],
    [
      98.64421671014759,
      74.91908861575189
    ],
    [
      98.28815036229028,
      73.98537707754606
    ],
    [
      97.8824325736017,
      73.07317311462997
    ],
    [
      97.4241263037867,
      72.18427222753017
    ],
    [
      96.91077609628518,
      71.32046431014096
    ],
    [
      96.34361224118037,
      70.48349634663137
    ],
    [
      95.72556784012274,
      69.67509549691667
    ],
    [
      95.05958517880967,
      68.8969888139908
    ],
    [
      94.34860654293847,
      68.15090335084776
    ],
    [
      93.5955742182065,
      67.43856616048141
    ],
    [
      92.80343049031111,
      66.76170429588582
    ],
    [
      91.97511764494965,
      66.12204481005487
    ],
    [
      91.11357796781944,
      65.52131475598256
    ],
    [
      90.22175374461781,
      64.96124118666279
    ],
    [
      89.30258726104213,
      64.44355115508957
    ],
    [
      88.35902080278974,
      63.96997171425683
    ],
    [
      87.39399665555798,
      63.54222991715852
    ],
    [
      86.41045710504417,
      63.16205281678861
    ],
    [
      85.41134443694568,
      62.83116746614103
    ],
    [
      84.39960093695983,
      62.55130091820975
    ],
    [
      83.378168890784,
      62.32418022598876
    ],
    [
      82.34999058411546,
      62.15153244247195
    ],
    [
      81.3180090784585,
      62.03505882209322
    ],
    [
      80.28519561513411,
      61.97552353207928
    ],
    [
      79.25455693625109,
      61.972510202030705
    ],
    [
      78.22910204844429,
      62.025527157354574
    ],
    [
      77.21183995834848,
      62.134082723457965
    ],
    [
      76.20577967259854,
      62.29768522574799
    ],
    [
      75.21393019782924,
      62.515842989631714
    ],
    [
      74.23930054067544,
      62.78806434051624
    ],
    [
      73.28489970777201,
      63.11385760380867
    ],
    [
      72.35373670575366,
      63.49273110491607
    ],
    [
      71.4488195424352,
      63.92419232854643
    ],
    [
      70.57215204614295,
      64.40690354936947
    ],
    [
      69.72284629253485,
      64.93709307640242
    ],
    [
      68.8994969697365,
      65.51055373761444
    ],
    [
      68.10069876587349,
      66.12307836097469
    ],
    [
      67.32504636907142,
      66.77045977445232
    ],
    [
      66.57113446745582,
      67.44849080601651
    ],
    [
      65.83755774915235,
      68.1529642836364
    ],
    [
      65.12291090228658,
      68.87967303528116
    ],
    [
      64.42578861498404,
      69.62440988891996
    ],
    [
      63.74478557537037,
      70.38296767252193
    ],
    [
      63.078554380890914,
      71.15147101611122
    ],
    [
      62.426162415877265,
      71.92842114715616
    ],
    [
      61.786857931239844,
      72.7133556013179
    ],
    [
      61.159889928384935,
      73.50581621436166
    ],
    [
      60.544507408718836,
      74.30534482205253
    ],
    [
      59.93995937364784,
      75.11148326015577
    ],
    [
      59.345494824578225,
      75.92377336443647
    ],
    [
      58.7603627629163,
      76.74175697065984
    ],
    [
      58.183812190068394,
      77.56497591459106
    ],
    [
      57.61509210744078,
      78.39297203199528
    ],
    [
      57.053451516439765,
      79.22528715863773
    ],
    [
      56.49813941847164,
      80.06146313028353
    ],
    [
      55.9484048149427,
      80.90104178269783
    ],
    [
      55.40349670725925,
      81.74356495164585
    ],
    [
      54.86266409682759,
      82.58857447289274
    ],
    [
      54.32515598505403,
      83.43561218220373
    ],
    [
      53.790221373344835,
      84.28421991534391
    ],
    [
      53.257109263106344,
      85.13393950807851
    ],
    [
      52.72506865574484,
      85.98431279617267
    ],
    [
      52.19334855266662,
      86.83488161539158
    ],
    [
      51.66119795527796,
      87.6851878015004
    ],
    [
      51.12786586498521,
      88.53477319026435
    ],
    [
      50.59260128319461,
      89.3831796174485
    ],
    [
      50.05465321131251,
      90.22994891881814
    ],
    [
      49.513270650745184,
      91.07462293013839
    ],
    [
      48.967702602898925,
      91.91674348717439
    ],
    [
      48.417198069180046,
      92.75585242569139
    ],
    [
      47.861006050994824,
      93.59149158145448
    ],
    [
      47.29837554974959,
      94.42320279022888
    ],
    [
      46.728555566850616,
      95.25052788777978
    ],
    [
      46.15079510370421,
      96.07300870987231
    ],
    [
      45.56434316171668,
      96.89018709227167
    ],
    [
      44.968448742294306,
      97.70160487074301
    ],
    [
      44.36236084684341,
      98.50680388105155
    ],
    [
      43.74532847677027,
      99.30532595896241
    ],
    [
      43.116600633481184,
      100.09671294024078
    ],
    [
      42.47542631838247,
      100.88050666065185
    ],
    [
      41.82105453288041,
      101.65624895596076
    ]
  ],