{
  "test_id": 59,
  "test_outcome": "NOT_EXECUTED",
  "predicted_test_outcome": null,
  "test_duration": null,
  "road_points": [
    [
      99.99999999999997,
      99.99999999999997
    ],
    [
      99.93858725673566,
      98.98709979478915
    ],
    [
      99.89604103777393,
      97.97580895551435
    ],
    [
      99.87089809069049,
      96.96600266275627
    ],
    [
      99.86169516306124,
      95.9575560970956
    ],
    [
      99.86696900246201,
      94.95034443911312
    ],
    [
      99.88525635646864,
      93.94424286938954
    ],
    [
      99.91509397265688,
      92.9391265685055
    ],
    [
      99.9550185986027,
      91.93487071704189
    ],
    [
      100.00356698188182,
      90.93135049557927
    ],
    [
      100.05927587007014,
      89.92844108469846
    ],
    [
      100.12068201074341,
      88.92601766498014
    ],
    [
      100.18632215147757,
      87.92395541700503
    ],
    [
      100.25473303984839,
      86.9221295213539
    ],
    [
      100.32445142343173,
      85.92041515860743
    ],
    [
      100.39401404980336,
      84.91868750934634
    ],
    [
      100.46195766653916,
      83.91682175415139
    ],
    [
      100.52681902121496,
      82.91469307360326
    ],
    [
      100.58713486140661,
      81.91217664828268
    ],
    [
      100.6414419346899,
      80.90914765877041
    ],
    [
      100.68827698864068,
      79.90548128564711
    ],
    [
      100.72617677083478,
      78.90105270949357
    ],
    [
      100.75367802884806,
      77.89573711089047
    ],
    [
      100.76931751025631,
      76.88940967041853
    ],
    [
      100.7716319626354,
      75.8819455686585
    ],
    [
      100.7591581335611,
      74.87321998619107
    ],
    [
      100.73043277060933,
      73.86310810359701
    ],
    [
      100.68399262135586,
      72.851485101457
    ],
    [
      100.61837443337652,
      71.83822616035178
    ],
    [
      100.53211495424719,
      70.82320646086205
    ],
    [
      100.42375093154367,
      69.80630118356859
    ],
    [
      100.29181911284176,
      68.78738550905206
    ],
    [
      100.13485624571739,
      67.76633461789321
    ],
    [
      99.95140133406746,
      66.74303101960622
    ],
    [
      99.74026395367217,
      65.7182360894193
    ],
    [
      99.50077786229691,
      64.6944138391001
    ],
    [
      99.23233686060448,
      63.674223310451445
    ],
    [
      98.93433474925772,
      62.66032354527637
    ],
    [
      98.60616532891939,
      61.65537358537775
    ],
    [
      98.24722240025238,
      60.66203247255858
    ],
    [
      97.85689976391947,
      59.68295924862176
    ],
    [
      97.4345912205835,
      58.720812955370235
    ],
    [
      96.97969057090727,
      57.77825263460694
    ],
    [
      96.4915916155536,
      56.857937328134824
    ],
    [
      95.96968815518532,
      55.96252607775682
    ],
    [
      95.41337399046526,
      55.09467792527587
    ],
    [
      94.82204292205624,
      54.257051912494916
    ],
    [
      94.19508875062101,
      53.45230708121687
    ],
    [
      93.53190527682247,
      52.68310247324471
    ],
    [
      92.83188630132342,
      51.95209713038135
    ],
    [
      92.09442562478667,
      51.26195009442973
    ],
    [
      91.31891704787503,
      50.6153204071928
    ],
    [
      90.50475437125132,
      50.01486711047349
    ],
    [
      89.65139222242658,
      49.46323699817596
    ],
    [
      88.76060884961431,
      48.96260898740394
    ],
    [
      87.83717744617783,
      48.514558942726374
    ],
    [
      86.88606901417633,
      48.12062289858865
    ],
    [
      85.91225455566898,
      47.78233688943618
    ],
    [
      84.92070507271494,
      47.50123694971435
    ],
    [
      83.91639156737341,
      47.27885911386856
    ],
    [
      82.9042850417035,
      47.11673941634422
    ],
    [
      81.88935649776444,
      47.01641389158671
    ],
    [
      80.87657693761535,
      46.979418574041425
    ],
    [
      79.8709142412227,
      47.00728419276228
    ],
    [
      78.87525267223077,
      47.09800077464962
    ],
    [
      77.88678501446003,
      47.239886779601235
    ],
    [
      76.90174115566641,
      47.41962441225372
    ],
    [
      75.9163509836059,
      47.62389587724365
    ],
    [
      74.92684438603436,
      47.83938337920759
    ],
    [
      73.92945125070771,
      48.05276912278214
    ],
    [
      72.92041543420422,
      48.25076093829259
    ],
    [
      71.89793549721212,
      48.42365254454505
    ],
    [
      70.8641576102554,
      48.56897951785487
    ],
    [
      69.82170335113825,
      48.685149565250605
    ],
    [
      68.77319429766486,
      48.770570393760806
    ],
    [
      67.72125202763942,
      48.823649710414045
    ],
    [
      66.6684981188661,
      48.842795222238884
    ],
    [
      65.61755414914906,
      48.82641463626388
    ],
    [
      64.57104169629247,
      48.772915659517565
    ],
    [
      63.531582338100556,
      48.68070599902854
    ],
    [
      62.501797652377476,
      48.54819336182534
    ],
    [
      61.48430921692735,
      48.373785454936495
    ],
    [
      60.48173860955444,
      48.15588998539063
    ],
    [
      59.49670740806289,
      47.892914660216256
    ],
    [
      58.531837190256866,
      47.58326718644194
    ],
    [
      57.58974953394054,
      47.22535527109623
    ],
    [
      56.67306601691813,
      46.817586621207695
    ],
    [
      55.78440821699378,
      46.35836894380492
    ],
    [
      54.92639771197169,
      45.84610994591642
    ],
    [
      54.10146491564317,
      45.279781972543574
    ],
    [
      53.31102594445687,
      44.66135328191937
    ],
    [
      52.556161800333804,
      43.993781954496725
    ],
    [
      51.83795327393271,
      43.28002669473007
    ],
    [
      51.15748115591246,
      42.52304620707393
    ],
    [
      50.515826236931815,
      41.72579919598282
    ],
    [
      49.91406930764961,
      40.891244365911184
    ],
    [
      49.35329115872464,
      40.02234042131352
    ],
    [
      48.8345725808157,
      39.12204606664433
    ],
    [
      48.358994364581626,
      38.1933200063581
    ],
    [
      47.92763730068121,
      37.23912094490931
    ],
    [
      47.54158217977325,
      36.26240758675244
    ],
    [
      47.20190979251656,
      35.266138636342
    ],
    [
      46.90970092956996,
      34.25327279813247
    ],
    [
      46.66603638159222,
      33.22676877657834
    ],
    [
      46.47199693924218,
      32.189585276134075
    ],
    [
      46.32866339317864,
      31.144681001254195
    ],
    [
      46.237116534060405,
      30.095014656393186
    ],
    [
      46.198437152546276,
      29.04354494600552
    ],
    [
      46.21370603929506,
      27.99323057454568
    ],
    [
      46.28400398496558,
      26.947030246468184
    ],
    [
      46.41041178021662,
      25.907902666227503
    ],
    [
      46.594010215707,
      24.87880653827812
    ],
    [
      46.835880082095514,
      23.86270056707452
    ],
    [
      47.137102170041,
      22.862543457071208
    ],
    [
      47.49875727020222,
      21.88129391272267
    ],
    [
      47.92192617323803,
      20.921910638483375
    ],
    [
      48.40768966980718,
      19.987352338807835
    ],
    [
      48.95712855056852,
      19.08057771815053
    ],
    [
      49.57132360618084,
      18.204545480965944
    ],
    [
      50.251355627302964,
      17.36221433170856
    ],
    [
      50.99830540459368,
      16.556542974832887
    ]
  ],