{
  "test_id": 69,
  "test_outcome": "NOT_EXECUTED",
  "predicted_test_outcome": null,
  "test_duration": null,
  "road_points": [
    [
      100.00000000000001,
      100.00000000000001
    ],
    [
      99.67602052817601,
      98.9313433288803
    ],
    [
      99.39709289264243,
      97.87100545568212
    ],
    [
      99.16230987715693,
      96.81902784801613
    ],
    [
      98.97076426547711,
      95.775451973493
    ],
    [
      98.82154884136078,
      94.74031929972352
    ],
    [
      98.71375638856557,
      93.71367129431832
    ],
    [
      98.64647969084918,
      92.69554942488817
    ],
    [
      98.61881153196926,
      91.68599515904371
    ],
    [
      98.62984469568347,
      90.68504996439563
    ],
    [
      98.67867196574957,
      89.69275530855467
    ],
    [
      98.7643861259252,
      88.70915265913158
    ],
    [
      98.88607995996803,
      87.73428348373695
    ],
    [
      99.04284625163577,
      86.76818924998155
    ],
    [
      99.23377778468607,
      85.81091142547609
    ],
    [
      99.45796734287664,
      84.86249147783123
    ],
    [
      99.71450770996518,
      83.92297087465768
    ],
    [
      100.00249166970927,
      82.99239108356616
    ],
    [
      100.3210120058667,
      82.07079357216736
    ],
    [
      100.66916150219517,
      81.15821980807202
    ],
    [
      101.04603294245224,
      80.25471125889077
    ],
    [
      101.45071911039571,
      79.36030939223437
    ],
    [
      101.8823127897832,
      78.47505567571348
    ],
    [
      102.3399067643724,
      77.59899157693881
    ],
    [
      102.822593817921,
      76.7321585635211
    ],
    [
      103.32946673418668,
      75.87459810307101
    ],
    [
      103.85961829692715,
      75.02635166319926
    ],
    [
      104.41214128990003,
      74.18746071151655
    ],
    [
      104.98612849686305,
      73.35796671563357
    ],
    [
      105.5806727015739,
      72.53791114316104
    ],
    [
      106.19486668779021,
      71.72733546170964
    ],
    [
      106.82780323926971,
      70.92628113889008
    ],
    [
      107.47857513977006,
      70.13478964231307
    ],
    [
      108.14627517304896,
      69.3529024395893
    ],
    [
      108.82999612286409,
      68.58066099832949
    ],
    [
      109.52883077297311,
      67.81810678614431
    ],
    [
      110.24187190713371,
      67.0652812706445
    ],
    [
      110.96821230910356,
      66.32222591944071
    ],
    [
      111.70694476264039,
      65.58898220014369
    ],
    [
      112.45716205150188,
      64.86559158036414
    ],
    [
      113.21795679362579,
      64.15209536854172
    ],
    [
      113.98795591703178,
      63.44808785590565
    ],
    [
      114.7643025278377,
      62.75173900839572
    ],
    [
      115.54384485001385,
      62.06093573365515
    ],
    [
      116.32343110753062,
      61.37356493932718
    ],
    [
      117.09990952435838,
      60.68751353305504
    ],
    [
      117.87012832446749,
      60.00066842248195
    ],
    [
      118.63093573182836,
      59.31091651525118
    ],
    [
      119.37917997041134,
      58.61614471900594
    ],
    [
      120.11170926418677,
      57.914239941389454
    ],
    [
      120.82537183712505,
      57.20308909004496
    ],
    [
      121.51701591319653,
      56.4805790726157
    ],
    [
      122.1834897163716,
      55.74459679674489
    ],
    [
      122.82164147062063,
      54.993029170075786
    ],
    [
      123.42831939991397,
      54.223763100251595
    ],
    [
      124.000371728222,
      53.43468549491556
    ],
    [
      124.5346466795151,
      52.62368326171092
    ],
    [
      125.02799247776363,
      51.7886433082809
    ],
    [
      125.47725734693793,
      50.92745254226873
    ],
    [
      125.87957523856858,
      50.03821049079965
    ],
    [
      126.23610784684051,
      49.12201385969729
    ],
    [
      126.55099548811991,
      48.18217584767421
    ],
    [
      126.82844837509896,
      47.2220616656487
    ],
    [
      127.07267672046979,
      46.245036524538975
    ],
    [
      127.28789073692457,
      45.25446563526328
    ],
    [
      127.47830063715541,
      44.25371420873985
    ],
    [
      127.64811663385447,
      43.24614745588689
    ],
    [
      127.80120843876298,
      42.2350454961987
    ],
    [
      127.93671710645411,
      41.22250675446092
    ],
    [
      128.05032223109353,
      40.20976463410075
    ],
    [
      128.13762410182775,
      39.198032720166
    ],
    [
      128.19422300780332,
      38.1885245977045
    ],
    [
      128.21571923816674,
      37.18245385176409
    ],
    [
      128.19771308206455,
      36.1810340673926
    ],
    [
      128.13580482864333,
      35.18547882963788
    ],
    [
      128.0255947670495,
      34.19700172354776
    ],
    [
      127.86268318642975,
      33.216816334170055
    ],
    [
      127.64269347295473,
      32.24614119616304
    ],
    [
      127.36353245708268,
      31.286684178200883
    ],
    [
      127.02729034186304,
      30.34104963087391
    ],
    [
      126.63650464944176,
      29.4119377636691
    ],
    [
      126.19371290196467,
      28.50204878607337
    ],
    [
      125.70145262157779,
      27.614082907573707
    ],
    [
      125.16226133042689,
      26.75074033765703
    ],
    [
      124.57867655065797,
      25.9147212858103
    ],
    [
      123.95323580441693,
      25.10872596152047
    ],
    [
      123.28847661384962,
      24.335454574274475
    ],
    [
      122.58693650110197,
      23.597607333559274
    ],
    [
      121.85105096531711,
      22.89766052805171
    ],
    [
      121.08274186000288,
      22.23696309334601
    ],
    [
      120.28376974959964,
      21.61650996664691
    ],
    [
      119.45589514074513,
      21.037295958293782
    ],
    [
      118.60087854007712,
      20.500315878626036
    ],
    [
      117.7204804542334,
      20.006564537983053
    ],
    [
      116.8164613898517,
      19.557036746704206
    ],
    [
      115.89058185356983,
      19.15272731512889
    ],
    [
      114.94460235202557,
      18.794631053596504
    ],
    [
      113.9802833918567,
      18.483742772446426
    ],
    [
      112.99943859367397,
      18.221052083296403
    ],
    [
      112.00475772684663,
      18.00746284154499
    ],
    [
      110.99964924328297,
      17.843808558945593
    ],
    [
      109.98754282762097,
      17.730920669021643
    ],
    [
      108.97186816449867,
      17.669630605296557
    ],
    [
      107.9560549385541,
      17.66076980129377
    ],
    [
      106.94353283442524,
      17.70516969053669
    ],
    [
      105.93773153675016,
      17.80366170654875
    ],
    [
      104.94208073016682,
      17.95707728285336
    ],
    [
      103.96001009931328,
      18.166247852973957
    ],
    [
      102.99494164407248,
      18.431994665188725
    ],
    [
      102.04912821647098,
      18.75358939886413
    ],
    [
      101.12241035052078,
      19.127106487628108
    ],
    [
      100.21433056976785,
      19.548225387047587
    ],
    [
      99.32443139775813,
      20.012625552689478
    ],
    [
      98.45225535803769,
      20.51598644012071
    ],
    [
      97.59734497415249,
      21.0539875049082
    ],
    [
      96.75924276964852,
      21.622308202618864
    ],
    [
      95.9374912680718,
      22.21662798881963
    ],
    [
      95.13163299296832,
      22.8326263190774
    ],
    [
      94.34121046788407,
      23.465982648959123
    ],
    [
      93.56587298677903,
      24.11294361387542
    ],
    [
      92.80588325429626,
      24.773014375285506
    ],
    [
      92.0617226161535,
      25.44686154758308
    ],
    [
      91.33387268649159,
      26.135153171063447
    ],
    [
      90.62281507945136,
      26.838557286021953
    ],
    [
      89.92903140917365,
      27.557741932753903
    ],
    [
