{
  "test_id": 78,
  "test_outcome": "NOT_EXECUTED",
  "predicted_test_outcome": null,
  "test_duration": null,
  "road_points": [
    [
      99.99999999999999,
      100.0
    ],
    [
      100.33733560486621,
      98.86936140637033
    ],
    [
      100.62438718685496,
      97.75895963917009
    ],
    [
      100.8627334176105,
      96.66787174761112
    ],
    [
      101.05395296877705,
      95.59517478090524
    ],
    [
      101.19962451199882,
      94.53994578826426
    ],
    [
      101.30132671891997,
      93.50126181889995
    ],
    [
      101.36063826118483,
      92.4781999220242
    ],
    [
      101.37913781043753,
      91.46983714684879
    ],
    [
      101.35840403832233,
      90.47525054258554
    ],
    [
      101.30001561648345,
      89.49351715844622
    ],
    [
      101.20555121656507,
      88.52371404364274
    ],
    [
      101.07658951021148,
      87.56491824738686
    ],
    [
      100.91470916906682,
      86.61620681889035
    ],
    [
      100.72148886477535,
      85.67665680736508
    ],
    [
      100.4985072689813,
      84.74534526202287
    ],
    [
      100.24734305332883,
      83.8213492320755
    ],
    [
      99.96957488946225,
      82.90374576673483
    ],
    [
      99.66678144902572,
      81.99161191521262
    ],
    [
      99.34054140366347,
      81.08402472672073
    ],
    [
      98.99243342501971,
      80.18006125047096
    ],
    [
      98.62403618473867,
      79.27879853567511
    ],
    [
      98.23692835446457,
      78.379313631545
    ],
    [
      97.83268860584161,
      77.48068358729248
    ],
    [
      97.41289561051404,
      76.58198545212932
    ],
    [
      96.97912804012606,
      75.68229627526738
    ],
    [
      96.53296456632187,
      74.7806931059184
    ],
    [
      96.07598386074574,
      73.87625299329426
    ],
    [
      95.60976459504185,
      72.96805298660676
    ],
    [
      95.13588544085445,
      72.05517013506773
    ],
    [
      94.65592506982773,
      71.13668148788895
    ],
    [
      94.17146215360592,
      70.21166409428226
    ],
    [
      93.6840753638332,
      69.27919500345946
    ],
    [
      93.19534337215384,
      68.33835126463237
    ],
    [
      92.70684971596177,
      67.38821865340319
    ],
    [
      92.22053940393269,
      66.42853121947486
    ],
    [
      91.73896184512336,
      65.46010696342901
    ],
    [
      91.26472396205327,
      64.48386703232181
    ],
    [
      90.800432677242,
      63.50073257320949
    ],
    [
      90.34869491320919,
      62.5116247331483
    ],
    [
      89.91211759247432,
      61.51746465919444
    ],
    [
      89.49330763755702,
      60.519173498404136
    ],
    [
      89.09487197097674,
      59.51767239783359
    ],
    [
      88.71941751525317,
      58.51388250453907
    ],
    [
      88.36955119290582,
      57.508724965576754
    ],
    [
      88.04787992645426,
      56.5031209280029
    ],
    [
      87.757010638418,
      55.49799153887369
    ],
    [
      87.49955025131666,
      54.49425794524538
    ],
    [
      87.27810568766981,
      53.492841294174184
    ],
    [
      87.09528386999695,
      52.49466273271629
    ],
    [
      86.95369172081767,
      51.50064340792795
    ],
    [
      86.85593616265157,
      50.51170446686541
    ],
    [
      86.80462411801818,
      49.52876705658485
    ],
    [
      86.80236250943707,
      48.5527523241425
    ],
    [
      86.85175825942778,
      47.584581416594595
    ],
    [
      86.95541829050988,
      46.62517548099734
    ],
    [
      87.11594952520298,
      45.67545566440699
    ],
    [
      87.33595888602657,
      44.73634311387972
    ],
    [
      87.61805023910607,
      43.808758091104465
    ],
    [
      87.96130427606437,
      42.89260027489791
    ],
    [
      88.35449381116763,
      41.9847833883508
    ],
    [
      88.78451645804539,
      41.08167795192503
    ],
    [
      89.2382698303271,
      40.179654486082455
    ],
    [
      89.70265154164227,
      39.27508351128493
    ],
    [
      90.16455920562042,
      38.36433554799436
    ],
    [
      90.61089043589101,
      37.44378111667258
    ],
    [
      91.02855003426578,
      36.509794147730794
    ],
    [
      91.40739838431826,
      35.560150648447774
    ],
    [
      91.74479040041481,
      34.59618190188376
    ],
    [
      92.03925107088978,
      33.61977425395158
    ],
    [
      92.28930538407742,
      32.63281405056411
    ],
    [
      92.49347832831211,
      31.63718763763416
    ],
    [
      92.65029489192813,
      30.63478136107461
    ],
    [
      92.75828006325985,
      29.627481566798302
    ],
    [
      92.81595883064152,
      28.617174600718066
    ],
    [
      92.8218561824075,
      27.605746808746765
    ],
    [
      92.7744971068921,
      26.59508453679724
    ],
    [
      92.6726905564405,
      25.587169339348055
    ],
    [
      92.5169499368367,
      24.584554246702275
    ],
    [
      92.3084216760924,
      23.59000453133475
    ],
    [
      92.04825325158086,
      22.60628581755435
    ],
    [
      91.7375921406754,
      21.636163729669974
    ],
    [
      91.37758582074927,
      20.68240389199051
    ],
    [
      90.96938176917575,
      19.74777192882485
    ],
    [
      90.51412746332811,
      18.835033464481874
    ],
    [
      90.01297038057959,
      17.946954123270466
    ],
    [
      89.46705799830355,
      17.08629952949953
    ],
    [
      88.87756873337737,
      16.255791862492288
    ],
    [
      88.24618807210433,
      15.457441279045565
    ],
    [
      87.57501571761078,
      14.692676296255742
    ],
    [
      86.86616350353617,
      13.962908397657133
    ],
    [
      86.12174326351992,
      13.269549066784045
    ],
    [
      85.34386683120145,
      12.614009787170794
    ],
    [
      84.53464604022017,
      11.997702042351687
    ],
    [
      83.69619272421556,
      11.422037315861049
    ],
    [
      82.83061871682698,
      10.888427091233176
    ],
    [
      81.94003585169393,
      10.398282852002401
    ],
    [
      81.02655596245575,
      9.95301608170301
    ],
    [
      80.09229088275195,
      9.554038263869337
    ],
    [
      79.13935244622188,
      9.202760882035681
    ],
    [
      78.16985248650504,
      8.900595419736364
    ],
    [
      77.18590283724077,
      8.64895336050569
    ],
    [
      76.18961533206857,
      8.449246187877977
    ],
    [
      75.18310180462785,
      8.302885385387539
    ],
    [
      74.16847408855801,
      8.21128243656868
    ],
    [
      73.1478440174985,
      8.175848824955722
    ],
    [
      72.12332342508871,
      8.19799603408297
    ],
    [
      71.09702414496813,
      8.27913554748474
    ]
  ],