{
  "test_id": 87,
  "test_outcome": "NOT_EXECUTED",
  "predicted_test_outcome": null,
  "test_duration": null,
  "road_points": [
    [
      100.00000000000001,
      100.00000000000001
    ],
    [
      100.01210745143992,
      99.10173344571069
    ],
    [
      100.01075567027225,
      98.18134761306122
    ],
    [
      99.99822144457788,
      97.24054141153945
    ],
    [
      99.97678156243784,
      96.28101375063342
    ],
    [
      99.9487128119331,
      95.3044635398311
    ],
    [
      99.91629198114467,
      94.31258968862046
    ],
    [
      99.88179585815352,
      93.30709110648948
    ],
    [
      99.84750123104064,
      92.2896667029261
    ],
    [
      99.81568488788697,
      91.26201538741832
    ],
    [
      99.78862361677356,
      90.22583606945409
    ],
    [
      99.76859420578138,
      89.1828276585214
    ],
    [
      99.75787344299138,
      88.13468906410823
    ],
    [
      99.7587381164846,
      87.08311919570254
    ],
    [
      99.77346501434195,
      86.02981696279227
    ],
    [
      99.80433092464449,
      84.97648127486546
    ],
    [
      99.85361263547317,
      83.92481104141004
    ],
    [
      99.92358693490895,
      82.87650517191396
    ],
    [
      100.01653061103288,
      81.83326257586523
    ],
    [
      100.13472045192586,
      80.79678216275181
    ],
    [
      100.28043324566893,
      79.76876284206168
    ],
    [
      100.4559457803431,
      78.7509035232828
    ],
    [
      100.66353484402929,
      77.74490311590316
    ],
    [
      100.9054772248085,
      76.75246052941068
    ],
    [
      101.18404971076174,
      75.77527467329341
    ],
    [
      101.50152908996998,
      74.81504445703925
    ],
    [
      101.86019215051421,
      73.87346879013622
    ],
    [
      102.26231568047541,
      72.95224658207226
    ],
    [
      102.71017646793456,
      72.05307674233536
    ],
    [
      103.20605130097266,
      71.1776581804135
    ],
    [
      103.75220513386579,
      70.32769261711672
    ],
    [
      104.34930241896745,
      69.50526199977242
    ],
    [
      104.99480410863944,
      68.71320932174464
    ],
    [
      105.68578946624612,
      67.95446825312588
    ],
    [
      106.41933775515194,
      67.23197246400868
    ],
    [
      107.19252823872135,
      66.54865562448553
    ],
    [
      108.00244018031871,
      65.9074514046489
    ],
    [
      108.84615284330846,
      65.31129347459131
    ],
    [
      109.72074549105504,
      64.76311550440528
    ],
    [
      110.62329738692279,
      64.26585116418325
    ],
    [
      111.55088779427619,
      63.822434124017775
    ],
    [
      112.50059597647964,
      63.43579805400133
    ],
    [
      113.46950464634827,
      63.108851058120095
    ],
    [
      114.45492851371854,
      62.84278176067928
    ],
    [
      115.4545570659476,
      62.63600106785351
    ],
    [
      116.46611387146947,
      62.48666728895665
    ],
    [
      117.48732249871834,
      62.39293873330262
    ],
    [
      118.51590651612828,
      62.352973710205326
    ],
    [
      119.54958949213334,
      62.36493052897861
    ],
    [
      120.58609499516763,
      62.42696749893641
    ],
    [
      121.62314659366524,
      62.53724292939257
    ],
    [
      122.65846785606028,
      62.69391512966101
    ],
    [
      123.68978235078688,
      62.89514240905562
    ],
    [
      124.71481364627905,
      63.13908307689029
    ],
    [
      125.73128531097092,
      63.42389544247887
    ],
    [
      126.73692091329659,
      63.7477378151353
    ],
    [
      127.72944402169013,
      64.10876850417344
    ],
    [
      128.7065782045857,
      64.50514581890722
    ],
    [
      129.66604703041727,
      64.93502806865047
    ],
    [
      130.60557406761907,
      65.39657356271715
    ],
    [
      131.52288288462506,
      65.88794061042107
    ],
    [
      132.4156970498695,
      66.4072875210762
    ],
    [
      133.28204681564404,
      66.95249684081566
    ],
    [
      134.127153605946,
      67.51498497700291
    ],
    [
      134.96350721276266,
      68.07963278508042
    ],
    [
      135.80391955174764,
      68.63103147418362
    ],
    [
      136.6612025385548,
      69.15377225344791
    ],
    [
      137.54806449272496,
      69.6325236473951
    ],
    [
      138.47042506780434,
      70.0570206673208
    ],
    [
      139.42333813940323,
      70.42510762320165
    ],
    [
      140.40088157860197,
      70.73535723233995
    ],
    [
      141.39713325648094,
      70.98634221203788
    ],
    [
      142.4061710441206,
      71.17663527959778
    ],
    [
      143.42207281260133,
      71.30480915232182
    ],
    [
      144.43891643300347,
      71.3694365475123
    ],
    [
      145.4507797764075,
      71.36909018247144
    ],
    [
      146.45227342034443,
      71.30294914558532
    ],
    [
      147.4427894039018,
      71.17563518511903
    ],
    [
      148.42424453026075,
      70.99464394721882
    ],
    [
      149.3985784177688,
      70.7674970481635
    ],
    [
      150.36773068477333,
      70.50171610423197
    ],
    [
      151.33364094962204,
      70.20482273170306
    ],
    [
      152.29824883066232,
      69.8843385468557
    ],
    [
      153.26349394624174,
      69.54778516596868
    ],
    [
      154.23131591470778,
      69.20268420532089
    ],
    [
      155.20365435440792,
      68.85655728119119
    ],
    [
      156.18239151823178,
      68.51684380758059
    ],
    [
      157.16795897460074,
      68.18890442892959
    ],
    [
      158.15926069446056,
      67.8759108070279
    ],
    [
      159.15512788782718,
      67.58093034032635
    ],
    [
      160.1543917647164,
      67.30703042727569
    ],
    [
      161.15588353514403,
      67.05727846632668
    ],
    [
      162.15843440912602,
      66.83474185593013
    ],
    [
      163.1608755966782,
      66.6424879945368
    ],
    [
      164.16203830781643,
      66.4835842805974
    ],
    [
      165.1607537525565,
      66.3610981125628
    ],
    [
      166.1558531409144,
      66.27809688888371
    ],
    [
      167.14616768290577,
      66.23764800801092
    ],
    [
      168.13052858854667,
      66.24281886839522
    ],
    [
      169.10776706785288,
      66.2966768684874
    ],
    [
      170.07671433084025,
      66.40228940673818
    ],
    [
      171.03620158752463,
      66.56272388159834
    ],
    [
      171.98506004792188,
      66.78104769151871
    ],
    [
      172.92212092204784,
      67.06032823494999
    ],
    [
      173.84621541991842,
      67.40363291034302
    ],
    [
      174.7561747515494,
      67.81402911614853
    ],
    [
      175.65083012695675,
      68.29458425081732
    ],
    [
      176.5290127561562,
      68.84836571280015
    ],
    [
      177.3895538491636,
      69.47844090054778
    ],
    [
      178.23128461599492,
      70.187877212511
    ],
    [
      179.05303626666594,
      70.97974204714058
    ],
    [
      179.85364001119254,
      71.85710280288731
    ]
  ],