{
  "test_id": 219,
  "test_outcome": "NOT_EXECUTED",
  "predicted_test_outcome": null,
  "test_duration": null,
  "road_points": [
    [
      99.99999999999997,
      99.99999999999997
    ],
    [
      100.04448343651595,
      98.99648486633463
    ],
    [
      100.07927500470406,
      97.99346475190194
    ],
    [
      100.10499415263412,
      96.99090801794068
    ],
    [
      100.12226032837589,
      95.98878302568967
    ],
    [
      100.13169297999902,
      94.98705813638755
    ],
    [
      100.13391155557323,
      93.98570171127308
    ],
    [
      100.12953550316833,
      92.98468211158503
    ],
    [
      100.11918427085399,
      91.98396769856211
    ],
    [
      100.10347730669994,
      90.98352683344307
    ],
    [
      100.08303405877595,
      89.98332787746669
    ],
    [
      100.05847397515176,
      88.98333919187165
    ],
    [
      100.03041650389699,
      87.98352913789674
    ],
    [
      99.99948109308151,
      86.9838660767807
    ],
    [
      99.96628719077493,
      85.9843183697622
    ],
    [
      99.93145424504706,
      84.98485437808007
    ],
    [
      99.89560170396766,
      83.98544246297305
    ],
    [
      99.85934901560631,
      82.98605098567977
    ],
    [
      99.82331562803289,
      81.98664830743913
    ],
    [
      99.78812098931705,
      80.98720278948973
    ],
    [
      99.75438454752852,
      79.98768279307036
    ],
    [
      99.72272575073711,
      78.98805667941983
    ],
    [
      99.69376404701245,
      77.9882928097768
    ],
    [
      99.66811888442433,
      76.98835954538004
    ],
    [
      99.64640971104245,
      75.98822524746826
    ],
    [
      99.62925597493657,
      74.98785827728027
    ],
    [
      99.61727712417637,
      73.98722699605476
    ],
    [
      99.61109260683162,
      72.98629976503045
    ],
    [
      99.61132187097203,
      71.98504494544613
    ],
    [
      99.61858436466736,
      70.98343089854053
    ],
    [
      99.63349953598733,
      69.9814259855524
    ],
    [
      99.6566868330016,
      68.97899856772044
    ],
    [
      99.68876570378004,
      67.97611700628343
    ],
    [
      99.73035559639223,
      66.97274966248011
    ],
    [
      99.782075958908,
      65.9688648975492
    ],
    [
      99.84454623939705,
      64.96443107272944
    ],
    [
      99.9183858859291,
      63.95941654925961
    ],
    [
      100.00421442845438,
      62.95378972932
    ],
    [
      100.10361752851998,
      61.948002096773415
    ],
    [
      100.22154891272459,
      60.94418922338221
    ],
    [
      100.36369579999578,
      59.9448534391325
    ],
    [
      100.53574540926115,
      58.95249707401028
    ],
    [
      100.74338495944818,
      57.969622458001595
    ],
    [
      100.99230166948448,
      56.99873192109251
    ],
    [
      101.2881827582976,
      56.04232779326908
    ],
    [
      101.63671544481507,
      55.102912404517305
    ],
    [
      102.04349602601698,
      54.18298297245666
    ],
    [
      102.51056738989006,
      53.284836913338815
    ],
    [
      103.03534550418095,
      52.410511480570655
    ],
    [
      103.61493601123871,
      51.56202647855755
    ],
    [
      104.24644455341247,
      50.74140171170488
    ],
    [
      104.92697677305131,
      49.95065698441804
    ],
    [
      105.65363831250431,
      49.191812101102386
    ],
    [
      106.42353481412057,
      48.466886866163286
    ],
    [
      107.23377192024913,
      47.77790108400612
    ],
    [
      108.08145527323909,
      47.12687455903627
    ],
    [
      108.9636905154396,
      46.51582709565911
    ],
    [
      109.87758328919965,
      45.94677849828
    ],
    [
      110.82023923686839,
      45.42174857130435
    ],
    [
      111.78876400079488,
      44.94275711913749
    ],
    [
      112.78026322332819,
      44.51182394618482
    ],
    [
      113.79184254681745,
      44.13096885685171
    ],
    [
      114.82060761361176,
      43.802211655543545
    ],
    [
      115.86366406606011,
      43.52757214666569
    ],
    [
      116.91811754651167,
      43.30907013462351
    ],
    [
      117.98107369731548,
      43.1487254238224
    ],
    [
      119.04963816082068,
      43.048557818667724
    ],
    [
      120.1209165793763,
      43.01058712356486
    ],
    [
      121.19201459533144,
      43.03683314291918
    ],
    [
      122.26003883437649,
      43.129229581642896
    ],
    [
      123.32212027074898,
      43.28757823219975
    ],
    [
      124.37541523000823,
      43.50946117355461
    ],
    [
      125.41708122171231,
      43.792356816002375
    ],
    [
      126.44427575541921,
      44.13374356983788
    ],
    [
      127.45415634068704,
      44.531099845355996
    ],
    [
      128.44388048707384,
      44.981904052851576
    ],
    [
      129.41060570413762,
      45.48363460261949
    ],
    [
      130.35148950143636,
      46.03376990495455
    ],
    [
      131.26368938852823,
      46.629788370151665
    ],
    [
      132.14436287497116,
      47.26916840850566
    ],
    [
      132.9906674703232,
      47.94938843031139
    ],
    [
      133.79976068414243,
      48.66792684586374
    ],
    [
      134.56880002598683,
      49.422262065457524
    ],
    [
      135.29494300541458,
      50.20987249938767
    ],
    [
      135.97534713198354,
      51.028236557948944
    ],
    [
      136.60716991525186,
      51.874832651436265
    ],
    [
      137.18756886477755,
      52.74713919014449
    ],
    [
      137.71370149011864,
      53.64263458436844
    ],
    [
      138.18272530083317,
      54.55879724440298
    ],
    [
      138.59179780647918,
      55.493105580543016
    ],
    [
      138.93807651661473,
      56.44303800308334
    ],
    [
      139.2187189407978,
      57.40607292231883
    ],
    [
      139.4312182734309,
      58.37973033910558
    ],
    [
      139.5787406065952,
      59.36223311295489
    ],
    [
      139.66917738793688,
      60.35238956379794
    ],
    [
      139.71056425512177,
      61.349025876369694
    ],
    [
      139.71093684581567,
      62.3509682354051
    ],
    [
      139.6783307976844,
      63.357042825639006
    ],
    [
      139.62078174839377,
      64.36607583180638
    ],
    [
      139.54632533560962,
      65.37689343864218
    ],
    [
      139.46299719699778,
      66.38832183088128
    ],
    [
      139.3788329702241,
      67.39918719325864
    ],
    [
      139.30185253065142,
      68.40831881976415
    ],
    [
      139.23772933302004,
      69.4150088568092
    ],
    [
      139.18732203593453,
      70.41949921233918
    ],
    [
      139.15089836136892,
      71.42214836182701
    ],
    [
      139.12872603129713,
      72.42331478074551
    ],
    [
      139.12107276769325,
      73.4233569445676
    ],
    [
      139.12820629253116,
      74.4226333287662
    ],
    [
      139.15039432778488,
      75.42150240881405
    ],
    [
      139.18790459542842,
      76.42032266018413
    ],
    [
      139.2410048174357,
      77.4194525583493
    ],
    [
      139.30996271578084,
      78.41925057878248
    ],
    [
      139.3940248056185,
      79.41998886244919
    ],
    [
      139.48674512148705,
      80.42145829862363
    ],
    [
      139.57970595357418,
      81.42328308206335
    ],
    [
      139.66448767236602,
      82.42508724523127
    ],
    [
      139.73267064834857,
      83.42649482059024
    ],
    [
      139.77583525200782,
      84.42712984060317
    ],
    [
      139.78556185382985,
      85.4266163377329
    ],
    [
      139.7534308243008,
      86.42457834444235
    ],
    [
      139.67107430792873,
      87.42064085335092
    ],
    [
      139.5368259000118,
      88.41455313642956
    ],
    [
      139.36227621699553,
      89.40631031897887
    ],
    [
      139.16057332118652,
      90.39593640935315
    ],
    [
      138.9448652748913,
