{
  "test_id": 213,
  "test_outcome": "NOT_EXECUTED",
  "predicted_test_outcome": null,
  "test_duration": null,
  "road_points": [
    [
      99.99999999999999,
      99.99999999999999
    ],
    [
      100.00616612690999,
      98.87399634314592
    ],
    [
      99.94642424171784,
      97.76885062176794
    ],
    [
      99.82298793776222,
      96.68572390702398
    ],
    [
      99.63807080838185,
      95.62577727007206
    ],
    [
      99.3938864469154,
      94.59017178207017
    ],
    [
      99.09264844670162,
      93.58006851417636
    ],
    [
      98.73657040107922,
      92.5966285375486
    ],
    [
      98.32786590338682,
      91.64101292334486
    ],
    [
      97.86874854696318,
      90.71438274272316
    ],
    [
      97.361431925147,
      89.81789906684155
    ],
    [
      96.80812963127703,
      88.95272296685798
    ],
    [
      96.2110552586919,
      88.12001551393043
    ],
    [
      95.5724224007303,
      87.32093777921692
    ],
    [
      94.89444465073102,
      86.5566508338755
    ],
    [
      94.1793356020327,
      85.82831574906412
    ],
    [
      93.42930884797406,
      85.13709359594077
    ],
    [
      92.64657798189378,
      84.4841454456635
    ],
    [
      91.8333565971306,
      83.87063236939025
    ],
    [
      90.99185828702322,
      83.29771543827908
    ],
    [
      90.12429664491032,
      82.76655572348795
    ],
    [
      89.23288526413062,
      82.27831429617487
    ],
    [
      88.31983773802281,
      81.83415222749784
    ],
    [
      87.3873676599256,
      81.43523058861487
    ],
    [
      86.4376886231777,
      81.08271045068398
    ],
    [
      85.47301422111781,
      80.77775288486312
    ],
    [
      84.49555804708463,
      80.52151896231032
    ],
    [
      83.50753369441685,
      80.31516975418357
    ],
    [
      82.51115475645321,
      80.1598663316409
    ],
    [
      81.5086349119482,
      80.05676595761018
    ],
    [
      80.50220009540436,
      80.00647947759903
    ],
    [
      79.49410115376627,
      80.00850702624318
    ],
    [
      78.48659195750436,
      80.06221393554445
    ],
    [
      77.48192637708894,
      80.16696553750464
    ],
    [
      76.48235828299043,
      80.32212716412553
    ],
    [
      75.49014154567911,
      80.52706414740888
    ],
    [
      74.50753003562542,
      80.78114181935655
    ],
    [
      73.53677762329961,
      81.08372551197026
    ],
    [
      72.58013817917218,
      81.43418055725184
    ],
    [
      71.63986557371338,
      81.83187228720305
    ],
    [
      70.71838133077152,
      82.27609197879372
    ],
    [
      69.81901136765116,
      82.76573142472925
    ],
    [
      68.94538519652248,
      83.29954831527255
    ],
    [
      68.10113255292704,
      83.87630024201985
    ],
    [
      67.28988317240655,
      84.49474479656752
    ],
    [
      66.51526679050261,
      85.15363957051184
    ],
    [
      65.78091314275684,
      85.85174215544907
    ],
    [
      65.0904519647109,
      86.58781014297557
    ],
    [
      64.44751299190641,
      87.3606011246876
    ],
    [
      63.85572595988501,
      88.16887269218152
    ],
    [
      63.318573131842236,
      89.01134197693179
    ],
    [
      62.837027172516926,
      89.88603758363594
    ],
    [
      62.4099611326375,
      90.7904120724598
    ],
    [
      62.03618340613631,
      91.72190026450214
    ],
    [
      61.71450238694567,
      92.67793698086166
    ],
    [
      61.44372646899785,
      93.65595704263708
    ],
    [
      61.222664046225255,
      94.65339527092725
    ],
    [
      61.05012351256016,
      95.66768648683082
    ],
    [
      60.92491326193489,
      96.69626551144655
    ],
    [
      60.84584168828174,
      97.73656716587318
    ],
    [
      60.81171718553309,
      98.7860262712095
    ],
    [
      60.82134814762121,
      99.84207764855417
    ],
    [
      60.87354296847841,
      100.90215611900592
    ],
    [
      60.96711004203706,
      101.9636965036636
    ],
    [
      61.10085776222947,
      103.02413362362587
    ],
    [
      61.27359452298791,
      104.08090229999146
    ],
    [
      61.48412871824476,
      105.13143735385918
    ],
    [
      61.73126874193233,
      106.17317360632772
    ],
    [
      62.0138229879829,
      107.2035458784958
    ],
    [
      62.330599850328824,
      108.2199889914622
    ],
    [
      62.680407722902416,
      109.21993776632567
    ],
    [
      63.062054999636,
      110.20082702418492
    ],
    [
      63.47435007446187,
      111.16009158613866
    ],
    [
      63.916046241745406,
      112.0953937296582
    ],
    [
      64.38526379780154,
      113.00700880974267
    ],
    [
      64.87971820250229,
      113.89688338560924
    ],
    [
      65.39711832613384,
      114.76699121892634
    ],
    [
      65.9351730389823,
      115.61930607136237
    ],
    [
      66.49159121133395,
      116.45580170458591
    ],
    [
      67.06408171347488,
      117.27845188026527
    ],
    [
      67.65035341569128,
      118.089230360069
    ],
    [
      68.24811518826932,
      118.89011090566545
    ],
    [
      68.85507590149517,
      119.68306727872316
    ],
    [
      69.46894442565498,
      120.47007324091052
    ],
    [
      70.08742963103496,
      121.25310255389606
    ],
    [
      70.70824038792126,
      122.03412897934815
    ],
    [
      71.32908556660006,
      122.81512627893528
    ],
    [
      71.94767403735749,
      123.5980682143259
    ],
    [
      72.56171467047977,
      124.38492854718847
    ],
    [
      73.16891633625306,
      125.17768103919138
    ],
    [
      73.76698790496351,
      125.97829945200314
    ],
    [
      74.35385798884927,
      126.7885682364105
    ],
    [
      74.92968443290731,
      127.60835132681525
    ],
    [
      75.4959225426047,
      128.43639487658845
    ],
    [
      76.05404372079491,
      129.27143117096895
    ],
    [
      76.60551937033138,
      130.11219249519561
    ],
    [
      77.15182089406761,
      130.95741113450737
    ],
    [
      77.69441969485703,
      131.805819374143
    ],
    [
      78.23478717555314,
      132.6561494993415
    ],
    [
      78.7743947390094,
      133.50713379534164
    ],
    [
      79.31471378807926,
      134.35750454738235
    ],
    [
      79.85721572561619,
      135.20599404070242
    ],
    [
      80.40337195447366,
      136.05133456054085
    ],
    [
      80.95465387750515,
      136.8922583921365
    ],
    [
      81.51253289756413,
      137.72749782072816
    ],
    [
      82.07848041750405,
      138.55578513155476
    ],
    [
      82.65396784017838,
      139.37585260985514
    ],
    [
      83.24046656844058,
      140.1864325408682
    ],
    [
      83.83944800514413,
      140.98625720983284
    ],
    [
      84.45238355314252,
      141.77405890198793
    ],
    [
      85.08074461528918,
      142.54856990257227
    ],
    [
      85.7260025944376,
      143.30852249682482
    ],
    [
      86.38962889344123,
      144.05264896998443
    ],
    [
      87.07293268317638,
      144.77978003860554
    ],
    [
      87.7758010802053,
      145.48960922495755
    ],
    [
      88.49738471874377,
      146.1822768986424
    ],
    [
      89.23682801761815,
      146.85792720033743
    ],
    [
      89.9932753956547,
      147.5167042707196
    ],
    [
      90.76587127167984,
      148.1587522504661
    ],
    [
      91.55376006451985,
      148.78421528025416
    ],
    [
      92.3560861930011,
      149.39323750076082
    ],
    [
      93.17199407594993,
      149.98596305266332
    ],
    [
      94.00062813219263,
      150.56253607663868
    ],
    [
      94.84113827377602,
      151.1230899994895
    ],
    [
      95.69286986323614,
      151.6673770450323
    ],
    [
      96.55541215963555,
      152.19467374585096
    ],
    [
      97.4283697536425,
