{
  "test_id": 242,
  "test_outcome": "NOT_EXECUTED",
  "predicted_test_outcome": null,
  "test_duration": null,
  "road_points": [
    [
      100.0,
      100.0
    ],
    [
      99.86577268290165,
      99.03459473352545
    ],
    [
      99.75890945030112,
      98.06202022029419
    ],
    [
      99.67773393286404,
      97.08271566028809
    ],
    [
      99.62056976125594,
      96.09712025348892
    ],
    [
      99.58574056614246,
      95.1056731998786
    ],
    [
      99.571569978189,
      94.10881369943874
    ],
    [
      99.57638162806134,
      93.1069809521514
    ],
    [
      99.5984991464249,
      92.10061415799822
    ],
    [
      99.63624616394527,
      91.09015251696107
    ],
    [
      99.68794631128802,
      90.07603522902177
    ],
    [
      99.75192321911878,
      89.05870149416218
    ],
    [
      99.82650051810306,
      88.03859051236405
    ],
    [
      99.91000183890641,
      87.01614148360919
    ],
    [
      100.00075081219443,
      85.99179360787944
    ],
    [
      100.09707106863272,
      84.96598608515667
    ],
    [
      100.19728623888679,
      83.93915811542263
    ],
    [
      100.29971995362224,
      82.91174889865917
    ],
    [
      100.40269584350462,
      81.88419763484806
    ],
    [
      100.50453753919948,
      80.85694352397117
    ],
    [
      100.60356867137243,
      79.83042576601028
    ],
    [
      100.69811287068903,
      78.80508356094722
    ],
    [
      100.78649376781482,
      77.7813561087638
    ],
    [
      100.86703499341539,
      76.75968260944187
    ],
    [
      100.93806017815629,
      75.7405022629632
    ],
    [
      100.99789295270313,
      74.72425426930964
    ],
    [
      101.04485694772141,
      73.71137782846296
    ],
    [
      101.07727579387678,
      72.70231214040504
    ],
    [
      101.09347312183469,
      71.69749640511763
    ],
    [
      101.09177256226083,
      70.69736982258259
    ],
    [
      101.0704977458207,
      69.70237159278173
    ],
    [
      101.0279723031799,
      68.71294091569686
    ],
    [
      100.96251986500394,
      67.7295169913098
    ],
    [
      100.8724640619585,
      66.75253901960238
    ],
    [
      100.75612852470901,
      65.78244620055638
    ],
    [
      100.61183688392114,
      64.81967773415364
    ],
    [
      100.4379127702604,
      63.864672820375965
    ],
    [
      100.2326798143924,
      62.91787065920521
    ],
    [
      99.99446165242351,
      61.97971044927416
    ],
    [
      99.7221476214034,
      61.050491130689075
    ],
    [
      99.41674714313065,
      60.12998599486044
    ],
    [
      99.07976620455318,
      59.21784521603404
    ],
    [
      98.7127107926188,
      58.313718968455646
    ],
    [
      98.31708689427536,
      57.41725742637103
    ],
    [
      97.89440049647078,
      56.528110764025996
    ],
    [
      97.44615758615285,
      55.645929155666316
    ],
    [
      96.97386415026958,
      54.77036277553782
    ],
    [
      96.47902617576871,
      53.90106179788625
    ],
    [
      95.96314964959815,
      53.03767639695741
    ],
    [
      95.42774055870576,
      52.17985674699707
    ],
    [
      94.87430489003941,
      51.32725302225103
    ],
    [
      94.30434863054701,
      50.47951539696508
    ],
    [
      93.71937776717637,
      49.636294045385
    ],
    [
      93.12089828687539,
      48.79723914175657
    ],
    [
      92.51041617659193,
      47.96200086032559
    ],
    [
      91.88943742327386,
      47.130229375337834
    ],
    [
      91.25946801386905,
      46.3015748610391
    ],
    [
      90.62201393532534,
      45.47568749167516
    ],
    [
      89.97858118284366,
      44.65221743769786
    ],
    [
      89.33092524598695,
      43.83070017493009
    ],
    [
      88.68170519141218,
      43.01025579730574
    ],
    [
      88.0337845742535,
      42.18991039370862
    ],
    [
      87.39002694964499,
      41.36869005302253
    ],
    [
      86.7532958727209,
      40.5456208641313
    ],
    [
      86.12645489861528,
      39.7197289159187
    ],
    [
      85.51236758246226,
      38.89004029726857
    ],
    [
      84.91389747939604,
      38.0555810970647
    ],
    [
      84.33390814455075,
      37.21537740419092
    ],
    [
      83.77526313306048,
      36.36845530753099
    ],
    [
      83.24082600005944,
      35.51384089596878
    ],
    [
      82.7334603006817,
      34.65056025838805
    ],
    [
      82.25602959006144,
      33.77763948367263
    ],
    [
      81.81139742333278,
      32.894104660706326
    ],
    [
      81.4024273556299,
      31.998981878372945
    ],
    [
      81.03198294208688,
      31.091297225556282
    ],
    [
      80.7029277378379,
      30.17007679114016
    ],
    [
      80.41812529801709,
      29.2343466640084
    ],
    [
      80.18043917775857,
      28.28313293304476
    ],
    [
      79.99273255092811,
      27.315461795376542
    ],
    [
      79.85297142401417,
      26.331749771205427
    ],
    [
      79.74198138170351,
      25.33727960688001
    ],
    [
      79.63684012432631,
      24.338398086324002
    ],
    [
      79.51462535221278,
      23.341451993461213
    ],
    [
      79.35241476569307,
      22.35278811221534
    ],
    [
      79.12969062463296,
      21.37832405460141
    ],
    [
      78.84226672589732,
      20.421062538324918
    ],
    [
      78.49274902273545,
      19.482793999724638
    ],
    [
      78.08376569455298,
      18.565304908158407
    ],
    [
      77.61794492075535,
      17.670381732984033
    ],
    [
      77.09791488074809,
      16.79981094355936
    ],
    [
      76.52630375393679,
      15.95537900924221
    ],
    [
      75.90573971972691,
      15.138872399390415
    ],
    [
      75.23885095752401,
      14.352077583361792
    ],
    [
      74.5282656467336,
      13.596781030514183
    ],
    [
      73.7766119667612,
      12.8747692102054
    ],
    [
      72.98651809701234,
      12.187828591793288
    ],
    [
      72.16061221689252,
      11.537745644635654
    ],
    [
      71.30152250580734,
      10.926306838090351
    ],
    [
      70.41187714316224,
      10.355298641515184
    ],
    [
      69.4943043083628,
      9.826507524267987
    ],
    [
      68.55143218081452,
      9.341719955706594
    ],
    [
      67.58588893992291,
      8.902722405188822
    ],
    [
      66.60030276509352,
      8.51130134207251
    ],
    [
      65.59730183573188,
      8.169243235715477
    ],
    [
      64.57951433124349,
      7.878334555475554
    ],
    [
      63.549568431033904,
      7.640361770710569
    ],
    [
      62.510092314508604,
      7.457111350778346
    ],
    [
      61.463714161073156,
      7.330369765036717
    ],
    [
      60.41306215013309,
      7.261923482843509
    ],
    [
      59.36076446109387,
      7.253558973556543
    ],
    [
      58.30944927336108,
      7.307062706533657
    ],
    [
      57.261744766340215,
      7.4242211511326675
    ],
    [
      56.22027911943681,
      7.606820776711411
    ],
    [
      55.1876805120564,
      7.85664805262771
    ],
    [
      54.16657712360449,
      8.175489448239398
    ],
    [
      53.15959713348661,
      8.565131432904291
    ]
  ],