{
  "test_id": 268,
  "test_outcome": "NOT_EXECUTED",
  "predicted_test_outcome": null,
  "test_duration": null,
  "road_points": [
    [
      100.00000000000001,
      100.00000000000001
    ],
    [
      99.76632005000593,
      98.88505966193293
    ],
    [
      99.48432686478456,
      97.81024522110177
    ],
    [
      99.15590823006254,
      96.7740293610489
    ],
    [
      98.78295193156656,
      95.77488476531687
    ],
    [
      98.36734575502327,
      94.81128411744812
    ],
    [
      97.91097748615938,
      93.8817001009852
    ],
    [
      97.41573491070146,
      92.98460539947044
    ],
    [
      96.88350581437624,
      92.11847269644643
    ],
    [
      96.3161779829104,
      91.28177467545562
    ],
    [
      95.71563920203049,
      90.4729840200404
    ],
    [
      95.08377725746324,
      89.69057341374334
    ],
    [
      94.42247993493538,
      88.93301554010687
    ],
    [
      93.73363502017345,
      88.19878308267346
    ],
    [
      93.01913029890414,
      87.48634872498558
    ],
    [
      92.28085355685421,
      86.79418515058572
    ],
    [
      91.52069257975016,
      86.1207650430163
    ],
    [
      90.74053515331876,
      85.46456108581984
    ],
    [
      89.94226906328666,
      84.82404596253882
    ],
    [
      89.12778209538048,
      84.19769235671565
    ],
    [
      88.29896203532691,
      83.58397295189287
    ],
    [
      87.4576966688526,
      82.98136043161293
    ],
    [
      86.60587378168422,
      82.38832747941828
    ],
    [
      85.74538115954843,
      81.80334677885139
    ],
    [
      84.87810658817189,
      81.22489101345478
    ],
    [
      84.00593785328122,
      80.65143286677085
    ],
    [
      83.13076274060315,
      80.08144502234212
    ],
    [
      82.2544690358643,
      79.51340016371107
    ],
    [
      81.37894452479132,
      78.94577097442011
    ],
    [
      80.50607699311091,
      78.37703013801176
    ],
    [
      79.6377542265497,
      77.8056503380285
    ],
    [
      78.77586401083437,
      77.23010425801276
    ],
    [
      77.92229413169154,
      76.64886458150704
    ],
    [
      77.07893237484794,
      76.0604039920538
    ],
    [
      76.24766652603014,
      75.46319517319552
    ],
    [
      75.43038437096487,
      74.85571080847467
    ],
    [
      74.62897369537876,
      74.23642358143371
    ],
    [
      73.8453222849985,
      73.60380617561512
    ],
    [
      73.08131792555074,
      72.95633127456139
    ],
    [
      72.33884840276212,
      72.29247156181495
    ],
    [
      71.61980150235931,
      71.61069972091829
    ],
    [
      70.92606501006898,
      70.90948843541389
    ],
    [
      70.25952671161777,
      70.18731038884421
    ],
    [
      69.62207439273236,
      69.44263826475172
    ],
    [
      69.0155958391394,
      68.67394474667893
    ],
    [
      68.44197883656555,
      67.87970251816823
    ],
    [
      67.90305552979686,
      67.05844744068499
    ],
    [
      67.39918023395674,
      66.2103933884556
    ],
    [
      66.92911021366339,
      65.3375676186663
    ],
    [
      66.49152320342486,
      64.44208769156272
    ],
    [
      66.08509693774917,
      63.52607116739052
    ],
    [
      65.70850915114428,
      62.591635606395315
    ],
    [
      65.36043757811835,
      61.640898568822806
    ],
    [
      65.03955995317928,
      60.675977614918594
    ],
    [
      64.74455401083512,
      59.6989903049283
    ],
    [
      64.47409748559389,
      58.7120541990976
    ],
    [
      64.22686811196364,
      57.717286857672164
    ],
    [
      64.00154362445238,
      56.71680584089759
    ],
    [
      63.796801757568105,
      55.71272870901954
    ],
    [
      63.61138175818295,
      54.70712817502941
    ],
    [
      63.44530178217949,
      53.701144528682555
    ],
    [
      63.299787674352295,
      52.695037561439214
    ],
    [
      63.17611253317866,
      51.689032613182945
    ],
    [
      63.075549457135914,
      50.68335502379736
    ],
    [
      62.99937154470131,
      49.67823013316606
    ],
    [
      62.94885189435218,
      48.673883281172614
    ],
    [
      62.92526360456581,
      47.67053980770062
    ],
    [
      62.92987977381949,
      46.668425052633694
    ],
    [
      62.96397350059054,
      45.66776435585542
    ],
    [
      63.02881788335625,
      44.66878305724936
    ],
    [
      63.1256860205939,
      43.671706496699144
    ],
    [
      63.255313673360874,
      42.676717861493906
    ],
    [
      63.40819259072595,
      41.68319672527736
    ],
    [
      63.565623540816766,
      40.68980165534267
    ],
    [
      63.7085813376473,
      39.695165648808555
    ],
    [
      63.818040795231504,
      38.69792170279368
    ],
    [
      63.875111071678475,
      37.6967347191485
    ],
    [
      63.868519682061695,
      36.69207884660273
    ],
    [
      63.79855506534425,
      35.68717378198361
    ],
    [
      63.666471770309805,
      34.6854686588836
    ],
    [
      63.473524345742064,
      33.69041261089512
    ],
    [
      63.22096734042472,
      32.70545477161064
    ],
    [
      62.91005530314147,
      31.734044274622597
    ],
    [
      62.54204278267599,
      30.779630253523415
    ],
    [
      62.118184327812,
      29.845661841905564
    ],
    [
      61.63981906017447,
      28.935464283624995
    ],
    [
      61.10910606678257,
      28.05116166510813
    ],
    [
      60.528665028223166,
      27.194203354812114
    ],
    [
      59.90112074025369,
      26.366031228042203
    ],
    [
      59.22909799863159,
      25.568087160103662
    ],
    [
      58.51522159911433,
      24.801813026301794
    ],
    [
      57.76211633745938,
      24.06865070194187
    ],
    [
      56.97240700942416,
      23.370042062329148
    ],
    [
      56.148718410766136,
      22.707428982768917
    ],
    [
      55.293675337242775,
      22.08225333856646
    ],
    [
      54.40990258461151,
      21.49595700502703
    ],
    [
      53.50002494862981,
      20.949981857455928
    ],
    [
      52.56666722505512,
      20.445769771158417
    ],
    [
      51.61245420964488,
      19.984762621439767
    ],
    [
      50.64001069815659,
      19.568402283605273
    ],
    [
      49.651961486347645,
      19.198130632960194
    ],
    [
      48.650931369975524,
      18.87538954480981
    ],
    [
      47.63954514479769,
      18.601620894459398
    ],
    [
      46.62042760657157,
      18.37826655721424
    ],
    [
      45.59620355105464,
      18.206768408379602
    ],
    [
      44.56949777400435,
      18.088568323260763
    ],
    [
      43.54293507117815,
      18.025108177163006
    ],
    [
      42.519140238333485,
      18.017829845391596
    ],
    [
      41.50073807122783,
      18.06817520325182
    ],
    [
      40.49035336561862,
      18.177586126048944
    ],
    [
      39.4906109172633,
      18.34750448908825
    ],
    [
      38.50413552191934,
      18.57937216767501
    ],
    [
      37.5335519753442,
      18.874631037114504
    ],
    [
      36.581485073295305,
      19.23472297271201
    ],
    [
      35.65055961153013,
      19.661089849772793
    ],
    [
      34.743400385806126,
      20.15517354360215
    ],
    [
      33.86263219188074,
      20.718415929505326
    ]
  ],