{
  "test_id": 328,
  "test_outcome": "NOT_EXECUTED",
  "predicted_test_outcome": null,
  "test_duration": null,
  "road_points": [
    [
      100.0,
      100.00000000000001
    ],
    [
      99.78862985222644,
      99.01104400447375
    ],
    [
      99.56257294177324,
      98.02836966807128
    ],
    [
      99.32340399979462,
      97.0513034642615
    ],
    [
      99.07269775744473,
      96.07917186651316
    ],
    [
      98.81202894587774,
      95.1113013482951
    ],
    [
      98.54297229624775,
      94.14701838307604
    ],
    [
      98.26710253970899,
      93.18564944432481
    ],
    [
      97.98599440741563,
      92.22652100551026
    ],
    [
      97.70122263052183,
      91.26895954010115
    ],
    [
      97.41436194018172,
      90.31229152156624
    ],
    [
      97.12698706754955,
      89.35584342337442
    ],
    [
      96.84067274377938,
      88.39894171899441
    ],
    [
      96.55699370002546,
      87.440912881895
    ],
    [
      96.27752466744194,
      86.48108338554508
    ],
    [
      96.00384037718295,
      85.51877970341334
    ],
    [
      95.73751556040268,
      84.55332830896863
    ],
    [
      95.4801249482553,
      83.58405567567975
    ],
    [
      95.23324327189496,
      82.61028827701547
    ],
    [
      94.99844526247587,
      81.63135258644465
    ],
    [
      94.77730565115215,
      80.64657507743601
    ],
    [
      94.5713333973099,
      79.65531035462908
    ],
    [
      94.3784522449794,
      78.6584464511826
    ],
    [
      94.19122709786214,
      77.65916342396277
    ],
    [
      94.0017843001873,
      76.66082890562554
    ],
    [
      93.802250196184,
      75.66681052882696
    ],
    [
      93.58475113008149,
      74.680475926223
    ],
    [
      93.34141344610886,
      73.7051927304697
    ],
    [
      93.06436348849532,
      72.74432857422309
    ],
    [
      92.74572760147004,
      71.80125109013915
    ],
    [
      92.37763212926214,
      70.87932791087388
    ],
    [
      91.95220343256152,
      69.98192666654657
    ],
    [
      91.46361659419112,
      69.11209926368987
    ],
    [
      90.91375444991596,
      68.27170978577102
    ],
    [
      90.30631214790984,
      67.4623430251984
    ],
    [
      89.64498483634665,
      66.68558377438042
    ],
    [
      88.9334676634002,
      65.94301682572546
    ],
    [
      88.17545577724435,
      65.2362269716419
    ],
    [
      87.37464432605293,
      64.56679900453815
    ],
    [
      86.53472845799978,
      63.93631771682258
    ],
    [
      85.65940332125872,
      63.346367900903594
    ],
    [
      84.75236406400363,
      62.79853434918957
    ],
    [
      83.81730583440833,
      62.294401854088896
    ],
    [
      82.85792378064663,
      61.835555208009964
    ],
    [
      81.87791305089243,
      61.42357920336117
    ],
    [
      80.88096879331952,
      61.06005863255089
    ],
    [
      79.87078615610174,
      60.74657828798751
    ],
    [
      78.85106028741296,
      60.48472296207944
    ],
    [
      77.825486335427,
      60.276077447235046
    ],
    [
      76.7977594483177,
      60.12222653586274
    ],
    [
      75.77149954857502,
      60.02466375333395
    ],
    [
      74.74918887623376,
      59.983502339706966
    ],
    [
      73.73242765969123,
      59.99778544056518
    ],
    [
      72.72279307665366,
      60.066528235401805
    ],
    [
      71.72186230482752,
      60.1887459037101
    ],
    [
      70.73121252191913,
      60.36345362498331
    ],
    [
      69.75242090563485,
      60.5896665787147
    ],
    [
      68.78706463368104,
      60.86639994439748
    ],
    [
      67.83672088376407,
      61.192668901524925
    ],
    [
      66.90301987634496,
      61.56742896466136
    ],
    [
      65.98782988258688,
      61.98936787799791
    ],
    [
      65.09308592644156,
      62.45709829912036
    ],
    [
      64.22072303521963,
      62.96923288183625
    ],
    [
      63.37267623623179,
      63.524384279953175
    ],
    [
      62.550880556788606,
      64.12116514727857
    ],
    [
      61.757271024200804,
      64.75818813762005
    ],
    [
      60.99378266577901,
      65.43406590478511
    ],
    [
      60.26235050883386,
      66.1474111025813
    ],
    [
      59.564909580676044,
      66.89683638481615
    ],
    [
      58.90339490861617,
      67.6809544052972
    ],
    [
      58.279741519964915,
      68.49837781783198
    ],
    [
      57.69604840075738,
      69.34744572979568
    ],
    [
      57.1551453927055,
      70.22527789922052
    ],
    [
      56.660065903551086,
      71.1286544574344
    ],
    [
      56.21384334963064,
      72.05435552142605
    ],
    [
      55.819511147280586,
      72.99916120818423
    ],
    [
      55.48010271283742,
      73.95985163469771
    ],
    [
      55.19865146263758,
      74.93320691795519
    ],
    [
      54.978190813017555,
      75.91600717494546
    ],
    [
      54.821754180313796,
      76.90503252265728
    ],
    [
      54.73237498086278,
      77.89706307807936
    ],
    [
      54.71255679688721,
      78.88902346079416
    ],
    [
      54.75794075834929,
      79.8797098991104
    ],
    [
      54.85938211424679,
      80.86922388310565
    ],
    [
      55.007638577929995,
      81.85769350392687
    ],
    [
      55.19346786274919,
      82.84524685272106
    ],
    [
      55.40762768205464,
      83.83201202063518
    ],
    [
      55.64087574919662,
      84.81811709881617
    ],
    [
      55.88396977752545,
      85.80369017841107
    ],
    [
      56.12766748039138,
      86.78885935056677
    ],
    [
      56.3627265711447,
      87.77375270643029
    ],
    [
      56.57995745072874,
      88.75850001998833
    ],
    [
      56.77390986458226,
      89.74335049974945
    ],
    [
      56.94528891154823,
      90.72874995597714
    ],
    [
      57.09537353346558,
      91.7151625274586
    ],
    [
      57.225442672173116,
      92.70305235298102
    ],
    [
      57.33677526950974,
      93.69288357133152
    ],
    [
      57.43065026731428,
      94.68512032129725
    ],
    [
      57.50834660742562,
      95.68022674166542
    ],
    [
      57.57114323168261,
      96.67866697122314
    ],
    [
      57.620319081924116,
      97.6809051487576
    ],
    [
      57.65715309998902,
      98.68740541305596
    ],
    [
      57.682924227716136,
      99.69863190290536
    ],
    [
      57.69891140694438,
      100.71504875709299
    ],
    [
      57.70639357951258,
      101.73712011440595
    ],
    [
      57.70681570191806,
      102.76518524281086
    ],
    [
      57.70356610505965,
      103.7981216673258
    ],
    [
      57.70129332796006,
      104.83385902545054
    ],
    [
      57.70466720335591,
      105.8703109382467
    ],
    [
      57.71835756398378,
      106.90539102677586
    ],
    [
      57.747034242580234,
      107.93701291209956
    ],
    [
      57.79536707188185,
      108.96309021527944
    ],
    [
      57.868025884625204,
      109.98153655737701
    ],
    [
      57.96968051354687,
      110.99026555945386
    ],
    [
      58.10500079138345,
      111.98719084257162
    ],
    [
      58.2786565508715,
      112.97022602779182
    ],
    [
      58.4953176247476,
      113.93728473617607
    ],
    [
      58.759653845748346,
      114.88628058878592
    ],
    [
      59.076335046610275,
      115.81512720668296
    ],
    [
      59.450031060070025,
      116.72173821092878
    ],
    [
      59.88532480752367,
      117.60402625275572
    ],
    [
      60.38334376538773,
      118.45986542465799
    ],
    [
      60.94068174221777,
      119.28707922868129
    ],
    [
      61.55362499248545,
      120.08348773492621
    ],
    [
      62.218459770662434,
      120.84691101349341
    ],
    [
      62.931472331220306,
      121.57516913448335
    ],
    [
      63.688948928630765,
