{
  "test_id": 395,
  "test_outcome": "NOT_EXECUTED",
  "predicted_test_outcome": null,
  "test_duration": null,
  "road_points": [
    [
      99.99999999999999,
      99.99999999999999
    ],
    [
      100.01604842790726,
      98.99999245154453
    ],
    [
      100.02942510834295,
      97.99943301814866
    ],
    [
      100.04027628369373,
      96.9983519081205
    ],
    [
      100.04874819634657,
      95.9967793297683
    ],
    [
      100.0549870886881,
      94.99474549140005
    ],
    [
      100.0591392031052,
      93.992280601324
    ],
    [
      100.06135078198466,
      92.98941486784827
    ],
    [
      100.0617680677133,
      91.98617849928102
    ],
    [
      100.06053730267791,
      90.98260170393047
    ],
    [
      100.05780472926524,
      89.97871469010467
    ],
    [
      100.05371658986213,
      88.97454766611179
    ],
    [
      100.04841912685536,
      87.97013084026
    ],
    [
      100.04205858263177,
      86.96549442085747
    ],
    [
      100.0347811995781,
      85.96066861621233
    ],
    [
      100.0267332200812,
      84.95568363463272
    ],
    [
      100.01806088652785,
      83.95056968442682
    ],
    [
      100.00891044130483,
      82.94535697390276
    ],
    [
      99.99942812679896,
      81.94007571136869
    ],
    [
      99.98976018539703,
      80.93475610513279
    ],
    [
      99.98005285948582,
      79.92942836350316
    ],
    [
      99.97045239145217,
      78.92412269478803
    ],
    [
      99.96110502368286,
      77.91886930729547
    ],
    [
      99.95215699856467,
      76.91369840933368
    ],
    [
      99.94375455848439,
      75.90864020921074
    ],
    [
      99.93604394582887,
      74.90372491523492
    ],
    [
      99.92917140298492,
      73.89898273571431
    ],
    [
      99.92328317233924,
      72.89444387895702
    ],
    [
      99.9185254962787,
      71.89013855327129
    ],
    [
      99.91504461719012,
      70.88609696696518
    ],
    [
      99.91298677746022,
      69.8823493283469
    ],
    [
      99.91249821947586,
      68.87892584572458
    ],
    [
      99.91372518562383,
      67.87585672740639
    ],
    [
      99.91681391829091,
      66.87317218170045
    ],
    [
      99.92191065986391,
      65.87090241691496
    ],
    [
      99.92916165272965,
      64.86907764135802
    ],
    [
      99.93871313927488,
      63.86772806333781
    ],
    [
      99.95071136188642,
      62.86688389116245
    ],
    [
      99.96530256295108,
      61.86657533314014
    ],
    [
      99.98263298485566,
      60.86683259757899
    ],
    [
      100.00284611679321,
      59.867685324078444
    ],
    [
      100.0243760595446,
      58.86881005534825
    ],
    [
      100.04103510923011,
      57.86892863893458
    ],
    [
      100.04586212823818,
      56.866603159369426
    ],
    [
      100.03189597895715,
      55.860395701184764
    ],
    [
      99.99217792957407,
      54.848871575691334
    ],
    [
      99.9208424492927,
      53.83206235066253
    ],
    [
      99.81484228515538,
      52.81377961056686
    ],
    [
      99.67157818714264,
      51.798435824059105
    ],
    [
      99.488450905235,
      50.79044345979405
    ],
    [
      99.26286118941292,
      49.794214986426475
    ],
    [
      98.99220978965698,
      48.8141628726112
    ],
    [
      98.67389745594767,
      47.85469958700298
    ],
    [
      98.30532493826551,
      46.92023759825662
    ],
    [
      97.88389298659104,
      46.015189375026914
    ],
    [
      97.40700235090473,
      45.14396738596864
    ],
    [
      96.87317374589742,
      44.30987848236166
    ],
    [
      96.28843911008019,
      43.50881451438225
    ],
    [
      95.66191893382597,
      42.73361834631416
    ],
    [
      95.00274322019473,
      41.977123451616535
    ],
    [
      94.3200419722464,
      41.23216330374855
    ],
    [
      93.62294519304112,
      40.491571376169425
    ],
    [
      92.92058288563871,
      39.74818114233828
    ],
    [
      92.22166210848614,
      38.9955862598861
    ],
    [
      91.53265480466588,
      38.23139769573143
    ],
    [
      90.85929730607316,
      37.45454857568507
    ],
    [
      90.20732549858637,
      36.66397282721115
    ],
    [
      89.58247526808387,
      35.85860437777376
    ],
    [
      88.99048250044409,
      35.03737715483706
    ],
    [
      88.43708308154544,
      34.19922508586517
    ],
    [
      87.92801289726623,
      33.34308209832219
    ],
    [
      87.46900783348491,
      32.46788211967226
    ],
    [
      87.06580377607983,
      31.572559077379484
    ],
    [
      86.72384436446818,
      30.656147746537055
    ],
    [
      86.44400658840793,
      29.719258749517202
    ],
    [
      86.22355020195921,
      28.763750934734897
    ],
    [
      86.05963583480194,
      27.79151735618172
    ],
    [
      85.94942411661603,
      26.80445106784923
    ],
    [
      85.89007567708148,
      25.804445123729007
    ],
    [
      85.8787511458782,
      24.79339257781261
    ],
    [
      85.9126111526861,
      23.77318648409162
    ],
    [
      85.98881632718513,
      22.7457198965576
    ],
    [
      86.10452729905528,
      21.712885869202125
    ],
    [
      86.25690469797644,
      20.676577456016766
    ],
    [
      86.44310915362855,
      19.638687710993096
    ],
    [
      86.66030129569158,
      18.60110968812268
    ],
    [
      86.90564175384543,
      17.56573644139708
    ],
    [
      87.17629115777002,
      16.53446102480787
    ],
    [
      87.4694101371454,
      15.509176492346642
    ],
    [
      87.78215932165133,
      14.491775898004937
    ],
    [
      88.11169934096796,
      13.484152295774347
    ],
    [
      88.45519082477507,
      12.48819873964643
    ],
    [
      88.80979440275266,
      11.50580828361276
    ],
    [
      89.17267070458064,
      10.538873981664912
    ],
    [
      89.54098035993894,
      9.589288887794448
    ],
    [
      89.91188399850759,
      8.658946055992946
    ],
    [
      90.28254224996641,
      7.7497385402519825
    ],
    [
      90.6501157439954,
      6.863559394563106
    ],
    [
      91.01176511027451,
      6.002301672917902
    ],
    [
      91.36465097848365,
      5.167858429307938
    ],
    [
      91.70593397830275,
      4.362122717724785
    ]
  ],