{
  "test_id": 540,
  "test_outcome": "NOT_EXECUTED",
  "predicted_test_outcome": null,
  "test_duration": null,
  "road_points": [
    [
      100.00000000000001,
      100.00000000000001
    ],
    [
      99.71013872945205,
      99.02301146615827
    ],
    [
      99.45956976338928,
      98.03755720432544
    ],
    [
      99.24771909140321,
      97.04462262084635
    ],
    [
      99.07401270308554,
      96.04519312206611
    ],
    [
      98.93787658802776,
      95.04025411432963
    ],
    [
      98.8387367358215,
      94.0307910039819
    ],
    [
      98.7760191360584,
      93.01778919736797
    ],
    [
      98.74914977833001,
      92.00223410083275
    ],
    [
      98.75755465222792,
      90.98511112072126
    ],
    [
      98.80065974734376,
      89.96740566337849
    ],
    [
      98.8778910532691,
      88.95010313514938
    ],
    [
      98.98867455959555,
      87.93418894237897
    ],
    [
      99.13243625591467,
      86.92064849141218
    ],
    [
      99.30860213181809,
      85.91046718859404
    ],
    [
      99.5165981768974,
      84.90463044026956
    ],
    [
      99.75585038074422,
      83.9041236527837
    ],
    [
      100.02578473295006,
      82.90993223248138
    ],
    [
      100.32582722310663,
      81.92304158570772
    ],
    [
      100.65540384080542,
      80.94443711880757
    ],
    [
      101.01394057563806,
      79.97510423812598
    ],
    [
      101.4008634171962,
      79.01602835000793
    ],
    [
      101.81559835507139,
      78.06819486079841
    ],
    [
      102.2575713788552,
      77.13258917684237
    ],
    [
      102.72620847813927,
      76.21019670448483
    ],
    [
      103.22093564251517,
      75.30200285007078
    ],
    [
      103.74117886157451,
      74.40899301994517
    ],
    [
      104.28636412490886,
      73.53215262045302
    ],
    [
      104.85591742210984,
      72.67246705793927
    ],
    [
      105.44926474276903,
      71.83092173874894
    ],
    [
      106.06583207647805,
      71.00850206922699
    ],
    [
      106.70504541282844,
      70.20619345571843
    ],
    [
      107.36633074141186,
      69.42498130456823
    ],
    [
      108.04911405181987,
      68.66585102212139
    ],
    [
      108.75282133364406,
      67.92978801472287
    ],
    [
      109.47687857647604,
      67.21777768871766
    ],
    [
      110.22071176990744,
      66.53080545045077
    ],
    [
      110.98374690352978,
      65.86985670626716
    ],
    [
      111.76540996693473,
      65.23591686251183
    ],
    [
      112.5651269497138,
      64.62997132552974
    ],
    [
      113.38232295492465,
      64.0529978029071
    ],
    [
      114.21633475697257,
      63.50520694652269
    ],
    [
      115.0663369300634,
      62.985400843922925
    ],
    [
      115.93148665411607,
      62.49223052876015
    ],
    [
      116.81094110904961,
      62.02434703468682
    ],
    [
      117.70385747478306,
      61.58040139535533
    ],
    [
      118.60939293123548,
      61.15904464441813
    ],
    [
      119.52670465832588,
      60.758927815527635
    ],
    [
      120.45494983597325,
      60.37870194233624
    ],
    [
      121.39328564409666,
      60.01701805849639
    ],
    [
      122.34086926261512,
      59.67252719766049
    ],
    [
      123.29685787144768,
      59.34388039348099
    ],
    [
      124.26040865051334,
      59.02972867961026
    ],
    [
      125.23067877973116,
      58.72872308970078
    ],
    [
      126.20682543902014,
      58.43951465740492
    ],
    [
      127.18800580829932,
      58.16075441637513
    ],
    [
      128.17337706748776,
      57.89109340026383
    ],
    [
      129.1620963965044,
      57.62918264272342
    ],
    [
      130.15332097526837,
      57.37367317740634
    ],
    [
      131.14620798369862,
      57.12321603796499
    ],
    [
      132.13991460171422,
      56.876462258051816
    ],
    [
      133.1335980092342,
      56.63206287131923
    ],
    [
      134.1264153861776,
      56.38866891141966
    ],
    [
      135.1175239124634,
      56.1449314120055
    ],
    [
      136.10610612363368,
      55.89962154039784
    ],
    [
      137.09233737461264,
      55.65621439229993
    ],
    [
      138.0776868617642,
      55.424315219190994
    ],
    [
      139.06371066814899,
      55.21394093735649
    ],
    [
      140.05196487682764,
      55.035108463081805
    ],
    [
      141.04400557086072,
      54.89783471265236
    ],
    [
      142.04138883330884,
      54.81213660235357
    ],
    [
      143.04557638884864,
      54.78779121396205
    ],
    [
      144.055754201255,
      54.82879123601939
    ],
    [
      145.06877226129237,
      54.93319192028822
    ],
    [
      146.08137415634516,
      55.09877806877005
    ],
    [
      147.0903034737978,
      55.32333448346646
    ],
    [
      148.09230380103446,
      55.60464596637887
    ],
    [
      149.08411872543974,
      55.94049731950887
    ],
    [
      150.06249183439792,
      56.32867334485797
    ],
    [
      151.02416671529332,
      56.76695884442767
    ],
    [
      151.96588695551043,
      57.25313862021952
    ],
    [
      152.88439614243345,
      57.784997474234984
    ],
    [
      153.77643786344694,
      58.360320208475656
    ],
    [
      154.6387557059352,
      58.976891624943015
    ],
    [
      155.4680932572825,
      59.63249652563856
    ],
    [
      156.2611941048734,
      60.324919712563876
    ],
    [
      157.01480183609212,
      61.051945987720416
    ],
    [
      157.72566003832304,
      61.81136015310972
    ],
    [
      158.39051229895065,
      62.60094701073333
    ],
    [
      159.00610333291596,
      63.41849176650424
    ],
    [
      159.5701154116662,
      64.26211547626946
    ],
    [
      160.08286815269372,
      65.13088394159476
    ],
    [
      160.54514151932753,
      66.02402786836662
    ],
    [
      160.95771547489613,
      66.9407779624714
    ],
    [
      161.3213699827283,
      67.88036492979553
    ],
    [
      161.63674447240544,
      68.84170668637935
    ],
    [
      161.9037752711774,
      69.82215623397057
    ],
    [
      162.12217927405746,
      70.81857817792195
    ],
    [
      162.2916733032343,
      71.82783696149927
    ],
    [
      162.41197418089678,
      72.84679702796824
    ],
    [
      162.48279872923362,
      73.87232282059466
    ],
    [
      162.50386377043372,
      74.90127878264431
    ],
    [
      162.47488612668587,
      75.93052935738295
    ],
    [
      162.39558262017886,
      76.95693898807636
    ],
    [
      162.26567007310155,
      77.97737211799029
    ],
    [
      162.08486530764267,
      78.98869319039055
    ],
    [
      161.8528851459911,
      79.98776664854287
    ],
    [
      161.5694464103356,
      80.97145693571305
    ],
    [
      161.2342781606643,
      81.93663569133253
    ],
    [
      160.84793191518466,
      82.88065818309549
    ],
    [
      160.41228747661484,
      83.80166074685879
    ],
    [
      159.92934539556157,
      84.69785072158959
    ],
    [
      159.4011062226315,
      85.5674354462549
    ],
    [
      158.82957050843157,
      86.40862225982187
    ],
    [
      158.21673880356835,
      87.2196185012576
    ],
    [
      157.56461165864863,
      87.99863150952916
    ],
    [
      156.87518962427927,
      88.74386862360369
    ],
    [
      156.15047325106687,
      89.45353718244826
    ],
    [
      155.39246308870563,
      90.12584452470922
    ],
    [
      154.6030481764978,
      90.75895879566187
    ],
    [
      153.783698188701,
      91.35090074328967
    ],
    [
      152.93578423308062,
      91.89965647169184
    ],
    [
      152.06067741740193,
      92.40321208496758
    ],
    [
      151.1597488494302,
      92.85955368721618
    ],
    [
      150.23436963693084,
      93.26666738253682
    ],
    [
      149.28591125684554,
