{
  "test_id": 572,
  "test_outcome": "NOT_EXECUTED",
  "predicted_test_outcome": null,
  "test_duration": null,
  "road_points": [
    [
      99.99999999999999,
      100.0
    ],
    [
      100.07140121175806,
      98.78358531323747
    ],
    [
      100.06682779954141,
      97.60289663916079
    ],
    [
      99.98895932887177,
      96.45827097833444
    ],
    [
      99.84047536527109,
      95.35004533132316
    ],
    [
      99.62405547426113,
      94.27855669869153
    ],
    [
      99.34237922136361,
      93.24414208100411
    ],
    [
      98.99812617210047,
      92.2471384788256
    ],
    [
      98.59397589199351,
      91.28788289272059
    ],
    [
      98.13260794656449,
      90.36671232325368
    ],
    [
      97.61670190133528,
      89.48396377098953
    ],
    [
      97.04893732182765,
      88.6399742364927
    ],
    [
      96.43199377356343,
      87.83508072032784
    ],
    [
      95.76855082206446,
      87.06962022305957
    ],
    [
      95.0612880328525,
      86.34392974525248
    ],
    [
      94.31288497144942,
      85.65834628747122
    ],
    [
      93.52602120337701,
      85.01320685028037
    ],
    [
      92.70337629415712,
      84.40884843424459
    ],
    [
      91.84762980931151,
      83.84560803992846
    ],
    [
      90.96146131436203,
      83.32382266789665
    ],
    [
      90.04755037483048,
      82.84382931871369
    ],
    [
      89.10857655623869,
      82.40596499294428
    ],
    [
      88.14721942410847,
      82.01056669115299
    ],
    [
      87.16615854396161,
      81.65797141390445
    ],
    [
      86.16807348131994,
      81.34851616176327
    ],
    [
      85.15564380170532,
      81.0825379352941
    ],
    [
      84.13154907063952,
      80.86037373506151
    ],
    [
      83.09846885364435,
      80.68236056163016
    ],
    [
      82.05908271624165,
      80.54883541556462
    ],
    [
      81.01607022395321,
      80.46013529742956
    ],
    [
      79.97211094230086,
      80.41659720778955
    ],
    [
      78.92988443680643,
      80.41855814720924
    ],
    [
      77.8920702729917,
      80.46635511625323
    ],
    [
      76.86134801637851,
      80.56032511548612
    ],
    [
      75.84039723248868,
      80.70080514547257
    ],
    [
      74.83189748684399,
      80.88813220677716
    ],
    [
      73.83852834496632,
      81.12264329996455
    ],
    [
      72.86296937237742,
      81.40467542559931
    ],
    [
      71.90790013459913,
      81.73456558424607
    ],
    [
      70.97557679244369,
      82.11198413846088
    ],
    [
      70.06231641144227,
      82.52725052351553
    ],
    [
      69.16005869820232,
      82.96379215442377
    ],
    [
      68.2606414454659,
      83.40487598587666
    ],
    [
      67.35590244597493,
      83.83376897256515
    ],
    [
      66.43804101576023,
      84.23430390763154
    ],
    [
      65.50411345871504,
      84.59791550247677
    ],
    [
      64.55465116362235,
      84.92147750026835
    ],
    [
      63.590260913819044,
      85.20198164801724
    ],
    [
      62.61154949264191,
      85.43641969273445
    ],
    [
      61.619123683427794,
      85.62178338143083
    ],
    [
      60.6135902695135,
      85.75506446111743
    ],
    [
      59.595724671147465,
      85.83346773901125
    ],
    [
      58.56805904970021,
      85.85641753419077
    ],
    [
      57.53416918338358,
      85.82465669806055
    ],
    [
      56.49764462203941,
      85.7389454814562
    ],
    [
      55.46207491550944,
      85.6000441352133
    ],
    [
      54.43104961363546,
      85.40871291016742
    ],
    [
      53.40815826625929,
      85.16571205715417
    ],
    [
      52.396990423222675,
      84.87180182700911
    ],
    [
      51.401135634367414,
      84.52774247056787
    ],
    [
      50.42418344953529,
      84.134294238666
    ],
    [
      49.469723418568094,
      83.6922173821391
    ],
    [
      48.54134509130761,
      83.20227215182275
    ],
    [
      47.64263801759563,
      82.66521879855256
    ],
    [
      46.777191747273896,
      82.08181757316405
    ],
    [
      45.948595830184246,
      81.4528287264929
    ],
    [
      45.160439816168434,
      80.77901250937461
    ],
    [
      44.41631325506826,
      80.06112917264484
    ],
    [
      43.7198056967255,
      79.29993896713911
    ],
    [
      43.07449335104517,
      78.49621002314443
    ],
    [
      42.482605059480484,
      77.65150631611434
    ],
    [
      41.943885329996455,
      76.7688592336242
    ],
    [
      41.45781089299866,
      75.85145833043536
    ],
    [
      41.023858478892606,
      74.90249316130914
    ],
    [
      40.64150481808388,
      73.92515328100689
    ],
    [
      40.310226640977994,
      72.9226282442899
    ],
    [
      40.029500677980515,
      71.89810760591946
    ],
    [
      39.798803659496976,
      70.85478092065695
    ],
    [
      39.61761231593293,
      69.79583774326366
    ],
    [
      39.48540337769393,
      68.72446762850093
    ],
    [
      39.40165357518549,
      67.6438601311301
    ],
    [
      39.36583963881319,
      66.55720480591243
    ],
    [
      39.37743829898257,
      65.46769120760928
    ],
    [
      39.43592628609917,
      64.37850889098199
    ],
    [
      39.54078033056854,
      63.29284741079184
    ],
    [
      39.691477162796204,
      62.21389632180018
    ],
    [
      39.88749351318774,
      61.14484517876833
    ],
    [
      40.12830611214868,
      60.088883536457594
    ],
    [
      40.41339169008457,
      59.04920094962933
    ],
    [
      40.74222697740097,
      58.028986973044844
    ],
    [
      41.11428870450341,
      57.03143116146544
    ],
    [
      41.52905360179743,
      56.059723069652456
    ],
    [
      41.98599839968858,
      55.11705225236721
    ],
    [
      42.48459982858242,
      54.20660826437104
    ],
    [
      43.024334618884474,
      53.33158066042523
    ],
    [
      43.604373705668976,
      52.49473062602248
    ],
    [
      44.219577840670006,
      51.69278148441238
    ],
    [
      44.861620504387965,
      50.91799171289215
    ],
    [
      45.52210039707016,
      50.162515033849274
    ],
    [
      46.19261621896386,
      49.41850516967113
    ],
    [
      46.86476667031637,
      48.67811584274523
    ],
    [
      47.53015045137494,
      47.93350077545894
    ],
    [
      48.18036626238687,
      47.176813690199765
    ],
    [
      48.80701280359944,
      46.40020830935512
    ],
    [
      49.40203726773641,
      45.596276631685924
    ],
    [
      49.96193340191085,
      44.7633285623759
    ],
    [
      50.48638194668669,
      43.90368208146313
    ],
    [
      50.97512941715615,
      43.01973788934184
    ],
    [
      51.42792232841148,
      42.113896686406164
    ],
    [
      51.84450719554496,
      41.18855917305033
    ],
    [
      52.22463053364884,
      40.24612604966853
    ],
    [
      52.56803885781535,
      39.28899801665493
    ],
    [
      52.874478683136736,
      38.319575774403724
    ],
    [
      53.14369652470525,
      37.34026002330909
    ],
    [
      53.37543889761314,
      36.35345146376523
    ],
    [
      53.56945231695264,
      35.36155079616633
    ],
    [
      53.72578035275635,
      34.36686929659363
    ],
    [
      53.84835968966321,
      33.370546272406
    ],
    [
      53.943864674587786,
      32.37289689530649
    ],
    [
      54.019026600105235,
      31.374219194288536
    ],
    [
      54.08057675879068,
      30.37481119834559
    ],
    [
      54.13524644321928,
      29.374970936471136
    ],
    [
      54.189766945966134,
      28.37499643765857
    ],
    [
      54.25086955960643,
      27.375185730901375
    ],
    [
      54.325285576715245,
      26.375836845192985
    ],
    [
      54.419746289867774,
      25.37724780952687
    ],
    [
      54.54098299163913,
