{
  "test_id": 693,
  "test_outcome": "NOT_EXECUTED",
  "predicted_test_outcome": null,
  "test_duration": null,
  "road_points": [
    [
      100.00000000000001,
      100.00000000000003
    ],
    [
      100.00542431301055,
      98.859399516812
    ],
    [
      99.94488217775587,
      97.74209425739242
    ],
    [
      99.82058803838665,
      96.64908884547808
    ],
    [
      99.63475633905365,
      95.58138790480582
    ],
    [
      99.3896015239074,
      94.53999605911244
    ],
    [
      99.08733803709873,
      93.52591793213483
    ],
    [
      98.73018032277827,
      92.54015814760986
    ],
    [
      98.32034282509663,
      91.58372132927425
    ],
    [
      97.8600399882046,
      90.65761210086494
    ],
    [
      97.3514862562528,
      89.76283508611868
    ],
    [
      96.79689607339192,
      88.90039490877243
    ],
    [
      96.19848388377262,
      88.0712961925629
    ],
    [
      95.55846413154568,
      87.27654356122702
    ],
    [
      94.87905126086164,
      86.51714163850156
    ],
    [
      94.16245971587126,
      85.79409504812338
    ],
    [
      93.41090394072523,
      85.10840841382931
    ],
    [
      92.62659837957418,
      84.4610863593562
    ],
    [
      91.81175747656883,
      83.85313350844089
    ],
    [
      90.96859567585986,
      83.28555448482021
    ],
    [
      90.09932742159792,
      82.75935391223098
    ],
    [
      89.20616715793372,
      82.27553641441007
    ],
    [
      88.29132932901794,
      81.83510661509426
    ],
    [
      87.35702837900125,
      81.43906913802044
    ],
    [
      86.4054787520343,
      81.08842860692543
    ],
    [
      85.43889489226787,
      80.78418964554609
    ],
    [
      84.45949124385254,
      80.52735687761921
    ],
    [
      83.46948225093905,
      80.31893492688167
    ],
    [
      82.47108235767803,
      80.15992841707026
    ],
    [
      81.4665063770098,
      80.05133995955134
    ],
    [
      80.4580044445941,
      79.99397942057534
    ],
    [
      79.44789079046174,
      79.98830692330367
    ],
    [
      78.43848641628928,
      80.03474564012923
    ],
    [
      77.43211232375312,
      80.13371874344494
    ],
    [
      76.43108951452987,
      80.2856494056438
    ],
    [
      75.43773899029598,
      80.49096079911865
    ],
    [
      74.454381752728,
      80.75007609626249
    ],
    [
      73.48333880350236,
      81.06341846946819
    ],
    [
      72.52693114429563,
      81.43141109112871
    ],
    [
      71.58747977678428,
      81.85447713363695
    ],
    [
      70.66732125682626,
      82.33257081391729
    ],
    [
      69.7688629023037,
      82.86351288797019
    ],
    [
      68.89453214343341,
      83.4445177289169
    ],
    [
      68.0467564118282,
      84.0727996677897
    ],
    [
      67.22796313910084,
      84.74557303562065
    ],
    [
      66.44057975686411,
      85.460052163442
    ],
    [
      65.68703369673084,
      86.21345138228594
    ],
    [
      64.96975239031381,
      87.0029850231846
    ],
    [
      64.2911632692258,
      87.82586741717017
    ],
    [
      63.653693765079616,
      88.67931289527482
    ],
    [
      63.05977130948805,
      89.56053578853073
    ],
    [
      62.5118233340639,
      90.46675042797008
    ],
    [
      62.012277270419915,
      91.39517114462501
    ],
    [
      61.563560550168944,
      92.34301226952776
    ],
    [
      61.168100604923765,
      93.30748813371045
    ],
    [
      60.82832486629715,
      94.2858130682053
    ],
    [
      60.54666076590192,
      95.27520140404444
    ],
    [
      60.32553573535087,
      96.27286747226009
    ],
    [
      60.16737720625674,
      97.27602560388434
    ],
    [
      60.07461259780215,
      98.28189013304636
    ],
    [
      60.048797315464746,
      99.28789264727372
    ],
    [
      60.08824910359275,
      100.29227136463238
    ],
    [
      60.19053445590779,
      101.2934516696868
    ],
    [
      60.35321986613141,
      102.28985894700142
    ],
    [
      60.573871827985265,
      103.27991858114078
    ],
    [
      60.850056835190934,
      104.26205595666937
    ],
    [
      61.17934138147,
      105.23469645815159
    ],
    [
      61.559291960544094,
      106.19626547015199
    ],
    [
      61.98747506613477,
      107.14518837723497
    ],
    [
      62.46145719196365,
      108.0798905639651
    ],
    [
      62.978804831752356,
      108.9987974149068
    ],
    [
      63.53708447922246,
      109.9003343146246
    ],
    [
      64.13386262809554,
      110.78292664768291
    ],
    [
      64.76670577209325,
      111.64499979864627
    ],
    [
      65.43318040493713,
      112.4849791520791
    ],
    [
      66.13085302034884,
      113.30129009254598
    ],
    [
      66.85729011204991,
      114.09235800461127
    ],
    [
      67.61005817376198,
      114.85660827283951
    ],
    [
      68.38672369920667,
      115.59246628179521
    ],
    [
      69.18485318210551,
      116.29835741604275
    ],
    [
      70.00201311618018,
      116.97270706014672
    ],
    [
      70.83576999515222,
      117.61394059867152
    ],
    [
      71.68369130710268,
      118.22048640339462
    ],
    [
      72.54372284114416,
      118.79190932220735
    ],
    [
      73.41475697062408,
      119.33061789171138
    ],
    [
      74.29583171434787,
      119.83945819049313
    ],
    [
      75.18598509112098,
      120.32127629713897
    ],
    [
      76.08425511974883,
      120.77891829023523
    ],
    [
      76.9896798190369,
      121.21523024836829
    ],
    [
      77.90129720779058,
      121.63305825012455
    ],
    [
      78.81814530481535,
      122.03524837409036
    ],
    [
      79.73926212891662,
      122.42464669885207
    ],
    [
      80.66368569889987,
      122.8040993029961
    ],
    [
      81.59045403357052,
      123.17645226510874
    ],
    [
      82.518605151734,
      123.54455166377642
    ],
    [
      83.44717707219577,
      123.91124357758554
    ],
    [
      84.37520781376125,
      124.27937408512237
    ],
    [
      85.30173539523588,
      124.65178926497332
    ],
    [
      86.22579783542513,
      125.0313351957248
    ],
    [
      87.14643315313441,
      125.42085795596316
    ],
    [
      88.06268221545773,
      125.82319526957488
    ],
    [
      88.97405812210866,
      126.23979969116407
    ],
    [
      89.88106930010558,
      126.66920424637492
    ],
    [
      90.78435025717899,
      127.10957213648523
    ],
    [
      91.68453550105927,
      127.5590665627727
    ],
    [
      92.58225953947687,
      128.01585072651508
    ],
    [
      93.47815688016222,
      128.4780878289901
    ],
    [
      94.37286203084577,
      128.94394107147548
    ],
    [
      95.26700949925791,
      129.41157365524901
    ],
    [
      96.16123379312913,
      129.87914878158838
    ],
    [
      97.05616942018985,
      130.34482965177136
    ],
    [
      97.95245088817046,
      130.8067794670757
    ],
    [
      98.85071270480142,
      131.26316142877903
    ],
    [
      99.75158937781318,
      131.7121387381592
    ],
    [
      100.65571541493615,
      132.1518745964939
    ],
    [
      101.56372532390074,
      132.58053220506088
    ],
    [
      102.47625361243746,
      132.9962747651379
    ],
    [
      103.39393478827664,
      133.39726547800268
    ],
    [
      104.31740335914881,
      133.78166754493293
    ],
    [
      105.24729383278432,
      134.14764416720638
    ],
    [
      106.18424071691365,
      134.49335854610086
    ],
    [
      107.12887851926723,
      134.81697388289396
    ],
    [
      108.08183618807229,
      135.11666358279516
    ],
    [
      109.04329409431978,
      135.3914243712343
    ],
    [
      110.01266161659946,
      135.64166805577833
    ],
    [
      110.98927210037671,
      135.86794599545522
    ],
    [
