{
  "test_id": 5,
  "test_outcome": "NOT_EXECUTED",
  "predicted_test_outcome": null,
  "test_duration": null,
  "road_points": [
    [
      100.00000000000003,
      100.00000000000003
    ],
    [
      99.86191952874452,
      99.03170121103113
    ],
    [
      99.73100305991643,
      98.05778128422439
    ],
    [
      99.60751055513606,
      97.0785684867034
    ],
    [
      99.49170197602359,
      96.0943910855917
    ],
    [
      99.38383728419915,
      95.10557734801274
    ],
    [
      99.28417644128298,
      94.1124555410901
    ],
    [
      99.19297940889525,
      93.1153539319473
    ],
    [
      99.11050614865616,
      92.11460078770786
    ],
    [
      99.03701662218589,
      91.1105243754953
    ],
    [
      98.97277079110468,
      90.10345296243318
    ],
    [
      98.91802861703265,
      89.09371481564499
    ],
    [
      98.87305006159005,
      88.08163820225427
    ],
    [
      98.838095086397,
      87.06755138938455
    ],
    [
      98.81342365307376,
      86.05178264415932
    ],
    [
      98.79929572324049,
      85.0346602337022
    ],
    [
      98.7959712585174,
      84.01651242513661
    ],
    [
      98.80371022052468,
      82.99766748558615
    ],
    [
      98.82277257088249,
      81.97845368217432
    ],
    [
      98.85341827121104,
      80.95919928202463
    ],
    [
      98.8959072831305,
      79.9402325522606
    ],
    [
      98.95049956826111,
      78.92188176000582
    ],
    [
      99.01745508822303,
      77.90447517238375
    ],
    [
      99.09703380463644,
      76.88834105651796
    ],
    [
      99.18949567912156,
      75.87380767953195
    ],
    [
      99.29510067329855,
      74.86120330854926
    ],
    [
      99.41410874878761,
      73.85085621069342
    ],
    [
      99.54677986720897,
      72.84309465308793
    ],
    [
      99.69337399018278,
      71.83824690285634
    ],
    [
      99.85415107932921,
      70.83664122712216
    ],
    [
      100.0293710962685,
      69.83860589300893
    ],
    [
      100.21929400262083,
      68.8444691676402
    ],
    [
      100.4241797600064,
      67.85455931813948
    ],
    [
      100.64428833004536,
      66.86920461163027
    ],
    [
      100.87987967435792,
      65.8887333152361
    ],
    [
      101.1312137545643,
      64.91347369608053
    ],
    [
      101.39855053228463,
      63.94375402128705
    ],
    [
      101.68214996913915,
      62.97990255797921
    ],
    [
      101.98227202674805,
      62.02224757328055
    ],
    [
      102.29917666673151,
      61.07111733431458
    ],
    [
      102.63312385070972,
      60.126840108204796
    ],
    [
      102.9842737245798,
      59.189681375981166
    ],
    [
      103.35218545295811,
      58.25952858938339
    ],
    [
      103.73619435703738,
      57.33612839814406
    ],
    [
      104.13563537954076,
      56.41922721393084
    ],
    [
      104.54984346319135,
      55.50857144841132
    ],
    [
      104.97815355071225,
      54.60390751325313
    ],
    [
      105.41990058482662,
      53.704981820123926
    ],
    [
      105.87441950825759,
      52.81154078069133
    ],
    [
      106.34104526372825,
      51.92333080662296
    ],
    [
      106.81911279396176,
      51.040098309586476
    ],
    [
      107.30795704168125,
      50.16158970124949
    ],
    [
      107.80691294960985,
      49.28755139327966
    ],
    [
      108.31531546047066,
      48.41772979734458
    ],
    [
      108.83249951698683,
      47.5518713251119
    ],
    [
      109.35780006188148,
      46.68972238824925
    ],
    [
      109.89055203787771,
      45.83102939842427
    ],
    [
      110.4300903876987,
      44.97553876730459
    ],
    [
      110.97575005406756,
      44.12299690655783
    ],
    [
      111.5268659797074,
      43.273150227851644
    ],
    [
      112.08277310734135,
      42.42574514285364
    ],
    [
      112.64280637969257,
      41.58052806323146
    ],
    [
      113.20630073948413,
      40.73724540065274
    ],
    [
      113.77259112943922,
      39.89564356678512
    ],
    [
      114.34101249228091,
      39.05546897329621
    ],
    [
      114.91089977073236,
      38.21646803185366
    ],
    [
      115.4815879075167,
      37.37838715412508
    ],
    [
      116.05241184535704,
      36.54097275177813
    ],
    [
      116.62270652697654,
      35.70397123648041
    ],
    [
      117.19180691454095,
      34.867129035203426
    ],
    [
      117.76108551743607,
      34.03179638043914
    ],
    [
      118.33955232200752,
      33.20533515809865
    ],
    [
      118.93800647395574,
      32.39651554717308
    ],
    [
      119.56724711898096,
      31.61410772665354
    ],
    [
      120.23807340278357,
      30.86688187553115
    ],
    [
      120.95990619557686,
      30.162812289118985
    ],
    [
      121.73287214302452,
      29.504506322891764
    ],
    [
      122.55325734081778,
      28.892353610927614
    ],
    [
      123.41733573946192,
      28.326736774080295
    ],
    [
      124.32138128946215,
      27.80803843320352
    ],
    [
      125.26166794132371,
      27.33664120915104
    ],
    [
      126.23446964555184,
      26.912927722776583
    ],
    [
      127.23606035265185,
      26.537280594933897
    ],
    [
      128.26271401312889,
      26.210082446476704
    ],
    [
      129.31070457748822,
      25.93171589825874
    ],
    [
      130.37630599623517,
      25.70256357113376
    ],
    [
      131.45579221987492,
      25.523008085955478
    ],
    [
      132.54543719891268,
      25.39343206357764
    ],
    [
      133.64151488385374,
      25.314218124853976
    ],
    [
      134.74029922520336,
      25.28574889063824
    ],
    [
      135.83806417346673,
      25.308406981784145
    ],
    [
      136.93108367914917,
      25.382575019145442
    ],
    [
      138.01563169275585,
      25.50863562357586
    ],
    [
      139.08798216479207,
      25.686971415929136
    ],
    [
      140.144409045763,
      25.917965017059007
    ],
    [
      141.181186286174,
      26.201999047819214
    ],
    [
      142.19458783653022,
      26.53945612906349
    ],
    [
      143.18088764733693,
      26.93071888164556
    ],
    [
      144.13635966909936,
      27.376169926419188
    ],
    [
      145.05738206062927,
      27.876072802684334
    ],
    [
      145.94183318048698,
      28.42897673230358
    ],
    [
      146.78871676149416,
      29.032144942576547
    ],
    [
      147.59706383212713,
      29.682809469345322
    ],
    [
      148.36590542086225,
      30.378202348451985
    ],
    [
      149.09427255617592,
      31.11555561573859
    ],
    [
      149.78119626654433,
      31.892101307047238
    ],
    [
      150.425707580444,
      32.70507145821999
    ],
    [
      151.02683752635122,
      33.551698105098964
    ],
    [
      151.58361713274232,
      34.42921328352618
    ],
    [
      152.09507742809367,
      35.33484902934376
    ],
    [
      152.56024944088156,
      36.265837378393755
    ],
    [
      152.97816419958244,
      37.21941036651825
    ],
    [
      153.34785273267258,
      38.19280002955934
    ],
    [
      153.66834606862835,
      39.18323840335907
    ],
    [
      153.93867523592613,
      40.187957523759565
    ],
    [
      154.15787126304218,
      41.204189426602845
    ],
    [
      154.3250427865809,
      42.22915828793625
    ],
    [
      154.43987877280176,
      43.26002951068452
    ],
    [
      154.50233096123318,
      44.29394188530249
    ],
    [
      154.5123523891575,
      45.328034070814496
    ],
    [
      154.46989609385693,
      46.359444726244774
    ],
    [
      154.37491511261376,
      47.38531251061764
    ],
    [
      154.2273624827103,
      48.40277608295736
    ],
    [
      154.02719124142885,
      49.40897410228821
    ],
    [
      153.77435442605162,
      50.401045227634505
    ],
    [
