{
  "test_id": 4,
  "test_outcome": "NOT_EXECUTED",
  "predicted_test_outcome": null,
  "test_duration": null,
  "road_points": [
    [
      100.0,
      100.0
    ],
    [
      99.89675264787019,
      99.05431178829153
    ],
    [
      99.79654238202869,
      98.10048738523707
    ],
    [
      99.69981190034636,
      97.13896691510747
    ],
    [
      99.6070039006938,
      96.17019050217328
    ],
    [
      99.51856108094174,
      95.19459827070527
    ],
    [
      99.43492613896088,
      94.21263034497406
    ],
    [
      99.35654177262194,
      93.22472684925037
    ],
    [
      99.28385067979565,
      92.2313279078049
    ],
    [
      99.21729555835265,
      91.23287364490824
    ],
    [
      99.1573191061637,
      90.2298041848312
    ],
    [
      99.10436402109951,
      89.22255965184438
    ],
    [
      99.05887300103072,
      88.21158017021847
    ],
    [
      99.02128874382811,
      87.19730586422416
    ],
    [
      98.99205394736231,
      86.18017685813213
    ],
    [
      98.97161130950413,
      85.1606332762131
    ],
    [
      98.96040352812416,
      84.1391152427377
    ],
    [
      98.95887330109323,
      83.11606288197667
    ],
    [
      98.96746332628194,
      82.09191631820065
    ],
    [
      98.98661630156101,
      81.06711567568031
    ],
    [
      99.0167749248012,
      80.04210107868637
    ],
    [
      99.05838189387316,
      79.0173126514895
    ],
    [
      99.11187990664763,
      77.99319051836035
    ],
    [
      99.17771166099531,
      76.97017480356968
    ],
    [
      99.2563198547869,
      75.94870563138811
    ],
    [
      99.34814718589311,
      74.92922312608633
    ],
    [
      99.45363635218463,
      73.91216741193503
    ],
    [
      99.57323005153216,
      72.89797861320487
    ],
    [
      99.70737098180645,
      71.88709685416659
    ],
    [
      99.85650184087818,
      70.87996225909083
    ],
    [
      100.02106532661804,
      69.8770149522483
    ],
    [
      100.20150413689674,
      68.87869505790964
    ],
    [
      100.39826096958502,
      67.88544270034556
    ],
    [
      100.61177852255354,
      66.89769800382675
    ],
    [
      100.84249949367302,
      65.91590109262387
    ],
    [
      101.0908665808142,
      64.94049209100763
    ],
    [
      101.35732248184772,
      63.97191112324869
    ],
    [
      101.64230989464436,
      63.01059831361775
    ],
    [
      101.94627151707475,
      62.05699378638546
    ],
    [
      102.26965004700963,
      61.11153766582254
    ],
    [
      102.61288818231975,
      60.174670076199675
    ],
    [
      102.97629314289283,
      59.24674674847944
    ],
    [
      103.35921011549142,
      58.32752413427185
    ],
    [
      103.76056798847488,
      57.416499360397474
    ],
    [
      104.1792939852731,
      56.5131685165423
    ],
    [
      104.61431532931621,
      55.61702769239246
    ],
    [
      105.06455924403414,
      54.72757297763398
    ],
    [
      105.52895295285703,
      53.84430046195299
    ],
    [
      106.00642367921479,
      52.96670623503548
    ],
    [
      106.49589864653755,
      52.094286386567596
    ],
    [
      106.99630507825523,
      51.22653700623535
    ],
    [
      107.50657019779791,
      50.362954183724824
    ],
    [
      108.02562122859564,
      49.50303400872211
    ],
    [
      108.5523853940784,
      48.64627257091324
    ],
    [
      109.0857899176762,
      47.792165959984324
    ],
    [
      109.62476202281911,
      46.9402102656214
    ],
    [
      110.16822893293717,
      46.08990157751056
    ],
    [
      110.71511787146034,
      45.24073598533784
    ],
    [
      111.26435606181866,
      44.392209578789334
    ],
    [
      111.81487072744218,
      43.54381844755111
    ],
    [
      112.36558909176094,
      42.69505868130923
    ],
    [
      112.91543837820494,
      41.84542636974976
    ],
    [
      113.46334581020415,
      40.99441760255877
    ],
    [
      114.00823861118872,
      40.14152846942235
    ],
    [
      114.54904400458855,
      39.28625506002654
    ],
    [
      115.08468921383374,
      38.428093464057426
    ],
    [
      115.61410146235428,
      37.566539771201064
    ],
    [
      116.13620797358023,
      36.70109007114354
    ],
    [
      116.64993597094156,
      35.8312404535709
    ],
    [
      117.15421267786837,
      34.95648700816924
    ],
    [
      117.64796531779058,
      34.076325824624604
    ],
    [
      118.13140263712889,
      33.19104572615161
    ],
    [
      118.61095928811834,
      32.30478680068744
    ],
    [
      119.09495790788456,
      31.422857019176476
    ],
    [
      119.59172155642038,
      30.550564614143337
    ],
    [
      120.10957329371864,
      29.69321781811261
    ],
    [
      120.65683617977223,
      28.85612486360891
    ],
    [
      121.24016943847411,
      28.043655637819953
    ],
    [
      121.85872615356715,
      27.2559468275545
    ],
    [
      122.50954366846852,
      26.491941916114754
    ],
    [
      123.18965920564206,
      25.75058431858947
    ],
    [
      123.8961099875516,
      25.03081745006741
    ],
    [
      124.62593323666111,
      24.331584725637327
    ],
    [
      125.37616617543436,
      23.651829560388
    ],
    [
      126.14384602633521,
      22.990495369408183
    ],
    [
      126.92601001182759,
      22.34652556778663
    ],
    [
      127.7196953543753,
      21.718863570612125
    ],
    [
      128.52208952862645,
      21.106502746863814
    ],
    [
      129.33223965146252,
      20.509054735164437
    ],
    [
      130.15044852072992,
      19.92654864659919
    ],
    [
      130.97704252398023,
      19.359021435051346
    ],
    [
      131.81234804876476,
      18.806510054404168
    ],
    [
      132.65669148263518,
      18.269051458540925
    ],
    [
      133.51039921314282,
      17.746682601344894
    ],
    [
      134.37379762783917,
      17.239440436699343
    ],
    [
      135.2472131142757,
      16.747361918487538
    ],
    [
      136.1309720600039,
      16.270484000592745
    ],
    [
      137.02540085257522,
      15.808843636898247
    ],
    [
      137.93082587954112,
      15.362477781287302
    ],
    [
      138.84757352845304,
      14.931423387643186
    ],
    [
      139.77597018686248,
      14.515717409849156
    ],
    [
      140.716342242321,
      14.115396801788489
    ],
    [
      141.6689081849909,
      13.730706694752133
    ],
    [
      142.6328144478897,
      13.363960648928439
    ],
    [
      143.60659354447816,
      13.018656721952613
    ],
    [
      144.58877074288964,
      12.698306950607524
    ],
    [
      145.57787131125738,
      12.40642337167603
    ],
    [
      146.5724205177146,
      12.146518021940999
    ],
    [
      147.57094363039454,
      11.92210293818529
    ],
    [
      148.57196591743036,
      11.736690157191761
    ],
    [
      149.5740126469555,
      11.59379171574328
    ],
    [
      150.57560908710312,
      11.496919650622708
    ],
    [
      151.57528050600638,
      11.449585998612907
    ],
    [
      152.57155217179857,
      11.455302796496738
    ],
    [
      153.56294935261297,
      11.517582081057062
    ],
    [
      154.54799725985882,
      11.639935276572672
    ],
    [
      155.52510794350155,
      11.824651894397002
    ],
    [
      156.49234334384013,
      12.07024097513905
    ],
    [
      157.44769789930797,
      12.374482676855818
    ],
    [
      158.38916604833855,
      12.735157157604302
    ],
    [
      159.31474222936538,
      13.1500445754415
    ],
    [
      160.22242088082191,
      13.616925088424415
    ],
    [
      161.1101964411415,
      14.133578854610029
    ],
    [
      161.97606334875775,
      14.697786032055346
    ],
    [
      162.81801604210403,
      15.307326778817368
    ],
    [
      163.63404895961384,
