{
  "test_id": 4,
  "test_outcome": "NOT_EXECUTED",
  "predicted_test_outcome": null,
  "test_duration": null,
  "road_points": [
    [
      100.00000000000003,
      100.00000000000001
    ],
    [
      99.7393572728983,
      100.94909803309773
    ],
    [
      99.45905197805533,
      101.8962879813392
    ],
    [
      99.16079320306636,
      102.84178841738802
    ],
    [
      98.84629003552665,
      103.78581791390775
    ],
    [
      98.51725156303148,
      104.72859504356211
    ],
    [
      98.17538687317608,
      105.67033837901457
    ],
    [
      97.82240505355571,
      106.61126649292883
    ],
    [
      97.46001519176563,
      107.5515979579685
    ],
    [
      97.08992637540103,
      108.49155134679711
    ],
    [
      96.71384769205727,
      109.43134523207833
    ],
    [
      96.33348822932956,
      110.37119818647577
    ],
    [
      95.9505570748131,
      111.31132878265299
    ],
    [
      95.56676331610323,
      112.25195559327365
    ],
    [
      95.18381604079515,
      113.19329719100134
    ],
    [
      94.80342433648416,
      114.13557214849968
    ],
    [
      94.42729729076544,
      115.07899903843222
    ],
    [
      94.05714399123431,
      116.02379643346262
    ],
    [
      93.69467352548598,
      116.97018290625445
    ],
    [
      93.34159498111575,
      117.91837702947136
    ],
    [
      92.99961744571884,
      118.86859737577693
    ],
    [
      92.67045000689049,
      119.82106251783478
    ],
    [
      92.355801752226,
      120.77599102830848
    ],
    [
      92.0573817693206,
      121.7336014798617
    ],
    [
      91.7768991457695,
      122.694112445158
    ],
    [
      91.51606296916805,
      123.657742496861
    ],
    [
      91.27658232711141,
      124.62471020763431
    ],
    [
      91.06016630719492,
      125.59523415014156
    ],
    [
      90.86852399701375,
      126.56953289704629
    ],
    [
      90.70336429948823,
      127.5478249412714
    ],
    [
      90.56611480705743,
      128.53020730872007
    ],
    [
      90.45735513224898,
      129.5164108761494
    ],
    [
      90.37750574527706,
      130.5060978042756
    ],
    [
      90.32698711635591,
      131.49893025381502
    ],
    [
      90.30621971569971,
      132.49457038548394
    ],
    [
      90.31562401352271,
      133.49268035999856
    ],
    [
      90.3556204800391,
      134.49292233807523
    ],
    [
      90.42662958546312,
      135.49495848043017
    ],
    [
      90.52907180000895,
      136.49845094777965
    ],
    [
      90.66336759389083,
      137.50306190083992
    ],
    [
      90.82993743732297,
      138.50845350032736
    ],
    [
      91.02920180051956,
      139.51428790695817
    ],
    [
      91.26158115369483,
      140.52022728144868
    ],
    [
      91.52749596706299,
      141.52593378451505
    ],
    [
      91.82736671083828,
      142.53106957687368
    ],
    [
      92.16161330516188,
      143.5352957850725
    ],
    [
      92.53036656734197,
      144.53773000602925
    ],
    [
      92.93299471700806,
      145.53605611001805
    ],
    [
      93.36874170059,
      146.5277243266894
    ],
    [
      93.83685146451765,
      147.51018488569375
    ],
    [
      94.33656795522091,
      148.48088801668152
    ],
    [
      94.86713511912973,
      149.43728394930326
    ],
    [
      95.42779690267385,
      150.37682291320934
    ],
    [
      96.01779725228327,
      151.29695513805027
    ],
    [
      96.63638011438782,
      152.19513085347648
    ],
    [
      97.2827894354174,
      153.06880028913847
    ],
    [
      97.95626916180188,
      153.9154136746867
    ],
    [
      98.65606323997117,
      154.7324212397716
    ],
    [
      99.38141561635513,
      155.51727321404368
    ],
    [
      100.13157023738361,
      156.26741982715333
    ],
    [
      100.90577104948657,
      156.98031130875106
    ],
    [
      101.70326199909385,
      157.65339788848732
    ],
    [
      102.52328703263535,
      158.28412979601265
    ],
    [
      103.36509009654091,
      158.86995726097734
    ],
    [
      104.22791513724044,
      159.40833051303198
    ],
    [
      105.11100610116384,
      159.896699781827
    ],
    [
      106.01360693474095,
      160.3325152970129
    ],
    [
      106.9349615844017,
      160.71322728824006
    ],
    [
      107.87431399657592,
      161.03628598515897
    ],
    [
      108.83090811769355,
      161.29914161742013
    ],
    [
      109.80398789418444,
      161.499244414674
    ],
    [
      110.79273150065232,
      161.63413785271857
    ],
    [
      111.79482793747411,
      161.7034766420224
    ],
    [
      112.8064900129673,
      161.70900832262365
    ],
    [
      113.82386736011922,
      161.65256999959922
    ],
    [
      114.84310961191711,
      161.53599877802614
    ],
    [
      115.86036640134829,
      161.3611317629814
    ],
    [
      116.87178736140002,
      161.12980605954195
    ],
    [
      117.87352212505957,
      160.84385877278476
    ],
    [
      118.86172032531425,
      160.5051270077869
    ],
    [
      119.83253159515134,
      160.1154478696253
    ],
    [
      120.78210556755806,
      159.6766584633769
    ],
    [
      121.70659187552178,
      159.19059589411873
    ],
    [
      122.60214015202975,
      158.65909726692777
    ],
    [
      123.4649000300692,
      158.083999686881
    ],
    [
      124.2910211426275,
      157.46714025905536
    ],
    [
      125.07666519189875,
      156.81035760153028
    ],
    [
      125.81961067486428,
      156.11569301466523
    ],
    [
      126.5208640032299,
      155.38559245197763
    ],
    [
      127.1818150188205,
      154.62254993399458
    ],
    [
      127.80385356346096,
      153.82905948124335
    ],
    [
      128.38836947897605,
      153.00761511425102
    ],
    [
      128.93675260719067,
      152.1607108535448
    ],
    [
      129.45039278992968,
      151.29084071965184
    ],
    [
      129.93067986901787,
      150.40049873309934
    ],
    [
      130.37900368628013,
      149.49217891441444
    ],
    [
      130.79675408354123,
      148.56837528412424
    ],
    [
      131.18562899310294,
      147.63151053365013
    ],
    [
      131.54890901906685,
      146.68364093424498
    ],
    [
      131.8903815667587,
      145.72670542254454
    ],
    [
      132.21383427053263,
      144.76264288215972
    ],
    [
      132.52305476474282,
      143.79339219670166
    ],
    [
      132.82183068374349,
      142.82089224978128
    ],
    [
      133.1139496618888,
      141.84708192500963
    ],
    [
      133.40319933353297,
      140.87390010599782
    ],
    [
      133.69336733303015,
      139.90328567635675
    ],
    [
      133.98824129473456,
      138.93717751969743
    ],
    [
      134.29160885300035,
      137.97751451963103
    ],
    [
      134.60725764218182,
      137.0262355597684
    ],
    [
      134.938975296633,
      136.0852795237207
    ],
    [
      135.29054945070817,
      135.15658529509884
    ],
    [
      135.6657677387615,
      134.24209175751386
    ],
    [
      136.0684177951472,
      133.3437377945769
    ],
    [
      136.50228725421942,
      132.4634622898988
    ],
    [
      136.97116375033235,
      131.60320412709072
    ],
    [
      137.47801300091587,
      130.76457363923757
    ],
    [
      138.02218833500197,
      129.94773715447297
    ],
    [
      138.60205094334438,
      129.15246440664757
    ],
    [
      139.2159619887531,
      128.3785251184419
    ],
    [
      139.86228263403808,
      127.62568901253651
    ],
    [
      140.53937404200937,
      126.893725811612
    ],
    [
      141.24559737547693,
      126.18240523834879
    ],
    [
      141.97931379725082,
      125.49149701542751
    ],
    [
      142.73888447014107,
      124.8207708655286
    ],
    [
      143.5226705569576,
