{
  "test_id": 0,
  "test_outcome": "NOT_EXECUTED",
  "predicted_test_outcome": null,
  "test_duration": null,
  "road_points": [
    [
      100.00000000000001,
      100.00000000000001
    ],
    [
      99.73935727061813,
      100.94909803416749
    ],
    [
      99.45905197400624,
      101.89628798323884
    ],
    [
      99.16079319772082,
      102.84178841989589
    ],
    [
      98.84629002931831,
      103.78581791682043
    ],
    [
      98.51725155635526,
      104.72859504669428
    ],
    [
      98.17538686638805,
      105.67033838219922
    ],
    [
      97.8224050469732,
      106.61126649601707
    ],
    [
      97.46001518566719,
      107.55159796082961
    ],
    [
      97.08992637002643,
      108.49155134931864
    ],
    [
      96.71384768760745,
      109.43134523416599
    ],
    [
      96.33348822596675,
      110.37119818805346
    ],
    [
      95.9505570726607,
      111.3113287836628
    ],
    [
      95.56676331524585,
      112.2519555936759
    ],
    [
      95.18381604127866,
      113.19329719077449
    ],
    [
      94.80342433831562,
      114.13557214764045
    ],
    [
      94.42729729391314,
      115.07899903695545
    ],
    [
      94.05714399562771,
      116.02379643140141
    ],
    [
      93.69467353101582,
      116.97018290366007
    ],
    [
      93.34159498763397,
      117.91837702641328
    ],
    [
      92.99961745303858,
      118.86859737234282
    ],
    [
      92.67045001478616,
      119.82106251413046
    ],
    [
      92.35580176043314,
      120.77599102445807
    ],
    [
      92.05738177753602,
      121.73360147600738
    ],
    [
      91.77689915365124,
      122.69411244146023
    ],
    [
      91.51606297633535,
      123.65774249349843
    ],
    [
      91.27658233314472,
      124.62471020480375
    ],
    [
      91.0601663116359,
      125.59523414805804
    ],
    [
      90.8685239993653,
      126.56953289594304
    ],
    [
      90.70336429921448,
      127.54782494139982
    ],
    [
      90.56611480363038,
      128.53020731032788
    ],
    [
      90.4573551252888,
      129.5164108794148
    ],
    [
      90.37750573457858,
      130.5060978092949
    ],
    [
      90.3269871018885,
      131.49893026060252
    ],
    [
      90.30621969760736,
      132.49457039397208
    ],
    [
      90.315623992124,
      133.4926803700379
    ],
    [
      90.3556204558272,
      134.49292234943442
    ],
    [
      90.42662955910573,
      135.4949584927959
    ],
    [
      90.52907177234847,
      136.49845096075677
    ],
    [
      90.66336756594417,
      137.50306191395134
    ],
    [
      90.8299374102816,
      138.50845351301402
    ],
    [
      91.02920177574967,
      139.51428791857916
    ],
    [
      91.26158113273709,
      140.52022729128115
    ],
    [
      91.52749595163272,
      141.52593379175428
    ],
    [
      91.82736670282533,
      142.531069580633
    ],
    [
      92.16161330663049,
      143.5352957843835
    ],
    [
      92.53036658040114,
      144.53772999990244
    ],
    [
      92.93299474346969,
      145.53605609760336
    ],
    [
      93.36874174191328,
      146.5277243073023
    ],
    [
      93.83685152180897,
      147.51018485881505
    ],
    [
      94.3365680292339,
      148.48088798195772
    ],
    [
      94.86713521026525,
      149.43728390654636
    ],
    [
      95.42779701098002,
      150.3768228623967
    ],
    [
      96.01779737745542,
      151.2969550793248
    ],
    [
      96.63638025576854,
      152.1951307871467
    ],
    [
      97.28278959199649,
      153.06880021567824
    ],
    [
      97.9562693322164,
      153.91541359473544
    ],
    [
      98.65606342250538,
      154.73242115413427
    ],
    [
      99.38141580894057,
      155.51727312369076
    ],
    [
      100.13157043759904,
      156.26741973322075
    ],
    [
      100.90577125455795,
      156.98031121254024
    ],
    [
      101.70326220589442,
      157.65339779146527
    ],
    [
      102.52328723768557,
      158.28412969981179
    ],
    [
      103.36509029600849,
      158.86995716739563
    ],
    [
      104.22791532694029,
      159.40833042403287
    ],
    [
      105.11100627655813,
      159.89669969953945
    ],
    [
      106.01360709093912,
      160.33251522373135
    ],
    [
      106.93496171616033,
      160.7132272264245
    ],
    [
      107.87431409829891,
      161.03628593743485
    ],
    [
      108.830908183432,
      161.29914158657846
    ],
    [
      109.80398791763673,
      161.49924440367118
    ],
    [
      110.7927314752268,
      161.63413786464713
    ],
    [
      111.79482785771113,
      161.70347667944378
    ],
    [
      112.8064898759487,
      161.70900838690693
    ],
    [
      113.82386716552867,
      161.65257009089282
    ],
    [
      114.84310936204007,
      161.53599889525785
    ],
    [
      115.86036610107202,
      161.36113190385825
    ],
    [
      116.87178701821361,
      161.12980622055042
    ],
    [
      117.87352174905395,
      160.84385894919063
    ],
    [
      118.86171992918216,
      160.50512719363527
    ],
    [
      119.83253119418728,
      160.1154480577406
    ],
    [
      120.7821051796584,
      159.67665864536292
    ],
    [
      121.70659152118469,
      159.19059606035864
    ],
    [
      122.60213985435522,
      158.659097406584
    ],
    [
      123.46489981475902,
      158.08399978789532
    ],
    [
      124.29102103798527,
      157.46714030814906
    ],
    [
      125.07666522878247,
      156.81035758422598
    ],
    [
      125.81961088033063,
      156.11569291826913
    ],
    [
      126.5208643878452,
      155.38559227153243
    ],
    [
      127.18181557515342,
      154.6225496729868
    ],
    [
      127.80385426608257,
      153.82905915160313
    ],
    [
      128.3883702844598,
      153.00761473635225
    ],
    [
      128.93675345411242,
      152.1607104562051
    ],
    [
      129.45039359886755,
      151.29084034013258
    ],
    [
      129.93068054255247,
      150.40049841710552
    ],
    [
      130.37900410899434,
      149.49217871609486
    ],
    [
      130.79675412202042,
      148.56837526607146
    ],
    [
      131.185628502655,
      147.6315107637475
    ],
    [
      131.54890787824408,
      146.6836414694706
    ],
    [
      131.89037968841245,
      145.72670630378485
    ],
    [
      132.21383160181827,
      144.76264413420722
    ],
    [
      132.52305128711984,
      143.79339382825475
    ],
    [
      132.82182641297524,
      142.82089425344444
    ],
    [
      133.11394464804275,
      141.84708427729333
    ],
    [
      133.4031936609806,
      140.87390276731855
    ],
    [
      133.69336112044692,
      139.90328859103704
    ],
    [
      133.98823469509995,
      138.93718061596581
    ],
    [
      134.29160205359798,
      137.97751770962196
    ],
    [
      134.6072508645991,
      137.02623873952248
    ],
    [
      134.93896879676157,
      136.08528257318443
    ],
    [
      135.2905435187436,
      135.15658807812477
    ],
    [
      135.66576269920338,
      134.2420941218606
    ],
    [
      136.06841400679914,
      133.34373957190897
    ],
    [
      136.50228511018906,
      132.46346329578682
    ],
    [
      136.9711636780314,
      131.60320416101126
    ],
    [
      137.4780154410377,
      130.76457249443598
    ],
    [
      138.02219364912747,
      129.94773466131088
    ],
    [
      138.6020593885658,
      129.15246044450816
    ],
    [
      139.21597371767342,
      128.37851961573043
    ],
    [
      139.86229769477094,
      127.62568194668003
    ],
    [
      140.53939237817912,
      126.89371720905955
    ],
    [
      141.24561882621867,
      126.1823951745714
    ],
    [
      141.97933809721027,
      125.4914856149181
    ],
    [
      142.73891124947463,
      124.82075830180216
    ],
    [
      143.52269934133247,
