{
  "test_id": 11,
  "test_outcome": "NOT_EXECUTED",
  "predicted_test_outcome": null,
  "test_duration": null,
  "road_points": [
    [
      99.99999999999997,
      99.99999999999997
    ],
    [
      100.03629206469256,
      99.15359814891838
    ],
    [
      100.07790908258684,
      98.27878279109228
    ],
    [
      100.12319489451261,
      97.37751781659125
    ],
    [
      100.17049334129986,
      96.45176711548501
    ],
    [
      100.21814826377852,
      95.50349457784328
    ],
    [
      100.2645035027784,
      94.53466409373564
    ],
    [
      100.30790289912945,
      93.54723955323173
    ],
    [
      100.34669029366158,
      92.54318484640132
    ],
    [
      100.37920952720471,
      91.52446386331404
    ],
    [
      100.40380444058871,
      90.4930404940395
    ],
    [
      100.41881887464345,
      89.45087862864739
    ],
    [
      100.42259667019891,
      88.39994215720738
    ],
    [
      100.41348166808497,
      87.34219496978915
    ],
    [
      100.38981770913152,
      86.27960095646236
    ],
    [
      100.34994863416844,
      85.21412400729665
    ],
    [
      100.29221828402571,
      84.14772801236174
    ],
    [
      100.21497049953312,
      83.0823768617272
    ],
    [
      100.11654912152068,
      82.02003444546277
    ],
    [
      99.99529799081824,
      80.9626646536381
    ],
    [
      99.8495609482557,
      79.91223137632285
    ],
    [
      99.677681834663,
      78.87069850358668
    ],
    [
      99.47800449086996,
      77.84002992549924
    ],
    [
      99.24887275770661,
      76.82218953213021
    ],
    [
      98.98863047600274,
      75.81914121354927
    ],
    [
      98.69562148658832,
      74.83284885982607
    ],
    [
      98.36818963029323,
      73.86527636103028
    ],
    [
      98.00467874794737,
      72.91838760723154
    ],
    [
      97.60343268038066,
      71.99414648849955
    ],
    [
      97.16279526842301,
      71.09451689490396
    ],
    [
      96.68111035290428,
      70.22146271651442
    ],
    [
      96.1567217746544,
      69.37694784340063
    ],
    [
      95.58797337450328,
      68.5629361656322
    ],
    [
      94.97320899328079,
      67.78139157327882
    ],
    [
      94.31077247181692,
      67.03427795641021
    ],
    [
      93.59937449773096,
      66.323518497349
    ],
    [
      92.84084931895237,
      65.65068976749988
    ],
    [
      92.03861054835019,
      65.0171930814842
    ],
    [
      91.19608401208811,
      64.42442839865537
    ],
    [
      90.31669553632982,
      63.873795678366854
    ],
    [
      89.40387094723896,
      63.36669487997206
    ],
    [
      88.46103607097918,
      62.90452596282442
    ],
    [
      87.49161673371411,
      62.48868888627737
    ],
    [
      86.49903876160744,
      62.12058360968435
    ],
    [
      85.48672798082283,
      61.801610092398796
    ],
    [
      84.45811021752392,
      61.53316829377414
    ],
    [
      83.41661129787434,
      61.31665817316377
    ],
    [
      82.3656570480378,
      61.153479689921184
    ],
    [
      81.30867329417794,
      61.045032803399764
    ],
    [
      80.24908586245837,
      60.99271747295297
    ],
    [
      79.19032057904278,
      60.9979336579342
    ],
    [
      78.13580327009484,
      61.06208131769692
    ],
    [
      77.08895976177818,
      61.18656041159454
    ],
    [
      76.05321588025647,
      61.37277089898052
    ],
    [
      75.03199745169336,
      61.62211273920825
    ],
    [
      74.02859275094362,
      61.93563686002464
    ],
    [
      73.04525323409331,
      62.31176329803115
    ],
    [
      72.08375761672386,
      62.74771252743232
    ],
    [
      71.14588220679487,
      63.24069891317684
    ],
    [
      70.2334033122659,
      63.787936820213304
    ],
    [
      69.3480972410966,
      64.38664061349041
    ],
    [
      68.49174030124648,
      65.03402465795678
    ],
    [
      67.66610880067513,
      65.72730331856103
    ],
    [
      66.87297904734208,
      66.46369096025185
    ],
    [
      66.114127349207,
      67.24040194797789
    ],
    [
      65.3913300142294,
      68.05465064668775
    ],
    [
      64.70636335036887,
      68.90365142133015
    ],
    [
      64.06100366558499,
      69.7846186368537
    ],
    [
      63.45702726783733,
      70.694766658207
    ],
    [
      62.896210465085474,
      71.63130985033878
    ],
    [
      62.38032956528899,
      72.59146257819764
    ],
    [
      61.91116087640746,
      73.5724392067322
    ],
    [
      61.490480706400476,
      74.57145410089122
    ],
    [
      61.120065363227575,
      75.58572162562322
    ],
    [
      60.801691154848335,
      76.61245614587689
    ],
    [
      60.53713438922239,
      77.64887202660093
    ],
    [
      60.328171374309264,
      78.6921836327439
    ],
    [
      60.17657841806853,
      79.73960532925453
    ],
    [
      60.084131828459796,
      80.7883514810814
    ],
    [
      60.052607913442614,
      81.83563645317322
    ],
    [
      60.08378154066694,
      82.87867467793849
    ],
    [
      60.17849300684449,
      83.91472436038508
    ],
    [
      60.33503984005902,
      84.94116280144732
    ],
    [
      60.551291185868784,
      85.95538736625791
    ],
    [
      60.825116189832094,
      86.95479541994958
    ],
    [
      61.15438399750718,
      87.93678432765495
    ],
    [
      61.53696375445235,
      88.89875145450674
    ],
    [
      61.970724606225836,
      89.83809416563756
    ],
    [
      62.45353569838593,
      90.75220982618015
    ],
    [
      62.983266176490915,
      91.6384958012672
    ],
    [
      63.55778518609901,
      92.4943494560313
    ],
    [
      64.17496187276856,
      93.31716815560526
    ],
    [
      64.83266538205777,
      94.10434926512164
    ],
    [
      65.52876485952495,
      94.85329014971319
    ],
    [
      66.26112945072836,
      95.56138817451253
    ],
    [
      67.02762830122624,
      96.22604070465238
    ],
    [
      67.82609944747989,
      96.84507551412715
    ],
    [
      68.65418553248556,
      97.41902373661671
    ],
    [
      69.50945351591383,
      97.94946361989851
    ],
    [
      70.38947019235614,
      98.43797569569756
    ],
    [
      71.29180235640386,
      98.88614049573899
    ],
    [
      72.21401680264844,
      99.29553855174782
    ],
    [
      73.15368032568118,
      99.66775039544909
    ],
    [
      74.10835972009352,
      100.00435655856795
    ],
    [
      75.07562178047685,
      100.30693757282936
    ],
    [
      76.05303330142253,
      100.57707396995843
    ],
    [
      77.03819279640602,
      100.81639778869716
    ],
    [
      78.02937011552845,
      101.02763122426771
    ],
    [
      79.02547562192194,
      101.21453657517945
    ],
    [
      80.02544522861405,
      101.380917629387
    ],
    [
      81.02821484863244,
      101.53057817484502
    ],
    [
      82.03272039500465,
      101.66732199950806
    ],
    [
      83.03789778075833,
      101.79495289133082
    ],
    [
      84.04268291892109,
      101.91727463826784
    ],
    [
      85.0460117225205,
      102.0380910282738
    ],
    [
      86.04682010458421,
      102.16120584930327
    ],
    [
      87.04404397813981,
      102.29042288931093
    ],
    [
      88.03661925621489,
      102.42954593625132
    ],
    [
      89.02348185183706,
      102.5823787780791
    ],
    [
      90.00356767803393,
      102.7527252027489
    ],
    [
      90.97581264783312,
      102.94438899821536
    ],
    [
      91.93915267426219,
      103.16117395243299
    ],
    [
      92.89252367034884,
      103.40688385335653
    ],
    [
      93.83486154912055,
      103.68532248894053
    ],
    [
      94.76515228422126,
      104.00012159697427
    ],
    [
      95.68329595240417,
      104.3517712920942
    ],
    [
      96.58999160519353,
