{
  "test_id": 10,
  "test_outcome": "NOT_EXECUTED",
  "predicted_test_outcome": null,
  "test_duration": null,
  "road_points": [
    [
      100.00000000000003,
      100.00000000000001
    ],
    [
      100.00428334912681,
      98.99728864689413
    ],
    [
      100.00786414149334,
      97.99459216522737
    ],
    [
      100.01078225459659,
      96.99190971088895
    ],
    [
      100.01307756593347,
      95.98924043976797
    ],
    [
      100.01478995300103,
      94.98658350775362
    ],
    [
      100.01595929329618,
      93.98393807073509
    ],
    [
      100.01662546431595,
      92.98130328460158
    ],
    [
      100.01682834355725,
      91.97867830524218
    ],
    [
      100.01660780851711,
      90.97606228854615
    ],
    [
      100.01600373669245,
      89.97345439040258
    ],
    [
      100.0150560055803,
      88.97085376670073
    ],
    [
      100.01380449267761,
      87.9682595733297
    ],
    [
      100.01228907548132,
      86.96567096617868
    ],
    [
      100.01054963148844,
      85.96308710113685
    ],
    [
      100.00862603819591,
      84.96050713409338
    ],
    [
      100.00655817310074,
      83.95793022093746
    ],
    [
      100.00438591369988,
      82.95535551755822
    ],
    [
      100.00214913749032,
      81.95278217984487
    ],
    [
      99.999887721969,
      80.95020936368655
    ],
    [
      99.99764154463294,
      79.9476362249725
    ],
    [
      99.99545048297905,
      78.94506191959178
    ],
    [
      99.99335441450437,
      77.94248560343367
    ],
    [
      99.99139321670583,
      76.93990643238726
    ],
    [
      99.98960676708042,
      75.93732356234179
    ],
    [
      99.9880349431251,
      74.93473614918638
    ],
    [
      99.98671762233681,
      73.93214334881021
    ],
    [
      99.98569468221261,
      72.92954431710248
    ],
    [
      99.98500600024941,
      71.92693820995234
    ],
    [
      99.98469145394422,
      70.92432418324898
    ],
    [
      99.98479092079394,
      69.92170139288153
    ],
    [
      99.98534427829563,
      68.91906899473922
    ],
    [
      99.9863914039462,
      67.91642614471118
    ],
    [
      99.98797217524266,
      66.91377199868658
    ],
    [
      99.99012646968195,
      65.91110571255462
    ],
    [
      99.99289416476111,
      64.90842644220446
    ],
    [
      99.996315137977,
      63.90573334352527
    ],
    [
      100.0004292245081,
      62.903025573301974
    ],
    [
      100.00521471687878,
      61.90030359102974
    ],
    [
      100.01046527263753,
      60.89757176448264
    ],
    [
      100.0159400690877,
      59.89483519129869
    ],
    [
      100.02139828353282,
      58.89209896911598
    ],
    [
      100.0265990932763,
      57.88936819557254
    ],
    [
      100.03130167562153,
      56.8866479683064
    ],
    [
      100.03526520787204,
      55.88394338495563
    ],
    [
      100.03824886733119,
      54.881259543158265
    ],
    [
      100.04001183130245,
      53.87860154055235
    ],
    [
      100.04031327708925,
      52.875974474775944
    ],
    [
      100.03891238199509,
      51.87338344346712
    ],
    [
      100.0355683233233,
      50.870833544263874
    ],
    [
      100.0300402783774,
      49.86832987480429
    ],
    [
      100.0220874244608,
      48.865877532726394
    ],
    [
      100.01146893887693,
      47.863481615668256
    ],
    [
      99.997944517712,
      46.86114721028653
    ],
    [
      99.98155976077487,
      45.85887335134279
    ],
    [
      99.96311987420043,
      44.85664299455719
    ],
    [
      99.94355481367987,
      43.85443645500146
    ],
    [
      99.92379453490422,
      42.852234047747274
    ],
    [
      99.90476899356466,
      41.850016087866365
    ],
    [
      99.88740814535224,
      40.84776289043041
    ],
    [
      99.87264194595815,
      39.84545477051113
    ],
    [
      99.86140035107347,
      38.84307204318023
    ],
    [
      99.85461331638932,
      37.8405950235094
    ],
    [
      99.8532107975968,
      36.83800402657035
    ],
    [
      99.85812275038707,
      35.835279367434794
    ],
    [
      99.8702791304512,
      34.83240136117441
    ],
    [
      99.89060989348037,
      33.82935032286093
    ],
    [
      99.92004499516563,
      32.826106567566036
    ],
    [
      99.95951439119813,
      31.822650410361447
    ],
    [
      100.00995713169297,
      30.81896442879501
    ],
    [
      100.07482524799772,
      29.815656370314983
    ],
    [
      100.16349638548658,
      28.814808134059533
    ],
    [
      100.28620182312811,
      27.818713982881395
    ],
    [
      100.45317283989088,
      26.829668179633323
    ],
    [
      100.67464071474346,
      25.849964987168036
    ],
    [
      100.95884244619897,
      24.88188965418306
    ],
    [
      101.30536337890906,
      23.927688323867553
    ],
    [
      101.71144329182275,
      22.989596537444793
    ],
    [
      102.17432192105139,
      22.06984983594442
    ],
    [
      102.69123900270642,
      21.170683760396102
    ],
    [
      103.25943427289926,
      20.29433385182948
    ],
    [
      103.87614746774128,
      19.443035651274204
    ],
    [
      104.53861832334385,
      18.61902469975992
    ],
    [
      105.24408657581851,
      17.82453653831629
    ],
    [
      105.98979196127661,
      17.061806707972963
    ],
    [
      106.7729742158295,
      16.33307074975958
    ],
    [
      107.59087307558863,
      15.640564204705797
    ],
    [
      108.44072827666542,
      14.986522613841258
    ],
    [
      109.31977955517124,
      14.37318151819563
    ],
    [
      110.22526664721755,
      13.802776458798553
    ],
    [
      111.15442928891571,
      13.277542976679662
    ],
    [
      112.10450721637716,
      12.799716612868625
    ],
    [
      113.0727401657133,
      12.371532908395102
    ],
    [
      114.05636787303546,
      11.995227404288725
    ],
    [
      115.05263007445521,
      11.673035641579148
    ],
    [
      116.05876650608383,
      11.407193161296023
    ],
    [
      117.07203361318916,
      11.199858544059298
    ],
    [
      118.09001258647291,
      11.051694631203903
    ],
    [
      119.11057935860131,
      10.962006717231972
    ],
    [
      120.13162055301973,
      10.93005085617388
    ],
    [
      121.15102279317351,
      10.955083102060001
    ],
    [
      122.16667270250804,
      11.036359508920699
    ],
    [
      123.17645690446871,
      11.173136130786348
    ],
    [
      124.17826202250087,
      11.364669021687318
    ],
    [
      125.16997468004992,
      11.610214235653979
    ],
    [
      126.14948150056115,
      11.909027826716692
    ],
    [
      127.11466910748004,
      12.260365848905842
    ],
    [
      128.06342412425192,
      12.66348435625179
    ],
    [
      128.99363317432213,
      13.117639402784903
    ],
    [
      129.90318288113608,
      13.622087042535554
    ],
    [
      130.7898926047553,
      14.175845639354169
    ],
    [
      131.6512090017905,
      14.776616526260257
    ],
    [
      132.48445036790437,
      15.421647444213537
    ],
    [
      133.28693487974328,
      16.10818571360268
    ],
    [
      134.05598071395355,
      16.833478654816357
    ],
    [
      134.7889060471814,
      17.594773588243196
    ],
    [
      135.48302905607324,
      18.389317834271857
    ],
    [
      136.13566791727538,
      19.214358713291006
    ],
    [
      136.74414080743412,
      20.06714354568929
    ],
    [
      137.30576590319575,
      20.944919651855372
    ],
    [
      137.81786138120668,
      21.844934352177884
    ],
    [
      138.27774541811314,
      22.76443496704549
    ],
    [
      138.6827361905614,
      23.700668816846864
    ],
    [
      139.0301518751979,
      24.65088322197065
    ],
    [
      139.31731064866884,
      25.61232550280547
    ],
