{
  "test_id": 78,
  "test_outcome": "NOT_EXECUTED",
  "predicted_test_outcome": null,
  "test_duration": null,
  "road_points": [
    [
      99.99999999999999,
      99.99999999999999
    ],
    [
      100.04186606176705,
      98.76860498617582
    ],
    [
      100.00618416986383,
      97.56924364064878
    ],
    [
      99.89587013518062,
      96.402648751802
    ],
    [
      99.71383976860777,
      95.26955310801867
    ],
    [
      99.46300888103569,
      94.17068949768202
    ],
    [
      99.14629328335464,
      93.10679070917514
    ],
    [
      98.766608786455,
      92.07858953088123
    ],
    [
      98.32687120122718,
      91.08681875118351
    ],
    [
      97.8299963385614,
      90.13221115846513
    ],
    [
      97.27890000934808,
      89.21549954110921
    ],
    [
      96.67649802447758,
      88.33741668749903
    ],
    [
      96.02570619484024,
      87.49869538601772
    ],
    [
      95.32944033132634,
      86.70006842504839
    ],
    [
      94.59061624482632,
      85.94226859297433
    ],
    [
      93.81214974623046,
      85.22602867817864
    ],
    [
      92.99695664642913,
      84.55208146904451
    ],
    [
      92.14795275631268,
      83.92115975395514
    ],
    [
      91.26805388677144,
      83.33399632129368
    ],
    [
      90.36017584869575,
      82.79132395944329
    ],
    [
      89.427234452976,
      82.29387545678722
    ],
    [
      88.4721455105025,
      81.84238360170858
    ],
    [
      87.49782483216559,
      81.43758118259053
    ],
    [
      86.50718822885563,
      81.08020098781631
    ],
    [
      85.50315151146295,
      80.77097580576906
    ],
    [
      84.48863049087794,
      80.51063842483195
    ],
    [
      83.46654097799089,
      80.29992163338818
    ],
    [
      82.43979878369221,
      80.13955821982091
    ],
    [
      81.41131971887216,
      80.03028097251331
    ],
    [
      80.38401959442116,
      79.97282267984858
    ],
    [
      79.36081422122953,
      79.96791613020987
    ],
    [
      78.3446194101876,
      80.01629411198037
    ],
    [
      77.33835097218575,
      80.11868941354327
    ],
    [
      76.34492471811427,
      80.27583482328167
    ],
    [
      75.36725645886357,
      80.48846312957885
    ],
    [
      74.40826200532396,
      80.75730712081793
    ],
    [
      73.4708571683858,
      81.08309958538209
    ],
    [
      72.5578305127896,
      81.46640268211407
    ],
    [
      71.67046715102575,
      81.90576252955354
    ],
    [
      70.80907060260577,
      82.39840898826995
    ],
    [
      69.97392749691242,
      82.94154927017202
    ],
    [
      69.16532446332852,
      83.53239058716835
    ],
    [
      68.38354813123684,
      84.16814015116758
    ],
    [
      67.62888513002014,
      84.84600517407841
    ],
    [
      66.90162208906126,
      85.56319286780946
    ],
    [
      66.20204563774294,
      86.31691044426937
    ],
    [
      65.530442405448,
      87.10436511536678
    ],
    [
      64.8870990215592,
      87.92276409301033
    ],
    [
      64.27230211545935,
      88.76931458910869
    ],
    [
      63.68633831653125,
      89.64122381557051
    ],
    [
      63.12949425415764,
      90.53569898430442
    ],
    [
      62.602056557721355,
      91.44994730721908
    ],
    [
      62.10431185660513,
      92.38117599622309
    ],
    [
      61.63654678019181,
      93.32659226322518
    ],
    [
      61.19904795786414,
      94.28340332013391
    ],
    [
      60.79210201900492,
      95.24881637885801
    ],
    [
      60.41599559299696,
      96.22003865130606
    ],
    [
      60.07089148592335,
      97.19441917171284
    ],
    [
      59.75560326980005,
      98.17085233382439
    ],
    [
      59.468115048598854,
      99.14918257138554
    ],
    [
      59.206398832608265,
      100.12926816976908
    ],
    [
      58.9684266321168,
      101.1109674143478
    ],
    [
      58.752170457413,
      102.09413859049451
    ],
    [
      58.55560231878542,
      103.07863998358208
    ],
    [
      58.37669422652253,
      104.06432987898322
    ],
    [
      58.21341819091289,
      105.05106656207079
    ],
    [
      58.06374622224502,
      106.03870831821762
    ],
    [
      57.925650330807464,
      107.02711343279647
    ],
    [
      57.797102526888715,
      108.01614019118017
    ],
    [
      57.676074820777345,
      109.00564687874154
    ],
    [
      57.56053922276183,
      109.9954917808534
    ],
    [
      57.448467743130735,
      110.98553318288847
    ],
    [
      57.33783239217257,
      111.97562937021966
    ],
    [
      57.22660518017588,
      112.96563862821975
    ],
    [
      57.11275811742918,
      113.95541924226153
    ],
    [
      56.99426321422099,
      114.94482949771779
    ],
    [
      56.86909248083985,
      115.93372767996142
    ],
    [
      56.735382824906274,
      116.92198446878399
    ],
    [
      56.59293149460686,
      117.90959534257897
    ],
    [
      56.442496468236186,
      118.89662799249929
    ],
    [
      56.28484743263241,
      119.88315098976426
    ],
    [
      56.12075407463373,
      120.86923290559322
    ],
    [
      55.95098608107827,
      121.85494231120542
    ],
    [
      55.776313138804255,
      122.84034777782026
    ],
    [
      55.5975049346498,
      123.82551787665693
    ],
    [
      55.41533115545308,
      124.81052117893479
    ],
    [
      55.23056148805229,
      125.79542625587315
    ],
    [
      55.043965619285565,
      126.78030167869133
    ],
    [
      54.85631323599111,
      127.76521601860867
    ],
    [
      54.66837402500705,
      128.75023784684439
    ],
    [
      54.480917673171575,
      129.73543573461788
    ],
    [
      54.29471386732285,
      130.72087825314836
    ],
    [
      54.11053229429906,
      131.70663397365524
    ],
    [
      53.92914264093836,
      132.69277146735777
    ],
    [
      53.75131459407889,
      133.67935930547526
    ],
    [
      53.577817840558865,
      134.66646605922702
    ],
    [
      53.40931036666465,
      135.6541474078462
    ],
    [
      53.24540503126216,
      136.64233840655783
    ],
    [
      53.08514400722121,
      137.6309082445205
    ],
    [
      52.927563687680106,
      138.61972544382158
    ],
    [
      52.771700465777165,
      139.60865852654845
    ],
    [
      52.6165907346507,
      140.59757601478844
    ],
    [
      52.461270887439,
      141.586346430629
    ],
    [
      52.30477731728037,
      142.57483829615745
    ],
    [
      52.14614641731315,
      143.56292013346118
    ],
    [
      51.9844145806756,
      144.55046046462758
    ],
    [
      51.81861820050605,
      145.53732781174398
    ],
    [
      51.6477936699428,
      146.52339069689774
    ],
    [
      51.470977382124175,
      147.50851764217634
    ],
    [
      51.28720573018846,
      148.49257716966707
    ],
    [
      51.095515107273975,
      149.47543780145736
    ],
    [
      50.894941906519016,
      150.4569680596345
    ],
    [
      50.68452252106189,
      151.43703646628592
    ],
    [
      50.46329334404092,
      152.41551154349904
    ],
    [
      50.22974437672783,
      153.39199592349087
    ],
    [
      49.977590251557714,
      154.3637684077667
    ],
    [
      49.69807840316698,
      155.32690718899642
    ],
    [
      49.38243562439039,
      156.27748041496028
    ],
    [
      49.02188870806274,
      157.21155623343867
    ],
    [
      48.60795730341025,
      158.12525807626096
    ],
    [
      48.137942670523245,
      159.01580080050218
    ],
    [
      47.61444260201657,
      159.88139911768073
    ],
    [
      47.04025049763099,
      160.720304665106
    ],
    [
      46.41815975710733,
      161.5307690800875
    ],
    [
      45.750963780186375,
      162.3110439999347
    ],
    [
      45.041455966608915,
      163.05938106195705
    ],
