{
  "test_id": 687,
  "test_outcome": "NOT_EXECUTED",
  "predicted_test_outcome": null,
  "test_duration": null,
  "road_points": [
    [
      100.00000000000001,
      100.0
    ],
    [
      99.86305849157681,
      100.99047525666543
    ],
    [
      99.73052295274252,
      101.98498844950569
    ],
    [
      99.60077525360435,
      102.98286976927567
    ],
    [
      99.47219726426987,
      103.98344940673056
    ],
    [
      99.34317085484618,
      104.98605755262524
    ],
    [
      99.21207789544079,
      105.99002439771489
    ],
    [
      99.07730025616092,
      106.9946801327544
    ],
    [
      98.93721980711402,
      107.99935494849889
    ],
    [
      98.79021841840733,
      109.00337903570333
    ],
    [
      98.6346779601483,
      110.00608258512278
    ],
    [
      98.46898030244422,
      111.00679578751232
    ],
    [
      98.2915073154024,
      112.00484883362691
    ],
    [
      98.10064086913023,
      112.9995719142216
    ],
    [
      97.89476283373503,
      113.99029522005141
    ],
    [
      97.67225507932415,
      114.97634894187141
    ],
    [
      97.43149947600494,
      115.95706327043659
    ],
    [
      97.17087789388471,
      116.93176839650197
    ],
    [
      96.88877220307086,
      117.89979451082263
    ],
    [
      96.58356427367065,
      118.86047180415353
    ],
    [
      96.25363597579152,
      119.8131304672498
    ],
    [
      95.89736917954076,
      120.75710069086641
    ],
    [
      95.51314575502569,
      121.69171266575836
    ],
    [
      95.0993475723537,
      122.61629658268073
    ],
    [
      94.65435650163211,
      123.53018263238853
    ],
    [
      94.17655441296827,
      124.43270100563683
    ],
    [
      93.66470148715452,
      125.32308327161564
    ],
    [
      93.11942248514234,
      126.20007492333356
    ],
    [
      92.54191563268756,
      127.06227195763455
    ],
    [
      91.93337931245642,
      127.9082703304576
    ],
    [
      91.29501190711527,
      128.7366659977418
    ],
    [
      90.62801179933031,
      129.54605491542617
    ],
    [
      89.93357737176788,
      130.33503303944977
    ],
    [
      89.21290700709423,
      131.1021963257516
    ],
    [
      88.46719908797569,
      131.84614073027078
    ],
    [
      87.69765199707852,
      132.56546220894631
    ],
    [
      86.905464117069,
      133.2587567177172
    ],
    [
      86.09183383061348,
      133.92462021252263
    ],
    [
      85.25795952037815,
      134.56164864930156
    ],
    [
      84.40503956902938,
      135.168437983993
    ],
    [
      83.53427235923337,
      135.743584172536
    ],
    [
      82.6468562736565,
      136.2856831708697
    ],
    [
      81.743989694965,
      136.7933309349331
    ],
    [
      80.82687100582518,
      137.26512342066522
    ],
    [
      79.89669858890329,
      137.69965658400508
    ],
    [
      78.95467082686568,
      138.09552638089184
    ],
    [
      78.0019861023786,
      138.45132876726444
    ],
    [
      77.03984279810831,
      138.76565969906198
    ],
    [
      76.06943929672113,
      139.03711513222348
    ],
    [
      75.09197398088332,
      139.26429102268796
    ],
    [
      74.10859860583996,
      139.44613429337173
    ],
    [
      73.12002571993925,
      139.58489779989281
    ],
    [
      72.12672675415018,
      139.68464930067674
    ],
    [
      71.12917065373975,
      139.74947526415343
    ],
    [
      70.12782636397498,
      139.78346215875288
    ],
    [
      69.1231628301229,
      139.79069645290522
    ],
    [
      68.11564899745056,
      139.77526461504033
    ],
    [
      67.10575381122503,
      139.74125311358827
    ],
    [
      66.09394621671328,
      139.69274841697904
    ],
    [
      65.08069515918238,
      139.6338369936427
    ],
    [
      64.06646958389935,
      139.56860531200917
    ],
    [
      63.051738436131245,
      139.50113984050856
    ],
    [
      62.03697066114506,
      139.43552704757073
    ],
    [
      61.02263520420785,
      139.3758534016258
    ],
    [
      60.009201010586665,
      139.32620537110375
    ],
    [
      58.997083543685726,
      139.290131296641
    ],
    [
      57.98632358282249,
      139.2674094946001
    ],
    [
      56.97680170093381,
      139.25620630484107
    ],
    [
      55.96839786685159,
      139.25468198879597
    ],
    [
      54.96099204940773,
      139.26099680789687
    ],
    [
      53.95446421743415,
      139.27331102357596
    ],
    [
      52.94869433976277,
      139.28978489726524
    ],
    [
      51.94356238522546,
      139.30857869039673
    ],
    [
      50.938948322654156,
      139.32785266440254
    ],
    [
      49.934732120880774,
      139.34576708071478
    ],
    [
      48.93079374873722,
      139.3604822007656
    ],
    [
      47.92701317505541,
      139.37015828598692
    ],
    [
      46.92327036866723,
      139.37295559781094
    ],
    [
      45.919445298404604,
      139.36703439766973
    ],
    [
      44.915417933099455,
      139.35055494699532
    ],
    [
      43.91106824158367,
      139.32167750721985
    ],
    [
      42.90629785729186,
      139.2792512091012
    ],
    [
      41.9011210617984,
      139.22570705606054
    ],
    [
      40.89558863464531,
      139.1646365773206
    ],
    [
      39.88975137415651,
      139.09963189930917
    ],
    [
      38.88366007865583,
      139.034285148454
    ],
    [
      37.87736554646713,
      138.9721884511827
    ],
    [
      36.87091857591425,
      138.91693393392313
    ],
    [
      35.86436996532112,
      138.87211372310307
    ],
    [
      34.85777051301155,
      138.84131994515016
    ],
    [
      33.851171017309404,
      138.8281447264922
    ],
    [
      32.84462227653857,
      138.83618019355697
    ],
    [
      31.838175089022897,
      138.86901847277218
    ],
    [
      30.831880253086236,
      138.9302516905655
    ],
    [
      29.825788567052467,
      139.02347197336485
    ],
    [
      28.81995082924542,
      139.15227144759785
    ],
    [
      27.814417838243727,
      139.32024223908797
    ],
    [
      26.809581874608227,
      139.53016644816495
    ],
    [
      25.807164157157985,
      139.78167381595665
    ],
    [
      24.8092091409468,
      140.0736273386256
    ],
    [
      23.81776128102845,
      140.40489001233425
    ],
    [
      22.834865032456758,
      140.7743248332453
    ],
    [
      21.862564850285484,
      141.18079479752106
    ],
    [
      20.902905189568457,
      141.62316290132412
    ],
    [
      19.957930505359467,
      142.1002921408171
    ],
    [
      19.029685252712298,
      142.61104551216238
    ],
    [
      18.120213886680748,
      143.15428601152257
    ],
    [
      17.231560862318613,
      143.72887663506012
    ],
    [
      16.365770634679688,
      144.33368037893763
    ],
    [
      15.524887658817772,
      144.96756023931752
    ],
    [
      14.710956389786643,
      145.62937921236238
    ],
    [
      13.92602128264012,
      146.31800029423474
    ],
    [
      13.172126792431987,
      147.032286481097
    ],
    [
      12.451317374216043,
      147.77110076911183
    ],
    [
      11.765637483046081,
      148.53330615444168
    ],
    [
      11.117131573975895,
      149.31776563324905
    ],
    [
      10.507844102059282,
      150.1233422016965
    ],
    [
      9.939819522350026,
      150.9488988559465
    ],
    [
      9.415102289901942,
      151.79329859216162
    ],
    [
      8.935736859768818,
      152.65540440650432
    ],
    [
      8.503767687004444,
      153.5340792951372
    ],
    [
      8.12123922666262,
      154.42818625422268
    ],
    [
      7.790195933797138,
      155.33658827992335
    ],
    [
      7.5126822634617945,
      156.25814836840172
    ],
    [
      7.290742670710384,
      157.19172951582027
    ],
    [
