{
  "test_id": 698,
  "test_outcome": "NOT_EXECUTED",
  "predicted_test_outcome": null,
  "test_duration": null,
  "road_points": [
    [
      100.00000000000003,
      100.00000000000004
    ],
    [
      99.99562343104985,
      101.17751283041996
    ],
    [
      99.92207204535897,
      102.32983506860384
    ],
    [
      99.78179540969279,
      103.45590668468019
    ],
    [
      99.57724309081682,
      104.55466764877758
    ],
    [
      99.31086465549649,
      105.62505793102453
    ],
    [
      98.98510967049712,
      106.6660175015495
    ],
    [
      98.6024277025843,
      107.67648633048113
    ],
    [
      98.16526831852335,
      108.65540438794785
    ],
    [
      97.67608108507976,
      109.60171164407826
    ],
    [
      97.13731556901901,
      110.51434806900086
    ],
    [
      96.55142133710643,
      111.39225363284419
    ],
    [
      95.92084795610758,
      112.23436830573677
    ],
    [
      95.24804499278781,
      113.03963205780717
    ],
    [
      94.53546201391258,
      113.80698485918381
    ],
    [
      93.78554858624733,
      114.53536667999536
    ],
    [
      93.00075427655747,
      115.22371749037022
    ],
    [
      92.18352865160851,
      115.870977260437
    ],
    [
      91.33632127816583,
      116.47608596032427
    ],
    [
      90.46158172299486,
      117.03798356016046
    ],
    [
      89.56175955286108,
      117.55561003007413
    ],
    [
      88.6393043345299,
      118.02790534019385
    ],
    [
      87.69666563476676,
      118.45380946064812
    ],
    [
      86.73629302033707,
      118.83226236156544
    ],
    [
      85.76063605800633,
      119.16220401307442
    ],
    [
      84.77214431453996,
      119.44257438530352
    ],
    [
      83.77326735670336,
      119.67231344838129
    ],
    [
      82.76645475126196,
      119.85036117243624
    ],
    [
      81.75415606498127,
      119.97565752759697
    ],
    [
      80.73882086462663,
      120.04714248399189
    ],
    [
      79.72289871696356,
      120.06375601174965
    ],
    [
      78.70883918875748,
      120.02443808099872
    ],
    [
      77.69909184677377,
      119.9281286618676
    ],
    [
      76.69610625777794,
      119.77376772448491
    ],
    [
      75.7023319885354,
      119.56029523897912
    ],
    [
      74.72021852038688,
      119.28665187859721
    ],
    [
      73.75211844284702,
      118.95257581901865
    ],
    [
      72.8001013841064,
      118.56013424914958
    ],
    [
      71.86618559486391,
      118.11181723850679
    ],
    [
      70.95238932581847,
      117.61011485660701
    ],
    [
      70.060730827669,
      117.05751717296714
    ],
    [
      69.1932283511144,
      116.45651425710385
    ],
    [
      68.35190014685355,
      115.80959617853397
    ],
    [
      67.53876446558539,
      115.1192530067743
    ],
    [
      66.75583955800883,
      114.38797481134162
    ],
    [
      66.00514367482272,
      113.61825166175265
    ],
    [
      65.28869506672604,
      112.8125736275243
    ],
    [
      64.60851198441765,
      111.97343077817327
    ],
    [
      63.96661267859648,
      111.10331318321636
    ],
    [
      63.36501539996145,
      110.20471091217038
    ],
    [
      62.80573839921143,
      109.28011403455206
    ],
    [
      62.29079992704535,
      108.33201261987824
    ],
    [
      61.822218234162115,
      107.36289673766571
    ],
    [
      61.40201157126063,
      106.37525645743119
    ],
    [
      61.0321981890398,
      105.37158184869156
    ],
    [
      60.714796338198546,
      104.35436298096353
    ],
    [
      60.45182426943576,
      103.32608992376392
    ],
    [
      60.24530023345035,
      102.28925274660949
    ],
    [
      60.09724248094123,
      101.24634151901704
    ],
    [
      60.00966926260732,
      100.1998463105034
    ],
    [
      59.98430538736589,
      99.1523886343655
    ],
    [
      60.02077004657976,
      98.10753319041432
    ],
    [
      60.117762825694285,
      97.06925660506995
    ],
    [
      60.273979465267296,
      96.0415372270245
    ],
    [
      60.48811570585667,
      95.02835340496999
    ],
    [
      60.75886728802024,
      94.03368348759851
    ],
    [
      61.08492995231586,
      93.06150582360215
    ],
    [
      61.464999439301366,
      92.11579876167293
    ],
    [
      61.89777148953462,
      91.20054065050299
    ],
    [
      62.38194184357348,
      90.31970983878439
    ],
    [
      62.916206241975765,
      89.47728467520916
    ],
    [
      63.499260425299326,
      88.67724350846939
    ],
    [
      64.1296985447593,
      87.9231012572898
    ],
    [
      64.80538187674215,
      87.21502961413995
    ],
    [
      65.52385010963125,
      86.55173325227479
    ],
    [
      66.28264155679679,
      85.93191057241846
    ],
    [
      67.07929453160904,
      85.354259975295
    ],
    [
      67.91134734743815,
      84.81747986162848
    ],
    [
      68.77633831765444,
      84.32026863214311
    ],
    [
      69.67180575562807,
      83.8613246875629
    ],
    [
      70.59528797472926,
      83.43934642861194
    ],
    [
      71.54432328832826,
      83.05303225601435
    ],
    [
      72.51645000979526,
      82.70108057049421
    ],
    [
      73.50920645250052,
      82.38218977277563
    ],
    [
      74.52013092981424,
      82.09505826358269
    ],
    [
      75.54676175510666,
      81.83838444363948
    ],
    [
      76.58663724174798,
      81.6108667136701
    ],
    [
      77.63729570310845,
      81.41120347439868
    ],
    [
      78.69627545255824,
      81.23809312654922
    ],
    [
      79.76111480346762,
      81.09023407084588
    ],
    [
      80.82935206920682,
      80.96632470801279
    ],
    [
      81.89852556314602,
      80.86506343877394
    ],
    [
      82.96617359865547,
      80.7851486638535
    ],
    [
      84.0298344891054,
      80.72527878397557
    ],
    [
      85.08704654786602,
      80.6841521998642
    ],
    [
      86.13568159079342,
      80.66001100538989
    ],
    [
      87.17533399460162,
      80.6487404414505
    ],
    [
      88.20615265036291,
      80.64546704784625
    ],
    [
      89.22828671501676,
      80.64531700061087
    ],
    [
      90.24188534550261,
      80.64341647577808
    ],
    [
      91.24709769875993,
      80.63489164938167
    ],
    [
      92.24407293172824,
      80.61486869745538
    ],
    [
      93.23296020134697,
      80.57847379603295
    ],
    [
      94.2139086645556,
      80.52083312114813
    ],
    [
      95.18706747829356,
      80.43707284883465
    ],
    [
      96.15258579950034,
      80.32231915512627
    ],
    [
      97.11061278511542,
      80.17169821605673
    ],
    [
      98.06139579265128,
      79.98141790939633
    ],
    [
      99.00569198076239,
      79.75330168890936
    ],
    [
      99.94442343100359,
      79.49098967176882
    ],
    [
      100.87851230840343,
      79.19812289463052
    ],
    [
      101.80888077799062,
      78.87834239415032
    ],
    [
      102.73645100479371,
      78.5352892069841
    ],
    [
      103.6621451538414,
      78.17260436978773
    ],
    [
      104.58688539016218,
      77.79392891921702
    ],
    [
      105.51159387878485,
      77.40290389192788
    ],
    [
      106.43719278473786,
      77.00317032457609
    ],
    [
      107.36460427304998,
      76.59836925381755
    ],
    [
      108.29475050874973,
      76.19214171630816
    ],
    [
      109.22855365686578,
      75.78812874870371
    ],
    [
      110.16693588242674,
      75.3899713876601
    ],
    [
      111.11081935046121,
      75.00131066983312
    ],
    [
      112.06112622599785,
      74.6257876318787
    ],
    [
      113.0187786740653,
      74.26704331045265
    ],
    [
      113.98469885969209,
      73.92871874221086
    ],
    [
      114.95980894790694,
      73.61445496380915
    ],
