{
  "test_id": 0,
  "test_outcome": "NOT_EXECUTED",
  "predicted_test_outcome": null,
  "test_duration": null,
  "road_points": [
    [
      99.99999999999999,
      100.0
    ],
    [
      99.90494332031928,
      99.00107455423947
    ],
    [
      99.80364340878111,
      98.00252067836976
    ],
    [
      99.69611289772027,
      97.00438895238659
    ],
    [
      99.5823644194713,
      96.0067299562854
    ],
    [
      99.46241060636896,
      95.00959427006183
    ],
    [
      99.33626409074789,
      94.0130324737114
    ],
    [
      99.20393750494281,
      93.01709514722975
    ],
    [
      99.06544348128837,
      92.02183287061243
    ],
    [
      98.92079465211926,
      91.02729622385503
    ],
    [
      98.77000364977016,
      90.0335357869531
    ],
    [
      98.61308310657576,
      89.04060213990226
    ],
    [
      98.45004565487072,
      88.04854586269802
    ],
    [
      98.28090392698971,
      87.05741753533601
    ],
    [
      98.10567055526742,
      86.06726773781176
    ],
    [
      97.92435817203857,
      85.0781470501209
    ],
    [
      97.73697940963775,
      84.09010605225897
    ],
    [
      97.54354690039973,
      83.10319532422155
    ],
    [
      97.34407327665916,
      82.1174654460042
    ],
    [
      97.1385711707507,
      81.13296699760255
    ],
    [
      96.92705321500904,
      80.14975055901212
    ],
    [
      96.70953204176888,
      79.16786671022852
    ],
    [
      96.48602028336484,
      78.18736603124731
    ],
    [
      96.25653057213167,
      77.20829910206405
    ],
    [
      96.02107554040401,
      76.23071650267435
    ],
    [
      95.77966782051655,
      75.25466881307375
    ],
    [
      95.53232004480398,
      74.28020661325787
    ],
    [
      95.27904484560094,
      73.30738048322225
    ],
    [
      95.01985485524219,
      72.33624100296248
    ],
    [
      94.7547627060623,
      71.36683875247414
    ],
    [
      94.48378103039606,
      70.3992243117528
    ],
    [
      94.20692246057803,
      69.43344826079401
    ],
    [
      93.924199628943,
      68.46956117959338
    ],
    [
      93.6356251678256,
      67.50761364814649
    ],
    [
      93.3412117095605,
      66.54765624644888
    ],
    [
      93.04094965399358,
      65.5897290802647
    ],
    [
      92.73472528290898,
      64.63382320296952
    ],
    [
      92.42239442462817,
      63.679915320619614
    ],
    [
      92.10381290369618,
      62.72798213749201
    ],
    [
      91.7788524594889,
      61.77800532009133
    ],
    [
      91.44750944516475,
      60.830005389367905
    ],
    [
      91.10983892502763,
      59.884021172345264
    ],
    [
      90.7658963074129,
      58.94009160331558
    ],
    [
      90.41573700065581,
      57.99825561657099
    ],
    [
      90.05941641309161,
      57.05855214640363
    ],
    [
      89.6969899530557,
      56.12102012710571
    ],
    [
      89.32851302888332,
      55.185698492969344
    ],
    [
      88.95404104890972,
      54.25262617828668
    ],
    [
      88.57362942147027,
      53.32184211734991
    ],
    [
      88.1873335549002,
      52.393385244451146
    ],
    [
      87.79520885753485,
      51.46729449388256
    ],
    [
      87.39731073770947,
      50.543608799936294
    ],
    [
      86.9936946037594,
      49.62236709690453
    ],
    [
      86.58441586401992,
      48.70360831907942
    ],
    [
      86.16952992682627,
      47.787371400753074
    ],
    [
      85.74909220051381,
      46.87369527621769
    ],
    [
      85.3231580934178,
      45.962618879765394
    ],
    [
      84.89178301387356,
      45.05418114568837
    ],
    [
      84.45502237021637,
      44.14842100827875
    ],
    [
      84.01293157078149,
      43.24537740182868
    ],
    [
      83.56556602390425,
      42.345089260630346
    ],
    [
      83.11298113791992,
      41.44759551897585
    ],
    [
      82.65523232116387,
      40.552935111157424
    ],
    [
      82.19237498197127,
      39.66114697146715
    ],
    [
      81.72446452867752,
      38.77227003419721
    ],
    [
      81.2515563696178,
      37.886343233639764
    ],
    [
      80.77370591312751,
      37.00340550408694
    ],
    [
      80.29096856754191,
      36.123495779830925
    ],
    [
      79.80314215820648,
      35.246744509145174
    ],
    [
      79.30859369263695,
      34.3737904806881
    ],
    [
      78.80519622564577,
      33.50544797443638
    ],
    [
      78.29082234460002,
      32.64253143644059
    ],
    [
      77.76460140447124,
      31.785261805278058
    ],
    [
      77.23752791103713,
      30.928256711763787
    ],
    [
      76.72712202050998,
      30.063052053633125
    ],
    [
      76.25097156716828,
      29.181151767709967
    ],
    [
      75.82607203463171,
      28.274425279654434
    ],
    [
      75.45900435159062,
      27.341167944604887
    ],
    [
      75.14745657448181,
      26.385162147183983
    ],
    [
      74.88883112785349,
      25.410366510978417
    ],
    [
      74.680530436254,
      24.420739659574874
    ],
    [
      74.51995692423161,
      23.420240216560053
    ],
    [
      74.40480606428774,
      22.412799670866036
    ],
    [
      74.33613470455454,
      21.402038266232026
    ],
    [
      74.31714700123644,
      20.39137741729011
    ],
    [
      74.35108195316798,
      19.384235312433393
    ],
    [
      74.44117855918368,
      18.38403014005501
    ],
    [
      74.59067581811804,
      17.394180088548037
    ],
    [
      74.80170483939892,
      16.417637527150074
    ],
    [
      75.0676686206461,
      15.45368503491268
    ],
    [
      75.3778363736832,
      14.499867114327497
    ],
    [
      75.72145255676723,
      13.55371786009146
    ],
    [
      76.08776162815526,
      12.61277136690153
    ],
    [
      76.46600804610435,
      11.674561729454695
    ],
    [
      76.84543626887157,
      10.736623042447887
    ],
    [
      77.21529075471392,
      9.796489400578094
    ],
    [
      77.56481596188851,
      8.851694898542274
    ],
    [
      77.88325634865242,
      7.899773631037371
    ],
    [
      78.15985637326264,
      6.93825969276037
    ],
    [
      78.38386049397627,
      5.9646871784082265
    ]
  ],