{
  "test_id": 13,
  "test_outcome": "NOT_EXECUTED",
  "predicted_test_outcome": null,
  "test_duration": null,
  "road_points": [
    [
      99.99999999999999,
      99.99999999999997
    ],
    [
      99.8924472043552,
      99.00118946998171
    ],
    [
      99.76755818334057,
      98.00655238073101
    ],
    [
      99.62605062752802,
      97.01590591255648
    ],
    [
      99.46864222748945,
      96.02906724576677
    ],
    [
      99.29605067379691,
      95.04585356067058
    ],
    [
      99.10899365702238,
      94.06608203757659
    ],
    [
      98.90818886773778,
      93.08956985679342
    ],
    [
      98.69435399651503,
      92.1161341986297
    ],
    [
      98.4682067339261,
      91.14559224339409
    ],
    [
      98.23046477054304,
      90.1777611713953
    ],
    [
      97.98184579693776,
      89.212458162942
    ],
    [
      97.7230675036822,
      88.24950039834276
    ],
    [
      97.45484758134833,
      87.28870505790628
    ],
    [
      97.17790372050813,
      86.32988932194124
    ],
    [
      96.89295361173356,
      85.37287037075629
    ],
    [
      96.60071494559655,
      84.41746538466003
    ],
    [
      96.30190541266913,
      83.46349154396121
    ],
    [
      95.99724270352321,
      82.51076602896843
    ],
    [
      95.68744450873075,
      81.55910601999034
    ],
    [
      95.37322851886374,
      80.60832869733564
    ],
    [
      95.05531242449409,
      79.65825124131294
    ],
    [
      94.73441391619384,
      78.70869083223094
    ],
    [
      94.41125068453489,
      77.75946465039827
    ],
    [
      94.08654042008925,
      76.81038987612362
    ],
    [
      93.76100081342882,
      75.86128368971558
    ],
    [
      93.43534955512564,
      74.91196327148288
    ],
    [
      93.11030433575158,
      73.96224580173413
    ],
    [
      92.7865828458787,
      73.01194846077803
    ],
    [
      92.46490277607886,
      72.06088842892316
    ],
    [
      92.14598181692412,
      71.10888288647827
    ],
    [
      91.83053765898637,
      70.15574901375199
    ],
    [
      91.51928799283763,
      69.20130399105294
    ],
    [
      91.21295050904979,
      68.24536499868978
    ],
    [
      90.91224272546972,
      67.28774926739823
    ],
    [
      90.61759497857902,
      66.32835787033903
    ],
    [
      90.3285643269737,
      65.36734683362118
    ],
    [
      90.04454244530196,
      64.40492046709683
    ],
    [
      89.76492100821196,
      63.44128308061803
    ],
    [
      89.48909169035197,
      62.476638984036946
    ],
    [
      89.21644616637015,
      61.51119248720568
    ],
    [
      88.94637611091468,
      60.545147899976335
    ],
    [
      88.6782731986338,
      59.57870953220104
    ],
    [
      88.41152910417567,
      58.6120816937319
    ],
    [
      88.14553550218852,
      57.64546869442099
    ],
    [
      87.87968406732053,
      56.67907484412047
    ],
    [
      87.61336647421992,
      55.71310445268246
    ],
    [
      87.34597439753486,
      54.74776182995903
    ],
    [
      87.07689951191355,
      53.783251285802315
    ],
    [
      86.80553349200422,
      52.819777130064416
    ],
    [
      86.53126801245504,
      51.85754367259747
    ],
    [
      86.25349474791422,
      50.89675522325357
    ],
    [
      85.97160537302994,
      49.937616091884834
    ],
    [
      85.68499156245043,
      48.98033058834337
    ],
    [
      85.39304499082385,
      48.02510302248129
    ],
    [
      85.09515733279848,
      47.07213770415072
    ],
    [
      84.79072026302241,
      46.12163894320375
    ],
    [
      84.4791254561439,
      45.173811049492514
    ],
    [
      84.15976458681115,
      44.22885833286911
    ],
    [
      83.83202932967234,
      43.286985103185664
    ],
    [
      83.49531135937568,
      42.348395670294266
    ],
    [
      83.14900235056933,
      41.413294344047046
    ],
    [
      82.79249397790156,
      40.48188543429612
    ],
    [
      82.42517824759915,
      39.55437305553767
    ],
    [
      82.04693992843997,
      38.630671001778126
    ],
    [
      81.6591454312104,
      37.70982012927164
    ],
    [
      81.26343850267337,
      36.790697896472786
    ],
    [
      80.86146288959176,
      35.87218176183613
    ],
    [
      80.45614358506016,
      34.95293375934899
    ],
    [
      80.05701884495119,
      34.03050399114302
    ],
    [
      79.67575443037076,
      33.10208484774504
    ],
    [
      79.32401711511174,
      32.164868549411985
    ],
    [
      79.01347367296701,
      31.216047316400907
    ],
    [
      78.75579087758899,
      30.25281336903272
    ],
    [
      78.55999048259761,
      29.27356315289575
    ],
    [
      78.42463322938272,
      28.28145580538969
    ],
    [
      78.34569403901227,
      27.280827736725183
    ],
    [
      78.31914783255411,
      26.27601535711286
    ],
    [
      78.34134644466506,
      25.27116743281054
    ],
    [
      78.41122891896589,
      24.269144705098455
    ],
    [
      78.52882056144739,
      23.272267126675825
    ],
    [
      78.69415041303904,
      22.282852790827143
    ],
    [
      78.90724751467036,
      21.303219790836895
    ],
    [
      79.16814090727087,
      20.335686219989583
    ],
    [
      79.47685963177005,
      19.38257017156968
    ],
    [
      79.83343272909744,
      18.446189738861676
    ],
    [
      80.23788924018254,
      17.528863015150083
    ],
    [
      80.69025820595482,
      16.63290809371936
    ],
    [
      81.19056866734385,
      15.760643067854023
    ],
    [
      81.73884966527908,
      14.914386030838543
    ]
  ],