{
  "test_id": 181,
  "test_outcome": "NOT_EXECUTED",
  "predicted_test_outcome": null,
  "test_duration": null,
  "road_points": [
    [
      100.00000000000001,
      100.0
    ],
    [
      99.99067525250065,
      99.54355780749304
    ],
    [
      100.02823485619881,
      100.73979322123974
    ],
    [
      100.09361531128629,
      101.73230112585176
    ],
    [
      100.1650518646344,
      102.65370308863302
    ],
    [
      100.22379701739756,
      103.62098875787244
    ],
    [
      100.25738195438616,
      104.63199897818568
    ],
    [
      100.25410373636525,
      105.6700407828496
    ],
    [
      100.20225942409976,
      106.718421205141
    ],
    [
      100.09014607835458,
      107.76044727833666
    ],
    [
      99.9065375173333,
      108.77977639053137
    ],
    [
      99.65605419206464,
      109.77171114751206
    ],
    [
      99.36246958348772,
      110.74562914533207
    ],
    [
      99.05070266266837,
      111.71174976656414
    ],
    [
      98.74552886525377,
      112.68022892158653
    ],
    [
      98.46240980593416,
      113.65710389513963
    ],
    [
      98.2019520593173,
      114.64184298709542
    ],
    [
      97.96343413610649,
      115.63332721976579
    ],
    [
      97.74613454700486,
      116.6304376154627
    ],
    [
      97.54933180271564,
      117.632055196498
    ],
    [
      97.37185142787902,
      118.63699634282783
    ],
    [
      97.202939011506,
      119.6427103512727
    ],
    [
      97.02270423081,
      120.64534279893815
    ],
    [
      96.81089264441167,
      121.6409873022061
    ],
    [
      96.54751894245959,
      122.62572864139793
    ],
    [
      96.22227883953786,
      123.59533375180455
    ],
    [
      95.83700975400014,
      124.54517093526314
    ],
    [
      95.39431829819497,
      125.47058323962163
    ],
    [
      94.89681108447085,
      126.36691371272781
    ],
    [
      94.34709472517633,
      127.22950540242955
    ],
    [
      93.74799269887964,
      128.05413730463118
    ],
    [
      93.10546159637585,
      128.84288664917872
    ],
    [
      92.4278139296392,
      129.6025665775806
    ],
    [
      91.72341966743157,
      130.34010573192867
    ],
    [
      91.00064877851483,
      131.0624327543148
    ],
    [
      90.2678712316509,
      131.77647628683084
    ],
    [
      89.53345699560164,
      132.4891649715687
    ],
    [
      88.80577603912894,
      133.20742745062023
    ],
    [
      88.09319833099471,
      133.93819236607723
    ],
    [
      87.40409383996078,
      134.68838836003164
    ],
    [
      86.74683253478908,
      135.46494407457524
    ],
    [
      86.12978438424147,
      136.27478815179998
    ]
  ],
  "interpolated_road_points": [
    [
      100.00000000000004,
      100.0
    ],
    [
      99.99446879620841,
      99.6938064866742
    ],
    [
      100.02826974389626,
      100.74059861418529
    ],
    [
      100.08126122417231,
      101.58036922688636
    ],
    [
      100.14515612774663,
      102.38378639036706
    ],
    [
      100.20206861613855,
      103.21795179429154
    ],
    [
      100.24159319848351,
      104.04044262245746
    ],
    [
      100.26032979239739,
      104.86837413566784
    ],
    [
      100.25347325606893,
      105.69513495931217
    ],
    [
      100.21622071329283,
      106.52130795726116
    ],
    [
      100.14316486266837,
      107.34518002522454
    ],
    [
      100.0267484770444,
      108.16397607011447
    ],
    [
      99.86250867815954,
      108.9745494352403
    ],
    [
      99.6550804067937,
      109.77516704625161
    ],
    [
      99.41849843968483,
      110.56761581937174
    ],
    [
      99.16630740881556,
      111.35522104748996
    ],
    [
      98.91271578444257,
      112.14239080436653
    ],
    [
      98.669741031231,
      112.93288175332492
    ],
    [
      98.44281236445202,
      113.72814865061721
    ],
    [
      98.23095514007542,
      114.52755533910165
    ],
    [
      98.03378679696478,
      115.33071046219665
    ],
    [
      97.85089504828778,
      116.13723590035055
    ],
    [
      97.68166737814708,
      116.94674173703795
    ],
    [
      97.52594272054651,
      117.75894727771478
    ],
    [
      97.38264191511632,
      118.57343863608423
    ],
    [
      97.24580449406267,
      119.38903686582205
    ],
    [
      97.10485619520836,
      120.20393857916264
    ],
    [
      96.94886272377725,
      121.01611059872049
    ],
    [
      96.76683857162277,
      121.82284630434502
    ],
    [
      96.5490318996735,
      122.62068936863953
    ],
    [
      96.29097019325636,
      123.4064373853475
    ],
    [
      95.9938498157103,
      124.17827355187644
    ],
    [
      95.65913219115136,
      124.93455198205855
    ],
    [
      95.28780943319582,
      125.67355012627849
    ],
    [
      94.88090989514191,
      126.39357212259627
    ],
    [
      94.43924991746829,
      127.09281432128498
    ],
    [
      93.96341344588838,
      127.76925106687766
    ],
    [
      93.4561852191754,
      128.42247106553089
    ],
    [
      92.92242487469511,
      129.05419481865493
    ],
    [
      92.36754682599351,
      129.66743524514945
    ],
    [
      91.79639763273536,
      130.26553984249756
    ],
    [
      91.21354679554862,
      130.8522396822146
    ],
    [
      90.62326985128723,
      131.43146441758572
    ],
    [
      90.02964177366444,
      132.00725296590147
    ],
    [
      89.43664648919605,
      132.583692016564
    ],
    [
      88.84828275795357,
      133.16485996863952
    ],
    [
      88.2686774885162,
      133.75477183620458
    ],
    [
      87.70219269795658,
      134.35729582985903
    ],
    [
      87.15348765686643,
      134.9760869754859
    ],
    [
      86.62758969838538,
      135.61432868541425
    ],
    [
      86.12978438424147,
      136.27478815179998
    ]
  ],
  "simulation_data": [],
  "uturns": 0
}