{
  "test_id": 242,
  "test_outcome": "NOT_EXECUTED",
  "predicted_test_outcome": null,
  "test_duration": null,
  "road_points": [
    [
      100.00000000000003,
      100.00000000000001
    ],
    [
      99.91944263968023,
      101.00113881747458
    ],
    [
      99.86614490967627,
      102.00332732112993
    ],
    [
      99.83770026259404,
      103.00630153631914
    ],
    [
      99.83170215103961,
      104.00979748839546
    ],
    [
      99.84574402761884,
      105.01355120271195
    ],
    [
      99.87741934493775,
      106.01729870462187
    ],
    [
      99.92432155560226,
      107.02077601947833
    ],
    [
      99.98404411221836,
      108.02371917263451
    ],
    [
      100.05397210583722,
      109.02589237616351
    ],
    [
      100.12915517204347,
      110.02737577772088
    ],
    [
      100.20317639476526,
      111.02844791703541
    ],
    [
      100.2695961593821,
      112.02939040444859
    ],
    [
      100.32214390298549,
      113.03047823804167
    ],
    [
      100.3582401856753,
      114.03184204193278
    ],
    [
      100.37889041933445,
      115.03347222295173
    ],
    [
      100.38524780762654,
      116.0353534072255
    ],
    [
      100.37846555421507,
      117.03747022088105
    ],
    [
      100.35969686276357,
      118.03980729004532
    ],
    [
      100.3300949369356,
      119.0423492408453
    ],
    [
      100.29081298039469,
      120.04508069940792
    ],
    [
      100.24300419680435,
      121.04798629186021
    ],
    [
      100.1878217898282,
      122.05105064432912
    ],
    [
      100.1264189631297,
      123.05425838294161
    ],
    [
      100.05994892037248,
      124.05759413382472
    ],
    [
      99.98956486521998,
      125.06104252310534
    ],
    [
      99.9164200013358,
      126.06458817691045
    ],
    [
      99.84166753238348,
      127.06821572136707
    ],
    [
      99.76646066202653,
      128.07190978260212
    ],
    [
      99.69195259392853,
      129.0756549867426
    ],
    [
      99.619296531753,
      130.0794359599155
    ],
    [
      99.54964567916346,
      131.08323732824772
    ],
    [
      99.48415323982353,
      132.08704371786632
    ],
    [
      99.42397241739667,
      133.09083975489824
    ],
    [
      99.37025641554644,
      134.09461006547042
    ],
    [
      99.3241584379364,
      135.09833927570986
    ],
    [
      99.28683168823008,
      136.10201201174357
    ],
    [
      99.25942937009097,
      137.10561289969837
    ],
    [
      99.24310468718271,
      138.10912656570144
    ],
    [
      99.2390108431688,
      139.11253763587962
    ],
    [
      99.24830104171275,
      140.1158307363599
    ],
    [
      99.27212848647814,
      141.1189904932693
    ],
    [
      99.31158547907826,
      142.12198275221627
    ],
    [
      99.36691867237595,
      143.12451258397613
    ],
    [
      99.43775574939009,
      144.12609418603594
    ],
    [
      99.5237102152491,
      145.12623738381092
    ],
    [
      99.62438629135748,
      146.12446209324605
    ],
    [
      99.73911975110524,
      147.12058000789077
    ],
    [
      99.86694331822089,
      148.11473220761678
    ],
    [
      100.0068734804767,
      149.10707741924512
    ],
    [
      100.15792672564474,
      150.0977743695966
    ],
    [
      100.31911954149724,
      151.08698178549204
    ],
    [
      100.48946841580639,
      152.07485839375255
    ],
    [
      100.66798983634426,
      153.0615629211988
    ],
    [
      100.85370029088313,
      154.04725409465186
    ],
    [
      101.04561626719506,
      155.03209064093252
    ],
    [
      101.24275425305231,
      156.0162312868617
    ],
    [
      101.444130736227,
      156.99983475926038
    ],
    [
      101.64876220449129,
      157.98305978494935
    ],
    [
      101.8556651456174,
      158.9660650907496
    ],
    [
      102.06385604737743,
      159.9490094034819
    ],
    [
      102.27235139754362,
      160.9320514499673
    ],
    [
      102.48016768388804,
      161.91534995702662
    ],
    [
      102.68632139418295,
      162.8990636514808
    ],
    [
      102.88982901620051,
      163.88335126015068
    ],
    [
      103.08970703771281,
      164.86837150985718
    ],
    [
      103.28497194649212,
      165.8542831274212
    ],
    [
      103.47464023031051,
      166.84124483966366
    ],
    [
      103.65772837694024,
      167.82941537340545
    ],
    [
      103.83325287415343,
      168.81895345546747
    ],
    [
      104.00023020972222,
      169.8100178126706
    ],
    [
      104.15767687141883,
      170.80276717183574
    ],
    [
      104.30460934701537,
      171.7973602597838
    ],
    [
      104.44004412428413,
      172.79395580333573
    ],
    [
      104.56299769099711,
      173.79271252931233
    ],
    [
      104.67229522534815,
      174.79376117307223
    ],
    [
      104.76341248979837,
      175.796742400187
    ],
    [
      104.82897270329462,
      176.80087950630352
    ],
    [
      104.86150795356316,
      177.80538245320335
    ],
    [
      104.8535503283302,
      178.8094612026682
    ],
    [
      104.79763191532204,
      179.81232571647973
    ],
    [
      104.68668947563799,
      180.8129871104582
    ],
    [
      104.51828895964393,
      181.80818183732248
    ],
    [
      104.29294759553392,
      182.79319616869205
    ],
    [
      104.01123023774602,
      183.76329297389034
    ],
    [
      103.6737017407181,
      184.71373512224042
    ],
    [
      103.28092695888826,
      185.63978548306568
    ],
    [
      102.83416060264777,
      186.5374888961396
    ],
    [
      102.34008331471978,
      187.40904064282986
    ],
    [
      101.80794197918271,
      188.25954490874506
    ],
    [
      101.24699875902157,
      189.09412319854928
    ],
    [
      100.66651581722137,
      189.91789701690652
    ],
    [
      100.07575531676706,
      190.73598786848083
    ],
    [
      99.48397942064378,
      191.55351725793633
    ],
    [
      98.90045029183648,
      192.375606689937
    ],
    [
      98.33443009333016,
      193.2073776691469
    ],
    [
      97.79518098810985,
      194.05395170023004
    ],
    [
      97.29196513916061,
      194.9204502878506
    ],
    [
      96.83404470946743,
      195.81199493667253
    ]
  ],