{
  "test_id": 272,
  "test_outcome": "NOT_EXECUTED",
  "predicted_test_outcome": null,
  "test_duration": null,
  "road_points": [
    [
      99.99999999999999,
      99.99999999999999
    ],
    [
      99.94429288724963,
      98.99766656098532
    ],
    [
      99.88075647355932,
      97.99599321601427
    ],
    [
      99.80977416049072,
      96.99495071473376
    ],
    [
      99.7317293496053,
      95.99450980679062
    ],
    [
      99.64700544246472,
      94.99464124183181
    ],
    [
      99.55598584063053,
      93.99531576950427
    ],
    [
      99.45905394566437,
      92.99650413945486
    ],
    [
      99.3565931591278,
      91.99817710133053
    ],
    [
      99.24898688258237,
      91.00030540477808
    ],
    [
      99.13661851758971,
      90.0028597994445
    ],
    [
      99.0198714657114,
      89.00581103497667
    ],
    [
      98.89912912850903,
      88.00912986102155
    ],
    [
      98.77477490754417,
      87.01278702722595
    ],
    [
      98.64719220437841,
      86.01675328323685
    ],
    [
      98.51676442057337,
      85.02099937870113
    ],
    [
      98.38387495769058,
      84.02549606326569
    ],
    [
      98.24890721729169,
      83.03021408657743
    ],
    [
      98.11224460093825,
      82.03512419828331
    ],
    [
      97.97427051019184,
      81.04019714803015
    ],
    [
      97.83536834661405,
      80.04540368546489
    ],
    [
      97.69592151176649,
      79.05071456023447
    ],
    [
      97.55631340721071,
      78.05610052198574
    ],
    [
      97.41692743450834,
      77.06153232036566
    ],
    [
      97.27814699522094,
      76.06698070502107
    ],
    [
      97.14035549091011,
      75.07241642559893
    ],
    [
      97.0039363231374,
      74.07781023174613
    ],
    [
      96.86927289346443,
      73.08313287310958
    ],
    [
      96.73674860345284,
      72.08835509933616
    ],
    [
      96.6067468546641,
      71.09344766007278
    ],
    [
      96.47965104865989,
      70.0983813049664
    ],
    [
      96.35580866978832,
      69.10312890940497
    ],
    [
      96.23515669388844,
      68.10768764450349
    ],
    [
      96.11737055252622,
      67.11207016073519
    ],
    [
      96.00212146408455,
      66.1162893579282
    ],
    [
      95.88908064694631,
      65.12035813591075
    ],
    [
      95.77791931949437,
      64.12428939451098
    ],
    [
      95.66830870011167,
      63.12809603355709
    ],
    [
      95.55992000718109,
      62.13179095287729
    ],
    [
      95.45242445908545,
      61.13538705229972
    ],
    [
      95.34549327420771,
      60.13889723165257
    ],
    [
      95.23879767093075,
      59.14233439076404
    ],
    [
      95.13200886763741,
      58.145711429462274
    ],
    [
      95.02479808271062,
      57.14904124757549
    ],
    [
      94.91683653453329,
      56.15233674493188
    ],
    [
      94.80779544148822,
      55.155610821359566
    ],
    [
      94.69734602195841,
      54.15887637668679
    ],
    [
      94.58515949432667,
      53.162146310741704
    ],
    [
      94.4709070769759,
      52.16543352335249
    ],
    [
      94.35425998828902,
      51.168750914347335
    ],
    [
      94.2348894466489,
      50.17211138355442
    ],
    [
      94.11246667043841,
      49.17552783080193
    ],
    [
      93.98666287804048,
      48.17901315591806
    ],
    [
      93.85714928783793,
      47.18258025873094
    ],
    [
      93.72359711821372,
      46.1862420390688
    ],
    [
      93.58567758755072,
      45.190011396759814
    ],
    [
      93.4430619142318,
      44.193901231632154
    ],
    [
      93.29542131663985,
      43.19792444351399
    ],
    [
      93.14242701315777,
      42.20209393223353
    ],
    [
      92.98375022216842,
      41.20642259761894
    ],
    [
      92.81906216205475,
      40.21092333949842
    ],
    [
      92.64686374749087,
      39.21607745396684
    ],
    [
      92.45651877224716,
      38.22602323084474
    ],
    [
      92.2330967432853,
      37.246617682959766
    ],
    [
      91.96164226194956,
      36.28372779123419
    ],
    [
      91.62822444594953,
      35.3428603106527
    ],
    [
      91.2332316174406,
      34.42448728028704
    ],
    [
      90.78758001859168,
      33.525379061045
    ],
    [
      90.30242959356299,
      32.64222032679092
    ],
    [
      89.78894028651469,
      31.77169575138916
    ],
    [
      89.25827204160697,
      30.910490008704038
    ],
    [
      88.72178004316252,
      30.05497422819378
    ],
    [
      88.19265535301936,
      29.19857122623391
    ],
    [
      87.68509550336405,
      28.333087486045237
    ],
    [
      87.21330835484906,
      27.450312903929916
    ],
    [
      86.79104225417723,
      26.54240514034509
    ],
    [
      86.42400045556552,
      25.607960608352617
    ],
    [
      86.11103457753491,
      24.65105931082536
    ],
    [
      85.85077734696786,
      23.675956436827008
    ],
    [
      85.64186149074689,
      22.686907175421208
    ],
    [
      85.48291973575445,
      21.68816671567168
    ],
    [
      85.37267931320349,
      20.683882353984497
    ],
    [
      85.31094851983066,
      19.6769671678483
    ],
    [
      85.29822487126773,
      18.669547374954746
    ],
    [
      85.33501700541586,
      17.66373649504608
    ],
    [
      85.42183356017624,
      16.66164804786455
    ],
    [
      85.55918317345004,
      15.66539555315241
    ],
    [
      85.74744971639416,
      14.677119558419422
    ],
    [
      85.98603573079092,
      13.699173193000489
    ],
    [
      86.2738796302561,
      12.73401012863278
    ],
    [
      86.60991706507575,
      11.78408463566354
    ],
    [
      86.99308368553599,
      10.851850984440018
    ],
    [
      87.42231514192294,
      9.939763445309463
    ],
    [
      87.89654708452267,
      9.050276288619123
    ],
    [
      88.41471516362128,
      8.185843784716255
    ],
    [
      88.97575502950485,
      7.3489202039481
    ],
    [
      89.57860233245952,
      6.541959816661912
    ],
    [
      90.22219272277133,
      5.767416893204945
    ],
    [
      90.90546185072645,
      5.027745703924438
    ]
  ],