{
  "test_id": 305,
  "test_outcome": "NOT_EXECUTED",
  "predicted_test_outcome": null,
  "test_duration": null,
  "road_points": [
    [
      99.99999999999997,
      100.0
    ],
    [
      99.98132928108335,
      99.29447536115913
    ],
    [
      99.956233789574,
      100.13111754236716
    ],
    [
      99.92775687024589,
      101.56007371551037
    ],
    [
      99.89892444876158,
      102.76104891380442
    ],
    [
      99.87265836588777,
      103.68789883119672
    ],
    [
      99.85150659248986,
      104.57708272564196
    ],
    [
      99.82711474850697,
      105.54518008570808
    ],
    [
      99.77809067441345,
      106.56485789370849
    ],
    [
      99.68227544800135,
      107.60031951745806
    ],
    [
      99.51773502150722,
      108.6159468073697
    ],
    [
      99.28711323111955,
      109.59562905317513
    ],
    [
      99.03943390926956,
      110.56006729634525
    ],
    [
      98.82292235426567,
      111.53146208110039
    ],
    [
      98.64517355446294,
      112.51435016447353
    ],
    [
      98.49678500912269,
      113.50587874554388
    ],
    [
      98.36829685787863,
      114.50317008663157
    ],
    [
      98.25024924036451,
      115.50334645005665
    ],
    [
      98.13318229621403,
      116.50353009813924
    ],
    [
      98.00887296637599,
      117.50125876481009
    ],
    [
      97.87527221613215,
      118.49614418877562
    ],
    [
      97.73225367806502,
      119.4884439794012
    ],
    [
      97.57969160530561,
      120.47841595450947
    ],
    [
      97.41746025098509,
      121.46631793192306
    ],
    [
      97.24543386944381,
      122.4524077283783
    ],
    [
      97.0635446508422,
      123.43689111332436
    ],
    [
      96.87193767434142,
      124.41978260501268
    ],
    [
      96.6708069055476,
      125.4010528040142
    ],
    [
      96.46034631006691,
      126.38067231089985
    ],
    [
      96.24074985350539,
      127.35861172624051
    ],
    [
      96.01221150146924,
      128.33484165060713
    ],
    [
      95.77492521956452,
      129.30933268457062
    ],
    [
      95.52908497339739,
      130.28205542870188
    ],
    [
      95.27488472857394,
      131.25298048357183
    ],
    [
      95.01251845070028,
      132.22207844975145
    ],
    [
      94.74218010538262,
      133.18931992781162
    ],
    [
      94.46406365822699,
      134.15467551832324
    ],
    [
      94.17836307483951,
      135.1181158218572
    ],
    [
      93.88527232082632,
      136.0796114389845
    ],
    [
      93.58498536179356,
      137.03913297027603
    ],
    [
      93.2776961633473,
      137.99665101630265
    ],
    [
      92.96359869109372,
      138.95213617763534
    ],
    [
      92.64288691063892,
      139.90555905484504
    ],
    [
      92.315754787589,
      140.8568902485026
    ],
    [
      91.98239628755007,
      141.8061003591789
    ],
    [
      91.64300537612829,
      142.75315998744503
    ],
    [
      91.29777601892978,
      143.69803973387178
    ],
    [
      90.9469021815606,
      144.64071019903008
    ],
    [
      90.59057782962692,
      145.58114198349082
    ],
    [
      90.22899692873487,
      146.51930568782504
    ],
    [
      89.86235344449052,
      147.45517191260353
    ],
    [
      89.49084134250008,
      148.3887112583973
    ],
    [
      89.11465458836955,
      149.31989432577717
    ],
    [
      88.73398710156485,
      150.2486917164285
    ],
    [
      88.34896891490739,
      151.17507557497953
    ],
    [
      87.95953937254698,
      152.0990226514303
    ],
    [
      87.56560239710637,
      153.0205105512554
    ],
    [
      87.16706191120817,
      153.93951687992947
    ],
    [
      86.763821837475,
      154.85601924292712
    ],
    [
      86.35578609852962,
      155.76999524572292
    ],
    [
      85.9428586169946,
      156.68142249379153
    ],
    [
      85.52494331549264,
      157.59027859260746
    ],
    [
      85.1019441166464,
      158.49654114764544
    ],
    [
      84.67376494307848,
      159.40018776437992
    ],
    [
      84.24030971741162,
      160.30119604828568
    ],
    [
      83.80148236226839,
      161.19954360483712
    ],
    [
      83.3571868002715,
      162.095208039509
    ],
    [
      82.90732695404364,
      162.9881669577759
    ],
    [
      82.4518067462074,
      163.87839796511236
    ],
    [
      81.99053009938545,
      164.7658786669931
    ],
    [
      81.52340093620047,
      165.65058666889254
    ],
    [
      81.05032317927514,
      166.5324995762855
    ],
    [
      80.57120075123206,
      167.4115949946464
    ],
    [
      80.08593757469392,
      168.28785052944997
    ],
    [
      79.59443757228334,
      169.1612437861707
    ],
    [
      79.09660466662304,
      170.0317523702833
    ],
    [
      78.59234278033563,
      170.89935388726235
    ],
    [
      78.08155583604378,
      171.76402594258235
    ],
    [
      77.56414775637015,
      172.62574614171803
    ],
    [
      77.04002246393739,
      173.484492090144
    ],
    [
      76.50908388136818,
      174.34024139333474
    ],
    [
      75.97123593128515,
      175.19297165676497
    ],
    [
      75.42638253631097,
      176.04266048590927
    ],
    [
      74.87442761906829,
      176.88928548624216
    ],
    [
      74.31527510217977,
      177.73282426323834
    ],
    [
      73.74882890826808,
      178.5732544223724
    ],
    [
      73.17499295995583,
      179.4105535691189
    ],
    [
      72.59367117986575,
      180.24469930895248
    ],
    [
      72.00476749062042,
      181.0756692473477
    ]
  ],