{
  "test_id": 333,
  "test_outcome": "NOT_EXECUTED",
  "predicted_test_outcome": null,
  "test_duration": null,
  "road_points": [
    [
      100.00000000000001,
      100.00000000000001
    ],
    [
      99.99052194407915,
      99.54657200946998
    ],
    [
      100.03317790755662,
      100.8102447117019
    ],
    [
      100.12391920674618,
      101.94918021697067
    ],
    [
      100.25664429320523,
      102.96852638548859
    ],
    [
      100.4252102886726,
      103.9106159848834
    ],
    [
      100.62347431488715,
      104.81778178278282
    ],
    [
      100.84529349358777,
      105.73235654681463
    ],
    [
      101.08229890155785,
      106.6901435298593
    ],
    [
      101.31320194015538,
      107.68904953036541
    ],
    [
      101.51206460612848,
      108.71334354674829
    ],
    [
      101.65294275430774,
      109.7472765617318
    ],
    [
      101.71637911931035,
      110.7768814094572
    ],
    [
      101.73054938746334,
      111.80127500228328
    ],
    [
      101.74394987325046,
      112.82532298489961
    ],
    [
      101.77407030360743,
      113.85109154241731
    ],
    [
      101.80027159843011,
      114.87718230450474
    ],
    [
      101.80508803330193,
      115.90246680098899
    ],
    [
      101.79046350286846,
      116.92751517093004
    ],
    [
      101.76261756932504,
      117.9532717332392
    ],
    [
      101.72776979486709,
      118.98068080682798
    ],
    [
      101.69296811093236,
      120.01025804823185
    ],
    [
      101.6689172686157,
      121.04062679239614
    ],
    [
      101.66733077129501,
      122.06988836774023
    ],
    [
      101.69992215479203,
      123.09614408589468
    ],
    [
      101.77840495492843,
      124.11749525848995
    ],
    [
      101.91447019780587,
      125.13204196145355
    ],
    [
      102.11532144623577,
      126.13763792503603
    ],
    [
      102.3782864200075,
      127.13159473104562
    ],
    [
      102.69937744159313,
      128.11115175068477
    ],
    [
      103.07460683346467,
      129.07354835515594
    ],
    [
      103.4999869180942,
      130.01602391566155
    ],
    [
      103.9715745863762,
      130.93582266028497
    ],
    [
      104.48679144806225,
      131.83033753848235
    ],
    [
      105.04464436607117,
      132.6971342539925
    ],
    [
      105.6442291890884,
      133.53378820785204
    ],
    [
      106.28464176579953,
      134.33787480109777
    ],
    [
      106.96497794489005,
      135.10696943476643
    ],
    [
      107.68433357504551,
      135.83864750989477
    ],
    [
      108.44180450495142,
      136.53048442751953
    ]
  ],
  "interpolated_road_points": [
    [
      100.0,
      99.99999999999999
    ],
    [
      99.99355971290825,
      99.654641230174
    ],
    [
      100.0253781909795,
      100.63018471754509
    ],
    [
      100.07927671219294,
      101.51383016174921
    ],
    [
      100.15815044041582,
      102.24225905748197
    ],
    [
      100.26781338618491,
      103.04049971976688
    ],
    [
      100.40699004728262,
      103.8195373665548
    ],
    [
      100.571856222694,
      104.59324915705429
    ],
    [
      100.7544631259368,
      105.36450354358304
    ],
    [
      100.94501412366063,
      106.13300684182941
    ],
    [
      101.13343963862211,
      106.90235891291542
    ],
    [
      101.31003698785139,
      107.67441888168723
    ],
    [
      101.4658375483257,
      108.4509608125363
    ],
    [
      101.59202187402778,
      109.23297973023621
    ],
    [
      101.67687017109006,
      110.02039883933712
    ],
    [
      101.71739329047931,
      110.81147034566591
    ],
    [
      101.72918305347254,
      111.60338946794627
    ],
    [
      101.73638450085843,
      112.39538449369141
    ],
    [
      101.75330043097047,
      113.18718929959525
    ],
    [
      101.77805337766246,
      113.97882648215848
    ],
    [
      101.79840622000532,
      114.77057507132855
    ],
    [
      101.80595458246864,
      115.56254565241261
    ],
    [
      101.80066456384054,
      116.35454609290464
    ],
    [
      101.78541750350037,
      117.14640842507443
    ],
    [
      101.76309528019374,
      117.93810329828335
    ],
    [
      101.7365906063366,
      118.72966769592358
    ],
    [
      101.70886599988954,
      119.52119053803023
    ],
    [
      101.68426800196667,
      120.31281840795852
    ],
    [
      101.66804252088895,
      121.10466350194167
    ],
    [
      101.66552209178133,
      121.89667745530305
    ],
    [
      101.68212600444761,
      122.68853064158684
    ],
    [
      101.72330331245556,
      123.47949576148005
    ],
    [
      101.79468203270388,
      124.26831717393904
    ],
    [
      101.90154880832587,
      125.05313431972533
    ],
    [
      102.04718585124725,
      125.83168235642681
    ],
    [
      102.23034966668858,
      126.60227988609117
    ],
    [
      102.4487943045093,
      127.363611991868
    ],
    [
      102.70060527128844,
      128.11457006042912
    ],
    [
      102.98386755941044,
      128.8542328112938
    ],
    [
      103.29684072296934,
      129.58181788287666
    ],
    [
      103.63786950584588,
      130.29668310491854
    ],
    [
      104.00562378797866,
      130.99817090575652
    ],
    [
      104.39932752700305,
      131.68543027335582
    ],
    [
      104.81868497004211,
      132.35734371076964
    ],
    [
      105.26338751783523,
      133.0127597157376
    ],
    [
      105.73308153784033,
      133.65050414181357
    ],
    [
      106.22739877447756,
      134.2693600641214
    ],
    [
      106.74592508338719,
      134.86807868309356
    ],
    [
      107.28819950082878,
      135.44537982216053
    ],
    [
      107.853687020557,
      135.99995577440373
    ],
    [
      108.44180450495142,
      136.53048442751953
    ]
  ],
  "simulation_data": [],
  "uturns": 0
}